assay,dataset,cutoff,gene_filter,fc_mode,n_total,group,p,n_genes,med_log2fc
proteomics,schmidt_2016,rel0_abs0,all,unfiltered,1985,oriC,0.5873449396956105,664,-0.0015423099352905878
proteomics,schmidt_2016,rel0_abs0,all,unfiltered,1985,ter,0.008540858422143069,654,0.031106655441459685
proteomics,schmidt_2016,rel0_abs0,all,unfiltered,1985,oriC,0.6664277171887898,664,-0.025739068542583433
proteomics,schmidt_2016,rel0_abs0,all,unfiltered,1985,ter,0.07074215015247272,654,-0.06339722344445682
proteomics,schmidt_2016,rel0_abs0,all,unfiltered,1985,oriC,1.0493138249267228e-4,664,-0.1402721589879562
proteomics,schmidt_2016,rel0_abs0,all,unfiltered,1985,ter,0.004092724917987852,654,-0.09932533964728779
proteomics,schmidt_2016,rel0_abs0,all,unfiltered,1985,oriC,0.2511497413542615,664,-0.01584818399005751
proteomics,schmidt_2016,rel0_abs0,all,unfiltered,1985,ter,0.4724446791228103,654,-0.0012375272131996819
proteomics,schmidt_2016,rel0_abs0,all,unfiltered,1985,oriC,0.14731300099333014,664,0.030138449383117934
proteomics,schmidt_2016,rel0_abs0,all,unfiltered,1985,ter,0.3589737631165045,654,-0.022256110332687304
proteomics,schmidt_2016,rel0_abs0,all,unfiltered,1985,oriC,0.5855358111757865,664,-0.044008326655881766
proteomics,schmidt_2016,rel0_abs0,all,unfiltered,1985,ter,0.0356130839831885,654,-0.023930370132895173
proteomics,schmidt_2016,rel0_abs0,all,unfiltered,1985,oriC,0.08169975479601084,664,-0.10881194864529545
proteomics,schmidt_2016,rel0_abs0,all,unfiltered,1985,ter,5.111988845216152e-4,654,-0.13057639817301292
proteomics,schmidt_2016,rel0_abs0,all,unfiltered,1985,oriC,0.5802624820506639,664,-0.028737697494510085
proteomics,schmidt_2016,rel0_abs0,all,unfiltered,1985,ter,0.5823901091550374,654,0.002407334566613282
proteomics,schmidt_2016,rel0_abs0,all,unfiltered,1985,oriC,0.3492591090191874,664,-0.010343500102807037
proteomics,schmidt_2016,rel0_abs0,all,unfiltered,1985,ter,0.32923123254195885,654,-0.022343432304969643
proteomics,schmidt_2016,rel0_abs0,all,unfiltered,1985,oriC,0.32245945643446794,664,-0.05641861108500008
proteomics,schmidt_2016,rel0_abs0,all,unfiltered,1985,ter,0.020724851712130538,654,-0.06702085280181752
proteomics,schmidt_2016,rel0_abs0,all,unfiltered,1985,oriC,0.9368945947457727,664,-0.009178637601040773
proteomics,schmidt_2016,rel0_abs0,all,unfiltered,1985,ter,0.940136116216635,654,2.03599756773023e-4
proteomics,schmidt_2016,rel0_abs0,all,unfiltered,1985,oriC,0.01567654911233561,664,-0.18493341459584844
proteomics,schmidt_2016,rel0_abs0,all,unfiltered,1985,ter,0.06917632979951956,654,-0.17201085229163315
proteomics,schmidt_2016,rel0_abs0,all,unfiltered,1985,oriC,0.741750721563182,664,-0.048031161846222914
proteomics,schmidt_2016,rel0_abs0,all,unfiltered,1985,ter,0.09841494751831409,654,-0.10313724282281345
proteomics,schmidt_2016,rel0_abs0,all,unfiltered,1985,oriC,0.9438135360499007,664,-0.04842963491393447
proteomics,schmidt_2016,rel0_abs0,all,unfiltered,1985,ter,0.31120552835031906,654,-0.06054822728119154
proteomics,schmidt_2016,rel0_abs0,all,unfiltered,1985,oriC,0.16378215439080243,664,-0.13952385808601336
proteomics,schmidt_2016,rel0_abs0,all,unfiltered,1985,ter,0.4174936198796887,654,-0.056201206447170776
proteomics,schmidt_2016,rel0_abs0,all,unfiltered,1985,oriC,0.11830375790359372,664,-0.10248662490487537
proteomics,schmidt_2016,rel0_abs0,all,unfiltered,1985,ter,0.037753028036823295,654,-0.11178964333702204
proteomics,schmidt_2016,rel0_abs0,all,unfiltered,1985,oriC,0.7304695923942213,664,-0.02730203353197281
proteomics,schmidt_2016,rel0_abs0,all,unfiltered,1985,ter,0.11345173975119391,654,-0.1391736592109703
proteomics,schmidt_2016,rel0_abs0,all,unfiltered,1985,oriC,0.0023433158313830673,664,-0.20344778130878938
proteomics,schmidt_2016,rel0_abs0,all,unfiltered,1985,ter,2.710288360740371e-10,654,-0.38871559815072665
proteomics,schmidt_2016,rel0_abs0,all,unfiltered,1985,oriC,0.029850779361810166,664,-0.12921267180328727
proteomics,schmidt_2016,rel0_abs0,all,unfiltered,1985,ter,3.433263843413963e-14,654,-0.41393335309690604
proteomics,schmidt_2016,rel0_abs0,all,unfiltered,1985,oriC,0.6846092701454036,664,-0.010250006369384116
proteomics,schmidt_2016,rel0_abs0,all,unfiltered,1985,ter,9.115718036618735e-5,654,-0.1623992276012943
proteomics,schmidt_2016,rel0_abs0,all,unfiltered,1985,oriC,3.24220655015447e-5,664,-0.13563205405145967
proteomics,schmidt_2016,rel0_abs0,all,unfiltered,1985,ter,4.257398387641497e-6,654,-0.15162368252548247
proteomics,schmidt_2016,rel0_abs0,all,unfiltered,1985,oriC,3.528939911521725e-5,664,-0.06739272906861632
proteomics,schmidt_2016,rel0_abs0,all,unfiltered,1985,ter,0.0027069578209914886,654,-0.034506043769295114
proteomics,schmidt_2016,rel0_abs0,all,unfiltered,1985,oriC,0.0410483586762292,664,0.043816255776232535
proteomics,schmidt_2016,rel0_abs0,all,unfiltered,1985,ter,0.0039529779102407585,654,-0.0709224588663174
proteomics,schmidt_2016,rel0_abs0,all,unfiltered,1985,oriC,0.6601168410977012,664,-0.02369622126287807
proteomics,schmidt_2016,rel0_abs0,all,unfiltered,1985,ter,3.5851285896762074e-5,654,-0.10987518089527526
proteomics,schmidt_2016,rel0_abs0,all,unfiltered,1985,oriC,0.03028046030551559,664,-0.12236371983227967
proteomics,schmidt_2016,rel0_abs0,all,unfiltered,1985,ter,3.9802051026709914e-8,654,-0.1983786612826906
proteomics,schmidt_2016,rel0_abs0,all,unfiltered,1985,oriC,0.9001400022629961,664,-0.028369024843085976
proteomics,schmidt_2016,rel0_abs0,all,unfiltered,1985,ter,0.1095900358779447,654,-0.050863272107198224
proteomics,schmidt_2016,rel0_abs0,all,unfiltered,1985,oriC,0.3643495422292161,664,-0.016657870182940793
proteomics,schmidt_2016,rel0_abs0,all,unfiltered,1985,ter,0.02159348372623917,654,-0.08674749195278622
proteomics,schmidt_2016,rel0_abs0,all,unfiltered,1985,oriC,0.19947239756769936,664,-0.07254937020582694
proteomics,schmidt_2016,rel0_abs0,all,unfiltered,1985,ter,9.26530750435746e-5,654,-0.13265232759412598
proteomics,schmidt_2016,rel0_abs0,all,unfiltered,1985,oriC,0.32683038054830554,664,-0.023785580233671725
proteomics,schmidt_2016,rel0_abs0,all,unfiltered,1985,ter,0.012944452436645331,654,-0.05256820412744245
proteomics,schmidt_2016,rel0_abs0,all,unfiltered,1985,oriC,0.008454611823646598,664,-0.17009347238627026
proteomics,schmidt_2016,rel0_abs0,all,unfiltered,1985,ter,0.03760070089912714,654,-0.24831202958338683
proteomics,schmidt_2016,rel0_abs0,all,unfiltered,1985,oriC,0.8836732696986428,664,-0.02916720725942311
proteomics,schmidt_2016,rel0_abs0,all,unfiltered,1985,ter,0.001127725587663322,654,-0.15264534245523323
proteomics,schmidt_2016,rel0_abs0,all,unfiltered,1985,oriC,0.9217867650679744,664,-0.03565799208995704
proteomics,schmidt_2016,rel0_abs0,all,unfiltered,1985,ter,0.10174542903363126,654,-0.1360126245862631
proteomics,schmidt_2016,rel0_abs0,all,unfiltered,1985,oriC,0.12467559512966507,664,-0.1257232341990499
proteomics,schmidt_2016,rel0_abs0,all,unfiltered,1985,ter,0.08238795810812624,654,-0.13062296485888106
proteomics,schmidt_2016,rel0_abs0,all,unfiltered,1985,oriC,0.07465675695279286,664,-0.11408153303301205
proteomics,schmidt_2016,rel0_abs0,all,unfiltered,1985,ter,4.099819448380268e-4,654,-0.19901172481510424
proteomics,schmidt_2016,rel0_abs0,all,unfiltered,1985,oriC,0.6377153848766752,664,-0.0298789479250558
proteomics,schmidt_2016,rel0_abs0,all,unfiltered,1985,ter,0.0478570371009935,654,-0.18922664588887467
proteomics,schmidt_2016,rel0_abs0,all,unfiltered,1985,oriC,0.003889932958057759,664,-0.20398841286702782
proteomics,schmidt_2016,rel0_abs0,all,unfiltered,1985,ter,4.116655223642096e-14,654,-0.4728354557934031
proteomics,schmidt_2016,rel0_abs0,all,unfiltered,1985,oriC,0.02707126479046246,664,-0.10698431486052497
proteomics,schmidt_2016,rel0_abs0,all,unfiltered,1985,ter,2.714589327484215e-17,654,-0.5346440898967804
proteomics,schmidt_2016,rel0_abs0,all,unfiltered,1985,oriC,6.598256113134311e-5,664,-0.08079095985450921
proteomics,schmidt_2016,rel0_abs0,all,unfiltered,1985,ter,0.10191861266319882,654,-0.01245992162920013
proteomics,schmidt_2016,rel0_abs0,all,unfiltered,1985,oriC,0.07770431853759818,664,-0.0321485396202948
proteomics,schmidt_2016,rel0_abs0,all,unfiltered,1985,ter,0.34326477194574284,654,0.06986840248829533
proteomics,schmidt_2016,rel0_abs0,all,unfiltered,1985,oriC,3.2343004737075574e-4,664,0.12542328644570735
proteomics,schmidt_2016,rel0_abs0,all,unfiltered,1985,ter,0.20725011493560636,654,0.07205057233571373
proteomics,schmidt_2016,rel0_abs0,all,unfiltered,1985,oriC,0.16667761907645426,664,0.026920828734307505
proteomics,schmidt_2016,rel0_abs0,all,unfiltered,1985,ter,0.4239394009637625,654,0.07357124699087254
proteomics,schmidt_2016,rel0_abs0,all,unfiltered,1985,oriC,0.1558530151229661,664,-0.04230540715775943
proteomics,schmidt_2016,rel0_abs0,all,unfiltered,1985,ter,0.1480283723295981,654,-4.1304086044506203e-4
proteomics,schmidt_2016,rel0_abs0,all,unfiltered,1985,oriC,0.11495864318806943,664,0.0318781775789104
proteomics,schmidt_2016,rel0_abs0,all,unfiltered,1985,ter,0.012839502700435771,654,0.11706368745107285
proteomics,schmidt_2016,rel0_abs0,all,unfiltered,1985,oriC,0.025633278233077914,664,0.04757195265864418
proteomics,schmidt_2016,rel0_abs0,all,unfiltered,1985,ter,0.14058054148793453,654,0.059504479047678874
proteomics,schmidt_2016,rel0_abs0,all,unfiltered,1985,oriC,0.6498950147221325,664,0.005155041150617774
proteomics,schmidt_2016,rel0_abs0,all,unfiltered,1985,ter,0.7431356451948699,654,0.016448228039101287
proteomics,schmidt_2016,rel0_abs0,all,unfiltered,1985,oriC,0.7587762738119439,664,0.007214863866469646
proteomics,schmidt_2016,rel0_abs0,all,unfiltered,1985,ter,0.5573903146656656,654,0.06299228063468104
proteomics,schmidt_2016,rel0_abs0,all,unfiltered,1985,oriC,0.004241074544016975,664,-0.16626248186557346
proteomics,schmidt_2016,rel0_abs0,all,unfiltered,1985,ter,0.8077766989435318,654,-0.03150040971954651
proteomics,schmidt_2016,rel0_abs0,all,unfiltered,1985,oriC,0.6478584540017622,664,-0.00447887622072282
proteomics,schmidt_2016,rel0_abs0,all,unfiltered,1985,ter,0.5329248179689585,654,0.03740702898906559
proteomics,schmidt_2016,rel0_abs0,all,unfiltered,1985,oriC,0.6732051150038533,664,0.007857538269099906
proteomics,schmidt_2016,rel0_abs0,all,unfiltered,1985,ter,0.3240278187832173,654,0.050206760085762484
proteomics,schmidt_2016,rel0_abs0,all,unfiltered,1985,oriC,0.05577311227082892,664,-0.08456746663212153
proteomics,schmidt_2016,rel0_abs0,all,unfiltered,1985,ter,0.3022960382439904,654,-0.004083200912186483
proteomics,schmidt_2016,rel0_abs0,all,unfiltered,1985,oriC,0.29901007369842825,664,-0.024503872617325673
proteomics,schmidt_2016,rel0_abs0,all,unfiltered,1985,ter,0.7730437234533835,654,-0.0029653735693688952
proteomics,schmidt_2016,rel0_abs0,all,unfiltered,1985,oriC,0.5565407758276877,664,0.015246284615928215
proteomics,schmidt_2016,rel0_abs0,all,unfiltered,1985,ter,0.16470175192205516,654,0.02319648927328724
proteomics,schmidt_2016,rel0_abs0,all,unfiltered,1985,oriC,0.011062057468978276,664,-0.10857282970278107
proteomics,schmidt_2016,rel0_abs0,all,unfiltered,1985,ter,2.377108151091321e-6,654,-0.2465065647572529
proteomics,schmidt_2016,rel0_abs0,all,unfiltered,1985,oriC,0.02785191043510583,664,-0.08313386837193604
proteomics,schmidt_2016,rel0_abs0,all,unfiltered,1985,ter,6.639670599663245e-10,654,-0.30312579919166494
proteomics,schmidt_2016,rel0_abs0,all,unfiltered,1985,oriC,6.411947361484021e-4,664,0.10066431005961447
proteomics,schmidt_2016,rel0_abs0,all,unfiltered,1985,ter,0.021747226573334034,654,0.03339151726461711
proteomics,schmidt_2016,rel0_abs0,all,unfiltered,1985,oriC,6.842491735310746e-13,664,0.1942013806086645
proteomics,schmidt_2016,rel0_abs0,all,unfiltered,1985,ter,0.12174511678364922,654,0.05957451750107974
proteomics,schmidt_2016,rel0_abs0,all,unfiltered,1985,oriC,3.9712585009635693e-14,664,0.13476058999328872
proteomics,schmidt_2016,rel0_abs0,all,unfiltered,1985,ter,0.012906883588509605,654,0.03970212865678317
proteomics,schmidt_2016,rel0_abs0,all,unfiltered,1985,oriC,0.005422833671460519,664,0.07452304325437359
proteomics,schmidt_2016,rel0_abs0,all,unfiltered,1985,ter,0.6662120726324867,654,-0.008509557311948175
proteomics,schmidt_2016,rel0_abs0,all,unfiltered,1985,oriC,3.3248726556847845e-10,664,0.11962585958278413
proteomics,schmidt_2016,rel0_abs0,all,unfiltered,1985,ter,7.991611767591445e-5,654,0.10806950643340255
proteomics,schmidt_2016,rel0_abs0,all,unfiltered,1985,oriC,3.7337353118904506e-11,664,0.16434005326415285
proteomics,schmidt_2016,rel0_abs0,all,unfiltered,1985,ter,0.008820326581842775,654,0.061608335838062064
proteomics,schmidt_2016,rel0_abs0,all,unfiltered,1985,oriC,3.128436347364282e-7,664,0.1097577948988091
proteomics,schmidt_2016,rel0_abs0,all,unfiltered,1985,ter,0.20428475506966426,654,0.009706213075998896
proteomics,schmidt_2016,rel0_abs0,all,unfiltered,1985,oriC,1.6084347317732904e-5,664,0.09324018536379748
proteomics,schmidt_2016,rel0_abs0,all,unfiltered,1985,ter,0.2617161754585964,654,0.01754257965424367
proteomics,schmidt_2016,rel0_abs0,all,unfiltered,1985,oriC,0.4414225406425555,664,-0.08832908094912853
proteomics,schmidt_2016,rel0_abs0,all,unfiltered,1985,ter,0.9600699091623311,654,-0.060058365630974164
proteomics,schmidt_2016,rel0_abs0,all,unfiltered,1985,oriC,0.004303687180112654,664,0.061751701976273866
proteomics,schmidt_2016,rel0_abs0,all,unfiltered,1985,ter,0.4034945684227898,654,0.014063119084728213
proteomics,schmidt_2016,rel0_abs0,all,unfiltered,1985,oriC,0.0021787860916651016,664,0.09551262780340616
proteomics,schmidt_2016,rel0_abs0,all,unfiltered,1985,ter,0.1391372234083658,654,0.03092328041306889
proteomics,schmidt_2016,rel0_abs0,all,unfiltered,1985,oriC,0.46603680933212355,664,-0.03819513052763064
proteomics,schmidt_2016,rel0_abs0,all,unfiltered,1985,ter,0.012492657211020119,654,0.03532490307321694
proteomics,schmidt_2016,rel0_abs0,all,unfiltered,1985,oriC,0.3799507869131373,664,0.018346719671463875
proteomics,schmidt_2016,rel0_abs0,all,unfiltered,1985,ter,0.7277010522971725,654,-0.008353240835611658
proteomics,schmidt_2016,rel0_abs0,all,unfiltered,1985,oriC,2.5939427759830424e-4,664,0.0973448085917156
proteomics,schmidt_2016,rel0_abs0,all,unfiltered,1985,ter,0.26180411534145404,654,0.008440118408046862
proteomics,schmidt_2016,rel0_abs0,all,unfiltered,1985,oriC,0.6764559270102517,664,-0.039604515526947326
proteomics,schmidt_2016,rel0_abs0,all,unfiltered,1985,ter,3.4811843518635965e-7,654,-0.2413302011088438
proteomics,schmidt_2016,rel0_abs0,all,unfiltered,1985,oriC,0.8494705350957595,664,0.017241732405520967
proteomics,schmidt_2016,rel0_abs0,all,unfiltered,1985,ter,1.9243530253999102e-10,654,-0.3041450269741355
proteomics,schmidt_2016,rel0_abs0,all,unfiltered,1985,oriC,7.553260735102542e-4,664,0.07753490452384919
proteomics,schmidt_2016,rel0_abs0,all,unfiltered,1985,ter,0.18018273530894377,654,-0.02374585209357511
proteomics,schmidt_2016,rel0_abs0,all,unfiltered,1985,oriC,0.008118391130260605,664,0.02859253360121361
proteomics,schmidt_2016,rel0_abs0,all,unfiltered,1985,ter,0.278150101280338,654,-0.015517165722728994
proteomics,schmidt_2016,rel0_abs0,all,unfiltered,1985,oriC,0.32107674206572157,664,-0.05567679710528811
proteomics,schmidt_2016,rel0_abs0,all,unfiltered,1985,ter,1.0330389649004693e-5,654,-0.15280500341517236
proteomics,schmidt_2016,rel0_abs0,all,unfiltered,1985,oriC,0.03937647529495241,664,0.038428417612502236
proteomics,schmidt_2016,rel0_abs0,all,unfiltered,1985,ter,0.6878546684591067,654,-0.01159516799542253
proteomics,schmidt_2016,rel0_abs0,all,unfiltered,1985,oriC,0.012659467087830643,664,0.031221808189159747
proteomics,schmidt_2016,rel0_abs0,all,unfiltered,1985,ter,0.8531028274467498,654,-0.011505705297766452
proteomics,schmidt_2016,rel0_abs0,all,unfiltered,1985,oriC,0.31802882164767127,664,8.297573906181042e-4
proteomics,schmidt_2016,rel0_abs0,all,unfiltered,1985,ter,0.05026047654346767,654,-0.05862904492541092
proteomics,schmidt_2016,rel0_abs0,all,unfiltered,1985,oriC,0.1046311666347693,664,0.00989952667553001
proteomics,schmidt_2016,rel0_abs0,all,unfiltered,1985,ter,0.2631256642611114,654,-0.017707466950672855
proteomics,schmidt_2016,rel0_abs0,all,unfiltered,1985,oriC,0.18252941152630045,664,-0.11864075596002782
proteomics,schmidt_2016,rel0_abs0,all,unfiltered,1985,ter,0.23404834199080563,654,-0.15587983298987432
proteomics,schmidt_2016,rel0_abs0,all,unfiltered,1985,oriC,0.574735772178847,664,-0.007343054290023008
proteomics,schmidt_2016,rel0_abs0,all,unfiltered,1985,ter,0.03570392601509123,654,-0.0837049028068361
proteomics,schmidt_2016,rel0_abs0,all,unfiltered,1985,oriC,0.75370197032961,664,-0.021446954874854006
proteomics,schmidt_2016,rel0_abs0,all,unfiltered,1985,ter,0.37568434978768994,654,-0.06379670738534227
proteomics,schmidt_2016,rel0_abs0,all,unfiltered,1985,oriC,0.25866055602690846,664,-0.10829240975506446
proteomics,schmidt_2016,rel0_abs0,all,unfiltered,1985,ter,0.5074231857723945,654,-0.11285725125040476
proteomics,schmidt_2016,rel0_abs0,all,unfiltered,1985,oriC,0.42129731862964837,664,-0.05208032288667777
proteomics,schmidt_2016,rel0_abs0,all,unfiltered,1985,ter,0.00776842110779969,654,-0.14148100266090652
proteomics,schmidt_2016,rel0_abs0,all,unfiltered,1985,oriC,0.12265320934858423,664,0.010795552947142777
proteomics,schmidt_2016,rel0_abs0,all,unfiltered,1985,ter,0.3522938852349946,654,-0.09891739687024201
proteomics,schmidt_2016,rel0_abs0,all,unfiltered,1985,oriC,0.031108346945576695,664,-0.15663491472426289
proteomics,schmidt_2016,rel0_abs0,all,unfiltered,1985,ter,2.1125268752497253e-13,654,-0.4305083190159954
proteomics,schmidt_2016,rel0_abs0,all,unfiltered,1985,oriC,0.11127914211078757,664,-0.0726280064303082
proteomics,schmidt_2016,rel0_abs0,all,unfiltered,1985,ter,4.7613821722469954e-17,654,-0.45784540273621177
proteomics,schmidt_2016,rel0_abs0,all,unfiltered,1985,oriC,1.489905368984216e-4,664,-0.07578198022370104
proteomics,schmidt_2016,rel0_abs0,all,unfiltered,1985,ter,0.6014048449003855,654,-0.001291051337085945
proteomics,schmidt_2016,rel0_abs0,all,unfiltered,1985,oriC,1.1240538374080893e-12,664,-0.15523429963331978
proteomics,schmidt_2016,rel0_abs0,all,unfiltered,1985,ter,0.07093586527612952,654,-0.03378182088511439
proteomics,schmidt_2016,rel0_abs0,all,unfiltered,1985,oriC,4.661129318959043e-4,664,-0.06880694975238305
proteomics,schmidt_2016,rel0_abs0,all,unfiltered,1985,ter,0.009714219301783674,654,0.039773778271650205
proteomics,schmidt_2016,rel0_abs0,all,unfiltered,1985,oriC,8.230529859170399e-6,664,-0.07586956634799068
proteomics,schmidt_2016,rel0_abs0,all,unfiltered,1985,ter,0.6067440520663248,654,-0.008252349373440934
proteomics,schmidt_2016,rel0_abs0,all,unfiltered,1985,oriC,7.770659950388653e-8,664,-0.12046527081747102
proteomics,schmidt_2016,rel0_abs0,all,unfiltered,1985,ter,0.3402183790214484,654,-0.01791365994391289
proteomics,schmidt_2016,rel0_abs0,all,unfiltered,1985,oriC,5.127045811017758e-4,664,-0.07616419122128135
proteomics,schmidt_2016,rel0_abs0,all,unfiltered,1985,ter,0.2967068842059713,654,0.023090600180046772
proteomics,schmidt_2016,rel0_abs0,all,unfiltered,1985,oriC,1.587271271509922e-7,664,-0.2762578674638405
proteomics,schmidt_2016,rel0_abs0,all,unfiltered,1985,ter,0.6657609174722137,654,-0.07626624017584246
proteomics,schmidt_2016,rel0_abs0,all,unfiltered,1985,oriC,4.716941997181865e-6,664,-0.11366349497430758
proteomics,schmidt_2016,rel0_abs0,all,unfiltered,1985,ter,0.327388584176902,654,-0.02585424286425983
proteomics,schmidt_2016,rel0_abs0,all,unfiltered,1985,oriC,2.335125009029755e-5,664,-0.12202752935942904
proteomics,schmidt_2016,rel0_abs0,all,unfiltered,1985,ter,0.48944084433116547,654,-0.008414887735797905
proteomics,schmidt_2016,rel0_abs0,all,unfiltered,1985,oriC,7.675526715772705e-7,664,-0.24004962777978867
proteomics,schmidt_2016,rel0_abs0,all,unfiltered,1985,ter,0.9544656152635906,654,-0.06491068790047358
proteomics,schmidt_2016,rel0_abs0,all,unfiltered,1985,oriC,1.3467591842263532e-11,664,-0.1877431974939891
proteomics,schmidt_2016,rel0_abs0,all,unfiltered,1985,ter,0.0012022299142644601,654,-0.09933108564952989
proteomics,schmidt_2016,rel0_abs0,all,unfiltered,1985,oriC,0.3164631431429419,664,-0.03153756261047581
proteomics,schmidt_2016,rel0_abs0,all,unfiltered,1985,ter,0.628896710413335,654,-0.018941198899144196
proteomics,schmidt_2016,rel0_abs0,all,unfiltered,1985,oriC,6.587950783610481e-9,664,-0.2098811399802321
proteomics,schmidt_2016,rel0_abs0,all,unfiltered,1985,ter,3.6408473090175945e-12,654,-0.3438778472628765
proteomics,schmidt_2016,rel0_abs0,all,unfiltered,1985,oriC,3.0283637870684747e-5,664,-0.20396093550995054
proteomics,schmidt_2016,rel0_abs0,all,unfiltered,1985,ter,1.2094190476964102e-13,654,-0.32559124133192074
proteomics,schmidt_2016,rel0_abs0,all,unfiltered,1985,oriC,8.142301352806038e-5,664,-0.05089381557589742
proteomics,schmidt_2016,rel0_abs0,all,unfiltered,1985,ter,3.8083456394483227e-4,654,-0.05325686495785173
proteomics,schmidt_2016,rel0_abs0,all,unfiltered,1985,oriC,0.6468411597784769,664,-0.0037273463504128856
proteomics,schmidt_2016,rel0_abs0,all,unfiltered,1985,ter,7.117019320361431e-4,654,0.06285972087681074
proteomics,schmidt_2016,rel0_abs0,all,unfiltered,1985,oriC,0.4117855327057605,664,-0.0075407436249527735
proteomics,schmidt_2016,rel0_abs0,all,unfiltered,1985,ter,0.9924069263709224,654,-0.003772983018367074
proteomics,schmidt_2016,rel0_abs0,all,unfiltered,1985,oriC,0.01564175182225548,664,-0.03280514012242221
proteomics,schmidt_2016,rel0_abs0,all,unfiltered,1985,ter,0.34749519533052353,654,-0.02393972681317829
proteomics,schmidt_2016,rel0_abs0,all,unfiltered,1985,oriC,0.00452805238562187,664,-0.052475201760707885
proteomics,schmidt_2016,rel0_abs0,all,unfiltered,1985,ter,0.2223106467977549,654,-0.02526874233634962
proteomics,schmidt_2016,rel0_abs0,all,unfiltered,1985,oriC,0.0017514729318110838,664,-0.1600084077024036
proteomics,schmidt_2016,rel0_abs0,all,unfiltered,1985,ter,0.4556537508920208,654,-0.09483330351393715
proteomics,schmidt_2016,rel0_abs0,all,unfiltered,1985,oriC,0.20643119012981315,664,-0.02062551416684836
proteomics,schmidt_2016,rel0_abs0,all,unfiltered,1985,ter,0.49845451563970056,654,-0.03628704152200772
proteomics,schmidt_2016,rel0_abs0,all,unfiltered,1985,oriC,0.4757414921290991,664,-0.01612303315818051
proteomics,schmidt_2016,rel0_abs0,all,unfiltered,1985,ter,0.7922708449931035,654,-0.012104866952455776
proteomics,schmidt_2016,rel0_abs0,all,unfiltered,1985,oriC,0.007076668566419013,664,-0.12639948423489564
proteomics,schmidt_2016,rel0_abs0,all,unfiltered,1985,ter,0.8974458410549093,654,-0.07187696477370403
proteomics,schmidt_2016,rel0_abs0,all,unfiltered,1985,oriC,3.691761017647218e-4,664,-0.0903030345494679
proteomics,schmidt_2016,rel0_abs0,all,unfiltered,1985,ter,0.011678746690532852,654,-0.09690107819072959
proteomics,schmidt_2016,rel0_abs0,all,unfiltered,1985,oriC,0.436280671037913,664,0.022069193821739795
proteomics,schmidt_2016,rel0_abs0,all,unfiltered,1985,ter,0.8750623157394333,654,-0.05670594277947187
proteomics,schmidt_2016,rel0_abs0,all,unfiltered,1985,oriC,1.6384712874781022e-4,664,-0.14053183314960144
proteomics,schmidt_2016,rel0_abs0,all,unfiltered,1985,ter,6.59625666489925e-13,654,-0.28162953291700843
proteomics,schmidt_2016,rel0_abs0,all,unfiltered,1985,oriC,9.161828437016854e-4,664,-0.09910501412274725
proteomics,schmidt_2016,rel0_abs0,all,unfiltered,1985,ter,8.610323308290121e-14,654,-0.3270220413764774
proteomics,schmidt_2016,rel0_abs0,all,unfiltered,1985,oriC,0.056607030144338884,664,0.060949990944203024
proteomics,schmidt_2016,rel0_abs0,all,unfiltered,1985,ter,1.8868875029259686e-8,654,0.1071325803358997
proteomics,schmidt_2016,rel0_abs0,all,unfiltered,1985,oriC,3.290112783320872e-6,664,0.089079608057265
proteomics,schmidt_2016,rel0_abs0,all,unfiltered,1985,ter,6.083680321806804e-4,654,0.05851366814420979
proteomics,schmidt_2016,rel0_abs0,all,unfiltered,1985,oriC,0.010050108259928112,664,0.02928988464685465
proteomics,schmidt_2016,rel0_abs0,all,unfiltered,1985,ter,4.700849297361063e-5,654,0.05038343823779044
proteomics,schmidt_2016,rel0_abs0,all,unfiltered,1985,oriC,0.3392522370670576,664,0.02453734370676573
proteomics,schmidt_2016,rel0_abs0,all,unfiltered,1985,ter,0.006558820911178953,654,0.0747134122624441
proteomics,schmidt_2016,rel0_abs0,all,unfiltered,1985,oriC,0.03700471829141626,664,-0.14615393244755387
proteomics,schmidt_2016,rel0_abs0,all,unfiltered,1985,ter,0.1383647924346345,654,-0.0047006206364226515
proteomics,schmidt_2016,rel0_abs0,all,unfiltered,1985,oriC,0.6665747652494762,664,-0.0043065558184216
proteomics,schmidt_2016,rel0_abs0,all,unfiltered,1985,ter,0.041590196746966346,654,0.019897507428689933
proteomics,schmidt_2016,rel0_abs0,all,unfiltered,1985,oriC,0.16243992575909788,664,0.022889793725593393
proteomics,schmidt_2016,rel0_abs0,all,unfiltered,1985,ter,0.0038276476647707792,654,0.07486210968533107
proteomics,schmidt_2016,rel0_abs0,all,unfiltered,1985,oriC,0.16298801271848107,664,-0.09160812833245441
proteomics,schmidt_2016,rel0_abs0,all,unfiltered,1985,ter,0.10127038192375755,654,0.004456441874970165
proteomics,schmidt_2016,rel0_abs0,all,unfiltered,1985,oriC,0.4493818408145771,664,-0.011421263969481116
proteomics,schmidt_2016,rel0_abs0,all,unfiltered,1985,ter,0.826580066862644,654,-0.020252326329556508
proteomics,schmidt_2016,rel0_abs0,all,unfiltered,1985,oriC,9.043237058010046e-4,664,0.0922853453704432
proteomics,schmidt_2016,rel0_abs0,all,unfiltered,1985,ter,0.02105704277775495,654,0.020702435982136027
proteomics,schmidt_2016,rel0_abs0,all,unfiltered,1985,oriC,0.09026716949622539,664,-0.06222672839880908
proteomics,schmidt_2016,rel0_abs0,all,unfiltered,1985,ter,5.45932605506346e-8,654,-0.20260148458184962
proteomics,schmidt_2016,rel0_abs0,all,unfiltered,1985,oriC,0.19317050610504896,664,-0.025476849377754057
proteomics,schmidt_2016,rel0_abs0,all,unfiltered,1985,ter,9.561288344344674e-9,654,-0.23538655593880972
proteomics,schmidt_2016,rel0_abs0,all,unfiltered,1985,oriC,0.416177498961066,664,0.008262454516060405
proteomics,schmidt_2016,rel0_abs0,all,unfiltered,1985,ter,0.005649094887475911,654,-0.03508795071504656
proteomics,schmidt_2016,rel0_abs0,all,unfiltered,1985,oriC,0.2731706714199804,664,-0.025625023342984884
proteomics,schmidt_2016,rel0_abs0,all,unfiltered,1985,ter,1.8534129086345545e-7,654,-0.08635036843981478
proteomics,schmidt_2016,rel0_abs0,all,unfiltered,1985,oriC,0.21768749184490718,664,-0.015419881300161628
proteomics,schmidt_2016,rel0_abs0,all,unfiltered,1985,ter,0.04010167572547407,654,-0.020153195988564635
proteomics,schmidt_2016,rel0_abs0,all,unfiltered,1985,oriC,2.0492649366540103e-4,664,-0.1712480304868278
proteomics,schmidt_2016,rel0_abs0,all,unfiltered,1985,ter,0.01714855364241785,654,-0.1504273437543352
proteomics,schmidt_2016,rel0_abs0,all,unfiltered,1985,oriC,0.14317942932920844,664,-0.03209634079378022
proteomics,schmidt_2016,rel0_abs0,all,unfiltered,1985,ter,0.0021573363329911344,654,-0.09808435233088675
proteomics,schmidt_2016,rel0_abs0,all,unfiltered,1985,oriC,0.07221905907037567,664,-0.057788455000878494
proteomics,schmidt_2016,rel0_abs0,all,unfiltered,1985,ter,0.06316581861104421,654,-0.06299160091692474
proteomics,schmidt_2016,rel0_abs0,all,unfiltered,1985,oriC,6.673768667671544e-4,664,-0.158540534771138
proteomics,schmidt_2016,rel0_abs0,all,unfiltered,1985,ter,0.06640513601244584,654,-0.10475664544113944
proteomics,schmidt_2016,rel0_abs0,all,unfiltered,1985,oriC,5.3572548753902875e-5,664,-0.10520870553533795
proteomics,schmidt_2016,rel0_abs0,all,unfiltered,1985,ter,8.810367311338782e-6,654,-0.13090560333010337
proteomics,schmidt_2016,rel0_abs0,all,unfiltered,1985,oriC,0.6485854956614165,664,0.0012150280890863099
proteomics,schmidt_2016,rel0_abs0,all,unfiltered,1985,ter,0.16539444159752864,654,-0.0737185183727315
proteomics,schmidt_2016,rel0_abs0,all,unfiltered,1985,oriC,9.204928939190128e-5,664,-0.1863903575749412
proteomics,schmidt_2016,rel0_abs0,all,unfiltered,1985,ter,3.5970832928921744e-17,654,-0.3424591640162667
proteomics,schmidt_2016,rel0_abs0,all,unfiltered,1985,oriC,0.0013073354826954643,664,-0.12546431224084992
proteomics,schmidt_2016,rel0_abs0,all,unfiltered,1985,ter,2.664012302908414e-18,654,-0.41497856321622056
proteomics,schmidt_2016,rel0_abs0,all,unfiltered,1985,oriC,0.0643847960066254,664,-0.025986984289244293
proteomics,schmidt_2016,rel0_abs0,all,unfiltered,1985,ter,0.43395947007515057,654,-0.002395929823426673
proteomics,schmidt_2016,rel0_abs0,all,unfiltered,1985,oriC,3.425014789862667e-6,664,-0.218578987843737
proteomics,schmidt_2016,rel0_abs0,all,unfiltered,1985,ter,0.07054886908222022,654,-0.15409502225710084
proteomics,schmidt_2016,rel0_abs0,all,unfiltered,1985,oriC,4.277183505553212e-4,664,-0.080160307684736
proteomics,schmidt_2016,rel0_abs0,all,unfiltered,1985,ter,0.08667503172713846,654,-0.0765597070357963
proteomics,schmidt_2016,rel0_abs0,all,unfiltered,1985,oriC,0.02815505458055596,664,-0.05073410666314987
proteomics,schmidt_2016,rel0_abs0,all,unfiltered,1985,ter,0.8151568792862527,654,-0.00371833125706298
proteomics,schmidt_2016,rel0_abs0,all,unfiltered,1985,oriC,2.6542140941524202e-6,664,-0.20535444707718936
proteomics,schmidt_2016,rel0_abs0,all,unfiltered,1985,ter,0.2425301573871715,654,-0.08602404495907096
proteomics,schmidt_2016,rel0_abs0,all,unfiltered,1985,oriC,2.1753543728908006e-7,664,-0.09737828501426116
proteomics,schmidt_2016,rel0_abs0,all,unfiltered,1985,ter,3.127126753351791e-4,654,-0.08074478932825191
proteomics,schmidt_2016,rel0_abs0,all,unfiltered,1985,oriC,0.9591138616675797,664,-0.00316937471457697
proteomics,schmidt_2016,rel0_abs0,all,unfiltered,1985,ter,0.9862999205615235,654,-0.06407536367596021
proteomics,schmidt_2016,rel0_abs0,all,unfiltered,1985,oriC,1.2452591100859923e-5,664,-0.12479606922441866
proteomics,schmidt_2016,rel0_abs0,all,unfiltered,1985,ter,9.565847741167705e-15,654,-0.25791852469264487
proteomics,schmidt_2016,rel0_abs0,all,unfiltered,1985,oriC,0.0010266377280278413,664,-0.11940798258813382
proteomics,schmidt_2016,rel0_abs0,all,unfiltered,1985,ter,1.888405727756301e-14,654,-0.3113939472615583
proteomics,schmidt_2016,rel0_abs0,all,unfiltered,1985,oriC,0.9296589501646251,664,0.020367044020823365
proteomics,schmidt_2016,rel0_abs0,all,unfiltered,1985,ter,0.4811594279101791,654,0.04029392268776938
proteomics,schmidt_2016,rel0_abs0,all,unfiltered,1985,oriC,0.0018089855276116073,664,-0.12369025497251089
proteomics,schmidt_2016,rel0_abs0,all,unfiltered,1985,ter,0.8928638681565974,654,-0.04407675678763465
proteomics,schmidt_2016,rel0_abs0,all,unfiltered,1985,oriC,0.9824941493119429,664,-0.01624497630704015
proteomics,schmidt_2016,rel0_abs0,all,unfiltered,1985,ter,0.7738355689176355,654,1.1932358765015316e-5
proteomics,schmidt_2016,rel0_abs0,all,unfiltered,1985,oriC,0.7212138037952622,664,0.014700027542371374
proteomics,schmidt_2016,rel0_abs0,all,unfiltered,1985,ter,0.21656402295163601,654,0.030958286631195805
proteomics,schmidt_2016,rel0_abs0,all,unfiltered,1985,oriC,0.0980969342157731,664,-0.08238821175524255
proteomics,schmidt_2016,rel0_abs0,all,unfiltered,1985,ter,0.18810890499803487,654,-0.014649207759519046
proteomics,schmidt_2016,rel0_abs0,all,unfiltered,1985,oriC,0.09871467699288516,664,-0.03433012972340131
proteomics,schmidt_2016,rel0_abs0,all,unfiltered,1985,ter,0.15112587815334955,654,-0.018455910955639254
proteomics,schmidt_2016,rel0_abs0,all,unfiltered,1985,oriC,0.04033306431384086,664,0.04241245550691278
proteomics,schmidt_2016,rel0_abs0,all,unfiltered,1985,ter,0.05069926108241165,654,0.03515009246974987
proteomics,schmidt_2016,rel0_abs0,all,unfiltered,1985,oriC,0.016432263878377956,664,-0.08002622409953103
proteomics,schmidt_2016,rel0_abs0,all,unfiltered,1985,ter,1.0002971706389824e-8,654,-0.2082715211463348
proteomics,schmidt_2016,rel0_abs0,all,unfiltered,1985,oriC,0.04365818333479708,664,-0.08521834968797035
proteomics,schmidt_2016,rel0_abs0,all,unfiltered,1985,ter,5.073450359538053e-11,654,-0.3079132842046909
proteomics,schmidt_2016,rel0_abs0,all,unfiltered,1985,oriC,0.021604746414453164,664,-0.17898706678819737
proteomics,schmidt_2016,rel0_abs0,all,unfiltered,1985,ter,0.4752546061450663,654,-0.1406047252280555
proteomics,schmidt_2016,rel0_abs0,all,unfiltered,1985,oriC,0.5366296653402964,664,-0.024145527398003432
proteomics,schmidt_2016,rel0_abs0,all,unfiltered,1985,ter,0.25665056292152527,654,-0.057222160453594774
proteomics,schmidt_2016,rel0_abs0,all,unfiltered,1985,oriC,0.9182547590406328,664,-0.060068317463863666
proteomics,schmidt_2016,rel0_abs0,all,unfiltered,1985,ter,0.6534766513147584,654,-0.02259046859441513
proteomics,schmidt_2016,rel0_abs0,all,unfiltered,1985,oriC,0.027001242701181004,664,-0.17491554473127982
proteomics,schmidt_2016,rel0_abs0,all,unfiltered,1985,ter,0.46167458785563387,654,-0.08087621184814087
proteomics,schmidt_2016,rel0_abs0,all,unfiltered,1985,oriC,0.01617091028940439,664,-0.09973586523353264
proteomics,schmidt_2016,rel0_abs0,all,unfiltered,1985,ter,0.0015612826052422474,654,-0.07713883092819716
proteomics,schmidt_2016,rel0_abs0,all,unfiltered,1985,oriC,0.2051267210799701,664,0.03312956906557332
proteomics,schmidt_2016,rel0_abs0,all,unfiltered,1985,ter,0.8535896466691986,654,-0.06100515367170864
proteomics,schmidt_2016,rel0_abs0,all,unfiltered,1985,oriC,0.0024265244713335752,664,-0.14946606969358106
proteomics,schmidt_2016,rel0_abs0,all,unfiltered,1985,ter,1.1569911915967867e-14,654,-0.3479400458794514
proteomics,schmidt_2016,rel0_abs0,all,unfiltered,1985,oriC,0.007945281473721063,664,-0.08526985535236618
proteomics,schmidt_2016,rel0_abs0,all,unfiltered,1985,ter,1.122331335769418e-16,654,-0.3890552775926127
proteomics,schmidt_2016,rel0_abs0,all,unfiltered,1985,oriC,3.3000536118183656e-5,664,0.16799465801945992
proteomics,schmidt_2016,rel0_abs0,all,unfiltered,1985,ter,0.10344399714019414,654,0.07447588627646598
proteomics,schmidt_2016,rel0_abs0,all,unfiltered,1985,oriC,0.7739059806126333,664,0.017646943343336594
proteomics,schmidt_2016,rel0_abs0,all,unfiltered,1985,ter,0.18880405536614037,654,0.04210438382351548
proteomics,schmidt_2016,rel0_abs0,all,unfiltered,1985,oriC,0.14680544957317115,664,0.1539051546115975
proteomics,schmidt_2016,rel0_abs0,all,unfiltered,1985,ter,0.5781401819207606,654,0.01949725460949303
proteomics,schmidt_2016,rel0_abs0,all,unfiltered,1985,oriC,7.844575480619515e-7,664,0.20132995674148535
proteomics,schmidt_2016,rel0_abs0,all,unfiltered,1985,ter,0.7079085990768226,654,0.017471966297288408
proteomics,schmidt_2016,rel0_abs0,all,unfiltered,1985,oriC,0.6084040666247771,664,0.060714475512558694
proteomics,schmidt_2016,rel0_abs0,all,unfiltered,1985,ter,3.595474969649731e-4,654,-0.20310100196657832
proteomics,schmidt_2016,rel0_abs0,all,unfiltered,1985,oriC,0.28466232772706523,664,0.11266280243577331
proteomics,schmidt_2016,rel0_abs0,all,unfiltered,1985,ter,2.884437325949857e-6,654,-0.190229909127406
proteomics,schmidt_2016,rel0_abs0,all,unfiltered,1985,oriC,0.6496039168325686,664,-0.00815477350351964
proteomics,schmidt_2016,rel0_abs0,all,unfiltered,1985,ter,0.08599236085480805,654,0.03781217511306155
proteomics,schmidt_2016,rel0_abs0,all,unfiltered,1985,oriC,0.0020962856480826364,664,-0.1067888998544137
proteomics,schmidt_2016,rel0_abs0,all,unfiltered,1985,ter,0.3846692258269651,654,-0.06933164623214
proteomics,schmidt_2016,rel0_abs0,all,unfiltered,1985,oriC,0.041693170579800994,664,-0.030311099037063242
proteomics,schmidt_2016,rel0_abs0,all,unfiltered,1985,ter,0.53238133630184,654,0.0023172292665901884
proteomics,schmidt_2016,rel0_abs0,all,unfiltered,1985,oriC,0.001923986720649934,664,0.0859268245691052
proteomics,schmidt_2016,rel0_abs0,all,unfiltered,1985,ter,0.1484346744954098,654,0.01455117662010307
proteomics,schmidt_2016,rel0_abs0,all,unfiltered,1985,oriC,0.028829034967391615,664,-0.07672321722927887
proteomics,schmidt_2016,rel0_abs0,all,unfiltered,1985,ter,1.3769789606335225e-7,654,-0.20936704814342091
proteomics,schmidt_2016,rel0_abs0,all,unfiltered,1985,oriC,0.23363750869384262,664,-0.020112180321062746
proteomics,schmidt_2016,rel0_abs0,all,unfiltered,1985,ter,9.54961802644967e-9,654,-0.2381438966327248
proteomics,schmidt_2016,rel0_abs0,all,unfiltered,1985,oriC,0.0012027468810229325,664,-0.133612472621785
proteomics,schmidt_2016,rel0_abs0,all,unfiltered,1985,ter,0.16552062037991244,654,-0.06198195980984028
proteomics,schmidt_2016,rel0_abs0,all,unfiltered,1985,oriC,0.03974508637901092,664,-0.035627648047641194
proteomics,schmidt_2016,rel0_abs0,all,unfiltered,1985,ter,0.001814791096427946,654,-0.07837217778965411
proteomics,schmidt_2016,rel0_abs0,all,unfiltered,1985,oriC,0.017144289274969055,664,0.06456204640924751
proteomics,schmidt_2016,rel0_abs0,all,unfiltered,1985,ter,0.5378287486106275,654,-0.031535855367616855
proteomics,schmidt_2016,rel0_abs0,all,unfiltered,1985,oriC,0.030157155393266983,664,-0.07615050440446158
proteomics,schmidt_2016,rel0_abs0,all,unfiltered,1985,ter,2.997427186013339e-13,654,-0.24359215284024893
proteomics,schmidt_2016,rel0_abs0,all,unfiltered,1985,oriC,0.45144506914276716,664,-0.01736626061928781
proteomics,schmidt_2016,rel0_abs0,all,unfiltered,1985,ter,5.896126095167554e-13,654,-0.2586609505612125
proteomics,schmidt_2016,rel0_abs0,all,unfiltered,1985,oriC,0.09813802076462015,664,0.10537011974319209
proteomics,schmidt_2016,rel0_abs0,all,unfiltered,1985,ter,0.5629624892387798,654,0.013571976057945759
proteomics,schmidt_2016,rel0_abs0,all,unfiltered,1985,oriC,9.370801144863648e-7,664,0.1843413687274984
proteomics,schmidt_2016,rel0_abs0,all,unfiltered,1985,ter,0.7354829499132254,654,0.0315198463362415
proteomics,schmidt_2016,rel0_abs0,all,unfiltered,1985,oriC,0.8483613453272829,664,0.07666825872440625
proteomics,schmidt_2016,rel0_abs0,all,unfiltered,1985,ter,8.283481848962533e-6,654,-0.1517467392683467
proteomics,schmidt_2016,rel0_abs0,all,unfiltered,1985,oriC,0.30335941644472375,664,0.1195016429536637
proteomics,schmidt_2016,rel0_abs0,all,unfiltered,1985,ter,1.537436098926362e-7,654,-0.2090044311817198
proteomics,schmidt_2016,rel0_abs0,all,unfiltered,1985,oriC,0.004367136825289336,664,0.09054503232790426
proteomics,schmidt_2016,rel0_abs0,all,unfiltered,1985,ter,0.06105112391016784,654,0.009795862289575406
proteomics,schmidt_2016,rel0_abs0,all,unfiltered,1985,oriC,0.8752191823176733,664,-0.01579382167399251
proteomics,schmidt_2016,rel0_abs0,all,unfiltered,1985,ter,6.485348156376176e-7,654,-0.16087274107025276
proteomics,schmidt_2016,rel0_abs0,all,unfiltered,1985,oriC,0.7159213817245105,664,0.030845149393816315
proteomics,schmidt_2016,rel0_abs0,all,unfiltered,1985,ter,8.881799783961565e-10,654,-0.24653872329708434
proteomics,schmidt_2016,rel0_abs0,all,unfiltered,1985,oriC,4.211546998976868e-6,664,-0.1642548735201992
proteomics,schmidt_2016,rel0_abs0,all,unfiltered,1985,ter,1.0113370807538252e-8,654,-0.20279029134829535
proteomics,schmidt_2016,rel0_abs0,all,unfiltered,1985,oriC,0.023321613776760286,664,-0.0746919718378794
proteomics,schmidt_2016,rel0_abs0,all,unfiltered,1985,ter,1.272512043296835e-8,654,-0.2640491364157561
proteomics,schmidt_2016,rel0_abs0,all,unfiltered,1985,oriC,0.5992371090944936,664,0.027547845674463743
proteomics,schmidt_2016,rel0_abs0,all,unfiltered,1985,ter,8.584050344402173e-5,654,-0.03555791390276612
proteomics,peebo_2015,rel0_abs0,all,unfiltered,1215,oriC,0.18147123002721097,403,0.011941379399955656
proteomics,peebo_2015,rel0_abs0,all,unfiltered,1215,ter,0.5641355710854037,386,0.0025626898858589356
proteomics,peebo_2015,rel0_abs0,all,unfiltered,1222,oriC,3.0292073412295777e-6,411,0.07820919133278136
proteomics,peebo_2015,rel0_abs0,all,unfiltered,1222,ter,0.6563024992940865,378,0.001992788905772854
proteomics,peebo_2015,rel0_abs0,all,unfiltered,1141,oriC,0.8143035583697043,371,-0.013627934877528718
proteomics,peebo_2015,rel0_abs0,all,unfiltered,1141,ter,0.12238314834339996,366,-0.05101679739279487
proteomics,peebo_2015,rel0_abs0,all,unfiltered,1164,oriC,0.2686428165230229,385,0.008424207287400154
proteomics,peebo_2015,rel0_abs0,all,unfiltered,1164,ter,0.004026516834744222,369,-0.058861249153363666
proteomics,peebo_2015,rel0_abs0,all,unfiltered,1177,oriC,0.20108522691382064,389,0.02070240496462403
proteomics,peebo_2015,rel0_abs0,all,unfiltered,1177,ter,0.022360194812824245,371,-0.01637968726783583
proteomics,peebo_2015,rel0_abs0,all,unfiltered,1191,oriC,0.36477449982141796,394,0.015068353410785978
proteomics,peebo_2015,rel0_abs0,all,unfiltered,1191,ter,0.05460339666314554,373,-0.014367803465159512
proteomics,peebo_2015,rel0_abs0,all,unfiltered,1156,oriC,0.015400368890087886,376,-0.10537203911556936
proteomics,peebo_2015,rel0_abs0,all,unfiltered,1156,ter,6.363722065936661e-11,365,-0.1708240071999049
proteomics,peebo_2015,rel0_abs0,all,unfiltered,1183,oriC,0.32802241771506485,393,0.03535334543797741
proteomics,peebo_2015,rel0_abs0,all,unfiltered,1183,ter,0.02850784861128081,370,-0.030565222192450114
proteomics,peebo_2015,rel0_abs0,all,unfiltered,1182,oriC,0.6547699239542716,385,0.034290600057819906
proteomics,peebo_2015,rel0_abs0,all,unfiltered,1182,ter,0.026374302366516052,375,-0.018421136322345637
proteomics,peebo_2015,rel0_abs0,all,unfiltered,1213,oriC,0.3100605698283141,407,-0.05380496161714811
proteomics,peebo_2015,rel0_abs0,all,unfiltered,1213,ter,1.4326986283612068e-6,379,-0.13498354969164794
proteomics,peebo_2015,rel0_abs0,all,unfiltered,1138,oriC,2.8068537827878425e-4,371,-0.21714400289731542
proteomics,peebo_2015,rel0_abs0,all,unfiltered,1138,ter,1.3647897726878984e-13,362,-0.29697228380205865
proteomics,peebo_2015,rel0_abs0,all,unfiltered,1178,oriC,0.4888223384431203,389,0.01821984778959908
proteomics,peebo_2015,rel0_abs0,all,unfiltered,1178,ter,0.0019059665567239998,366,-0.09700058587321556
proteomics,peebo_2015,rel0_abs0,all,unfiltered,1217,oriC,0.28839792528919056,395,0.05297222698687188
proteomics,peebo_2015,rel0_abs0,all,unfiltered,1217,ter,0.015162334676565302,387,-0.037742610518616514
proteomics,peebo_2015,rel0_abs0,all,unfiltered,1164,oriC,0.6949488664186527,384,0.044358989427272955
proteomics,peebo_2015,rel0_abs0,all,unfiltered,1164,ter,0.006214790432501505,368,-0.12221670380989479
proteomics,peebo_2015,rel0_abs0,all,unfiltered,1192,oriC,0.426975736140827,393,-0.03738165582869411
proteomics,peebo_2015,rel0_abs0,all,unfiltered,1192,ter,1.7623996046744784e-10,379,-0.21466762581975496
proteomics,peebo_2015,rel0_abs0,all,unfiltered,1133,oriC,1.437527488968391e-4,367,-0.24607276908122563
proteomics,peebo_2015,rel0_abs0,all,unfiltered,1133,ter,2.870582946186753e-14,358,-0.3652210251689004
proteomics,peebo_2015,rel0_abs0,all,unfiltered,1199,oriC,0.01946338877535576,393,-0.1082341978173049
proteomics,peebo_2015,rel0_abs0,all,unfiltered,1199,ter,8.927764630970898e-12,377,-0.29212460055842415
proteomics,peebo_2015,rel0_abs0,all,unfiltered,1136,oriC,8.932853395099739e-5,368,-0.33676436918598646
proteomics,peebo_2015,rel0_abs0,all,unfiltered,1136,ter,4.810830529128403e-15,359,-0.5241195045364562
proteomics,peebo_2015,rel0_abs0,all,unfiltered,1188,oriC,0.006772551875842115,390,-0.10071665045201793
proteomics,peebo_2015,rel0_abs0,all,unfiltered,1188,ter,3.6984779159106267e-9,376,-0.3098576964893356
proteomics,peebo_2015,rel0_abs0,all,unfiltered,1146,oriC,5.52635749651499e-5,370,-0.2997718383422614
proteomics,peebo_2015,rel0_abs0,all,unfiltered,1146,ter,8.324708059580387e-14,364,-0.6197649530706966
proteomics,peebo_2015,rel0_abs0,all,unfiltered,1194,oriC,0.0785729388818577,391,-0.07015396194832117
proteomics,peebo_2015,rel0_abs0,all,unfiltered,1194,ter,6.397945489946586e-9,378,-0.3144357781735018
proteomics,peebo_2015,rel0_abs0,all,unfiltered,1138,oriC,2.6359006526262464e-5,372,-0.44106677025354957
proteomics,peebo_2015,rel0_abs0,all,unfiltered,1138,ter,2.2772658902743725e-11,361,-0.7579409741957965
proteomics,peebo_2015,rel0_abs0,all,unfiltered,1181,oriC,0.9919786798778809,397,-0.0037198230976488223
proteomics,peebo_2015,rel0_abs0,all,unfiltered,1181,ter,0.006393275930575345,374,-0.051445117046514534
proteomics,peebo_2015,rel0_abs0,all,unfiltered,1185,oriC,0.9123436404837886,394,-9.046354879774067e-4
proteomics,peebo_2015,rel0_abs0,all,unfiltered,1185,ter,0.07556050400607256,379,-0.013472625996515808
proteomics,peebo_2015,rel0_abs0,all,unfiltered,1231,oriC,0.976421646710858,414,0.00858939256719463
proteomics,peebo_2015,rel0_abs0,all,unfiltered,1231,ter,0.033974267291367745,386,-0.015462359175109824
proteomics,peebo_2015,rel0_abs0,all,unfiltered,1173,oriC,7.140678154264134e-4,391,-0.09618363091493949
proteomics,peebo_2015,rel0_abs0,all,unfiltered,1173,ter,1.5753545383672631e-10,369,-0.19560206490622734
proteomics,peebo_2015,rel0_abs0,all,unfiltered,1197,oriC,0.874056898677526,398,7.380922269344091e-4
proteomics,peebo_2015,rel0_abs0,all,unfiltered,1197,ter,0.0172444898990909,380,-0.038539484276336536
proteomics,peebo_2015,rel0_abs0,all,unfiltered,1220,oriC,0.7338111518528905,408,0.005542649360307725
proteomics,peebo_2015,rel0_abs0,all,unfiltered,1220,ter,0.01006297246856959,384,-0.04231776155059601
proteomics,peebo_2015,rel0_abs0,all,unfiltered,1228,oriC,0.026311713935231584,414,-0.0702336917208417
proteomics,peebo_2015,rel0_abs0,all,unfiltered,1228,ter,5.4349163417331e-7,390,-0.1782856451157227
proteomics,peebo_2015,rel0_abs0,all,unfiltered,1165,oriC,1.5815532843587188e-6,390,-0.2737764654246715
proteomics,peebo_2015,rel0_abs0,all,unfiltered,1165,ter,8.235440245708581e-14,371,-0.29750906212149303
proteomics,peebo_2015,rel0_abs0,all,unfiltered,1192,oriC,0.8479914887052362,400,-0.014287526650451599
proteomics,peebo_2015,rel0_abs0,all,unfiltered,1192,ter,5.380099307287661e-4,374,-0.11117571713524035
proteomics,peebo_2015,rel0_abs0,all,unfiltered,1231,oriC,0.7875179302074937,411,4.34912998202452e-4
proteomics,peebo_2015,rel0_abs0,all,unfiltered,1231,ter,0.01079460549367623,392,-0.06824601435031194
proteomics,peebo_2015,rel0_abs0,all,unfiltered,1177,oriC,0.5194849009024813,394,-0.018209473747027548
proteomics,peebo_2015,rel0_abs0,all,unfiltered,1177,ter,0.003889060312380765,374,-0.15862844741055254
proteomics,peebo_2015,rel0_abs0,all,unfiltered,1206,oriC,0.024041760967866754,402,-0.12042070325075747
proteomics,peebo_2015,rel0_abs0,all,unfiltered,1206,ter,5.506330296246147e-12,383,-0.26049704704043414
proteomics,peebo_2015,rel0_abs0,all,unfiltered,1159,oriC,3.2324997387312093e-6,384,-0.304734585310809
proteomics,peebo_2015,rel0_abs0,all,unfiltered,1159,ter,1.8989669452709173e-14,370,-0.4341865623113338
proteomics,peebo_2015,rel0_abs0,all,unfiltered,1239,oriC,0.0026666469181465748,416,-0.13925757535996588
proteomics,peebo_2015,rel0_abs0,all,unfiltered,1239,ter,2.002279270928087e-11,391,-0.32570892407642965
proteomics,peebo_2015,rel0_abs0,all,unfiltered,1166,oriC,1.8561914894667123e-5,385,-0.3690430136666274
proteomics,peebo_2015,rel0_abs0,all,unfiltered,1166,ter,1.1395739237902581e-15,372,-0.5863531570626384
proteomics,peebo_2015,rel0_abs0,all,unfiltered,1218,oriC,0.001812841858665063,406,-0.16115727717141543
proteomics,peebo_2015,rel0_abs0,all,unfiltered,1218,ter,9.25497656959564e-9,386,-0.3260054928394089
proteomics,peebo_2015,rel0_abs0,all,unfiltered,1167,oriC,2.737280916415589e-6,388,-0.3644447934547297
proteomics,peebo_2015,rel0_abs0,all,unfiltered,1167,ter,3.089983723362342e-14,373,-0.6598217433401407
proteomics,peebo_2015,rel0_abs0,all,unfiltered,1233,oriC,0.012570758708084296,410,-0.17068720786360198
proteomics,peebo_2015,rel0_abs0,all,unfiltered,1233,ter,8.329114735882347e-9,392,-0.3537670833075186
proteomics,peebo_2015,rel0_abs0,all,unfiltered,1163,oriC,1.3564582646769084e-6,387,-0.5372113347080498
proteomics,peebo_2015,rel0_abs0,all,unfiltered,1163,ter,9.465478020651017e-12,369,-0.8379083650186661
proteomics,peebo_2015,rel0_abs0,all,unfiltered,1196,oriC,0.24248361404862231,407,-0.015747695295545584
proteomics,peebo_2015,rel0_abs0,all,unfiltered,1196,ter,0.22153793273360736,366,0.009982171113084862
proteomics,peebo_2015,rel0_abs0,all,unfiltered,1197,oriC,0.0017180523788902333,405,-0.055069861789734026
proteomics,peebo_2015,rel0_abs0,all,unfiltered,1197,ter,0.1248306795324233,371,-0.008447661211539715
proteomics,peebo_2015,rel0_abs0,all,unfiltered,1243,oriC,0.003509484648485786,419,-0.05038767456886624
proteomics,peebo_2015,rel0_abs0,all,unfiltered,1243,ter,0.3148737966157475,385,-0.01610177197243261
proteomics,peebo_2015,rel0_abs0,all,unfiltered,1188,oriC,0.0010829224547561048,403,-0.11544574878648078
proteomics,peebo_2015,rel0_abs0,all,unfiltered,1188,ter,4.732091101399725e-5,363,-0.10842030140938344
proteomics,peebo_2015,rel0_abs0,all,unfiltered,1211,oriC,0.029497882372783175,412,-0.04819983910588212
proteomics,peebo_2015,rel0_abs0,all,unfiltered,1211,ter,0.1605110179812476,372,-0.0032725115736703093
proteomics,peebo_2015,rel0_abs0,all,unfiltered,1235,oriC,0.024366054118266433,418,-0.04381800609823378
proteomics,peebo_2015,rel0_abs0,all,unfiltered,1235,ter,0.23039439304606724,382,0.004579187361044247
proteomics,peebo_2015,rel0_abs0,all,unfiltered,1243,oriC,0.08256738537482194,426,-0.04239638611325916
proteomics,peebo_2015,rel0_abs0,all,unfiltered,1243,ter,0.0017232483824298611,384,-0.04771898368061213
proteomics,peebo_2015,rel0_abs0,all,unfiltered,1184,oriC,9.48952102241442e-5,401,-0.2556865905471936
proteomics,peebo_2015,rel0_abs0,all,unfiltered,1184,ter,5.175694378197064e-7,363,-0.1874360487918681
proteomics,peebo_2015,rel0_abs0,all,unfiltered,1209,oriC,0.06978667908447986,411,-0.06070488907240726
proteomics,peebo_2015,rel0_abs0,all,unfiltered,1209,ter,0.04210086369852743,368,-0.06775920700484728
proteomics,peebo_2015,rel0_abs0,all,unfiltered,1241,oriC,0.0749595124477523,414,-0.05687444568231888
proteomics,peebo_2015,rel0_abs0,all,unfiltered,1241,ter,0.04450393555759617,387,-0.03434573081681664
proteomics,peebo_2015,rel0_abs0,all,unfiltered,1201,oriC,0.0283448476365797,412,-0.08919086243339308
proteomics,peebo_2015,rel0_abs0,all,unfiltered,1201,ter,0.033349084735894596,367,-0.09033135827963744
proteomics,peebo_2015,rel0_abs0,all,unfiltered,1223,oriC,0.04642392819340138,413,-0.08469758583542411
proteomics,peebo_2015,rel0_abs0,all,unfiltered,1223,ter,5.3496815384635205e-6,377,-0.13820048929791912
proteomics,peebo_2015,rel0_abs0,all,unfiltered,1181,oriC,3.770151734878838e-5,399,-0.33462777552824113
proteomics,peebo_2015,rel0_abs0,all,unfiltered,1181,ter,1.4087299696245408e-7,363,-0.34309494016016745
proteomics,peebo_2015,rel0_abs0,all,unfiltered,1236,oriC,0.0179213708880929,419,-0.15572142875357045
proteomics,peebo_2015,rel0_abs0,all,unfiltered,1236,ter,4.940950764558389e-8,380,-0.25079467074817985
proteomics,peebo_2015,rel0_abs0,all,unfiltered,1181,oriC,5.111342184388487e-5,402,-0.45211887694582287
proteomics,peebo_2015,rel0_abs0,all,unfiltered,1181,ter,6.402668388430093e-10,358,-0.4297100931034128
proteomics,peebo_2015,rel0_abs0,all,unfiltered,1232,oriC,0.0010870485250196217,415,-0.17331230597208394
proteomics,peebo_2015,rel0_abs0,all,unfiltered,1232,ter,1.5533825434171252e-5,384,-0.2333400843492886
proteomics,peebo_2015,rel0_abs0,all,unfiltered,1186,oriC,8.842938591257856e-6,400,-0.42939514092858555
proteomics,peebo_2015,rel0_abs0,all,unfiltered,1186,ter,3.459438887745824e-10,365,-0.5031726749509233
proteomics,peebo_2015,rel0_abs0,all,unfiltered,1241,oriC,0.006584699440315685,420,-0.1511532026987542
proteomics,peebo_2015,rel0_abs0,all,unfiltered,1241,ter,2.1327874907396904e-06,386,-0.22723968381794463
proteomics,peebo_2015,rel0_abs0,all,unfiltered,1186,oriC,5.053441640955161e-7,402,-0.6675402538678499
proteomics,peebo_2015,rel0_abs0,all,unfiltered,1186,ter,2.1634276698575833e-10,363,-0.7090106086657725
proteomics,peebo_2015,rel0_abs0,all,unfiltered,1001,oriC,0.299150700521045,328,-0.041138724995638046
proteomics,peebo_2015,rel0_abs0,all,unfiltered,1001,ter,0.058449655371351154,321,-0.046097178682430524
proteomics,peebo_2015,rel0_abs0,all,unfiltered,1087,oriC,0.38248335472994716,362,0.056965124799987915
proteomics,peebo_2015,rel0_abs0,all,unfiltered,1087,ter,0.6961425719926302,345,0.02003840752524549
proteomics,peebo_2015,rel0_abs0,all,unfiltered,1166,oriC,0.22466982759817852,385,0.1085168933421744
proteomics,peebo_2015,rel0_abs0,all,unfiltered,1166,ter,0.4975766496530821,367,0.07355855310174249
proteomics,peebo_2015,rel0_abs0,all,unfiltered,989,oriC,0.5221722446872922,322,-0.024293617098343042
proteomics,peebo_2015,rel0_abs0,all,unfiltered,989,ter,0.0031562019211888726,318,-0.08722276927101888
proteomics,peebo_2015,rel0_abs0,all,unfiltered,1111,oriC,0.2036108556486835,372,0.06730666235486876
proteomics,peebo_2015,rel0_abs0,all,unfiltered,1111,ter,0.9391443191866468,349,0.04595833405789047
proteomics,peebo_2015,rel0_abs0,all,unfiltered,1160,oriC,0.3083237924030132,377,0.12454076378521471
proteomics,peebo_2015,rel0_abs0,all,unfiltered,1160,ter,0.7367331181650719,368,0.10984357904692009
proteomics,peebo_2015,rel0_abs0,all,unfiltered,1169,oriC,0.1094351600845971,393,0.08847770523147491
proteomics,peebo_2015,rel0_abs0,all,unfiltered,1169,ter,0.2739994310967418,370,-0.022717875393036255
proteomics,peebo_2015,rel0_abs0,all,unfiltered,949,oriC,0.16240744524870177,306,-0.03508879705287131
proteomics,peebo_2015,rel0_abs0,all,unfiltered,949,ter,1.1433036677427217e-4,309,-0.13023153113150002
proteomics,peebo_2015,rel0_abs0,all,unfiltered,1104,oriC,0.4622493883517905,366,0.11152739958263377
proteomics,peebo_2015,rel0_abs0,all,unfiltered,1104,ter,0.6492474901588985,344,0.06318614472884003
proteomics,peebo_2015,rel0_abs0,all,unfiltered,1147,oriC,0.3308591511563835,375,0.17259999656073524
proteomics,peebo_2015,rel0_abs0,all,unfiltered,1147,ter,0.5950203289247809,368,0.11055547912493256
proteomics,peebo_2015,rel0_abs0,all,unfiltered,1061,oriC,0.8339764861001812,357,0.11728043700818112
proteomics,peebo_2015,rel0_abs0,all,unfiltered,1061,ter,0.3577171689820641,333,0.008469948269681001
proteomics,peebo_2015,rel0_abs0,all,unfiltered,1126,oriC,0.1362560062150537,375,0.11266788521413372
proteomics,peebo_2015,rel0_abs0,all,unfiltered,1126,ter,0.027335133349373153,358,-0.02964779416694898
proteomics,peebo_2015,rel0_abs0,all,unfiltered,967,oriC,0.17948241300487053,307,-0.02997574209646877
proteomics,peebo_2015,rel0_abs0,all,unfiltered,967,ter,9.525960036077023e-5,314,-0.12535163648579944
proteomics,peebo_2015,rel0_abs0,all,unfiltered,1166,oriC,0.2986440497763899,388,0.15991096889275813
proteomics,peebo_2015,rel0_abs0,all,unfiltered,1166,ter,2.944142867741801e-4,364,-0.08411861883989227
proteomics,peebo_2015,rel0_abs0,all,unfiltered,940,oriC,0.0806318693323931,309,-0.05058082702395191
proteomics,peebo_2015,rel0_abs0,all,unfiltered,940,ter,3.9713497591663894e-7,300,-0.24909358437334111
proteomics,peebo_2015,rel0_abs0,all,unfiltered,1149,oriC,0.7961514146004115,380,0.13606773426867708
proteomics,peebo_2015,rel0_abs0,all,unfiltered,1149,ter,0.005571485132493028,367,-0.05445170293179676
proteomics,peebo_2015,rel0_abs0,all,unfiltered,974,oriC,0.08112397601675014,318,-0.07197265541596962
proteomics,peebo_2015,rel0_abs0,all,unfiltered,974,ter,5.982161402647168e-7,312,-0.2718700930149245
proteomics,peebo_2015,rel0_abs0,all,unfiltered,1160,oriC,0.5342419088207324,383,0.18077037831452208
proteomics,peebo_2015,rel0_abs0,all,unfiltered,1160,ter,0.0032209759673310725,368,-0.029387637059159744
proteomics,peebo_2015,rel0_abs0,all,unfiltered,951,oriC,0.011571255675991632,310,-0.11937193827375135
proteomics,peebo_2015,rel0_abs0,all,unfiltered,951,ter,3.0014264706432496e-7,310,-0.3956458893086694
proteomics,peebo_2015,rel0_abs0,all,unfiltered,1122,oriC,0.4375338149601268,381,-0.007001799212998146
proteomics,peebo_2015,rel0_abs0,all,unfiltered,1122,ter,0.898167334193124,352,0.011410951741688252
proteomics,peebo_2015,rel0_abs0,all,unfiltered,1193,oriC,0.5946290763531731,406,0.03403915547759983
proteomics,peebo_2015,rel0_abs0,all,unfiltered,1193,ter,0.3558762132015967,369,0.05653698709311052
proteomics,peebo_2015,rel0_abs0,all,unfiltered,1030,oriC,0.07670140895320716,342,-0.02016450519186408
proteomics,peebo_2015,rel0_abs0,all,unfiltered,1030,ter,0.005887993127971553,320,-0.02620244875847954
proteomics,peebo_2015,rel0_abs0,all,unfiltered,1139,oriC,0.6610436050675408,389,0.03377779886191367
proteomics,peebo_2015,rel0_abs0,all,unfiltered,1139,ter,0.9397098485761667,352,0.028805409816194193
proteomics,peebo_2015,rel0_abs0,all,unfiltered,1191,oriC,0.7011865185382544,399,0.07458290911204672
proteomics,peebo_2015,rel0_abs0,all,unfiltered,1191,ter,0.9151548187894245,373,0.07617973006893371
proteomics,peebo_2015,rel0_abs0,all,unfiltered,1190,oriC,0.48412675075934963,407,0.027072026467379266
proteomics,peebo_2015,rel0_abs0,all,unfiltered,1190,ter,0.08326779398797801,367,-0.015384692628618269
proteomics,peebo_2015,rel0_abs0,all,unfiltered,1000,oriC,0.013427346437819189,330,-0.07950918959598496
proteomics,peebo_2015,rel0_abs0,all,unfiltered,1000,ter,2.112125908519664e-6,311,-0.09418529908343992
proteomics,peebo_2015,rel0_abs0,all,unfiltered,1133,oriC,0.5255965750052056,384,0.012635655438208394
proteomics,peebo_2015,rel0_abs0,all,unfiltered,1133,ter,0.35021589170796896,349,0.032630581504714526
proteomics,peebo_2015,rel0_abs0,all,unfiltered,1172,oriC,0.8071669626200957,393,0.08685002163263394
proteomics,peebo_2015,rel0_abs0,all,unfiltered,1172,ter,0.4430081995506238,368,0.09306952343885433
proteomics,peebo_2015,rel0_abs0,all,unfiltered,1101,oriC,0.3728083543286287,377,0.015225183277913636
proteomics,peebo_2015,rel0_abs0,all,unfiltered,1101,ter,0.2792919499360777,341,0.017626089900450975
proteomics,peebo_2015,rel0_abs0,all,unfiltered,1140,oriC,0.5604451233087933,386,0.060105510641973364
proteomics,peebo_2015,rel0_abs0,all,unfiltered,1140,ter,0.0022688734148091994,356,-0.06990841059254058
proteomics,peebo_2015,rel0_abs0,all,unfiltered,1017,oriC,0.010230459655088373,332,-0.14232695163618125
proteomics,peebo_2015,rel0_abs0,all,unfiltered,1017,ter,1.1649332078887824e-5,320,-0.1815774488382269
proteomics,peebo_2015,rel0_abs0,all,unfiltered,1184,oriC,0.7463791232564019,399,0.03889896619716536
proteomics,peebo_2015,rel0_abs0,all,unfiltered,1184,ter,1.9908515040046584e-4,366,-0.09179043115347689
proteomics,peebo_2015,rel0_abs0,all,unfiltered,1001,oriC,0.0057232742958410136,334,-0.143470862753976
proteomics,peebo_2015,rel0_abs0,all,unfiltered,1001,ter,2.219891760168461e-7,312,-0.2882652667899669
proteomics,peebo_2015,rel0_abs0,all,unfiltered,1169,oriC,0.11948548560480407,396,-0.009641283224702141
proteomics,peebo_2015,rel0_abs0,all,unfiltered,1169,ter,0.005790967282066265,363,-0.08466067030292411
proteomics,peebo_2015,rel0_abs0,all,unfiltered,1023,oriC,0.0019044739026728738,342,-0.2036501482335477
proteomics,peebo_2015,rel0_abs0,all,unfiltered,1023,ter,8.256188020702467e-8,317,-0.28239527006939075
proteomics,peebo_2015,rel0_abs0,all,unfiltered,1182,oriC,0.26333199856793016,397,0.018657649537143984
proteomics,peebo_2015,rel0_abs0,all,unfiltered,1182,ter,3.2808964518051453e-4,369,-0.05842437321064633
proteomics,peebo_2015,rel0_abs0,all,unfiltered,1010,oriC,1.844973171516519e-4,339,-0.2884474357919042
proteomics,peebo_2015,rel0_abs0,all,unfiltered,1010,ter,3.136079677398191e-8,318,-0.41043937186160484
proteomics,peebo_2015,rel0_abs0,all,unfiltered,1195,oriC,0.7952217560147296,402,-0.006974701829513536
proteomics,peebo_2015,rel0_abs0,all,unfiltered,1195,ter,0.30404290157983205,371,-0.005020889264147651
proteomics,peebo_2015,rel0_abs0,all,unfiltered,1109,oriC,0.029420331939413444,373,-0.053639311370535916
proteomics,peebo_2015,rel0_abs0,all,unfiltered,1109,ter,2.3356274067473514e-6,346,-0.09983730987548867
proteomics,peebo_2015,rel0_abs0,all,unfiltered,1143,oriC,0.5912353758683644,386,0.025461635491486466
proteomics,peebo_2015,rel0_abs0,all,unfiltered,1143,ter,0.2348614633616072,357,-0.019872427452246298
proteomics,peebo_2015,rel0_abs0,all,unfiltered,1188,oriC,0.38643844127608074,395,0.02010348373494453
proteomics,peebo_2015,rel0_abs0,all,unfiltered,1188,ter,0.5774116367943397,373,0.040527859476872104
proteomics,peebo_2015,rel0_abs0,all,unfiltered,1203,oriC,0.14819129618869112,406,-0.05622242099754074
proteomics,peebo_2015,rel0_abs0,all,unfiltered,1203,ter,0.0010668019173357681,378,-0.08548854615743742
proteomics,peebo_2015,rel0_abs0,all,unfiltered,1096,oriC,4.908029740361487e-6,367,-0.190716206684609
proteomics,peebo_2015,rel0_abs0,all,unfiltered,1096,ter,4.9934171245212904e-11,346,-0.22634470008585278
proteomics,peebo_2015,rel0_abs0,all,unfiltered,1144,oriC,0.4276939607315397,387,0.02657398657264377
proteomics,peebo_2015,rel0_abs0,all,unfiltered,1144,ter,0.03765802450888162,353,-0.04556024149305983
proteomics,peebo_2015,rel0_abs0,all,unfiltered,1190,oriC,0.5917324293434023,397,0.029593027935801694
proteomics,peebo_2015,rel0_abs0,all,unfiltered,1190,ter,0.10673408994287924,379,-0.005865789782025222
proteomics,peebo_2015,rel0_abs0,all,unfiltered,1120,oriC,0.8913566255898272,379,0.010643360801829656
proteomics,peebo_2015,rel0_abs0,all,unfiltered,1120,ter,0.03178177970585016,348,-0.08878573593057884
proteomics,peebo_2015,rel0_abs0,all,unfiltered,1170,oriC,0.24722846730655573,391,-0.07046767337841
proteomics,peebo_2015,rel0_abs0,all,unfiltered,1170,ter,4.2815273324678814e-8,367,-0.17845436858107858
proteomics,peebo_2015,rel0_abs0,all,unfiltered,1088,oriC,7.444776782762647e-5,362,-0.23928597880302568
proteomics,peebo_2015,rel0_abs0,all,unfiltered,1088,ter,3.4816049309057776e-12,345,-0.321672901748117
proteomics,peebo_2015,rel0_abs0,all,unfiltered,1195,oriC,0.012740001443131964,401,-0.09710613648521901
proteomics,peebo_2015,rel0_abs0,all,unfiltered,1195,ter,1.3685823859031932e-8,373,-0.2719003339578405
proteomics,peebo_2015,rel0_abs0,all,unfiltered,1088,oriC,2.2460093612503774e-5,364,-0.296394874541246
proteomics,peebo_2015,rel0_abs0,all,unfiltered,1088,ter,3.8723749584787396e-13,341,-0.4281888314382106
proteomics,peebo_2015,rel0_abs0,all,unfiltered,1183,oriC,0.009295108632250467,399,-0.11126768345109864
proteomics,peebo_2015,rel0_abs0,all,unfiltered,1183,ter,1.0801332685865278e-6,372,-0.22809134282059618
proteomics,peebo_2015,rel0_abs0,all,unfiltered,1101,oriC,1.1311985035218717e-5,369,-0.28749829570688007
proteomics,peebo_2015,rel0_abs0,all,unfiltered,1101,ter,4.289296965939997e-12,341,-0.5038588653844548
proteomics,peebo_2015,rel0_abs0,all,unfiltered,1192,oriC,0.0373483837954973,398,-0.0881915118724082
proteomics,peebo_2015,rel0_abs0,all,unfiltered,1192,ter,1.9677231295775763e-6,375,-0.2811120599468702
proteomics,peebo_2015,rel0_abs0,all,unfiltered,1091,oriC,1.2705589136036514e-5,367,-0.3211252106157032
proteomics,peebo_2015,rel0_abs0,all,unfiltered,1091,ter,2.4579861613133374e-10,340,-0.6402277374347595
proteomics,peebo_2015,rel0_abs0,all,unfiltered,1179,oriC,0.15064216449690448,394,-0.05136308594102691
proteomics,peebo_2015,rel0_abs0,all,unfiltered,1179,ter,4.779149215509906e-6,365,-0.11735335562802486
proteomics,peebo_2015,rel0_abs0,all,unfiltered,1196,oriC,0.005426286044858292,400,0.035122940522281224
proteomics,peebo_2015,rel0_abs0,all,unfiltered,1196,ter,0.3511327206645317,375,0.00952795675861499
proteomics,peebo_2015,rel0_abs0,all,unfiltered,1189,oriC,0.35206530953702436,390,0.012421640969046664
proteomics,peebo_2015,rel0_abs0,all,unfiltered,1189,ter,0.1192272863293027,372,-0.011196565248773114
proteomics,peebo_2015,rel0_abs0,all,unfiltered,1218,oriC,0.35447608479610215,409,-0.03146494989327829
proteomics,peebo_2015,rel0_abs0,all,unfiltered,1218,ter,2.61717078131472e-4,378,-0.10683423136533635
proteomics,peebo_2015,rel0_abs0,all,unfiltered,1162,oriC,4.785077831980338e-6,389,-0.19763781461131788
proteomics,peebo_2015,rel0_abs0,all,unfiltered,1162,ter,2.5754988214280776e-13,359,-0.2350019784423139
proteomics,peebo_2015,rel0_abs0,all,unfiltered,1186,oriC,0.2945572653052313,397,0.01419797425426841
proteomics,peebo_2015,rel0_abs0,all,unfiltered,1186,ter,0.0027640937728649843,365,-0.031515899919188003
proteomics,peebo_2015,rel0_abs0,all,unfiltered,1219,oriC,0.4858894942557577,403,0.006461038160495988
proteomics,peebo_2015,rel0_abs0,all,unfiltered,1219,ter,0.0263284552013165,382,-0.025556909227806908
proteomics,peebo_2015,rel0_abs0,all,unfiltered,1185,oriC,0.9113847041480837,400,0.007737704477566233
proteomics,peebo_2015,rel0_abs0,all,unfiltered,1185,ter,0.014864530778327771,367,-0.08498674858920313
proteomics,peebo_2015,rel0_abs0,all,unfiltered,1211,oriC,0.08511952828296775,407,-0.08800082470916937
proteomics,peebo_2015,rel0_abs0,all,unfiltered,1211,ter,1.5479330731104084e-10,377,-0.19717795924414175
proteomics,peebo_2015,rel0_abs0,all,unfiltered,1156,oriC,4.0608082922574686e-7,387,-0.25677935223468884
proteomics,peebo_2015,rel0_abs0,all,unfiltered,1156,ter,1.0875765390757938e-14,356,-0.3260937291762613
proteomics,peebo_2015,rel0_abs0,all,unfiltered,1204,oriC,0.0012227378742640407,400,-0.14687720289417652
proteomics,peebo_2015,rel0_abs0,all,unfiltered,1204,ter,4.9415071318948585e-12,371,-0.2568809644250418
proteomics,peebo_2015,rel0_abs0,all,unfiltered,1161,oriC,2.407615619845658e-6,390,-0.36619874083741255
proteomics,peebo_2015,rel0_abs0,all,unfiltered,1161,ter,2.1405786387977446e-16,355,-0.43737631543924166
proteomics,peebo_2015,rel0_abs0,all,unfiltered,1189,oriC,2.523083524101537e-4,393,-0.1634750466308382
proteomics,peebo_2015,rel0_abs0,all,unfiltered,1189,ter,1.6595798115229114e-9,372,-0.23237582902080167
proteomics,peebo_2015,rel0_abs0,all,unfiltered,1170,oriC,3.885564891230618e-7,390,-0.32922512464709086
proteomics,peebo_2015,rel0_abs0,all,unfiltered,1170,ter,3.138116492731018e-15,363,-0.5294204031230135
proteomics,peebo_2015,rel0_abs0,all,unfiltered,1203,oriC,0.003837518227406628,400,-0.12254044806256947
proteomics,peebo_2015,rel0_abs0,all,unfiltered,1203,ter,3.693511716835168e-9,374,-0.2547724034955474
proteomics,peebo_2015,rel0_abs0,all,unfiltered,1162,oriC,8.077815792719805e-7,387,-0.4592222332751325
proteomics,peebo_2015,rel0_abs0,all,unfiltered,1162,ter,9.055199502125552e-13,359,-0.6985347989749838
proteomics,peebo_2015,rel0_abs0,all,unfiltered,1124,oriC,0.2434261766792085,382,0.050777604686510984
proteomics,peebo_2015,rel0_abs0,all,unfiltered,1124,ter,0.016402457802002432,345,0.06467077047833676
proteomics,peebo_2015,rel0_abs0,all,unfiltered,1176,oriC,0.21524917450049064,389,0.0700823197899509
proteomics,peebo_2015,rel0_abs0,all,unfiltered,1176,ter,0.02468934701888109,365,0.09245564101145315
proteomics,peebo_2015,rel0_abs0,all,unfiltered,1180,oriC,0.7293604484090592,399,-0.002566851139506171
proteomics,peebo_2015,rel0_abs0,all,unfiltered,1180,ter,0.7581897848418172,365,-0.009134347591497421
proteomics,peebo_2015,rel0_abs0,all,unfiltered,991,oriC,0.069332860031585,325,-0.0305014859441238
proteomics,peebo_2015,rel0_abs0,all,unfiltered,991,ter,1.8618428393162376e-4,308,-0.047732637790297294
proteomics,peebo_2015,rel0_abs0,all,unfiltered,1118,oriC,0.3981442960531324,377,0.07732140526540458
proteomics,peebo_2015,rel0_abs0,all,unfiltered,1118,ter,0.8286611487798876,342,0.0880772521340733
proteomics,peebo_2015,rel0_abs0,all,unfiltered,1164,oriC,0.29642386023929845,389,0.09527775569113477
proteomics,peebo_2015,rel0_abs0,all,unfiltered,1164,ter,0.8393123681071473,362,0.13041667860607142
proteomics,peebo_2015,rel0_abs0,all,unfiltered,1084,oriC,0.6809648834420954,369,0.06576393941268067
proteomics,peebo_2015,rel0_abs0,all,unfiltered,1084,ter,0.9613194742373687,331,0.07426004755011137
proteomics,peebo_2015,rel0_abs0,all,unfiltered,1129,oriC,0.19728626905328783,380,0.0424158278084303
proteomics,peebo_2015,rel0_abs0,all,unfiltered,1129,ter,0.02542825495438703,351,-0.04379965021351451
proteomics,peebo_2015,rel0_abs0,all,unfiltered,993,oriC,0.01775703377851706,321,-0.060911405192734525
proteomics,peebo_2015,rel0_abs0,all,unfiltered,993,ter,1.3335971575030345e-4,308,-0.07131489721212013
proteomics,peebo_2015,rel0_abs0,all,unfiltered,1170,oriC,0.9974927548004817,390,0.016251844862942365
proteomics,peebo_2015,rel0_abs0,all,unfiltered,1170,ter,2.622897183575786e-4,361,-0.07611041575515026
proteomics,peebo_2015,rel0_abs0,all,unfiltered,984,oriC,0.010376178192323582,325,-0.08325959330159334
proteomics,peebo_2015,rel0_abs0,all,unfiltered,984,ter,1.5912328596673013e-7,303,-0.1843751151335048
proteomics,peebo_2015,rel0_abs0,all,unfiltered,1153,oriC,0.24360948308526711,388,0.009673892833624156
proteomics,peebo_2015,rel0_abs0,all,unfiltered,1153,ter,0.03812629607934489,357,-1.487289121167614e-4
proteomics,peebo_2015,rel0_abs0,all,unfiltered,1007,oriC,0.005039772565377705,332,-0.06779245679379814
proteomics,peebo_2015,rel0_abs0,all,unfiltered,1007,ter,3.2205396610525654e-7,310,-0.19985099969585854
proteomics,peebo_2015,rel0_abs0,all,unfiltered,1162,oriC,0.4737780599899105,388,0.04116626278217976
proteomics,peebo_2015,rel0_abs0,all,unfiltered,1162,ter,0.008191873554322276,358,-0.028563213100491418
proteomics,peebo_2015,rel0_abs0,all,unfiltered,984,oriC,3.4282810935443885e-4,326,-0.16827960630324357
proteomics,peebo_2015,rel0_abs0,all,unfiltered,984,ter,6.008088824088213e-7,304,-0.2825443813044485
proteomics,peebo_2015,rel0_abs0,all,unfiltered,1180,oriC,0.5542664029204651,392,0.009298696513065918
proteomics,peebo_2015,rel0_abs0,all,unfiltered,1180,ter,0.27670519422424883,372,-0.006118588822820665
proteomics,peebo_2015,rel0_abs0,all,unfiltered,1203,oriC,0.39813040877087025,407,-0.044847677963322584
proteomics,peebo_2015,rel0_abs0,all,unfiltered,1203,ter,0.027525482949340707,374,-0.07106518402835219
proteomics,peebo_2015,rel0_abs0,all,unfiltered,1102,oriC,8.044346555171583e-6,370,-0.17004955281934833
proteomics,peebo_2015,rel0_abs0,all,unfiltered,1102,ter,3.9639091968514784e-8,342,-0.15471594060666477
proteomics,peebo_2015,rel0_abs0,all,unfiltered,1144,oriC,0.5381790553649501,385,0.002587024359119677
proteomics,peebo_2015,rel0_abs0,all,unfiltered,1144,ter,0.01040011947320982,353,-0.022353089045540116
proteomics,peebo_2015,rel0_abs0,all,unfiltered,1195,oriC,0.8552500539745055,399,0.013853480942710229
proteomics,peebo_2015,rel0_abs0,all,unfiltered,1195,ter,0.04090660109012382,378,-0.012301274784720269
proteomics,peebo_2015,rel0_abs0,all,unfiltered,1124,oriC,0.5425687778946768,382,-0.01859316368709927
proteomics,peebo_2015,rel0_abs0,all,unfiltered,1124,ter,0.0083896687026697,346,-0.050714260859172904
proteomics,peebo_2015,rel0_abs0,all,unfiltered,1168,oriC,0.06578697772061755,395,-0.07862144473713957
proteomics,peebo_2015,rel0_abs0,all,unfiltered,1168,ter,5.011252804770119e-7,365,-0.14554580664596684
proteomics,peebo_2015,rel0_abs0,all,unfiltered,1101,oriC,2.237750903828864e-6,370,-0.27147680806947416
proteomics,peebo_2015,rel0_abs0,all,unfiltered,1101,ter,8.114061240509451e-13,338,-0.24935901999626464
proteomics,peebo_2015,rel0_abs0,all,unfiltered,1197,oriC,0.004813007606676571,402,-0.1290302421405602
proteomics,peebo_2015,rel0_abs0,all,unfiltered,1197,ter,1.4270092935773117e-11,372,-0.2112893027464524
proteomics,peebo_2015,rel0_abs0,all,unfiltered,1102,oriC,9.71848320178161e-8,374,-0.2925479913693822
proteomics,peebo_2015,rel0_abs0,all,unfiltered,1102,ter,2.3948928387221053e-15,342,-0.3722567333599195
proteomics,peebo_2015,rel0_abs0,all,unfiltered,1175,oriC,1.4279064796030347e-4,395,-0.1527193106805181
proteomics,peebo_2015,rel0_abs0,all,unfiltered,1175,ter,8.245114886385963e-9,370,-0.2163081388842177
proteomics,peebo_2015,rel0_abs0,all,unfiltered,1110,oriC,1.5708684598503482e-8,375,-0.3240487302690768
proteomics,peebo_2015,rel0_abs0,all,unfiltered,1110,ter,4.596047695373166e-15,340,-0.39832798329711205
proteomics,peebo_2015,rel0_abs0,all,unfiltered,1189,oriC,2.2345292549692778e-4,397,-0.11888221192705452
proteomics,peebo_2015,rel0_abs0,all,unfiltered,1189,ter,4.01653516984707e-8,374,-0.19988084422321278
proteomics,peebo_2015,rel0_abs0,all,unfiltered,1099,oriC,2.4061257688998935e-8,372,-0.3940780021197482
proteomics,peebo_2015,rel0_abs0,all,unfiltered,1099,ter,4.832463134984111e-13,340,-0.5604133707862521
proteomics,peebo_2015,rel0_abs0,all,unfiltered,1221,oriC,0.45858934553514447,409,-0.03656470503252392
proteomics,peebo_2015,rel0_abs0,all,unfiltered,1221,ter,0.02418067714510745,381,-0.07966314706803118
proteomics,peebo_2015,rel0_abs0,all,unfiltered,1152,oriC,3.219234628891073e-5,379,-0.1487697084476954
proteomics,peebo_2015,rel0_abs0,all,unfiltered,1152,ter,1.6722858043417962e-7,361,-0.1690640695885767
proteomics,peebo_2015,rel0_abs0,all,unfiltered,1168,oriC,0.8692755040214428,386,-1.9229817547840905e-4
proteomics,peebo_2015,rel0_abs0,all,unfiltered,1168,ter,7.442072010638571e-4,361,-0.029872673764340843
proteomics,peebo_2015,rel0_abs0,all,unfiltered,1200,oriC,0.6472803344161487,393,0.01808590652478876
proteomics,peebo_2015,rel0_abs0,all,unfiltered,1200,ter,0.06144325177438736,379,-0.01427253452969091
proteomics,peebo_2015,rel0_abs0,all,unfiltered,1160,oriC,0.5615599180369358,384,-0.003354295712492808
proteomics,peebo_2015,rel0_abs0,all,unfiltered,1160,ter,0.049055248946309075,361,-0.03261947163116837
proteomics,peebo_2015,rel0_abs0,all,unfiltered,1188,oriC,0.08840851862528644,394,-0.07965285312799675
proteomics,peebo_2015,rel0_abs0,all,unfiltered,1188,ter,1.2168221079679841e-6,375,-0.14691148631906792
proteomics,peebo_2015,rel0_abs0,all,unfiltered,1145,oriC,5.901128923487026e-8,374,-0.25605606778026513
proteomics,peebo_2015,rel0_abs0,all,unfiltered,1145,ter,1.4838571276674915e-10,357,-0.23652559802337736
proteomics,peebo_2015,rel0_abs0,all,unfiltered,1192,oriC,5.762013638320025e-4,395,-0.1632901419126383
proteomics,peebo_2015,rel0_abs0,all,unfiltered,1192,ter,2.273446432360405e-12,370,-0.20570422150945833
proteomics,peebo_2015,rel0_abs0,all,unfiltered,1148,oriC,8.985078994685261e-9,375,-0.32652985215938973
proteomics,peebo_2015,rel0_abs0,all,unfiltered,1148,ter,9.870523741754547e-16,360,-0.4145495411620076
proteomics,peebo_2015,rel0_abs0,all,unfiltered,1178,oriC,9.525573387914141e-6,386,-0.16553204181309794
proteomics,peebo_2015,rel0_abs0,all,unfiltered,1178,ter,1.1775331808858811e-9,373,-0.22210261882895754
proteomics,peebo_2015,rel0_abs0,all,unfiltered,1156,oriC,8.975305688202283e-10,377,-0.30514591401054103
proteomics,peebo_2015,rel0_abs0,all,unfiltered,1156,ter,4.0094188189782046e-17,363,-0.45001507903664834
proteomics,peebo_2015,rel0_abs0,all,unfiltered,1185,oriC,9.239051101003107e-5,389,-0.1367021615079762
proteomics,peebo_2015,rel0_abs0,all,unfiltered,1185,ter,1.425125547486311e-9,372,-0.22989393538506991
proteomics,peebo_2015,rel0_abs0,all,unfiltered,1143,oriC,2.6745251574185494e-9,374,-0.3836546584011089
proteomics,peebo_2015,rel0_abs0,all,unfiltered,1143,ter,7.54541681168238e-15,358,-0.6480931430638661
proteomics,peebo_2015,rel0_abs0,all,unfiltered,1162,oriC,0.020190269442598063,394,-0.029077988216012252
proteomics,peebo_2015,rel0_abs0,all,unfiltered,1162,ter,1.8192164582705857e-5,361,-0.0459752918058731
proteomics,peebo_2015,rel0_abs0,all,unfiltered,1195,oriC,0.5560414197733182,403,0.016759890437272395
proteomics,peebo_2015,rel0_abs0,all,unfiltered,1195,ter,0.9717134085568352,370,0.036423098433670975
proteomics,peebo_2015,rel0_abs0,all,unfiltered,1223,oriC,0.7099376658640797,410,0.02701928046380828
proteomics,peebo_2015,rel0_abs0,all,unfiltered,1223,ter,0.5810210054760334,383,0.04199487046187266
proteomics,peebo_2015,rel0_abs0,all,unfiltered,1194,oriC,0.21603088237648993,406,-0.03529411026114324
proteomics,peebo_2015,rel0_abs0,all,unfiltered,1194,ter,0.5066813717291222,370,-0.013209992382353057
proteomics,peebo_2015,rel0_abs0,all,unfiltered,1201,oriC,0.638651566790824,406,-0.018898735817226148
proteomics,peebo_2015,rel0_abs0,all,unfiltered,1201,ter,9.622345382861968e-8,375,-0.059172083164981806
proteomics,peebo_2015,rel0_abs0,all,unfiltered,1162,oriC,2.7220366513941786e-5,393,-0.12702535555429598
proteomics,peebo_2015,rel0_abs0,all,unfiltered,1162,ter,5.15588853843387e-8,360,-0.10735371361094637
proteomics,peebo_2015,rel0_abs0,all,unfiltered,1220,oriC,0.0012783055479585268,412,-0.07999058821274359
proteomics,peebo_2015,rel0_abs0,all,unfiltered,1220,ter,4.4683996494008e-13,379,-0.1501122711154432
proteomics,peebo_2015,rel0_abs0,all,unfiltered,1163,oriC,1.044565403598041e-5,394,-0.22439703009100845
proteomics,peebo_2015,rel0_abs0,all,unfiltered,1163,ter,6.434051764233881e-12,362,-0.23620695424865001
proteomics,peebo_2015,rel0_abs0,all,unfiltered,1202,oriC,2.498581114200543e-4,405,-0.07372973050446231
proteomics,peebo_2015,rel0_abs0,all,unfiltered,1202,ter,4.978248327615569e-6,374,-0.13156970428679832
proteomics,peebo_2015,rel0_abs0,all,unfiltered,1174,oriC,5.198044224521882e-7,395,-0.2709720158909034
proteomics,peebo_2015,rel0_abs0,all,unfiltered,1174,ter,2.306733667598871e-11,369,-0.3743992273989234
proteomics,peebo_2015,rel0_abs0,all,unfiltered,1214,oriC,4.5482873791293887e-4,409,-0.10286722220330104
proteomics,peebo_2015,rel0_abs0,all,unfiltered,1214,ter,4.911895485689234e-6,380,-0.16604651781685836
proteomics,peebo_2015,rel0_abs0,all,unfiltered,1165,oriC,9.427975014449619e-8,393,-0.37548741724507056
proteomics,peebo_2015,rel0_abs0,all,unfiltered,1165,ter,1.4605750658269516e-10,362,-0.5103836661103311
proteomics,peebo_2015,rel0_abs0,all,unfiltered,1102,oriC,0.005618816981814578,370,0.15746357311029838
proteomics,peebo_2015,rel0_abs0,all,unfiltered,1102,ter,8.78489251499991e-4,338,0.13026656642877765
proteomics,peebo_2015,rel0_abs0,all,unfiltered,1129,oriC,0.0017039985528696329,372,0.16326892756788364
proteomics,peebo_2015,rel0_abs0,all,unfiltered,1129,ter,0.001282298347662372,357,0.16579677912725482
proteomics,peebo_2015,rel0_abs0,all,unfiltered,1063,oriC,0.04809406472923991,358,0.12733796711858292
proteomics,peebo_2015,rel0_abs0,all,unfiltered,1063,ter,0.01319312208438037,327,0.11105786557659539
proteomics,peebo_2015,rel0_abs0,all,unfiltered,1111,oriC,0.09448077045047774,372,0.024269632546096077
proteomics,peebo_2015,rel0_abs0,all,unfiltered,1111,ter,0.27780171052163377,349,-0.02330643696724178
proteomics,peebo_2015,rel0_abs0,all,unfiltered,957,oriC,0.349678229010953,304,-0.004581126787947678
proteomics,peebo_2015,rel0_abs0,all,unfiltered,957,ter,0.005708913902207655,302,-0.032887094428519406
proteomics,peebo_2015,rel0_abs0,all,unfiltered,1145,oriC,0.8261880875592625,380,0.04538016088294973
proteomics,peebo_2015,rel0_abs0,all,unfiltered,1145,ter,0.007928116912209055,355,-0.03997396274214291
proteomics,peebo_2015,rel0_abs0,all,unfiltered,934,oriC,0.046415701915034954,306,-0.03653284268745029
proteomics,peebo_2015,rel0_abs0,all,unfiltered,934,ter,7.521545574209024e-6,290,-0.14696583972789024
proteomics,peebo_2015,rel0_abs0,all,unfiltered,1120,oriC,0.5082870288239714,375,0.044603122548165085
proteomics,peebo_2015,rel0_abs0,all,unfiltered,1120,ter,0.25588635321135694,349,0.01838040576657469
proteomics,peebo_2015,rel0_abs0,all,unfiltered,960,oriC,0.007339406242904424,312,-0.03598439909747858
proteomics,peebo_2015,rel0_abs0,all,unfiltered,960,ter,3.460596490569306e-6,300,-0.134134666530852
proteomics,peebo_2015,rel0_abs0,all,unfiltered,1131,oriC,0.9246676485390184,378,0.08352596770211038
proteomics,peebo_2015,rel0_abs0,all,unfiltered,1131,ter,0.1294802832547164,350,0.023774818012474767
proteomics,peebo_2015,rel0_abs0,all,unfiltered,944,oriC,0.002450703122682243,307,-0.08216780843241385
proteomics,peebo_2015,rel0_abs0,all,unfiltered,944,ter,4.637495866017497e-5,298,-0.22200860525058194
proteomics,peebo_2015,rel0_abs0,all,unfiltered,1184,oriC,0.604096701959602,391,0.005638431015451148
proteomics,peebo_2015,rel0_abs0,all,unfiltered,1184,ter,0.6444699517333264,370,0.01585221926214068
proteomics,peebo_2015,rel0_abs0,all,unfiltered,1099,oriC,0.4961847438214157,373,-0.0011135258120935543
proteomics,peebo_2015,rel0_abs0,all,unfiltered,1099,ter,0.911591449672028,339,-7.133181675201806e-4
proteomics,peebo_2015,rel0_abs0,all,unfiltered,1151,oriC,0.11132084127639567,390,-0.0480635322349316
proteomics,peebo_2015,rel0_abs0,all,unfiltered,1151,ter,0.0016831897859750024,356,-0.11651549417620602
proteomics,peebo_2015,rel0_abs0,all,unfiltered,1081,oriC,2.8751182598937435e-5,360,-0.16344200729653513
proteomics,peebo_2015,rel0_abs0,all,unfiltered,1081,ter,8.205137507205723e-7,331,-0.17606582352783742
proteomics,peebo_2015,rel0_abs0,all,unfiltered,1176,oriC,1.0936699936856067e-4,397,-0.1282995924052786
proteomics,peebo_2015,rel0_abs0,all,unfiltered,1176,ter,1.054104204455478e-7,359,-0.17281195816613798
proteomics,peebo_2015,rel0_abs0,all,unfiltered,1087,oriC,4.6830646046556844e-7,364,-0.23749467739612656
proteomics,peebo_2015,rel0_abs0,all,unfiltered,1087,ter,5.064746415160286e-11,331,-0.25924595452816984
proteomics,peebo_2015,rel0_abs0,all,unfiltered,1154,oriC,1.0381112069656689e-4,386,-0.1483657014036712
proteomics,peebo_2015,rel0_abs0,all,unfiltered,1154,ter,1.6508524005542305e-6,356,-0.19169833172084544
proteomics,peebo_2015,rel0_abs0,all,unfiltered,1096,oriC,8.956875015753577e-9,368,-0.2857611234950739
proteomics,peebo_2015,rel0_abs0,all,unfiltered,1096,ter,1.372175693877062e-13,334,-0.29057357504393877
proteomics,peebo_2015,rel0_abs0,all,unfiltered,1171,oriC,8.367575960064966e-4,390,-0.12541770337238975
proteomics,peebo_2015,rel0_abs0,all,unfiltered,1171,ter,5.309487772439601e-7,361,-0.1650955092988278
proteomics,peebo_2015,rel0_abs0,all,unfiltered,1084,oriC,8.865511744449734e-9,361,-0.3476002939673141
proteomics,peebo_2015,rel0_abs0,all,unfiltered,1084,ter,1.43544601909094e-13,332,-0.46400390632804256
proteomics,peebo_2015,rel0_abs0,all,unfiltered,1192,oriC,0.07353767915294607,396,-0.07031969132500471
proteomics,peebo_2015,rel0_abs0,all,unfiltered,1192,ter,0.007807128001133039,379,-0.1298924430324799
proteomics,peebo_2015,rel0_abs0,all,unfiltered,1132,oriC,6.204980669805274e-6,371,-0.187051819196806
proteomics,peebo_2015,rel0_abs0,all,unfiltered,1132,ter,5.468480536245315e-8,357,-0.2146044925798202
proteomics,peebo_2015,rel0_abs0,all,unfiltered,1205,oriC,2.0775472910663944e-5,402,-0.14940921423806675
proteomics,peebo_2015,rel0_abs0,all,unfiltered,1205,ter,3.424448513660607e-7,377,-0.18619938386007479
proteomics,peebo_2015,rel0_abs0,all,unfiltered,1124,oriC,1.6911071619008565e-8,369,-0.2370529407484368
proteomics,peebo_2015,rel0_abs0,all,unfiltered,1124,ter,1.9165179801720523e-9,357,-0.3008754467441518
proteomics,peebo_2015,rel0_abs0,all,unfiltered,1186,oriC,1.2028863481020432e-5,393,-0.15850246725597456
proteomics,peebo_2015,rel0_abs0,all,unfiltered,1186,ter,1.6008956611785943e-7,373,-0.19730779713423627
proteomics,peebo_2015,rel0_abs0,all,unfiltered,1121,oriC,2.806113167667816e-10,369,-0.27185166059406335
proteomics,peebo_2015,rel0_abs0,all,unfiltered,1121,ter,7.428743099320169e-14,355,-0.32433956894748833
proteomics,peebo_2015,rel0_abs0,all,unfiltered,1183,oriC,3.5707120000916006e-5,394,-0.13382459052715423
proteomics,peebo_2015,rel0_abs0,all,unfiltered,1183,ter,1.3871847202681545e-7,370,-0.16835076563552587
proteomics,peebo_2015,rel0_abs0,all,unfiltered,1131,oriC,9.0265486071495e-11,372,-0.40347738659887766
proteomics,peebo_2015,rel0_abs0,all,unfiltered,1131,ter,1.1679859552635869e-14,357,-0.4493112338710477
proteomics,peebo_2015,rel0_abs0,all,unfiltered,1135,oriC,0.34253031037135484,386,-0.04287451234511117
proteomics,peebo_2015,rel0_abs0,all,unfiltered,1135,ter,0.013492343118876175,353,-0.11829764122900528
proteomics,peebo_2015,rel0_abs0,all,unfiltered,1046,oriC,4.6041683521738625e-4,348,-0.14637371845198488
proteomics,peebo_2015,rel0_abs0,all,unfiltered,1046,ter,6.795819808456275e-6,324,-0.19819134235445937
proteomics,peebo_2015,rel0_abs0,all,unfiltered,1173,oriC,0.0023528716252271204,394,-0.10689819799676012
proteomics,peebo_2015,rel0_abs0,all,unfiltered,1173,ter,7.029649289906481e-6,364,-0.1458560830422717
proteomics,peebo_2015,rel0_abs0,all,unfiltered,1045,oriC,2.1195504359580013e-6,350,-0.22576239010518717
proteomics,peebo_2015,rel0_abs0,all,unfiltered,1045,ter,4.221088918398056e-10,323,-0.258524456422202
proteomics,peebo_2015,rel0_abs0,all,unfiltered,1148,oriC,8.444376527653768e-4,385,-0.1430643349867648
proteomics,peebo_2015,rel0_abs0,all,unfiltered,1148,ter,1.3121847934262699e-6,359,-0.15136911497920258
proteomics,peebo_2015,rel0_abs0,all,unfiltered,1055,oriC,2.7612243501863895e-8,351,-0.2167327956070251
proteomics,peebo_2015,rel0_abs0,all,unfiltered,1055,ter,3.157473261083222e-13,323,-0.2483169818888872
proteomics,peebo_2015,rel0_abs0,all,unfiltered,1156,oriC,0.0021152899258504478,384,-0.1075050761110924
proteomics,peebo_2015,rel0_abs0,all,unfiltered,1156,ter,2.2924014297478033e-6,363,-0.13296079999448374
proteomics,peebo_2015,rel0_abs0,all,unfiltered,1042,oriC,4.437818350115315e-8,349,-0.298335721452052
proteomics,peebo_2015,rel0_abs0,all,unfiltered,1042,ter,1.1826638492678484e-14,320,-0.33531515422259617
proteomics,peebo_2015,rel0_abs0,all,unfiltered,1110,oriC,2.2882422162336162e-4,370,-0.032294953164224566
proteomics,peebo_2015,rel0_abs0,all,unfiltered,1110,ter,0.02520555874866949,347,-0.023881604062073864
proteomics,peebo_2015,rel0_abs0,all,unfiltered,1194,oriC,2.2236290001519403e-6,399,-0.04744415293750032
proteomics,peebo_2015,rel0_abs0,all,unfiltered,1194,ter,1.6713525601703108e-9,374,-0.08047021046879008
proteomics,peebo_2015,rel0_abs0,all,unfiltered,1103,oriC,1.1862859547919768e-7,370,-0.10094708235260125
proteomics,peebo_2015,rel0_abs0,all,unfiltered,1103,ter,1.217136526286596e-8,346,-0.1188778333673805
proteomics,peebo_2015,rel0_abs0,all,unfiltered,1168,oriC,2.8343720187078166e-5,391,-0.04782108807448886
proteomics,peebo_2015,rel0_abs0,all,unfiltered,1168,ter,1.4432449848743136e-4,367,-0.06667564032846439
proteomics,peebo_2015,rel0_abs0,all,unfiltered,1112,oriC,3.502362079292929e-7,373,-0.14620729945043573
proteomics,peebo_2015,rel0_abs0,all,unfiltered,1112,ter,7.73607326509478e-9,346,-0.19246875241570666
proteomics,peebo_2015,rel0_abs0,all,unfiltered,1182,oriC,0.003811354144921475,395,-0.03467377715298862
proteomics,peebo_2015,rel0_abs0,all,unfiltered,1182,ter,0.0020003558631801676,371,-0.07894450963492693
proteomics,peebo_2015,rel0_abs0,all,unfiltered,1101,oriC,2.3188877896106908e-7,369,-0.24549106107195867
proteomics,peebo_2015,rel0_abs0,all,unfiltered,1101,ter,6.151367770453892e-8,343,-0.32526339073367827
proteomics,peebo_2015,rel0_abs0,all,unfiltered,1142,oriC,0.879172208428233,381,0.00889934689180368
proteomics,peebo_2015,rel0_abs0,all,unfiltered,1142,ter,0.0038806878557376082,351,-0.04634502941983857
proteomics,peebo_2015,rel0_abs0,all,unfiltered,934,oriC,0.003434381060605707,298,-0.024717847111895747
proteomics,peebo_2015,rel0_abs0,all,unfiltered,934,ter,7.156659610029182e-7,292,-0.08918901864253598
proteomics,peebo_2015,rel0_abs0,all,unfiltered,1121,oriC,0.9412212156471792,376,0.017016469383585274
proteomics,peebo_2015,rel0_abs0,all,unfiltered,1121,ter,0.11018092080731641,344,-0.027691656026703412
proteomics,peebo_2015,rel0_abs0,all,unfiltered,969,oriC,0.015221103874949488,312,-0.007821803226104757
proteomics,peebo_2015,rel0_abs0,all,unfiltered,969,ter,4.910924279821028e-7,300,-0.10240768182019129
proteomics,peebo_2015,rel0_abs0,all,unfiltered,1127,oriC,0.3254428146802904,375,0.05982231732749237
proteomics,peebo_2015,rel0_abs0,all,unfiltered,1127,ter,0.2927352464947917,347,0.01986563233261662
proteomics,peebo_2015,rel0_abs0,all,unfiltered,946,oriC,0.003622659597667793,303,-0.04718150933843393
proteomics,peebo_2015,rel0_abs0,all,unfiltered,946,ter,9.946804753527639e-5,297,-0.23046668270980789
proteomics,peebo_2015,rel0_abs0,all,unfiltered,1142,oriC,0.01073095456959369,380,-0.034978557146376967
proteomics,peebo_2015,rel0_abs0,all,unfiltered,1142,ter,0.07305926114110536,352,-0.030287882453718253
proteomics,peebo_2015,rel0_abs0,all,unfiltered,1181,oriC,0.11304821970979671,398,-0.01436213841034525
proteomics,peebo_2015,rel0_abs0,all,unfiltered,1181,ter,0.09240183728516793,367,-0.025847218046145284
proteomics,peebo_2015,rel0_abs0,all,unfiltered,1150,oriC,1.017119639964844e-4,381,-0.07631194526644022
proteomics,peebo_2015,rel0_abs0,all,unfiltered,1150,ter,2.3138851944468027e-5,358,-0.1042655980543904
proteomics,peebo_2015,rel0_abs0,all,unfiltered,1184,oriC,0.41397223215830187,398,-0.00338019826485497
proteomics,peebo_2015,rel0_abs0,all,unfiltered,1184,ter,0.4944125944827767,366,-0.004142257073111806
proteomics,peebo_2015,rel0_abs0,all,unfiltered,1145,oriC,6.3208444463296044e-6,379,-0.1862303169092982
proteomics,peebo_2015,rel0_abs0,all,unfiltered,1145,ter,1.0070912038966704e-5,354,-0.20713025966456236
proteomics,peebo_2015,rel0_abs0,all,unfiltered,1115,oriC,0.47103273821444763,374,0.0038964672553661126
proteomics,peebo_2015,rel0_abs0,all,unfiltered,1115,ter,0.36972169497190166,343,0.001212545340660604
proteomics,peebo_2015,rel0_abs0,all,unfiltered,947,oriC,0.04267079032111636,308,0.007547788963955936
proteomics,peebo_2015,rel0_abs0,all,unfiltered,947,ter,0.001867408052007455,293,-0.04123432698129395
proteomics,peebo_2015,rel0_abs0,all,unfiltered,1130,oriC,0.06527412651826188,376,0.0588874752421456
proteomics,peebo_2015,rel0_abs0,all,unfiltered,1130,ter,0.14064485373631191,350,0.05537079433175306
proteomics,peebo_2015,rel0_abs0,all,unfiltered,917,oriC,0.018686423608910194,303,-0.01615935570036785
proteomics,peebo_2015,rel0_abs0,all,unfiltered,917,ter,0.05463443913339424,288,-0.014302472392217283
proteomics,peebo_2015,rel0_abs0,all,unfiltered,1123,oriC,0.011704181809441425,373,-0.016088123591184552
proteomics,peebo_2015,rel0_abs0,all,unfiltered,1123,ter,0.004546785184377403,349,-0.02808167079710961
proteomics,peebo_2015,rel0_abs0,all,unfiltered,1161,oriC,0.019974732206503577,388,0.03328183663117716
proteomics,peebo_2015,rel0_abs0,all,unfiltered,1161,ter,0.4524194167403112,359,0.019812031054519494
proteomics,peebo_2015,rel0_abs0,all,unfiltered,1111,oriC,0.002918805464046363,370,-0.09558189063843442
proteomics,peebo_2015,rel0_abs0,all,unfiltered,1111,ter,0.0011804901117599962,342,-0.11475410528075494
proteomics,peebo_2015,rel0_abs0,all,unfiltered,1133,oriC,0.0034788575476876657,374,0.04856497432795934
proteomics,peebo_2015,rel0_abs0,all,unfiltered,1133,ter,7.401897633888974e-4,352,0.06033377380074829
proteomics,peebo_2015,rel0_abs0,all,unfiltered,946,oriC,0.23616683476763115,309,-7.480759788244247e-4
proteomics,peebo_2015,rel0_abs0,all,unfiltered,946,ter,0.3182858952449141,294,0.032442838945638014
proteomics,peebo_2015,rel0_abs0,all,unfiltered,1126,oriC,3.59980036742202e-5,376,-0.08308832023401784
proteomics,peebo_2015,rel0_abs0,all,unfiltered,1126,ter,4.3067390504289747e-4,346,-0.06864274385529578
proteomics,li_2014_all,rel0_abs0,all,unfiltered,3797,oriC,3.6174500133255455e-24,1234,-0.6389517634364654
proteomics,li_2014_all,rel0_abs0,all,unfiltered,3797,ter,3.630266946668453e-83,1317,-1.2338776973674084
proteomics,li_2014_all,rel0_abs0,all,unfiltered,3834,oriC,2.402983415520716e-13,1244,-0.3784432879750595
proteomics,li_2014_all,rel0_abs0,all,unfiltered,3834,ter,4.385605450282852e-68,1326,-0.9914443478725946
proteomics,li_2014_all,rel0_abs0,all,unfiltered,3721,oriC,1.9667866602044414e-5,1221,0.24342649764827934
proteomics,li_2014_all,rel0_abs0,all,unfiltered,3721,ter,0.13862565035207805,1272,0.2656208536356528
proteomics,valgepea_2013_prot,rel0_abs0,all,unfiltered,1287,oriC,0.0024799102615971594,434,0.04730737533239063
proteomics,valgepea_2013_prot,rel0_abs0,all,unfiltered,1287,ter,0.07104355903893793,426,-0.0017980769077159814
proteomics,valgepea_2013_prot,rel0_abs0,all,unfiltered,1287,oriC,0.46110122002992043,434,-0.04291352343547639
proteomics,valgepea_2013_prot,rel0_abs0,all,unfiltered,1287,ter,8.490911231534553e-4,426,-0.12161230871457968
proteomics,valgepea_2013_prot,rel0_abs0,all,unfiltered,1287,oriC,0.004773688592615467,434,-0.1631049530650653
proteomics,valgepea_2013_prot,rel0_abs0,all,unfiltered,1287,ter,6.011602291489801e-7,426,-0.23413199329832352
proteomics,valgepea_2013_prot,rel0_abs0,all,unfiltered,1287,oriC,0.001015310824396029,434,-0.22130233977283226
proteomics,valgepea_2013_prot,rel0_abs0,all,unfiltered,1287,ter,1.913537219765571e-7,426,-0.33372950128699563
proteomics,valgepea_2013_prot,rel0_abs0,all,unfiltered,1151,oriC,5.880057738181037e-4,398,-0.058069762666725394
proteomics,valgepea_2013_prot,rel0_abs0,all,unfiltered,1151,ter,0.020438605201559042,359,-0.05346004427605574
proteomics,valgepea_2013_prot,rel0_abs0,all,unfiltered,1160,oriC,3.692025561736258e-6,403,-0.13316058475463827
proteomics,valgepea_2013_prot,rel0_abs0,all,unfiltered,1160,ter,2.086036093310331e-6,360,-0.13741495282886895
proteomics,valgepea_2013_prot,rel0_abs0,all,unfiltered,1153,oriC,2.7546289067424162e-6,400,-0.19806735922781205
proteomics,valgepea_2013_prot,rel0_abs0,all,unfiltered,1153,ter,3.7978997218453465e-5,358,-0.1770578471969277
proteomics,valgepea_2013_prot,rel0_abs0,all,unfiltered,1159,oriC,4.654453889664709e-9,402,-0.0870883187955984
proteomics,valgepea_2013_prot,rel0_abs0,all,unfiltered,1159,ter,7.113273070923289e-12,358,-0.08737465508742258
proteomics,valgepea_2013_prot,rel0_abs0,all,unfiltered,1149,oriC,9.508789453618781e-4,399,-0.12687903074576407
proteomics,valgepea_2013_prot,rel0_abs0,all,unfiltered,1149,ter,6.766409828450352e-5,355,-0.08972598268141574
proteomics,valgepea_2013_prot,rel0_abs0,all,unfiltered,1152,oriC,0.23944769827150766,401,-0.02062631443644648
proteomics,valgepea_2013_prot,rel0_abs0,all,unfiltered,1152,ter,0.32458785945630775,353,-0.010378130951692672
proteomics,Goelzer_2015,rel0_abs0,all,unfiltered,1178,oriC,0.6867081680828218,342,0.3035113083256282
proteomics,Goelzer_2015,rel0_abs0,all,unfiltered,1178,ter,0.6737711010378442,406,0.3038412165525435
proteomics,Goelzer_2015,rel0_abs0,all,unfiltered,1217,oriC,0.9549994702293927,360,0.496161892236533
proteomics,Goelzer_2015,rel0_abs0,all,unfiltered,1217,ter,0.10924445085241684,425,0.5401736223216617
proteomics,Goelzer_2015,rel0_abs0,all,unfiltered,1084,oriC,0.794687512379903,318,0.12518413512519977
proteomics,Goelzer_2015,rel0_abs0,all,unfiltered,1084,ter,0.002130303952740657,367,0.026079309838101115
proteomics,Goelzer_2015,rel0_abs0,all,unfiltered,1217,oriC,0.7973355904567544,365,0.6153454301659452
proteomics,Goelzer_2015,rel0_abs0,all,unfiltered,1217,ter,0.6554701767051527,413,0.6023348807434107
proteomics,Goelzer_2015,rel0_abs0,all,unfiltered,1263,oriC,0.9887946894597905,375,0.033193723285032825
proteomics,Goelzer_2015,rel0_abs0,all,unfiltered,1263,ter,2.195233802429691e-4,448,-0.13940930665712986
proteomics,Goelzer_2015,rel0_abs0,all,unfiltered,1227,oriC,0.14312717020246027,364,-0.11964009345545458
proteomics,Goelzer_2015,rel0_abs0,all,unfiltered,1227,ter,5.7643015819930276e-5,423,-0.32319526163548185
proteomics,Goelzer_2015,rel0_abs0,all,unfiltered,1304,oriC,0.8093774513529546,392,0.03930961512145962
proteomics,Goelzer_2015,rel0_abs0,all,unfiltered,1304,ter,0.1309252350079484,453,-0.0015752820468571415
proteomics,Goelzer_2015,rel0_abs0,all,unfiltered,1238,oriC,0.38350482085047366,375,-0.17093400958202634
proteomics,Goelzer_2015,rel0_abs0,all,unfiltered,1238,ter,0.009361788660400754,425,-0.20111149484596097
proteomics,Goelzer_2015,rel0_abs0,all,unfiltered,1281,oriC,0.6036137117546367,392,0.09360857170136522
proteomics,Goelzer_2015,rel0_abs0,all,unfiltered,1281,ter,0.6764218880379872,450,0.05217395656896863
proteomics,Goelzer_2015,rel0_abs0,all,unfiltered,1190,oriC,0.37953776088723534,353,0.1503004575122782
proteomics,Goelzer_2015,rel0_abs0,all,unfiltered,1190,ter,1.4012430500609348e-6,408,0.3530303141707916
proteomics,zhu_B_subtilis,rel0_abs0,all,unfiltered,1948,oriC,0.1686760228080531,626,-0.009904323065582539
proteomics,zhu_B_subtilis,rel0_abs0,all,unfiltered,1948,ter,0.14522265672725138,642,-0.030293434938911033
proteomics,zhu_B_subtilis,rel0_abs0,all,unfiltered,1917,oriC,0.003737190400936329,610,-10.682670975828717
proteomics,zhu_B_subtilis,rel0_abs0,all,unfiltered,1917,ter,0.03732929708362326,631,-0.7218352079757278
proteomics,zhu_B_subtilis,rel0_abs0,all,unfiltered,1949,oriC,8.98918449861521e-16,625,-0.5360000158814928
proteomics,zhu_B_subtilis,rel0_abs0,all,unfiltered,1949,ter,6.953944742665182e-13,640,-0.4764372553184544
proteomics,zhu_B_subtilis,rel0_abs0,all,unfiltered,1917,oriC,3.028283703848454e-8,610,-10.626250242555567
proteomics,zhu_B_subtilis,rel0_abs0,all,unfiltered,1917,ter,1.5009869556048772e-4,631,-0.8527377094910452
proteomics,zhu_B_subtilis,rel0_abs0,all,unfiltered,1917,oriC,2.6950375411119556e-17,610,-10.619358759960463
proteomics,zhu_B_subtilis,rel0_abs0,all,unfiltered,1917,ter,1.224205618999776e-9,631,-1.3769499880732148
proteomics,zhu_B_subtilis,rel0_abs0,all,unfiltered,1951,oriC,4.421933187507751e-10,631,-0.31374304779001705
proteomics,zhu_B_subtilis,rel0_abs0,all,unfiltered,1951,ter,2.4947568701036764e-9,640,-0.32943906747600155
proteomics,zhu_B_subtilis,rel0_abs0,all,unfiltered,1946,oriC,3.71135043592471e-9,627,-0.5178048970473885
proteomics,zhu_B_subtilis,rel0_abs0,all,unfiltered,1946,ter,1.8395246031763612e-9,640,-0.42257055758767154
proteomics,zhu_B_subtilis,rel0_abs0,all,unfiltered,1917,oriC,8.567606067804682e-21,610,-10.878540851365322
proteomics,zhu_B_subtilis,rel0_abs0,all,unfiltered,1917,ter,9.972622872306001e-17,631,-9.428300102372257
proteomics,zhu_B_subtilis,rel0_abs0,all,unfiltered,1915,oriC,1.1531895599860324e-23,610,-11.194836048599223
proteomics,zhu_B_subtilis,rel0_abs0,all,unfiltered,1915,ter,1.4246840860854853e-23,631,-10.52391460151749
proteomics,zhu_B_subtilis,rel0_abs0,all,unfiltered,1911,oriC,1.1422189360781864e-7,611,-10.472723940254786
proteomics,zhu_B_subtilis,rel0_abs0,all,unfiltered,1911,ter,0.007363097322022102,630,-0.8695961689448646
proteomics,zhu_B_subtilis,rel0_abs0,all,unfiltered,1948,oriC,8.475785276536475e-21,628,-0.6607798465995842
proteomics,zhu_B_subtilis,rel0_abs0,all,unfiltered,1948,ter,7.476295568722306e-12,640,-0.5233545363153322
proteomics,zhu_B_subtilis,rel0_abs0,all,unfiltered,1911,oriC,3.488182651728434e-7,611,-10.384768635023
proteomics,zhu_B_subtilis,rel0_abs0,all,unfiltered,1911,ter,0.05837014661463473,630,-0.6710303760010903
proteomics,zhu_B_subtilis,rel0_abs0,all,unfiltered,1911,oriC,1.0688439234717022e-18,611,-10.384768635023
proteomics,zhu_B_subtilis,rel0_abs0,all,unfiltered,1911,ter,7.979423482642622e-7,630,-1.105991275778817
proteomics,zhu_B_subtilis,rel0_abs0,all,unfiltered,1952,oriC,6.505375003324922e-10,631,-0.2590068321600411
proteomics,zhu_B_subtilis,rel0_abs0,all,unfiltered,1952,ter,5.747904258850019e-8,640,-0.2860656797590757
proteomics,zhu_B_subtilis,rel0_abs0,all,unfiltered,1944,oriC,1.7377632225125266e-6,626,-0.536315279508804
proteomics,zhu_B_subtilis,rel0_abs0,all,unfiltered,1944,ter,1.031329325703728e-7,640,-0.3313744813269944
proteomics,zhu_B_subtilis,rel0_abs0,all,unfiltered,1911,oriC,2.912070358349508e-20,611,-10.790934578098852
proteomics,zhu_B_subtilis,rel0_abs0,all,unfiltered,1911,ter,1.3414019127868629e-14,630,-9.464776479662913
proteomics,zhu_B_subtilis,rel0_abs0,all,unfiltered,1909,oriC,1.724866523066501e-21,611,-11.194052247207994
proteomics,zhu_B_subtilis,rel0_abs0,all,unfiltered,1909,ter,1.1068493949916524e-19,630,-10.346023728402997
proteomics,zhu_B_subtilis,rel0_abs0,all,unfiltered,1916,oriC,5.976389719413921e-4,616,9.510313186222291
proteomics,zhu_B_subtilis,rel0_abs0,all,unfiltered,1916,ter,0.030068192440700723,624,0.8121980496699768
proteomics,zhu_B_subtilis,rel0_abs0,all,unfiltered,914,oriC,2.4489534216107646e-4,263,-0.058716277320341986
proteomics,zhu_B_subtilis,rel0_abs0,all,unfiltered,914,ter,0.35265271048566815,328,-0.006535130421623417
proteomics,zhu_B_subtilis,rel0_abs0,all,unfiltered,916,oriC,1.7421761376141503e-8,264,-0.1885531654235379
proteomics,zhu_B_subtilis,rel0_abs0,all,unfiltered,916,ter,0.0014969280562272577,328,-0.10454902130581797
proteomics,zhu_B_subtilis,rel0_abs0,all,unfiltered,1914,oriC,4.4376074665383505e-5,621,9.840444195431248
proteomics,zhu_B_subtilis,rel0_abs0,all,unfiltered,1914,ter,0.11804165991246629,628,1.1370447592289954
proteomics,zhu_B_subtilis,rel0_abs0,all,unfiltered,1821,oriC,0.0026161566636819134,582,9.555617970403
proteomics,zhu_B_subtilis,rel0_abs0,all,unfiltered,1821,ter,0.2785362059303068,609,1.1932139211462307
proteomics,zhu_B_subtilis,rel0_abs0,all,unfiltered,915,oriC,8.441785066191801e-6,264,-0.24724805859095633
proteomics,zhu_B_subtilis,rel0_abs0,all,unfiltered,915,ter,2.556500439634319e-5,328,-0.17463578686230385
proteomics,zhu_B_subtilis,rel0_abs0,all,unfiltered,915,oriC,2.914886159469303e-6,264,-0.40144093006978976
proteomics,zhu_B_subtilis,rel0_abs0,all,unfiltered,915,ter,2.3127825605220348e-8,327,-0.39603041404749756
proteomics,zhu_B_subtilis,rel0_abs0,all,unfiltered,1916,oriC,9.934486440731035e-4,616,-9.317720197082021
proteomics,zhu_B_subtilis,rel0_abs0,all,unfiltered,1916,ter,0.7162507964799856,624,-0.45458502814463475
proteomics,zhu_B_subtilis,rel0_abs0,all,unfiltered,1916,oriC,3.986159780865578e-12,616,-9.274968969664744
proteomics,zhu_B_subtilis,rel0_abs0,all,unfiltered,1916,ter,0.0017754358868017483,624,-0.41338320768554315
proteomics,zhu_B_subtilis,rel0_abs0,all,unfiltered,1954,oriC,3.5879581787845296e-5,631,0.29331322501296414
proteomics,zhu_B_subtilis,rel0_abs0,all,unfiltered,1954,ter,0.13846007057827678,639,0.14270869543022496
proteomics,zhu_B_subtilis,rel0_abs0,all,unfiltered,1952,oriC,0.15002027137995322,629,0.20114238882136765
proteomics,zhu_B_subtilis,rel0_abs0,all,unfiltered,1952,ter,0.6541950323669041,641,0.06901360479191586
proteomics,zhu_B_subtilis,rel0_abs0,all,unfiltered,1916,oriC,3.4628275789256767e-15,616,-9.743043622592669
proteomics,zhu_B_subtilis,rel0_abs0,all,unfiltered,1916,ter,2.9126534461652727e-9,624,-8.319964172887573
proteomics,zhu_B_subtilis,rel0_abs0,all,unfiltered,1916,oriC,1.9662433337871214e-17,616,-10.085108412412296
proteomics,zhu_B_subtilis,rel0_abs0,all,unfiltered,1916,ter,1.390158600926239e-15,624,-9.147807873714187
proteomics,zhu_B_subtilis,rel0_abs0,all,unfiltered,916,oriC,5.6813019920487686e-9,264,-0.11074846520476678
proteomics,zhu_B_subtilis,rel0_abs0,all,unfiltered,916,ter,4.0249103266683614e-8,328,-0.06898421335339928
proteomics,zhu_B_subtilis,rel0_abs0,all,unfiltered,1914,oriC,5.2229969980028496e-6,621,9.76071634635493
proteomics,zhu_B_subtilis,rel0_abs0,all,unfiltered,1914,ter,0.08764937530220547,628,0.8725441771853053
proteomics,zhu_B_subtilis,rel0_abs0,all,unfiltered,1822,oriC,1.986768498248172e-4,582,9.455706555523882
proteomics,zhu_B_subtilis,rel0_abs0,all,unfiltered,1822,ter,0.10567589306152164,609,1.2484570255592808
proteomics,zhu_B_subtilis,rel0_abs0,all,unfiltered,916,oriC,7.769392893443323e-4,264,-0.11953829380376063
proteomics,zhu_B_subtilis,rel0_abs0,all,unfiltered,916,ter,4.1526427249631586e-4,328,-0.11575889530803132
proteomics,zhu_B_subtilis,rel0_abs0,all,unfiltered,915,oriC,8.331041763833285e-4,264,-0.2274809294508036
proteomics,zhu_B_subtilis,rel0_abs0,all,unfiltered,915,ter,2.815035921314494e-7,328,-0.26496509649176564
proteomics,zhu_B_subtilis,rel0_abs0,all,unfiltered,1914,oriC,8.878656557742483e-12,621,9.755838188581789
proteomics,zhu_B_subtilis,rel0_abs0,all,unfiltered,1914,ter,0.0021036358136397072,628,0.644340054927547
proteomics,zhu_B_subtilis,rel0_abs0,all,unfiltered,1822,oriC,1.891366426755945e-7,582,9.447301225248275
proteomics,zhu_B_subtilis,rel0_abs0,all,unfiltered,1822,ter,0.023749724501489704,609,1.0510819142723373
proteomics,zhu_B_subtilis,rel0_abs0,all,unfiltered,914,oriC,0.7970731836792033,263,0.0033778230855282467
proteomics,zhu_B_subtilis,rel0_abs0,all,unfiltered,914,ter,0.16462752535688419,328,-0.01076319362646052
proteomics,zhu_B_subtilis,rel0_abs0,all,unfiltered,916,oriC,0.11568730523358943,264,-0.14875449236485877
proteomics,zhu_B_subtilis,rel0_abs0,all,unfiltered,916,ter,8.254793993605028e-5,328,-0.1161120030825048
proteomics,zhu_B_subtilis,rel0_abs0,all,unfiltered,1925,oriC,0.6816111036607219,621,-0.06553823595075269
proteomics,zhu_B_subtilis,rel0_abs0,all,unfiltered,1925,ter,0.26391436811858104,639,-0.05368133100534567
proteomics,zhu_B_subtilis,rel0_abs0,all,unfiltered,1905,oriC,2.6661021988824e-8,619,-9.916819967749742
proteomics,zhu_B_subtilis,rel0_abs0,all,unfiltered,1905,ter,0.01437569999605525,628,-7.939274862847801
proteomics,zhu_B_subtilis,rel0_abs0,all,unfiltered,1903,oriC,5.3029029240671746e-12,619,-10.191108113863782
proteomics,zhu_B_subtilis,rel0_abs0,all,unfiltered,1903,ter,3.9712388189557375e-10,628,-9.132542901841832
proteomics,zhu_B_subtilis,rel0_abs0,all,unfiltered,1787,oriC,7.172291579037527e-8,573,-9.607311517782477
proteomics,zhu_B_subtilis,rel0_abs0,all,unfiltered,1787,ter,0.012781753640239132,600,-1.5112553253317367
proteomics,zhu_B_subtilis,rel0_abs0,all,unfiltered,1754,oriC,2.8550558883845982e-8,570,-10.17203853852396
proteomics,zhu_B_subtilis,rel0_abs0,all,unfiltered,1754,ter,5.462148592362941e-6,591,-7.3103064031256295
proteomics,zhu_B_subtilis,rel0_abs0,all,unfiltered,862,oriC,0.3147414791465126,251,-0.053773989415961565
proteomics,zhu_B_subtilis,rel0_abs0,all,unfiltered,862,ter,2.9472316783825332e-5,314,-0.08199676682916271
proteomics,zhu_E_coli,rel0_abs0,all,unfiltered,1130,oriC,2.0397712863256996e-6,412,0.0415140653457106
proteomics,zhu_E_coli,rel0_abs0,all,unfiltered,1130,ter,0.04560256654129635,345,0.029436050004768264
proteomics,zhu_E_coli,rel0_abs0,all,unfiltered,1727,oriC,2.10274211283763e-6,594,0.21484848113498736
proteomics,zhu_E_coli,rel0_abs0,all,unfiltered,1727,ter,2.358816854447438e-17,551,0.5186431838048626
proteomics,zhu_E_coli,rel0_abs0,all,unfiltered,1133,oriC,0.0043728257037516614,411,-0.04535680835946262
proteomics,zhu_E_coli,rel0_abs0,all,unfiltered,1133,ter,0.6297447989950191,347,-0.005804651229129263
proteomics,zhu_E_coli,rel0_abs0,all,unfiltered,1735,oriC,5.333032118578675e-4,592,0.16029110331098628
proteomics,zhu_E_coli,rel0_abs0,all,unfiltered,1735,ter,2.835322888050705e-10,554,0.3586914758777178
proteomics,zhu_E_coli,rel0_abs0,all,unfiltered,1134,oriC,1.9998626875560704e-11,412,-0.3039239716165365
proteomics,zhu_E_coli,rel0_abs0,all,unfiltered,1134,ter,5.975775122507564e-8,347,-0.3936064546254334
proteomics,zhu_E_coli,rel0_abs0,all,unfiltered,1733,oriC,0.003266169873548543,592,0.19461674580449256
proteomics,zhu_E_coli,rel0_abs0,all,unfiltered,1733,ter,5.9646215366558345e-12,552,0.5646929428149318
proteomics,zhu_E_coli,rel0_abs0,all,unfiltered,1738,oriC,0.04513328998546716,593,0.17258795788072123
proteomics,zhu_E_coli,rel0_abs0,all,unfiltered,1738,ter,1.689772014308403e-8,554,0.5118385134483251
proteomics,zhu_E_coli,rel0_abs0,all,unfiltered,1733,oriC,0.10405643338355162,592,0.3147422842836783
proteomics,zhu_E_coli,rel0_abs0,all,unfiltered,1733,ter,1.1644442301567846e-4,554,0.6673078738601236
proteomics,zhu_E_coli,rel0_abs0,all,unfiltered,1134,oriC,6.524339516209043e-12,412,-0.44382724450759925
proteomics,zhu_E_coli,rel0_abs0,all,unfiltered,1134,ter,3.1512088589801003e-15,347,-0.6330870267888313
proteomics,zhu_E_coli,rel0_abs0,all,unfiltered,1703,oriC,0.11795603833058797,585,0.3747742383777189
proteomics,zhu_E_coli,rel0_abs0,all,unfiltered,1703,ter,0.8596776644069699,539,0.36618694000828256
proteomics,zhu_E_coli,rel0_abs0,all,unfiltered,1729,oriC,0.0012706496588003448,595,0.17564159897293252
proteomics,zhu_E_coli,rel0_abs0,all,unfiltered,1729,ter,2.0262704419485977e-15,552,0.5240228949784005
proteomics,zhu_E_coli,rel0_abs0,all,unfiltered,1134,oriC,3.479295073940977e-6,412,-0.0929640254055561
proteomics,zhu_E_coli,rel0_abs0,all,unfiltered,1134,ter,0.36316051716207437,347,-0.047730699389439954
proteomics,zhu_E_coli,rel0_abs0,all,unfiltered,1735,oriC,0.031796884632868144,592,0.09536582651349908
proteomics,zhu_E_coli,rel0_abs0,all,unfiltered,1735,ter,4.582656402635731e-8,554,0.3350366851328235
proteomics,zhu_E_coli,rel0_abs0,all,unfiltered,1134,oriC,4.281077263503858e-15,412,-0.36035847739100424
proteomics,zhu_E_coli,rel0_abs0,all,unfiltered,1134,ter,7.721892015764805e-10,347,-0.4115736697188556
proteomics,zhu_E_coli,rel0_abs0,all,unfiltered,1733,oriC,0.05504354971876964,592,0.20087517625954032
proteomics,zhu_E_coli,rel0_abs0,all,unfiltered,1733,ter,4.6580853957901584e-11,552,0.4920685943298676
proteomics,zhu_E_coli,rel0_abs0,all,unfiltered,1738,oriC,0.29224208719245337,593,0.11407349490448268
proteomics,zhu_E_coli,rel0_abs0,all,unfiltered,1738,ter,1.5809504005179043e-7,554,0.44335491314891184
proteomics,zhu_E_coli,rel0_abs0,all,unfiltered,1733,oriC,0.3762932969593493,592,0.24287157712778562
proteomics,zhu_E_coli,rel0_abs0,all,unfiltered,1733,ter,8.446009722822027e-4,554,0.5706679485587427
proteomics,zhu_E_coli,rel0_abs0,all,unfiltered,1134,oriC,5.5149074103957526e-15,412,-0.46991219214726343
proteomics,zhu_E_coli,rel0_abs0,all,unfiltered,1134,ter,3.654932396196669e-18,347,-0.6356166155362193
proteomics,zhu_E_coli,rel0_abs0,all,unfiltered,1704,oriC,0.29986101338653465,585,0.29470835257856776
proteomics,zhu_E_coli,rel0_abs0,all,unfiltered,1704,ter,0.2212135870576088,540,0.23395663524088745
proteomics,zhu_E_coli,rel0_abs0,all,unfiltered,1729,oriC,6.6173172858197826e-9,595,-0.39579784505876714
proteomics,zhu_E_coli,rel0_abs0,all,unfiltered,1729,ter,1.3019048599820831e-13,552,-1.1243465040169252
proteomics,zhu_E_coli,rel0_abs0,all,unfiltered,1719,oriC,4.181062240141052e-6,583,-0.07036215919097369
proteomics,zhu_E_coli,rel0_abs0,all,unfiltered,1719,ter,5.597541835369757e-10,552,-0.11293282378498928
proteomics,zhu_E_coli,rel0_abs0,all,unfiltered,1726,oriC,1.6195446204686041e-18,595,-1.0749418951573617
proteomics,zhu_E_coli,rel0_abs0,all,unfiltered,1726,ter,5.5735326440819296e-24,549,-1.6606322409829009
proteomics,zhu_E_coli,rel0_abs0,all,unfiltered,1734,oriC,1.2812886474440215e-4,588,-0.21803778721087688
proteomics,zhu_E_coli,rel0_abs0,all,unfiltered,1734,ter,1.2942726803867325e-7,555,-0.4213259686603957
proteomics,zhu_E_coli,rel0_abs0,all,unfiltered,1721,oriC,0.09990597637840924,583,0.01872357995771917
proteomics,zhu_E_coli,rel0_abs0,all,unfiltered,1721,ter,1.0881973480045127e-4,552,-0.10121717957782181
proteomics,zhu_E_coli,rel0_abs0,all,unfiltered,1722,oriC,0.008716334427646404,583,-0.016264413456527946
proteomics,zhu_E_coli,rel0_abs0,all,unfiltered,1722,ter,3.730506316038936e-8,553,-0.297447166414447
proteomics,zhu_E_coli,rel0_abs0,all,unfiltered,1722,oriC,3.0923753270470196e-20,590,-1.3617771503659895
proteomics,zhu_E_coli,rel0_abs0,all,unfiltered,1722,ter,2.946256225419824e-38,552,-2.7104399703348725
proteomics,zhu_E_coli,rel0_abs0,all,unfiltered,1721,oriC,0.014083641652641676,583,-0.10732732003869856
proteomics,zhu_E_coli,rel0_abs0,all,unfiltered,1721,ter,9.252886634890928e-20,552,-0.6133412163102308
proteomics,zhu_E_coli,rel0_abs0,all,unfiltered,1734,oriC,7.912897891042609e-7,592,0.22850901385064837
proteomics,zhu_E_coli,rel0_abs0,all,unfiltered,1734,ter,3.373725849019307e-9,553,0.7876758255539437
proteomics,zhu_E_coli,rel0_abs0,all,unfiltered,1129,oriC,3.8308148482750857e-7,411,-0.1632193562744287
proteomics,zhu_E_coli,rel0_abs0,all,unfiltered,1129,ter,2.951501210983687e-11,343,-0.2320327128218937
proteomics,zhu_E_coli,rel0_abs0,all,unfiltered,1732,oriC,2.0220098944679324e-9,592,0.2583443403299688
proteomics,zhu_E_coli,rel0_abs0,all,unfiltered,1732,ter,2.4277456017328253e-21,551,0.4506796495141703
proteomics,zhu_E_coli,rel0_abs0,all,unfiltered,1737,oriC,1.3829443384333263e-5,593,0.17248932386360913
proteomics,zhu_E_coli,rel0_abs0,all,unfiltered,1737,ter,7.564803921145402e-12,553,0.3804415742085478
proteomics,zhu_E_coli,rel0_abs0,all,unfiltered,1732,oriC,3.142444199582651e-6,592,0.2992675334733664
proteomics,zhu_E_coli,rel0_abs0,all,unfiltered,1732,ter,2.9837491293197423e-10,553,0.5023726635530376
proteomics,zhu_E_coli,rel0_abs0,all,unfiltered,1133,oriC,8.291085802455953e-6,412,-0.29370344409131494
proteomics,zhu_E_coli,rel0_abs0,all,unfiltered,1133,ter,7.01157167653685e-18,347,-0.5381220122378262
proteomics,zhu_E_coli,rel0_abs0,all,unfiltered,1703,oriC,1.7346325909908872e-5,585,0.4375501147836484
proteomics,zhu_E_coli,rel0_abs0,all,unfiltered,1703,ter,0.6784900966449472,539,0.33017411696548354
proteomics,zhu_E_coli,rel0_abs0,all,unfiltered,1731,oriC,1.4557826281618327e-16,592,-0.7903020398681775
proteomics,zhu_E_coli,rel0_abs0,all,unfiltered,1731,ter,1.4620315335839693e-20,550,-1.4665607383840487
proteomics,zhu_E_coli,rel0_abs0,all,unfiltered,1735,oriC,0.07713676320535434,588,-0.07481936601617077
proteomics,zhu_E_coli,rel0_abs0,all,unfiltered,1735,ter,0.11382042977328867,556,-0.2341911168844137
proteomics,zhu_E_coli,rel0_abs0,all,unfiltered,1722,oriC,0.16113643861461766,583,0.05281252699740672
proteomics,zhu_E_coli,rel0_abs0,all,unfiltered,1722,ter,0.9285663393690851,553,0.030218651691491787
proteomics,zhu_E_coli,rel0_abs0,all,unfiltered,1721,oriC,0.864608104754859,582,0.06294200504036601
proteomics,zhu_E_coli,rel0_abs0,all,unfiltered,1721,ter,0.005163244265841526,553,-0.09503320198171197
proteomics,zhu_E_coli,rel0_abs0,all,unfiltered,1727,oriC,2.0014971564538123e-17,587,-1.0949548277181584
proteomics,zhu_E_coli,rel0_abs0,all,unfiltered,1727,ter,1.2443510960719887e-35,553,-2.5079562251633876
proteomics,zhu_E_coli,rel0_abs0,all,unfiltered,1720,oriC,0.7651431171535427,583,-0.0038842261427800935
proteomics,zhu_E_coli,rel0_abs0,all,unfiltered,1720,ter,8.677534233750054e-17,551,-0.43451738608988666
proteomics,zhu_E_coli,rel0_abs0,all,unfiltered,1732,oriC,4.927742119390661e-19,592,0.6707883922164745
proteomics,zhu_E_coli,rel0_abs0,all,unfiltered,1732,ter,3.7154907862426997e-34,551,1.0882447401345967
proteomics,zhu_E_coli,rel0_abs0,all,unfiltered,1734,oriC,3.115743685565194e-15,593,0.5378554955379109
proteomics,zhu_E_coli,rel0_abs0,all,unfiltered,1734,ter,2.904892390274027e-32,550,0.9618531353663813
proteomics,zhu_E_coli,rel0_abs0,all,unfiltered,1726,oriC,2.4016983614324756e-18,591,0.5136773637764704
proteomics,zhu_E_coli,rel0_abs0,all,unfiltered,1726,ter,1.6498436475204594e-21,550,0.7743944517730421
proteomics,zhu_E_coli,rel0_abs0,all,unfiltered,1104,oriC,0.11565613826374063,399,-0.07752346142445937
proteomics,zhu_E_coli,rel0_abs0,all,unfiltered,1104,ter,1.4836574419602608e-14,344,-0.2654365046900824
proteomics,zhu_E_coli,rel0_abs0,all,unfiltered,1689,oriC,2.9085331077162123e-12,581,0.5735674489084013
proteomics,zhu_E_coli,rel0_abs0,all,unfiltered,1689,ter,9.91599660059099e-4,535,0.5347210897483238
proteomics,zhu_E_coli,rel0_abs0,all,unfiltered,1732,oriC,0.4836272719692004,587,-0.0033990998408577424
proteomics,zhu_E_coli,rel0_abs0,all,unfiltered,1732,ter,0.4556518889211921,554,0.030439596606451607
proteomics,zhu_E_coli,rel0_abs0,all,unfiltered,1735,oriC,1.7341140082250926e-5,588,0.16160284172839856
proteomics,zhu_E_coli,rel0_abs0,all,unfiltered,1735,ter,0.23584184848064546,556,0.1413083130570889
proteomics,zhu_E_coli,rel0_abs0,all,unfiltered,1731,oriC,3.7645891297232245e-17,590,-1.007580163674498
proteomics,zhu_E_coli,rel0_abs0,all,unfiltered,1731,ter,1.171438339613414e-46,552,-1.8674272941120733
proteomics,zhu_E_coli,rel0_abs0,all,unfiltered,1734,oriC,0.001545993167230004,588,0.2261749984675025
proteomics,zhu_E_coli,rel0_abs0,all,unfiltered,1734,ter,3.121730659731346e-6,555,-0.14429428163951685
proteomics,zhu_E_coli,rel0_abs0,all,unfiltered,1722,oriC,0.0018717910967300676,583,0.061922532136309535
proteomics,zhu_E_coli,rel0_abs0,all,unfiltered,1722,ter,0.002971742664387963,553,-0.05443920843972896
proteomics,zhu_E_coli,rel0_abs0,all,unfiltered,1730,oriC,1.162368848544494e-15,588,-0.8788463443888836
proteomics,zhu_E_coli,rel0_abs0,all,unfiltered,1730,ter,2.64227090993094e-43,553,-1.7257312737213741
proteomics,zhu_E_coli,rel0_abs0,all,unfiltered,1720,oriC,0.11536548861435116,583,0.06530939558211317
proteomics,zhu_E_coli,rel0_abs0,all,unfiltered,1720,ter,2.14410589214522e-15,551,-0.43141946534094155
proteomics,zhu_E_coli,rel0_abs0,all,unfiltered,1722,oriC,1.289258654757481e-21,586,-0.8356497457965198
proteomics,zhu_E_coli,rel0_abs0,all,unfiltered,1722,ter,5.071331207364603e-46,553,-1.5245899261151934
proteomics,zhu_E_coli,rel0_abs0,all,unfiltered,1713,oriC,0.6516931919585205,582,0.0014716882263612603
proteomics,zhu_E_coli,rel0_abs0,all,unfiltered,1713,ter,1.3817981559339424e-22,550,-0.3339822653077673
proteomics,zhu_E_coli,rel0_abs0,all,unfiltered,1648,oriC,4.338445767526407e-28,561,0.6122329696615513
proteomics,zhu_E_coli,rel0_abs0,all,unfiltered,1648,ter,4.800365158555801e-23,529,0.6418677834607651
proteomics,zhu_V_natriegens,rel0_abs0,all,unfiltered,1506,oriC,0.07823410317557841,595,-0.12947231977853468
proteomics,zhu_V_natriegens,rel0_abs0,all,unfiltered,1506,ter,0.008132984822154188,372,-0.39588479040684976
proteomics,zhu_V_natriegens,rel0_abs0,all,unfiltered,1489,oriC,4.567968102607288e-4,593,-0.0890519734426606
proteomics,zhu_V_natriegens,rel0_abs0,all,unfiltered,1489,ter,0.3888054209707354,362,-0.062426117879410006
proteomics,zhu_V_natriegens,rel0_abs0,all,unfiltered,1507,oriC,8.121262225103193e-5,594,-0.35742585959317497
proteomics,zhu_V_natriegens,rel0_abs0,all,unfiltered,1507,ter,4.399532969838506e-5,373,-0.8260907141732304
proteomics,zhu_V_natriegens,rel0_abs0,all,unfiltered,1490,oriC,0.0025180217079980543,593,-0.07629855069015343
proteomics,zhu_V_natriegens,rel0_abs0,all,unfiltered,1490,ter,0.3580086487797276,364,-0.1320361337613223
proteomics,zhu_V_natriegens,rel0_abs0,all,unfiltered,1508,oriC,4.213955779122552e-10,595,-0.5237724348428544
proteomics,zhu_V_natriegens,rel0_abs0,all,unfiltered,1508,ter,3.6012631316208103e-7,373,-1.1370048165299542
proteomics,zhu_V_natriegens,rel0_abs0,all,unfiltered,1505,oriC,1.0925995647256492e-13,594,-0.8009420367242718
proteomics,zhu_V_natriegens,rel0_abs0,all,unfiltered,1505,ter,2.992639363514974e-8,372,-1.9828758419808095
proteomics,zhu_V_natriegens,rel0_abs0,all,unfiltered,1519,oriC,1.121438316523623e-8,598,-0.3422741939363231
proteomics,zhu_V_natriegens,rel0_abs0,all,unfiltered,1519,ter,2.2567118904646396e-4,375,-0.44182496723396675
proteomics,zhu_V_natriegens,rel0_abs0,all,unfiltered,1491,oriC,3.336032701882277e-7,593,-0.20967570778248618
proteomics,zhu_V_natriegens,rel0_abs0,all,unfiltered,1491,ter,4.934299386227292e-5,364,-0.5824822414652717
proteomics,zhu_V_natriegens,rel0_abs0,all,unfiltered,1500,oriC,2.522716828441995e-23,594,-1.3710067579224812
proteomics,zhu_V_natriegens,rel0_abs0,all,unfiltered,1500,ter,2.2326456847935913e-13,368,-3.9247252319178996
proteomics,zhu_V_natriegens,rel0_abs0,all,unfiltered,1491,oriC,2.955664015689052e-10,593,-0.3975734449638886
proteomics,zhu_V_natriegens,rel0_abs0,all,unfiltered,1491,ter,3.1271977925095245e-8,364,-1.0375935825799631
proteomics,zhu_V_natriegens,rel0_abs0,all,unfiltered,1504,oriC,0.03584545537432199,592,-0.06401699855473991
proteomics,zhu_V_natriegens,rel0_abs0,all,unfiltered,1504,ter,0.009775921277236192,371,0.2527228326885244
proteomics,zhu_V_natriegens,rel0_abs0,all,unfiltered,1046,oriC,7.728052211108586e-9,438,-0.1484080222038037
proteomics,zhu_V_natriegens,rel0_abs0,all,unfiltered,1046,ter,0.006962122479537157,225,-0.12777477609059984
proteomics,zhu_V_natriegens,rel0_abs0,all,unfiltered,1507,oriC,0.10833722272171123,594,-0.011220198644098203
proteomics,zhu_V_natriegens,rel0_abs0,all,unfiltered,1507,ter,0.0011622100451649272,373,0.30149578969245683
proteomics,zhu_V_natriegens,rel0_abs0,all,unfiltered,1047,oriC,2.228577052716296e-16,438,-0.2525600914933278
proteomics,zhu_V_natriegens,rel0_abs0,all,unfiltered,1047,ter,5.0766926886662943e-5,225,-0.2432530842214681
proteomics,zhu_V_natriegens,rel0_abs0,all,unfiltered,1046,oriC,1.391231864737746e-14,438,-0.3858305131662815
proteomics,zhu_V_natriegens,rel0_abs0,all,unfiltered,1046,ter,0.015547244207118368,225,-0.3332233161548552
proteomics,zhu_V_natriegens,rel0_abs0,all,unfiltered,1505,oriC,0.002024081833420688,594,-0.02398615852347382
proteomics,zhu_V_natriegens,rel0_abs0,all,unfiltered,1505,ter,0.13894308365737337,369,0.4192121037704437
proteomics,zhu_V_natriegens,rel0_abs0,all,unfiltered,1479,oriC,0.0010775361363183833,590,0.030285155626827827
proteomics,zhu_V_natriegens,rel0_abs0,all,unfiltered,1479,ter,0.5888886692883466,358,0.6292746402523237
proteomics,zhu_V_natriegens,rel0_abs0,all,unfiltered,1045,oriC,9.03093779171547e-23,438,-0.6167483514835572
proteomics,zhu_V_natriegens,rel0_abs0,all,unfiltered,1045,ter,7.102592050183231e-6,224,-0.48993695962049877
proteomics,zhu_V_natriegens,rel0_abs0,all,unfiltered,1464,oriC,9.473395002705114e-6,582,-0.061885755186680366
proteomics,zhu_V_natriegens,rel0_abs0,all,unfiltered,1464,ter,0.2999044854121711,352,0.6757139865940895
proteomics,zhu_V_natriegens,rel0_abs0,all,unfiltered,1505,oriC,0.003223281735566192,591,-0.16920053643089172
proteomics,zhu_V_natriegens,rel0_abs0,all,unfiltered,1505,ter,1.524274994161133e-6,372,-0.6177310953174491
proteomics,zhu_V_natriegens,rel0_abs0,all,unfiltered,1490,oriC,0.2700056639405755,593,-0.011336883514142578
proteomics,zhu_V_natriegens,rel0_abs0,all,unfiltered,1490,ter,0.2709374716777213,363,-0.03836247998036556
proteomics,zhu_V_natriegens,rel0_abs0,all,unfiltered,1506,oriC,1.438038608497039e-7,592,-0.3218664388773571
proteomics,zhu_V_natriegens,rel0_abs0,all,unfiltered,1506,ter,9.80196890320861e-9,372,-0.9161749209609557
proteomics,zhu_V_natriegens,rel0_abs0,all,unfiltered,1503,oriC,4.593053167644128e-12,591,-0.6603075770715746
proteomics,zhu_V_natriegens,rel0_abs0,all,unfiltered,1503,ter,6.170076735677316e-8,371,-1.9960140398394068
proteomics,zhu_V_natriegens,rel0_abs0,all,unfiltered,1519,oriC,1.5954957551348685e-5,597,-0.19035715248478685
proteomics,zhu_V_natriegens,rel0_abs0,all,unfiltered,1519,ter,4.171862298706811e-6,376,-0.38618130370265213
proteomics,zhu_V_natriegens,rel0_abs0,all,unfiltered,1490,oriC,1.5976326783394374e-4,593,-0.10400593511591358
proteomics,zhu_V_natriegens,rel0_abs0,all,unfiltered,1490,ter,1.0608945065610319e-5,363,-0.5080750708406071
proteomics,zhu_V_natriegens,rel0_abs0,all,unfiltered,1497,oriC,1.567656151884899e-20,591,-1.174176623282827
proteomics,zhu_V_natriegens,rel0_abs0,all,unfiltered,1497,ter,4.639689913098016e-13,366,-4.19535235559305
proteomics,zhu_V_natriegens,rel0_abs0,all,unfiltered,1491,oriC,5.77174549358501e-7,593,-0.29926139333825647
proteomics,zhu_V_natriegens,rel0_abs0,all,unfiltered,1491,ter,3.162915366334269e-8,364,-0.9394090961015695
proteomics,zhu_V_natriegens,rel0_abs0,all,unfiltered,1508,oriC,0.07186026130559878,593,0.09476862208624909
proteomics,zhu_V_natriegens,rel0_abs0,all,unfiltered,1508,ter,9.704036975546004e-9,373,0.44325782077754894
proteomics,zhu_V_natriegens,rel0_abs0,all,unfiltered,1047,oriC,3.058120064496316e-16,437,-0.11385034179160612
proteomics,zhu_V_natriegens,rel0_abs0,all,unfiltered,1047,ter,1.1353064792651597e-5,225,-0.10112954434752368
proteomics,zhu_V_natriegens,rel0_abs0,all,unfiltered,1046,oriC,8.837679926055632e-9,438,-0.18087324535949703
proteomics,zhu_V_natriegens,rel0_abs0,all,unfiltered,1046,ter,0.19319167262229472,224,-0.015449074428765272
proteomics,zhu_V_natriegens,rel0_abs0,all,unfiltered,1505,oriC,0.5812446001250979,594,0.05165930660488045
proteomics,zhu_V_natriegens,rel0_abs0,all,unfiltered,1505,ter,2.774906866696492e-4,369,0.30394576655551847
proteomics,zhu_V_natriegens,rel0_abs0,all,unfiltered,1480,oriC,0.15491110182557408,589,0.07442424845372796
proteomics,zhu_V_natriegens,rel0_abs0,all,unfiltered,1480,ter,0.059404735785226266,358,0.4928380722087259
proteomics,zhu_V_natriegens,rel0_abs0,all,unfiltered,1046,oriC,1.556184875361874e-14,438,-0.3621744110536096
proteomics,zhu_V_natriegens,rel0_abs0,all,unfiltered,1046,ter,7.817473542527954e-5,224,-0.265652047054813
proteomics,zhu_V_natriegens,rel0_abs0,all,unfiltered,1463,oriC,0.021423825965961745,581,0.09941610439055813
proteomics,zhu_V_natriegens,rel0_abs0,all,unfiltered,1463,ter,0.5840541293547122,351,0.4775546930960877
proteomics,zhu_V_natriegens,rel0_abs0,all,unfiltered,1509,oriC,3.736820221277773e-10,594,-0.2692666097192802
proteomics,zhu_V_natriegens,rel0_abs0,all,unfiltered,1509,ter,2.004295409122371e-11,373,-0.7027048054488675
proteomics,zhu_V_natriegens,rel0_abs0,all,unfiltered,1506,oriC,1.929371264528685e-16,593,-0.6033801225708583
proteomics,zhu_V_natriegens,rel0_abs0,all,unfiltered,1506,ter,2.074901257603317e-10,372,-1.6096413321854528
proteomics,zhu_V_natriegens,rel0_abs0,all,unfiltered,1519,oriC,2.275922355813957e-9,597,-0.16832217334344446
proteomics,zhu_V_natriegens,rel0_abs0,all,unfiltered,1519,ter,7.18623223864764e-8,376,-0.3797931680354998
proteomics,zhu_V_natriegens,rel0_abs0,all,unfiltered,1490,oriC,7.229393693410505e-7,593,-0.1247411355173493
proteomics,zhu_V_natriegens,rel0_abs0,all,unfiltered,1490,ter,1.3450189748788906e-7,363,-0.5252737024361027
proteomics,zhu_V_natriegens,rel0_abs0,all,unfiltered,1501,oriC,7.176180454808163e-24,593,-1.069866363177382
proteomics,zhu_V_natriegens,rel0_abs0,all,unfiltered,1501,ter,1.2434822870301854e-15,368,-3.79178557028115
proteomics,zhu_V_natriegens,rel0_abs0,all,unfiltered,1491,oriC,2.2738472887296827e-9,593,-0.29677706499494394
proteomics,zhu_V_natriegens,rel0_abs0,all,unfiltered,1491,ter,4.812726788492726e-10,364,-0.9292935740999819
proteomics,zhu_V_natriegens,rel0_abs0,all,unfiltered,1048,oriC,0.029357294305000017,438,-0.01813379301983918
proteomics,zhu_V_natriegens,rel0_abs0,all,unfiltered,1048,ter,0.8804650583950879,225,-0.015306078347495592
proteomics,zhu_V_natriegens,rel0_abs0,all,unfiltered,1505,oriC,3.1629080274649054e-7,594,0.14357584876176196
proteomics,zhu_V_natriegens,rel0_abs0,all,unfiltered,1505,ter,4.1940939019400756e-12,369,0.3736269290246814
proteomics,zhu_V_natriegens,rel0_abs0,all,unfiltered,1481,oriC,0.11637995387402778,590,0.1884582045704963
proteomics,zhu_V_natriegens,rel0_abs0,all,unfiltered,1481,ter,1.8345562814136443e-4,358,0.4767958714473858
proteomics,zhu_V_natriegens,rel0_abs0,all,unfiltered,1047,oriC,3.4782783691257316e-8,437,-0.20349985527884895
proteomics,zhu_V_natriegens,rel0_abs0,all,unfiltered,1047,ter,0.006151956301712344,225,-0.1548864652435522
proteomics,zhu_V_natriegens,rel0_abs0,all,unfiltered,1465,oriC,0.9823073101816397,582,0.22624549089234652
proteomics,zhu_V_natriegens,rel0_abs0,all,unfiltered,1465,ter,0.6775130603562974,352,0.5942631945510721
proteomics,zhu_V_natriegens,rel0_abs0,all,unfiltered,1505,oriC,1.3686920410046747e-9,594,0.4417625263583286
proteomics,zhu_V_natriegens,rel0_abs0,all,unfiltered,1505,ter,3.142309813565129e-7,369,1.329118954175926
proteomics,zhu_V_natriegens,rel0_abs0,all,unfiltered,1469,oriC,7.710864035748e-11,584,0.1862068251075777
proteomics,zhu_V_natriegens,rel0_abs0,all,unfiltered,1469,ter,9.273181324781147e-6,355,0.4585290124040136
proteomics,zhu_V_natriegens,rel0_abs0,all,unfiltered,1019,oriC,2.4401251028274762e-9,426,-0.11621608481907753
proteomics,zhu_V_natriegens,rel0_abs0,all,unfiltered,1019,ter,2.0908403436537413e-4,218,-0.10200836735585644
proteomics,zhu_V_natriegens,rel0_abs0,all,unfiltered,1446,oriC,0.0907635462830895,576,0.1627478596562089
proteomics,zhu_V_natriegens,rel0_abs0,all,unfiltered,1446,ter,0.12518874410143935,346,0.3567421474080144
proteomics,zhu_V_natriegens,rel0_abs0,all,unfiltered,1518,oriC,0.7752129076327041,598,0.07470303721625317
proteomics,zhu_V_natriegens,rel0_abs0,all,unfiltered,1518,ter,0.9141296199281441,375,0.05554642501046468
proteomics,zhu_V_natriegens,rel0_abs0,all,unfiltered,1505,oriC,4.0324830572460525e-18,594,-0.7748515830517317
proteomics,zhu_V_natriegens,rel0_abs0,all,unfiltered,1505,ter,4.1168873406796214e-11,369,-3.942571366912634
proteomics,zhu_V_natriegens,rel0_abs0,all,unfiltered,1517,oriC,0.038751651657063325,597,-0.003296958113941252
proteomics,zhu_V_natriegens,rel0_abs0,all,unfiltered,1517,ter,0.008038915584958563,376,-0.1733464444102325
proteomics,zhu_V_natriegens,rel0_abs0,all,unfiltered,1466,oriC,9.600361403423598e-21,585,-0.5647955589920199
proteomics,zhu_V_natriegens,rel0_abs0,all,unfiltered,1466,ter,9.243664473329003e-13,351,-1.6217133491480502
proteomics,zhu_V_natriegens,rel0_abs0,all,unfiltered,1463,oriC,0.006235889642900577,585,-0.048602349201068304
proteomics,zhu_V_natriegens,rel0_abs0,all,unfiltered,1463,ter,5.389574302973533e-4,352,-0.21404233130484102
proteomics,zhu_V_natriegens,rel0_abs0,all,unfiltered,1430,oriC,3.39387804514963e-23,572,0.33368679186186023
proteomics,zhu_V_natriegens,rel0_abs0,all,unfiltered,1430,ter,1.3992685272999055e-12,338,0.5103732196379245
