assay,dataset,cutoff,gene_filter,fc_mode,n_total,group,p,n_genes,med_log2fc
proteomics,schmidt_2016,rel20_abs0.1,high,unfiltered,1408,oriC,0.5262764912224474,469,0.018321112839426317
proteomics,schmidt_2016,rel20_abs0.1,high,unfiltered,1408,ter,0.2599685042944414,449,-0.03625032363688598
proteomics,schmidt_2016,rel20_abs0.1,high,unfiltered,1408,oriC,0.023757647946942212,469,-0.08637876125762893
proteomics,schmidt_2016,rel20_abs0.1,high,unfiltered,1408,ter,0.023074657228356905,449,-0.05204664174098647
proteomics,schmidt_2016,rel20_abs0.1,high,unfiltered,1408,oriC,0.7337244081299383,469,0.012230449349504017
proteomics,schmidt_2016,rel20_abs0.1,high,unfiltered,1408,ter,0.463457262652366,449,0.03976518098408967
proteomics,schmidt_2016,rel20_abs0.1,high,unfiltered,1408,oriC,0.023173600991538708,469,0.13575116298964873
proteomics,schmidt_2016,rel20_abs0.1,high,unfiltered,1408,ter,0.6339488862660472,449,0.02262399225432558
proteomics,schmidt_2016,rel20_abs0.1,high,unfiltered,1408,oriC,0.42972839316664807,469,0.030104961218944185
proteomics,schmidt_2016,rel20_abs0.1,high,unfiltered,1408,ter,0.058784527051420295,449,-0.014323479728410606
proteomics,schmidt_2016,rel20_abs0.1,high,unfiltered,1408,oriC,0.6693742174565444,469,-0.027083424313799367
proteomics,schmidt_2016,rel20_abs0.1,high,unfiltered,1408,ter,0.008523413104898334,449,-0.11019070253966926
proteomics,schmidt_2016,rel20_abs0.1,high,unfiltered,1408,oriC,0.5396983240858753,469,0.03379281071651597
proteomics,schmidt_2016,rel20_abs0.1,high,unfiltered,1408,ter,0.40374924520221356,449,0.059964888542072464
proteomics,schmidt_2016,rel20_abs0.1,high,unfiltered,1408,oriC,0.02684981754947905,469,0.10021223744756563
proteomics,schmidt_2016,rel20_abs0.1,high,unfiltered,1408,ter,0.4627925095947021,449,0.0015727135612363524
proteomics,schmidt_2016,rel20_abs0.1,high,unfiltered,1408,oriC,0.787137821943066,469,0.0252736276273368
proteomics,schmidt_2016,rel20_abs0.1,high,unfiltered,1408,ter,0.10404716410827014,449,-0.03447208171990664
proteomics,schmidt_2016,rel20_abs0.1,high,unfiltered,1408,oriC,0.33692688588300085,469,0.04064338209071311
proteomics,schmidt_2016,rel20_abs0.1,high,unfiltered,1408,ter,0.9799903280337372,449,0.030959539439649335
proteomics,schmidt_2016,rel20_abs0.1,high,unfiltered,1408,oriC,0.4025991817094744,469,-0.05366034400807502
proteomics,schmidt_2016,rel20_abs0.1,high,unfiltered,1408,ter,0.5318342988204925,449,-0.06350348597144756
proteomics,schmidt_2016,rel20_abs0.1,high,unfiltered,1408,oriC,0.3455636735258627,469,0.03209620660328117
proteomics,schmidt_2016,rel20_abs0.1,high,unfiltered,1408,ter,0.3937950954041703,449,-0.037157736928244554
proteomics,schmidt_2016,rel20_abs0.1,high,unfiltered,1408,oriC,0.2916184002547254,469,0.061969814205336426
proteomics,schmidt_2016,rel20_abs0.1,high,unfiltered,1408,ter,0.5758777706047546,449,-0.007951217163472643
proteomics,schmidt_2016,rel20_abs0.1,high,unfiltered,1408,oriC,0.9989132306215943,469,-0.03584381017123571
proteomics,schmidt_2016,rel20_abs0.1,high,unfiltered,1408,ter,0.9180672677102132,449,0.00921834842994343
proteomics,schmidt_2016,rel20_abs0.1,high,unfiltered,1408,oriC,0.9124199579491962,469,-0.013197931339772167
proteomics,schmidt_2016,rel20_abs0.1,high,unfiltered,1408,ter,0.1842306941797705,449,-0.08309733394641683
proteomics,schmidt_2016,rel20_abs0.1,high,unfiltered,1408,oriC,0.18361224652398303,469,0.07698252675571254
proteomics,schmidt_2016,rel20_abs0.1,high,unfiltered,1408,ter,0.6391366205567488,449,-0.06634274968725216
proteomics,schmidt_2016,rel20_abs0.1,high,unfiltered,1408,oriC,0.03912729085294268,469,-0.11524957335105405
proteomics,schmidt_2016,rel20_abs0.1,high,unfiltered,1408,ter,7.72139455530558e-8,449,-0.3111617559812082
proteomics,schmidt_2016,rel20_abs0.1,high,unfiltered,1408,oriC,0.0328416730942295,469,-0.1027421797909343
proteomics,schmidt_2016,rel20_abs0.1,high,unfiltered,1408,ter,2.0954089289710825e-13,449,-0.48198299937820904
proteomics,schmidt_2016,rel20_abs0.1,high,unfiltered,1408,oriC,0.003971400310433875,469,-0.03821750285686079
proteomics,schmidt_2016,rel20_abs0.1,high,unfiltered,1408,ter,0.004256344869659216,449,-0.029620209391970576
proteomics,schmidt_2016,rel20_abs0.1,high,unfiltered,1408,oriC,0.005163422241133493,469,0.0939882978079738
proteomics,schmidt_2016,rel20_abs0.1,high,unfiltered,1408,ter,0.01908817587914015,449,-0.025964456135765715
proteomics,schmidt_2016,rel20_abs0.1,high,unfiltered,1408,oriC,0.399162720413594,469,0.007739815944116604
proteomics,schmidt_2016,rel20_abs0.1,high,unfiltered,1408,ter,6.293169614825693e-4,449,-0.0682968922575141
proteomics,schmidt_2016,rel20_abs0.1,high,unfiltered,1408,oriC,0.49563585732390425,469,-0.042303343202552336
proteomics,schmidt_2016,rel20_abs0.1,high,unfiltered,1408,ter,2.1942632696049324e-5,449,-0.143525568843699
proteomics,schmidt_2016,rel20_abs0.1,high,unfiltered,1408,oriC,0.275716847090666,469,0.033182806768352634
proteomics,schmidt_2016,rel20_abs0.1,high,unfiltered,1408,ter,0.3228091434249121,449,9.360944609914197e-4
proteomics,schmidt_2016,rel20_abs0.1,high,unfiltered,1408,oriC,0.02248119555268946,469,0.060266636626692995
proteomics,schmidt_2016,rel20_abs0.1,high,unfiltered,1408,ter,0.07530988248053819,449,-0.033852398618318416
proteomics,schmidt_2016,rel20_abs0.1,high,unfiltered,1408,oriC,0.9932077713230409,469,-0.003992514584460801
proteomics,schmidt_2016,rel20_abs0.1,high,unfiltered,1408,ter,0.0030266874165175922,449,-0.07081766545171929
proteomics,schmidt_2016,rel20_abs0.1,high,unfiltered,1408,oriC,0.9478721923917078,469,-0.009230109441362306
proteomics,schmidt_2016,rel20_abs0.1,high,unfiltered,1408,ter,0.044921129919990054,449,-0.023519108837395563
proteomics,schmidt_2016,rel20_abs0.1,high,unfiltered,1408,oriC,0.30090832127553663,469,-0.10130648666108451
proteomics,schmidt_2016,rel20_abs0.1,high,unfiltered,1408,ter,0.516914802317084,449,-0.0954716848793917
proteomics,schmidt_2016,rel20_abs0.1,high,unfiltered,1408,oriC,0.2694659438603234,469,0.03158677958356638
proteomics,schmidt_2016,rel20_abs0.1,high,unfiltered,1408,ter,0.025842056076141536,449,-0.09862520012666255
proteomics,schmidt_2016,rel20_abs0.1,high,unfiltered,1408,oriC,0.2953738311787609,469,0.02636221312541717
proteomics,schmidt_2016,rel20_abs0.1,high,unfiltered,1408,ter,0.29466116814005183,449,-0.02855250028128942
proteomics,schmidt_2016,rel20_abs0.1,high,unfiltered,1408,oriC,0.8081697244833632,469,-0.04743464193163798
proteomics,schmidt_2016,rel20_abs0.1,high,unfiltered,1408,ter,0.5235188252170049,449,-0.04597183696886553
proteomics,schmidt_2016,rel20_abs0.1,high,unfiltered,1408,oriC,0.8290757373039803,469,-0.059232529418691254
proteomics,schmidt_2016,rel20_abs0.1,high,unfiltered,1408,ter,0.010663401003047275,449,-0.11917539155596285
proteomics,schmidt_2016,rel20_abs0.1,high,unfiltered,1408,oriC,0.14689183333665948,469,0.037522966225570206
proteomics,schmidt_2016,rel20_abs0.1,high,unfiltered,1408,ter,0.42199982915700557,449,-0.05052537851482271
proteomics,schmidt_2016,rel20_abs0.1,high,unfiltered,1408,oriC,0.04920394348649131,469,-0.15242355597002244
proteomics,schmidt_2016,rel20_abs0.1,high,unfiltered,1408,ter,9.532932304005074e-11,449,-0.3596957144146977
proteomics,schmidt_2016,rel20_abs0.1,high,unfiltered,1408,oriC,0.028509831943129355,469,-0.11747363298008587
proteomics,schmidt_2016,rel20_abs0.1,high,unfiltered,1408,ter,7.57804716043397e-16,449,-0.5562256186636645
proteomics,schmidt_2016,rel20_abs0.1,high,unfiltered,1408,oriC,9.91987661686387e-4,469,0.1256975336276632
proteomics,schmidt_2016,rel20_abs0.1,high,unfiltered,1408,ter,0.6269739213801051,449,0.06425865510597206
proteomics,schmidt_2016,rel20_abs0.1,high,unfiltered,1408,oriC,0.1026598951583959,469,0.04628239888091251
proteomics,schmidt_2016,rel20_abs0.1,high,unfiltered,1408,ter,0.8318885534209794,449,0.054921599729128856
proteomics,schmidt_2016,rel20_abs0.1,high,unfiltered,1408,oriC,0.5231694502257362,469,-0.029947023074956322
proteomics,schmidt_2016,rel20_abs0.1,high,unfiltered,1408,ter,0.05172494731220604,449,-0.019668444751810493
proteomics,schmidt_2016,rel20_abs0.1,high,unfiltered,1408,oriC,0.13160452434343722,469,0.04194028807006971
proteomics,schmidt_2016,rel20_abs0.1,high,unfiltered,1408,ter,0.11864731634332015,449,0.1045670469271711
proteomics,schmidt_2016,rel20_abs0.1,high,unfiltered,1408,oriC,0.008035458786356206,469,0.070177875881384
proteomics,schmidt_2016,rel20_abs0.1,high,unfiltered,1408,ter,0.40477337631165133,449,0.058871539772954284
proteomics,schmidt_2016,rel20_abs0.1,high,unfiltered,1408,oriC,0.4456090728347457,469,0.01971409560599162
proteomics,schmidt_2016,rel20_abs0.1,high,unfiltered,1408,ter,0.7328625731059784,449,0.015946603268027815
proteomics,schmidt_2016,rel20_abs0.1,high,unfiltered,1408,oriC,0.7393727569310768,469,-0.009796982905892787
proteomics,schmidt_2016,rel20_abs0.1,high,unfiltered,1408,ter,0.6970532983118357,449,0.002250945126613176
proteomics,schmidt_2016,rel20_abs0.1,high,unfiltered,1408,oriC,0.1230257796841953,469,-0.08771713741051475
proteomics,schmidt_2016,rel20_abs0.1,high,unfiltered,1408,ter,0.8592062205977726,449,-0.016237992809679233
proteomics,schmidt_2016,rel20_abs0.1,high,unfiltered,1408,oriC,0.22179413567979445,469,0.030808299981645016
proteomics,schmidt_2016,rel20_abs0.1,high,unfiltered,1408,ter,0.9828897982463264,449,0.06013349372215043
proteomics,schmidt_2016,rel20_abs0.1,high,unfiltered,1408,oriC,0.3506370929176335,469,0.04482370490917086
proteomics,schmidt_2016,rel20_abs0.1,high,unfiltered,1408,ter,0.7035168312769648,449,0.1076238550631696
proteomics,schmidt_2016,rel20_abs0.1,high,unfiltered,1408,oriC,0.3086101332569328,469,-0.0472170763541398
proteomics,schmidt_2016,rel20_abs0.1,high,unfiltered,1408,ter,0.20666985677476024,449,0.041122783292389616
proteomics,schmidt_2016,rel20_abs0.1,high,unfiltered,1408,oriC,0.5765397478796109,469,0.00520298828168975
proteomics,schmidt_2016,rel20_abs0.1,high,unfiltered,1408,ter,0.5299277350270981,449,0.006013057755293616
proteomics,schmidt_2016,rel20_abs0.1,high,unfiltered,1408,oriC,0.42913188033724636,469,0.04277134803515774
proteomics,schmidt_2016,rel20_abs0.1,high,unfiltered,1408,ter,0.1534536890452821,449,0.09386285409095733
proteomics,schmidt_2016,rel20_abs0.1,high,unfiltered,1408,oriC,0.02956296350429205,469,-0.10946598898580391
proteomics,schmidt_2016,rel20_abs0.1,high,unfiltered,1408,ter,1.5002932976277035e-6,449,-0.2729994227580501
proteomics,schmidt_2016,rel20_abs0.1,high,unfiltered,1408,oriC,0.005267747793857318,469,-0.11565573386401651
proteomics,schmidt_2016,rel20_abs0.1,high,unfiltered,1408,ter,3.4162380873106032e-12,449,-0.44128978137478847
proteomics,schmidt_2016,rel20_abs0.1,high,unfiltered,1408,oriC,6.098797829795359e-10,469,0.175963761716124
proteomics,schmidt_2016,rel20_abs0.1,high,unfiltered,1408,ter,0.24123631159332667,449,0.054087013835048305
proteomics,schmidt_2016,rel20_abs0.1,high,unfiltered,1408,oriC,1.7368561375881411e-12,469,0.12407168054425488
proteomics,schmidt_2016,rel20_abs0.1,high,unfiltered,1408,ter,0.04430347647412487,449,0.03794751077818816
proteomics,schmidt_2016,rel20_abs0.1,high,unfiltered,1408,oriC,0.0037093412033370535,469,0.05633108091628501
proteomics,schmidt_2016,rel20_abs0.1,high,unfiltered,1408,ter,0.8120947149890463,449,-0.022688453773194887
proteomics,schmidt_2016,rel20_abs0.1,high,unfiltered,1408,oriC,1.4060087165721274e-8,469,0.10481919427040803
proteomics,schmidt_2016,rel20_abs0.1,high,unfiltered,1408,ter,1.4303152425077154e-4,449,0.12056286350504619
proteomics,schmidt_2016,rel20_abs0.1,high,unfiltered,1408,oriC,4.816411062302604e-10,469,0.16944516617492641
proteomics,schmidt_2016,rel20_abs0.1,high,unfiltered,1408,ter,0.013748919996822033,449,0.07123430992081689
proteomics,schmidt_2016,rel20_abs0.1,high,unfiltered,1408,oriC,4.0584302708505106e-7,469,0.11672801019317144
proteomics,schmidt_2016,rel20_abs0.1,high,unfiltered,1408,ter,0.14147234927536284,449,0.03977071070715048
proteomics,schmidt_2016,rel20_abs0.1,high,unfiltered,1408,oriC,8.456707755616754e-4,469,0.06836749435688962
proteomics,schmidt_2016,rel20_abs0.1,high,unfiltered,1408,ter,0.39017610677711134,449,0.001810050647488665
proteomics,schmidt_2016,rel20_abs0.1,high,unfiltered,1408,oriC,0.758732704372055,469,-0.03503401463071496
proteomics,schmidt_2016,rel20_abs0.1,high,unfiltered,1408,ter,0.30243281448499326,449,-0.034953114518937164
proteomics,schmidt_2016,rel20_abs0.1,high,unfiltered,1408,oriC,0.001875621480707985,469,0.06572542171957632
proteomics,schmidt_2016,rel20_abs0.1,high,unfiltered,1408,ter,0.38319730273299063,449,0.05635494374761932
proteomics,schmidt_2016,rel20_abs0.1,high,unfiltered,1408,oriC,0.0014162648694105056,469,0.11399752181364646
proteomics,schmidt_2016,rel20_abs0.1,high,unfiltered,1408,ter,0.23473121751207696,449,0.08608601196023993
proteomics,schmidt_2016,rel20_abs0.1,high,unfiltered,1408,oriC,0.1584165550408679,469,-0.0051471105280139415
proteomics,schmidt_2016,rel20_abs0.1,high,unfiltered,1408,ter,0.0015963363060838356,449,0.07726031644741069
proteomics,schmidt_2016,rel20_abs0.1,high,unfiltered,1408,oriC,0.2574007176471175,469,0.018437644233617174
proteomics,schmidt_2016,rel20_abs0.1,high,unfiltered,1408,ter,0.9154712525204767,449,-0.016655858619825593
proteomics,schmidt_2016,rel20_abs0.1,high,unfiltered,1408,oriC,4.924307523616147e-4,469,0.12855175445529668
proteomics,schmidt_2016,rel20_abs0.1,high,unfiltered,1408,ter,0.10038511008059615,449,0.06627916895888783
proteomics,schmidt_2016,rel20_abs0.1,high,unfiltered,1408,oriC,0.7275789781666422,469,-0.044018725575025855
proteomics,schmidt_2016,rel20_abs0.1,high,unfiltered,1408,ter,4.094047982271459e-6,449,-0.23911678920894613
proteomics,schmidt_2016,rel20_abs0.1,high,unfiltered,1408,oriC,0.4267506475209294,469,-0.040420405146886725
proteomics,schmidt_2016,rel20_abs0.1,high,unfiltered,1408,ter,4.251915509933411e-12,449,-0.46406867198138574
proteomics,schmidt_2016,rel20_abs0.1,high,unfiltered,1408,oriC,0.010601333692580513,469,0.06985784330978728
proteomics,schmidt_2016,rel20_abs0.1,high,unfiltered,1408,ter,0.1756165013554378,449,0.03469173960185611
proteomics,schmidt_2016,rel20_abs0.1,high,unfiltered,1408,oriC,4.886842771192682e-4,469,0.09757123872683808
proteomics,schmidt_2016,rel20_abs0.1,high,unfiltered,1408,ter,0.6871317658351235,449,0.03664844977066647
proteomics,schmidt_2016,rel20_abs0.1,high,unfiltered,1408,oriC,0.06372350846327773,469,0.04125767901739616
proteomics,schmidt_2016,rel20_abs0.1,high,unfiltered,1408,ter,0.5320728634399611,449,-0.03692614033324641
proteomics,schmidt_2016,rel20_abs0.1,high,unfiltered,1408,oriC,0.02051078151586375,469,0.03302200189294511
proteomics,schmidt_2016,rel20_abs0.1,high,unfiltered,1408,ter,0.6825911031571947,449,-0.0040693906753011995
proteomics,schmidt_2016,rel20_abs0.1,high,unfiltered,1408,oriC,0.999728307576641,469,-0.033171120294752096
proteomics,schmidt_2016,rel20_abs0.1,high,unfiltered,1408,ter,0.7731552664623277,449,-0.04004024911429593
proteomics,schmidt_2016,rel20_abs0.1,high,unfiltered,1408,oriC,0.12747138353010556,469,0.05171166917964006
proteomics,schmidt_2016,rel20_abs0.1,high,unfiltered,1408,ter,0.22513862674924667,449,-0.039519447944624496
proteomics,schmidt_2016,rel20_abs0.1,high,unfiltered,1408,oriC,0.19709424856491561,469,0.03994878265861643
proteomics,schmidt_2016,rel20_abs0.1,high,unfiltered,1408,ter,0.7013599111581141,449,0.04913797014756113
proteomics,schmidt_2016,rel20_abs0.1,high,unfiltered,1408,oriC,0.921337063225009,469,-0.0317428053790874
proteomics,schmidt_2016,rel20_abs0.1,high,unfiltered,1408,ter,0.6070122414420902,449,0.010079684042022438
proteomics,schmidt_2016,rel20_abs0.1,high,unfiltered,1408,oriC,0.7365468030815717,469,0.008512060975147628
proteomics,schmidt_2016,rel20_abs0.1,high,unfiltered,1408,ter,0.1093353400034182,449,-0.08260088800029393
proteomics,schmidt_2016,rel20_abs0.1,high,unfiltered,1408,oriC,0.02441912635428183,469,0.0760310535660072
proteomics,schmidt_2016,rel20_abs0.1,high,unfiltered,1408,ter,0.6892724722531887,449,-0.018326264962170855
proteomics,schmidt_2016,rel20_abs0.1,high,unfiltered,1408,oriC,0.20794798115796648,469,-0.14550770533403615
proteomics,schmidt_2016,rel20_abs0.1,high,unfiltered,1408,ter,2.996212979365782e-10,449,-0.3610789730444583
proteomics,schmidt_2016,rel20_abs0.1,high,unfiltered,1408,oriC,0.06251542309477462,469,-0.07127647347566154
proteomics,schmidt_2016,rel20_abs0.1,high,unfiltered,1408,ter,7.783569061717876e-16,449,-0.5493626735094985
proteomics,schmidt_2016,rel20_abs0.1,high,unfiltered,1408,oriC,9.66275715014233e-5,469,-0.19391914202985422
proteomics,schmidt_2016,rel20_abs0.1,high,unfiltered,1408,ter,0.704866120191749,449,-0.015419051280080401
proteomics,schmidt_2016,rel20_abs0.1,high,unfiltered,1408,oriC,7.045733940141856e-4,469,-0.0966404742967814
proteomics,schmidt_2016,rel20_abs0.1,high,unfiltered,1408,ter,0.5994109796803342,449,-0.016753131671542482
proteomics,schmidt_2016,rel20_abs0.1,high,unfiltered,1408,oriC,0.0018159799244174097,469,-0.10144273596906453
proteomics,schmidt_2016,rel20_abs0.1,high,unfiltered,1408,ter,0.3068852650800008,449,0.027655144051078724
proteomics,schmidt_2016,rel20_abs0.1,high,unfiltered,1408,oriC,1.848527647294056e-4,469,-0.18738951942350457
proteomics,schmidt_2016,rel20_abs0.1,high,unfiltered,1408,ter,0.3418405585525508,449,-0.011009463723013608
proteomics,schmidt_2016,rel20_abs0.1,high,unfiltered,1408,oriC,2.545053580759835e-8,469,-0.1827864393811601
proteomics,schmidt_2016,rel20_abs0.1,high,unfiltered,1408,ter,0.012894954666794195,449,-0.10803979568145691
proteomics,schmidt_2016,rel20_abs0.1,high,unfiltered,1408,oriC,0.6986328390656118,469,-0.028551217836953982
proteomics,schmidt_2016,rel20_abs0.1,high,unfiltered,1408,ter,0.17330972371019104,449,0.004809155449654674
proteomics,schmidt_2016,rel20_abs0.1,high,unfiltered,1408,oriC,1.7427099281531112e-7,469,-0.21173405291301944
proteomics,schmidt_2016,rel20_abs0.1,high,unfiltered,1408,ter,1.9058399547658872e-9,449,-0.3198328352753821
proteomics,schmidt_2016,rel20_abs0.1,high,unfiltered,1408,oriC,1.6032932583504763e-5,469,-0.2473628858634745
proteomics,schmidt_2016,rel20_abs0.1,high,unfiltered,1408,ter,5.183272501808043e-14,449,-0.3963537896601909
proteomics,schmidt_2016,rel20_abs0.1,high,unfiltered,1408,oriC,0.04185858232555228,469,-0.10597485607193786
proteomics,schmidt_2016,rel20_abs0.1,high,unfiltered,1408,ter,0.6537558279612234,449,-0.012096861631115063
proteomics,schmidt_2016,rel20_abs0.1,high,unfiltered,1408,oriC,0.45644801491742465,469,-0.01863097113199761
proteomics,schmidt_2016,rel20_abs0.1,high,unfiltered,1408,ter,0.7868225581277123,449,0.02453879166313631
proteomics,schmidt_2016,rel20_abs0.1,high,unfiltered,1408,oriC,0.6484253058067531,469,-0.004726454392411024
proteomics,schmidt_2016,rel20_abs0.1,high,unfiltered,1408,ter,0.6272316647256211,449,0.037270114554195904
proteomics,schmidt_2016,rel20_abs0.1,high,unfiltered,1408,oriC,0.03463835743273114,469,-0.06541430480501288
proteomics,schmidt_2016,rel20_abs0.1,high,unfiltered,1408,ter,0.21840211384090816,449,-0.014690888802052245
proteomics,schmidt_2016,rel20_abs0.1,high,unfiltered,1408,oriC,0.003078740502823774,469,-0.08673101937054248
proteomics,schmidt_2016,rel20_abs0.1,high,unfiltered,1408,ter,0.04734295476070748,449,-0.08089506773359581
proteomics,schmidt_2016,rel20_abs0.1,high,unfiltered,1408,oriC,0.4265525597524277,469,0.036119602141979935
proteomics,schmidt_2016,rel20_abs0.1,high,unfiltered,1408,ter,0.24138229674625794,449,0.023356300125063463
proteomics,schmidt_2016,rel20_abs0.1,high,unfiltered,1408,oriC,7.542366021178001e-4,469,-0.15115573892350717
proteomics,schmidt_2016,rel20_abs0.1,high,unfiltered,1408,ter,4.292664366970661e-10,449,-0.2711406754975127
proteomics,schmidt_2016,rel20_abs0.1,high,unfiltered,1408,oriC,7.607022267901005e-5,469,-0.1358680742692262
proteomics,schmidt_2016,rel20_abs0.1,high,unfiltered,1408,ter,1.0507816090505721e-14,449,-0.4212766636450994
proteomics,schmidt_2016,rel20_abs0.1,high,unfiltered,1408,oriC,0.2336045819033274,469,-0.09765918493340374
proteomics,schmidt_2016,rel20_abs0.1,high,unfiltered,1408,ter,0.03175205726751449,449,0.05883351233248842
proteomics,schmidt_2016,rel20_abs0.1,high,unfiltered,1408,oriC,0.5236127360840359,469,0.023244803529546276
proteomics,schmidt_2016,rel20_abs0.1,high,unfiltered,1408,ter,0.032422893672933245,449,0.06081207893478272
proteomics,schmidt_2016,rel20_abs0.1,high,unfiltered,1408,oriC,0.19520892517913863,469,0.03765068429976788
proteomics,schmidt_2016,rel20_abs0.1,high,unfiltered,1408,ter,0.012711682993581953,449,0.11803723922087936
proteomics,schmidt_2016,rel20_abs0.1,high,unfiltered,1408,oriC,0.3869010064681904,469,-0.029343195423257203
proteomics,schmidt_2016,rel20_abs0.1,high,unfiltered,1408,ter,0.03289669186432083,449,0.041378190463244986
proteomics,schmidt_2016,rel20_abs0.1,high,unfiltered,1408,oriC,0.4657660744211383,469,-0.009787252168898076
proteomics,schmidt_2016,rel20_abs0.1,high,unfiltered,1408,ter,0.968395473169126,449,0.0033999232167265755
proteomics,schmidt_2016,rel20_abs0.1,high,unfiltered,1408,oriC,0.0023487951181794635,469,0.11041877522337286
proteomics,schmidt_2016,rel20_abs0.1,high,unfiltered,1408,ter,0.003476550905248169,449,0.10631238612301011
proteomics,schmidt_2016,rel20_abs0.1,high,unfiltered,1408,oriC,0.07058475184166439,469,-0.06811855397898067
proteomics,schmidt_2016,rel20_abs0.1,high,unfiltered,1408,ter,2.99437303614433e-7,449,-0.21160865584861532
proteomics,schmidt_2016,rel20_abs0.1,high,unfiltered,1408,oriC,0.016169623197594296,469,-0.05928129497729487
proteomics,schmidt_2016,rel20_abs0.1,high,unfiltered,1408,ter,1.0776245010698312e-10,449,-0.37648426506937394
proteomics,schmidt_2016,rel20_abs0.1,high,unfiltered,1408,oriC,0.25003559857627905,469,-0.032983943290831264
proteomics,schmidt_2016,rel20_abs0.1,high,unfiltered,1408,ter,0.10623189316611942,449,-0.040210918618121816
proteomics,schmidt_2016,rel20_abs0.1,high,unfiltered,1408,oriC,0.018778422402504654,469,-0.12158722483396764
proteomics,schmidt_2016,rel20_abs0.1,high,unfiltered,1408,ter,0.49828673108555305,449,-0.0746320470918422
proteomics,schmidt_2016,rel20_abs0.1,high,unfiltered,1408,oriC,0.0015340679988699634,469,-0.09020148642966455
proteomics,schmidt_2016,rel20_abs0.1,high,unfiltered,1408,ter,3.4305747668193125e-4,449,-0.14021896299635112
proteomics,schmidt_2016,rel20_abs0.1,high,unfiltered,1408,oriC,0.5086498422334687,469,0.0013899179629882883
proteomics,schmidt_2016,rel20_abs0.1,high,unfiltered,1408,ter,0.7537529472989444,449,-0.04176110289203198
proteomics,schmidt_2016,rel20_abs0.1,high,unfiltered,1408,oriC,5.653311739016098e-4,469,-0.18399362245858136
proteomics,schmidt_2016,rel20_abs0.1,high,unfiltered,1408,ter,2.568039310899943e-13,449,-0.34021952148143597
proteomics,schmidt_2016,rel20_abs0.1,high,unfiltered,1408,oriC,1.734318100251178e-4,469,-0.16920242418982467
proteomics,schmidt_2016,rel20_abs0.1,high,unfiltered,1408,ter,1.84524426308888e-18,449,-0.53875012585079
proteomics,schmidt_2016,rel20_abs0.1,high,unfiltered,1408,oriC,0.04438821077099206,469,-0.050252076923149334
proteomics,schmidt_2016,rel20_abs0.1,high,unfiltered,1408,ter,0.8250894005653836,449,0.0036600012444724275
proteomics,schmidt_2016,rel20_abs0.1,high,unfiltered,1408,oriC,7.164473633910434e-5,469,-0.15553085841271705
proteomics,schmidt_2016,rel20_abs0.1,high,unfiltered,1408,ter,0.7862633903654954,449,-0.04460470885723454
proteomics,schmidt_2016,rel20_abs0.1,high,unfiltered,1408,oriC,3.4406098362754507e-6,469,-0.09235273779602345
proteomics,schmidt_2016,rel20_abs0.1,high,unfiltered,1408,ter,0.0014479010971382063,449,-0.08758208473372893
proteomics,schmidt_2016,rel20_abs0.1,high,unfiltered,1408,oriC,0.9275579367724789,469,-0.008776284735594232
proteomics,schmidt_2016,rel20_abs0.1,high,unfiltered,1408,ter,0.32871454748555,449,7.576680947241627e-4
proteomics,schmidt_2016,rel20_abs0.1,high,unfiltered,1408,oriC,2.7350356839300635e-5,469,-0.15435653004077332
proteomics,schmidt_2016,rel20_abs0.1,high,unfiltered,1408,ter,1.7991760856449045e-12,449,-0.2759760604850283
proteomics,schmidt_2016,rel20_abs0.1,high,unfiltered,1408,oriC,2.7515162185917308e-5,469,-0.21399894695856167
proteomics,schmidt_2016,rel20_abs0.1,high,unfiltered,1408,ter,1.5188151971537098e-15,449,-0.40790212221497885
proteomics,schmidt_2016,rel20_abs0.1,high,unfiltered,1408,oriC,0.5908016462819378,469,0.030460134022664866
proteomics,schmidt_2016,rel20_abs0.1,high,unfiltered,1408,ter,0.4394335316504476,449,0.05683049382540352
proteomics,schmidt_2016,rel20_abs0.1,high,unfiltered,1408,oriC,0.20942727590032173,469,-0.05486798460522767
proteomics,schmidt_2016,rel20_abs0.1,high,unfiltered,1408,ter,0.0573881614162341,449,0.036163622668561976
proteomics,schmidt_2016,rel20_abs0.1,high,unfiltered,1408,oriC,0.2078250494928935,469,-0.03954741467930365
proteomics,schmidt_2016,rel20_abs0.1,high,unfiltered,1408,ter,0.23287531092305877,449,-0.02336496766338147
proteomics,schmidt_2016,rel20_abs0.1,high,unfiltered,1408,oriC,0.0399434924723407,469,0.07487466502206679
proteomics,schmidt_2016,rel20_abs0.1,high,unfiltered,1408,ter,0.01860985278661336,449,0.0743380606348073
proteomics,schmidt_2016,rel20_abs0.1,high,unfiltered,1408,oriC,0.01465402109241773,469,-0.10982904883737231
proteomics,schmidt_2016,rel20_abs0.1,high,unfiltered,1408,ter,4.287764062974923e-8,449,-0.2606474651142977
proteomics,schmidt_2016,rel20_abs0.1,high,unfiltered,1408,oriC,0.005453479039635169,469,-0.10955359110184831
proteomics,schmidt_2016,rel20_abs0.1,high,unfiltered,1408,ter,2.8288097329599956e-12,449,-0.4307049864569164
proteomics,schmidt_2016,rel20_abs0.1,high,unfiltered,1408,oriC,0.23400579874593314,469,-0.0675425413641946
proteomics,schmidt_2016,rel20_abs0.1,high,unfiltered,1408,ter,0.729308466696893,449,-0.017495269162648527
proteomics,schmidt_2016,rel20_abs0.1,high,unfiltered,1408,oriC,0.22542173932367449,469,-0.06186446099179379
proteomics,schmidt_2016,rel20_abs0.1,high,unfiltered,1408,ter,0.029947679835940558,449,-0.059590278119493065
proteomics,schmidt_2016,rel20_abs0.1,high,unfiltered,1408,oriC,0.10439275078940395,469,0.0797654286163484
proteomics,schmidt_2016,rel20_abs0.1,high,unfiltered,1408,ter,0.28407294809626454,449,0.0020236009635274774
proteomics,schmidt_2016,rel20_abs0.1,high,unfiltered,1408,oriC,0.031125383495805584,469,-0.13169243221994784
proteomics,schmidt_2016,rel20_abs0.1,high,unfiltered,1408,ter,1.9258187849003437e-11,449,-0.30123575873400643
proteomics,schmidt_2016,rel20_abs0.1,high,unfiltered,1408,oriC,0.002694246799882276,469,-0.11621115668781909
proteomics,schmidt_2016,rel20_abs0.1,high,unfiltered,1408,ter,8.162588010294173e-16,449,-0.43495538909849885
proteomics,schmidt_2016,rel20_abs0.1,high,unfiltered,1408,oriC,0.7483876997262233,469,0.014547796342138632
proteomics,schmidt_2016,rel20_abs0.1,high,unfiltered,1408,ter,1.0637757494766786e-4,449,-0.30847543866642463
proteomics,schmidt_2016,rel20_abs0.1,high,unfiltered,1408,oriC,0.7011552338911418,469,0.015819247371512305
proteomics,schmidt_2016,rel20_abs0.1,high,unfiltered,1408,ter,2.4459376485714525e-8,449,-0.43021948555682443
proteomics,schmidt_2016,rel20_abs0.1,high,unfiltered,1408,oriC,0.01840380763934563,469,-0.11243540052379038
proteomics,schmidt_2016,rel20_abs0.1,high,unfiltered,1408,ter,1.6724595848679708e-7,449,-0.2464016754622692
proteomics,schmidt_2016,rel20_abs0.1,high,unfiltered,1408,oriC,0.025519666613553864,469,-0.07238964749735374
proteomics,schmidt_2016,rel20_abs0.1,high,unfiltered,1408,ter,8.110739361423112e-11,449,-0.40386793635480656
proteomics,schmidt_2016,rel20_abs0.1,high,unfiltered,1408,oriC,0.03977910633854487,469,-0.09501834810356753
proteomics,schmidt_2016,rel20_abs0.1,high,unfiltered,1408,ter,4.003572409465129e-11,449,-0.2774684051703103
proteomics,schmidt_2016,rel20_abs0.1,high,unfiltered,1408,oriC,0.07735286054321788,469,-0.03745529976211884
proteomics,schmidt_2016,rel20_abs0.1,high,unfiltered,1408,ter,1.6266542739646597e-13,449,-0.40109344865665686
proteomics,schmidt_2016,rel20_abs0.1,high,unfiltered,1408,oriC,0.6523480673008721,469,0.01779421351295657
proteomics,schmidt_2016,rel20_abs0.1,high,unfiltered,1408,ter,5.902478105393966e-6,449,-0.24367256411296598
proteomics,schmidt_2016,rel20_abs0.1,high,unfiltered,1408,oriC,0.8862769889636353,469,0.05240229310725515
proteomics,schmidt_2016,rel20_abs0.1,high,unfiltered,1408,ter,8.651165741017355e-10,449,-0.35701053710083736
proteomics,schmidt_2016,rel20_abs0.1,high,unfiltered,1408,oriC,0.7416875235060836,469,-0.04726094153122231
proteomics,schmidt_2016,rel20_abs0.1,high,unfiltered,1408,ter,5.99155101315e-7,449,-0.18345708583157452
proteomics,schmidt_2016,rel20_abs0.1,high,unfiltered,1408,oriC,0.3889597575294213,469,-0.004340451788289286
proteomics,schmidt_2016,rel20_abs0.1,high,unfiltered,1408,ter,2.6529918178698124e-11,449,-0.32569224337749053
proteomics,schmidt_2016,rel20_abs0.1,high,unfiltered,1408,oriC,1.1006022872063296e-5,469,-0.1706668396101888
proteomics,schmidt_2016,rel20_abs0.1,high,unfiltered,1408,ter,1.893071332257338e-9,449,-0.2710142607127805
proteomics,schmidt_2016,rel20_abs0.1,high,unfiltered,1408,oriC,0.001309956019508805,469,-0.14640205871285192
proteomics,schmidt_2016,rel20_abs0.1,high,unfiltered,1408,ter,1.0026906088017216e-10,449,-0.36731466755980646
proteomics,schmidt_2016,rel20_abs0.1,high,unfiltered,1408,oriC,0.03273034241733687,469,-0.034815967076171996
proteomics,schmidt_2016,rel20_abs0.1,high,unfiltered,1408,ter,2.46751872253766e-7,449,-0.14688135449706352
proteomics,peebo_2015,rel20_abs0.1,high,unfiltered,810,oriC,0.9577771039488491,262,-0.017102381785282256
proteomics,peebo_2015,rel20_abs0.1,high,unfiltered,810,ter,2.7975302692737475e-5,251,-0.0725067389045297
proteomics,peebo_2015,rel20_abs0.1,high,unfiltered,811,oriC,0.24205283555338697,263,0.0402627834407825
proteomics,peebo_2015,rel20_abs0.1,high,unfiltered,811,ter,0.30195636249749747,251,0.01362592425895047
proteomics,peebo_2015,rel20_abs0.1,high,unfiltered,811,oriC,0.3598930381869468,263,0.0451692040888218
proteomics,peebo_2015,rel20_abs0.1,high,unfiltered,811,ter,0.09108079951110754,251,0.016554722228271024
proteomics,peebo_2015,rel20_abs0.1,high,unfiltered,811,oriC,0.1333266231072668,263,-0.0725160242363267
proteomics,peebo_2015,rel20_abs0.1,high,unfiltered,811,ter,7.718005388869926e-7,251,-0.15314390240785053
proteomics,peebo_2015,rel20_abs0.1,high,unfiltered,811,oriC,0.3514572037078504,263,-0.037972210468364534
proteomics,peebo_2015,rel20_abs0.1,high,unfiltered,811,ter,1.776242807377279e-6,251,-0.1663525094372055
proteomics,peebo_2015,rel20_abs0.1,high,unfiltered,811,oriC,0.19102576068728225,263,0.050071075746858595
proteomics,peebo_2015,rel20_abs0.1,high,unfiltered,811,ter,0.05631458485084515,251,-0.003017032582878394
proteomics,peebo_2015,rel20_abs0.1,high,unfiltered,810,oriC,0.1779149487203765,262,0.06918648943793494
proteomics,peebo_2015,rel20_abs0.1,high,unfiltered,810,ter,0.11563990118438393,251,0.004140917194826323
proteomics,peebo_2015,rel20_abs0.1,high,unfiltered,810,oriC,0.2955797122331267,263,0.07894705279162827
proteomics,peebo_2015,rel20_abs0.1,high,unfiltered,810,ter,0.23221906961080496,251,0.010644161487906539
proteomics,peebo_2015,rel20_abs0.1,high,unfiltered,811,oriC,0.678688515340315,263,-0.02161619387172459
proteomics,peebo_2015,rel20_abs0.1,high,unfiltered,811,ter,3.011222350918939e-8,251,-0.20021825502532414
proteomics,peebo_2015,rel20_abs0.1,high,unfiltered,810,oriC,0.21690491591228125,262,-0.06040387674163854
proteomics,peebo_2015,rel20_abs0.1,high,unfiltered,810,ter,1.6034024714654378e-7,251,-0.17666409327536697
proteomics,peebo_2015,rel20_abs0.1,high,unfiltered,811,oriC,0.07592245840114363,263,-0.10162378695898995
proteomics,peebo_2015,rel20_abs0.1,high,unfiltered,811,ter,7.842369297447164e-9,251,-0.2633784948425089
proteomics,peebo_2015,rel20_abs0.1,high,unfiltered,810,oriC,0.16916364728174635,262,-0.08314063835411226
proteomics,peebo_2015,rel20_abs0.1,high,unfiltered,810,ter,7.266743563095881e-8,251,-0.23824841420421472
proteomics,peebo_2015,rel20_abs0.1,high,unfiltered,811,oriC,0.054168233377400725,263,-0.09201775700506397
proteomics,peebo_2015,rel20_abs0.1,high,unfiltered,811,ter,1.6080111954034214e-6,251,-0.23628879426799754
proteomics,peebo_2015,rel20_abs0.1,high,unfiltered,810,oriC,0.08019225974892921,262,-0.09712207476002184
proteomics,peebo_2015,rel20_abs0.1,high,unfiltered,810,ter,2.153731349881855e-7,251,-0.3090849642271033
proteomics,peebo_2015,rel20_abs0.1,high,unfiltered,811,oriC,0.17147435233340647,263,-0.05282129954557271
proteomics,peebo_2015,rel20_abs0.1,high,unfiltered,811,ter,7.283149510440165e-7,251,-0.28934621571204355
proteomics,peebo_2015,rel20_abs0.1,high,unfiltered,810,oriC,0.03677306906623888,263,-0.1486697641213275
proteomics,peebo_2015,rel20_abs0.1,high,unfiltered,810,ter,2.9665521458616502e-6,251,-0.2860263715269449
proteomics,peebo_2015,rel20_abs0.1,high,unfiltered,811,oriC,0.9977383364446685,263,-0.006665493939036557
proteomics,peebo_2015,rel20_abs0.1,high,unfiltered,811,ter,2.6402492789180166e-4,251,-0.07299389325037502
proteomics,peebo_2015,rel20_abs0.1,high,unfiltered,811,oriC,0.1333266231072668,263,0.07100603804578232
proteomics,peebo_2015,rel20_abs0.1,high,unfiltered,811,ter,0.439784687673403,251,0.016214824456101225
proteomics,peebo_2015,rel20_abs0.1,high,unfiltered,811,oriC,0.20168161073642277,263,0.040350924748141385
proteomics,peebo_2015,rel20_abs0.1,high,unfiltered,811,ter,0.11848093271482026,251,-0.01159160939052173
proteomics,peebo_2015,rel20_abs0.1,high,unfiltered,811,oriC,0.20082491961778112,263,-0.03533824132724191
proteomics,peebo_2015,rel20_abs0.1,high,unfiltered,811,ter,2.318235516768612e-6,251,-0.15031486706692088
proteomics,peebo_2015,rel20_abs0.1,high,unfiltered,811,oriC,0.2193784821865464,263,-0.03709336995539951
proteomics,peebo_2015,rel20_abs0.1,high,unfiltered,811,ter,3.0171622279787745e-6,251,-0.17857366578688685
proteomics,peebo_2015,rel20_abs0.1,high,unfiltered,811,oriC,0.14257009666386308,263,0.06922200587869022
proteomics,peebo_2015,rel20_abs0.1,high,unfiltered,811,ter,0.08399913717092428,251,-0.010721095386642725
proteomics,peebo_2015,rel20_abs0.1,high,unfiltered,811,oriC,0.14545935463136006,263,0.08470249263880263
proteomics,peebo_2015,rel20_abs0.1,high,unfiltered,811,ter,0.13128096176722057,251,-0.005180351542654875
proteomics,peebo_2015,rel20_abs0.1,high,unfiltered,810,oriC,0.3042640131781502,263,0.06724017931300971
proteomics,peebo_2015,rel20_abs0.1,high,unfiltered,810,ter,0.3023633128246109,251,0.03035024604637996
proteomics,peebo_2015,rel20_abs0.1,high,unfiltered,810,oriC,0.5921414515050093,263,-0.004674961187746237
proteomics,peebo_2015,rel20_abs0.1,high,unfiltered,810,ter,2.0929348584604138e-8,250,-0.23067028383646807
proteomics,peebo_2015,rel20_abs0.1,high,unfiltered,810,oriC,0.17686822647070888,262,-0.0426307876736504
proteomics,peebo_2015,rel20_abs0.1,high,unfiltered,810,ter,5.538912272582539e-7,251,-0.21595516803498935
proteomics,peebo_2015,rel20_abs0.1,high,unfiltered,811,oriC,0.12277603971894907,263,-0.08122415411957584
proteomics,peebo_2015,rel20_abs0.1,high,unfiltered,811,ter,4.3806851246429e-8,251,-0.2663476709410192
proteomics,peebo_2015,rel20_abs0.1,high,unfiltered,810,oriC,0.29338702908458403,262,-0.057607542217278415
proteomics,peebo_2015,rel20_abs0.1,high,unfiltered,810,ter,9.557536069802305e-8,251,-0.2597274645465417
proteomics,peebo_2015,rel20_abs0.1,high,unfiltered,811,oriC,0.12515096387824176,263,-0.07104941751877729
proteomics,peebo_2015,rel20_abs0.1,high,unfiltered,811,ter,3.33866367476042e-6,251,-0.261938655502769
proteomics,peebo_2015,rel20_abs0.1,high,unfiltered,811,oriC,0.08770479556725312,263,-0.06065754424033114
proteomics,peebo_2015,rel20_abs0.1,high,unfiltered,811,ter,3.663236063244157e-7,251,-0.26862929854199724
proteomics,peebo_2015,rel20_abs0.1,high,unfiltered,811,oriC,0.22582834732169763,263,-0.04007655888630187
proteomics,peebo_2015,rel20_abs0.1,high,unfiltered,811,ter,1.5066639841581835e-6,251,-0.2982102570925036
proteomics,peebo_2015,rel20_abs0.1,high,unfiltered,810,oriC,0.036481999923263383,263,-0.15392468338365775
proteomics,peebo_2015,rel20_abs0.1,high,unfiltered,810,ter,3.7083922518478833e-6,251,-0.306359767569157
proteomics,peebo_2015,rel20_abs0.1,high,unfiltered,811,oriC,0.4833337078855935,263,0.02357502434203169
proteomics,peebo_2015,rel20_abs0.1,high,unfiltered,811,ter,0.4367057785444748,251,0.020948542464913875
proteomics,peebo_2015,rel20_abs0.1,high,unfiltered,811,oriC,0.6586416546616857,263,0.03155953667589511
proteomics,peebo_2015,rel20_abs0.1,high,unfiltered,811,ter,0.8081960093601439,251,0.055023220631744696
proteomics,peebo_2015,rel20_abs0.1,high,unfiltered,811,oriC,0.5508570504032329,263,0.00799661730066
proteomics,peebo_2015,rel20_abs0.1,high,unfiltered,811,ter,0.9028765476559698,251,0.03782931614411679
proteomics,peebo_2015,rel20_abs0.1,high,unfiltered,811,oriC,0.5765630772748549,263,-0.007741373863147902
proteomics,peebo_2015,rel20_abs0.1,high,unfiltered,811,ter,0.008862498535972976,251,-0.027539959549745117
proteomics,peebo_2015,rel20_abs0.1,high,unfiltered,811,oriC,0.9383502828474513,263,0.011170328506108815
proteomics,peebo_2015,rel20_abs0.1,high,unfiltered,811,ter,0.04505597948446023,251,-0.02094717077162119
proteomics,peebo_2015,rel20_abs0.1,high,unfiltered,811,oriC,0.7808637069851698,263,0.0312078215931041
proteomics,peebo_2015,rel20_abs0.1,high,unfiltered,811,ter,0.6480936148923409,251,0.04260985153277561
proteomics,peebo_2015,rel20_abs0.1,high,unfiltered,810,oriC,0.7401568008430628,263,0.02379699861791235
proteomics,peebo_2015,rel20_abs0.1,high,unfiltered,810,ter,0.4351709921011438,251,0.04104568891401253
proteomics,peebo_2015,rel20_abs0.1,high,unfiltered,811,oriC,0.6727679424892792,263,0.018941420794819152
proteomics,peebo_2015,rel20_abs0.1,high,unfiltered,811,ter,0.8169550717341438,251,0.07231132884864769
proteomics,peebo_2015,rel20_abs0.1,high,unfiltered,811,oriC,0.8710059377934117,263,0.02765908025534446
proteomics,peebo_2015,rel20_abs0.1,high,unfiltered,811,ter,0.0018395707023552363,251,-0.07134459649304466
proteomics,peebo_2015,rel20_abs0.1,high,unfiltered,811,oriC,0.6598142911831155,263,-0.025438603441126688
proteomics,peebo_2015,rel20_abs0.1,high,unfiltered,811,ter,0.012447643067265524,251,-0.07232012233910805
proteomics,peebo_2015,rel20_abs0.1,high,unfiltered,810,oriC,0.5278436212322786,263,-0.03942523961072754
proteomics,peebo_2015,rel20_abs0.1,high,unfiltered,810,ter,5.547415327721665e-5,251,-0.1501267248241295
proteomics,peebo_2015,rel20_abs0.1,high,unfiltered,810,oriC,0.6090437016889183,263,-0.005291637455042987
proteomics,peebo_2015,rel20_abs0.1,high,unfiltered,810,ter,7.460678776024409e-4,251,-0.158092161347019
proteomics,peebo_2015,rel20_abs0.1,high,unfiltered,811,oriC,0.15299486191935724,263,-0.09536915154938816
proteomics,peebo_2015,rel20_abs0.1,high,unfiltered,811,ter,0.0021922619714852404,251,-0.15092548572443015
proteomics,peebo_2015,rel20_abs0.1,high,unfiltered,810,oriC,0.18237866026064298,263,-0.05756280173502376
proteomics,peebo_2015,rel20_abs0.1,high,unfiltered,810,ter,1.8828144553478815e-4,251,-0.18453752713417276
proteomics,peebo_2015,rel20_abs0.1,high,unfiltered,811,oriC,0.20658656258924485,263,-0.0246145562890397
proteomics,peebo_2015,rel20_abs0.1,high,unfiltered,811,ter,1.8698628613040422e-4,251,-0.22570404653662632
proteomics,peebo_2015,rel20_abs0.1,high,unfiltered,810,oriC,0.03533727561723007,263,-0.13975962267057962
proteomics,peebo_2015,rel20_abs0.1,high,unfiltered,810,ter,3.678185575816428e-5,251,-0.2917221040386592
proteomics,peebo_2015,rel20_abs0.1,high,unfiltered,804,oriC,0.21307051473224015,261,-0.0482460483548836
proteomics,peebo_2015,rel20_abs0.1,high,unfiltered,804,ter,0.0020766651535553573,250,-0.08722276927101888
proteomics,peebo_2015,rel20_abs0.1,high,unfiltered,810,oriC,0.24411936981307097,262,-0.031273076028181676
proteomics,peebo_2015,rel20_abs0.1,high,unfiltered,810,ter,0.2156832166733077,251,-0.024907638049042318
proteomics,peebo_2015,rel20_abs0.1,high,unfiltered,810,oriC,0.2967029389534515,263,-0.043217004615358136
proteomics,peebo_2015,rel20_abs0.1,high,unfiltered,810,ter,0.18147332427523752,251,-0.03501508097464474
proteomics,peebo_2015,rel20_abs0.1,high,unfiltered,811,oriC,0.08285471942432698,263,-0.05180378852551403
proteomics,peebo_2015,rel20_abs0.1,high,unfiltered,811,ter,5.034871413427243e-4,251,-0.11718864987315818
proteomics,peebo_2015,rel20_abs0.1,high,unfiltered,797,oriC,0.2884136006449094,260,-0.030585230353912238
proteomics,peebo_2015,rel20_abs0.1,high,unfiltered,797,ter,0.0014355249237735482,246,-0.09628193744293084
proteomics,peebo_2015,rel20_abs0.1,high,unfiltered,810,oriC,0.24411936981307097,262,-0.04321833743343783
proteomics,peebo_2015,rel20_abs0.1,high,unfiltered,810,ter,0.17614047834254903,251,-0.03986075262552925
proteomics,peebo_2015,rel20_abs0.1,high,unfiltered,811,oriC,0.31040421317248756,263,-0.013569678326018002
proteomics,peebo_2015,rel20_abs0.1,high,unfiltered,811,ter,0.08812779359614359,251,-0.030461839689577493
proteomics,peebo_2015,rel20_abs0.1,high,unfiltered,807,oriC,0.15784290345198076,262,-0.02785541774299309
proteomics,peebo_2015,rel20_abs0.1,high,unfiltered,807,ter,0.14694683045343537,250,-0.02756777158195104
proteomics,peebo_2015,rel20_abs0.1,high,unfiltered,810,oriC,0.5606350415863826,263,-0.025540926174801477
proteomics,peebo_2015,rel20_abs0.1,high,unfiltered,810,ter,1.673695456502699e-4,251,-0.1236903257135042
proteomics,peebo_2015,rel20_abs0.1,high,unfiltered,803,oriC,0.3000804752031136,259,-0.02979764160396177
proteomics,peebo_2015,rel20_abs0.1,high,unfiltered,803,ter,9.972835158972696e-4,251,-0.10260827309663159
proteomics,peebo_2015,rel20_abs0.1,high,unfiltered,811,oriC,0.2733579878730122,263,-0.08581400971906802
proteomics,peebo_2015,rel20_abs0.1,high,unfiltered,811,ter,8.398832066745373e-7,251,-0.20605690835521834
proteomics,peebo_2015,rel20_abs0.1,high,unfiltered,795,oriC,0.16871582588109382,260,-0.04058755744342926
proteomics,peebo_2015,rel20_abs0.1,high,unfiltered,795,ter,2.61969930958754e-5,246,-0.18869934091060778
proteomics,peebo_2015,rel20_abs0.1,high,unfiltered,811,oriC,0.15137210137767512,263,-0.08435608998116544
proteomics,peebo_2015,rel20_abs0.1,high,unfiltered,811,ter,7.770369516604399e-5,251,-0.19717970448302513
proteomics,peebo_2015,rel20_abs0.1,high,unfiltered,796,oriC,0.10782464648512509,259,-0.0950647055996074
proteomics,peebo_2015,rel20_abs0.1,high,unfiltered,796,ter,1.3222070498168745e-5,246,-0.22370098433158686
proteomics,peebo_2015,rel20_abs0.1,high,unfiltered,810,oriC,0.21720828036837472,262,-0.08622476195247658
proteomics,peebo_2015,rel20_abs0.1,high,unfiltered,810,ter,3.515090975619689e-5,251,-0.2514271623660683
proteomics,peebo_2015,rel20_abs0.1,high,unfiltered,790,oriC,0.01730902677381696,257,-0.12063564646753747
proteomics,peebo_2015,rel20_abs0.1,high,unfiltered,790,ter,2.0753820923711147e-6,247,-0.3418729738918402
proteomics,peebo_2015,rel20_abs0.1,high,unfiltered,811,oriC,0.051105232005606384,263,-0.04923849797837808
proteomics,peebo_2015,rel20_abs0.1,high,unfiltered,811,ter,0.5257802148970747,251,0.0013381268732190325
proteomics,peebo_2015,rel20_abs0.1,high,unfiltered,811,oriC,0.1410326984881919,263,-0.053271803059949004
proteomics,peebo_2015,rel20_abs0.1,high,unfiltered,811,ter,0.21439795085007382,251,-0.0016063328730360504
proteomics,peebo_2015,rel20_abs0.1,high,unfiltered,811,oriC,0.047913930740190284,263,-0.02722978984401604
proteomics,peebo_2015,rel20_abs0.1,high,unfiltered,811,ter,1.4203765448268847e-4,251,-0.08152581081031664
proteomics,peebo_2015,rel20_abs0.1,high,unfiltered,804,oriC,0.31445298065545,262,-0.03273905617380497
proteomics,peebo_2015,rel20_abs0.1,high,unfiltered,804,ter,7.993992466304889e-4,246,-0.06570738677968477
proteomics,peebo_2015,rel20_abs0.1,high,unfiltered,811,oriC,0.13103817564720943,263,-0.06758540396243178
proteomics,peebo_2015,rel20_abs0.1,high,unfiltered,811,ter,0.17893248947127588,251,0.0116671185960296
proteomics,peebo_2015,rel20_abs0.1,high,unfiltered,810,oriC,0.20951198303978766,263,-0.05260494018014953
proteomics,peebo_2015,rel20_abs0.1,high,unfiltered,810,ter,0.18232619160906682,251,-0.0025856155215660016
proteomics,peebo_2015,rel20_abs0.1,high,unfiltered,807,oriC,0.12238366442025828,263,-0.07043545832255516
proteomics,peebo_2015,rel20_abs0.1,high,unfiltered,807,ter,0.28486603156749096,250,0.01764718531624905
proteomics,peebo_2015,rel20_abs0.1,high,unfiltered,810,oriC,0.5524808729819588,263,0.0024385540947340395
proteomics,peebo_2015,rel20_abs0.1,high,unfiltered,810,ter,5.6508330055816155e-5,251,-0.1010718062722516
proteomics,peebo_2015,rel20_abs0.1,high,unfiltered,810,oriC,0.2603113723164086,262,-0.03983495760236527
proteomics,peebo_2015,rel20_abs0.1,high,unfiltered,810,ter,8.565286704692021e-4,251,-0.12404963535130972
proteomics,peebo_2015,rel20_abs0.1,high,unfiltered,810,oriC,0.13165925539102813,263,-0.07574174759052595
proteomics,peebo_2015,rel20_abs0.1,high,unfiltered,810,ter,7.5144175590043e-6,251,-0.16630099610131274
proteomics,peebo_2015,rel20_abs0.1,high,unfiltered,802,oriC,0.17104176615538796,261,-0.02674967024803134
proteomics,peebo_2015,rel20_abs0.1,high,unfiltered,802,ter,1.4870340183151468e-4,248,-0.16568189896113902
proteomics,peebo_2015,rel20_abs0.1,high,unfiltered,811,oriC,0.01894424819010008,263,-0.11465945672659138
proteomics,peebo_2015,rel20_abs0.1,high,unfiltered,811,ter,6.448396455993412e-4,251,-0.17520441529394123
proteomics,peebo_2015,rel20_abs0.1,high,unfiltered,804,oriC,0.05050720699478089,262,-0.11954607991765245
proteomics,peebo_2015,rel20_abs0.1,high,unfiltered,804,ter,1.537526604790644e-5,250,-0.21169741621332944
proteomics,peebo_2015,rel20_abs0.1,high,unfiltered,811,oriC,0.031249985810402146,263,-0.06189287449601639
proteomics,peebo_2015,rel20_abs0.1,high,unfiltered,811,ter,9.053782786143676e-6,251,-0.25458527320974667
proteomics,peebo_2015,rel20_abs0.1,high,unfiltered,804,oriC,0.007756734440785651,263,-0.15059062514435534
proteomics,peebo_2015,rel20_abs0.1,high,unfiltered,804,ter,2.3766333294395605e-6,249,-0.29137902831098295
proteomics,peebo_2015,rel20_abs0.1,high,unfiltered,811,oriC,0.14323290674834066,263,0.03756879823647087
proteomics,peebo_2015,rel20_abs0.1,high,unfiltered,811,ter,0.18034077808190596,251,-0.0018245193619752622
proteomics,peebo_2015,rel20_abs0.1,high,unfiltered,811,oriC,0.07238040651816582,263,-0.054771807744272184
proteomics,peebo_2015,rel20_abs0.1,high,unfiltered,811,ter,5.716471329600048e-7,251,-0.15183763949498122
proteomics,peebo_2015,rel20_abs0.1,high,unfiltered,810,oriC,0.07755580809647519,262,-0.07818206034874062
proteomics,peebo_2015,rel20_abs0.1,high,unfiltered,810,ter,8.5873948198446785e-07,251,-0.15199030683446005
proteomics,peebo_2015,rel20_abs0.1,high,unfiltered,810,oriC,0.13039434548207277,262,0.05089346999501682
proteomics,peebo_2015,rel20_abs0.1,high,unfiltered,810,ter,0.06413067634497775,251,-0.006024464113010478
proteomics,peebo_2015,rel20_abs0.1,high,unfiltered,811,oriC,0.3111774497939861,263,0.03496878018046853
proteomics,peebo_2015,rel20_abs0.1,high,unfiltered,811,ter,0.058594628815572695,251,-0.024966689548907958
proteomics,peebo_2015,rel20_abs0.1,high,unfiltered,810,oriC,0.3668023565015161,262,0.05153750813185683
proteomics,peebo_2015,rel20_abs0.1,high,unfiltered,810,ter,0.10934727631520462,251,-0.015599772381800294
proteomics,peebo_2015,rel20_abs0.1,high,unfiltered,811,oriC,0.4929886531440689,263,-0.04152796382578251
proteomics,peebo_2015,rel20_abs0.1,high,unfiltered,811,ter,8.965078937332959e-9,251,-0.20014401373659269
proteomics,peebo_2015,rel20_abs0.1,high,unfiltered,809,oriC,0.19417326964227105,262,-0.06562573756069887
proteomics,peebo_2015,rel20_abs0.1,high,unfiltered,809,ter,6.85731690918951e-8,251,-0.16927812093660682
proteomics,peebo_2015,rel20_abs0.1,high,unfiltered,811,oriC,0.04361052196564825,263,-0.09710613648521901
proteomics,peebo_2015,rel20_abs0.1,high,unfiltered,811,ter,8.648308964132307e-9,251,-0.27458707841587565
proteomics,peebo_2015,rel20_abs0.1,high,unfiltered,809,oriC,0.12231503232820433,262,-0.06409355431604105
proteomics,peebo_2015,rel20_abs0.1,high,unfiltered,809,ter,2.952048443692595e-8,251,-0.24119262445012327
proteomics,peebo_2015,rel20_abs0.1,high,unfiltered,811,oriC,0.053966099868042294,263,-0.09176829215005752
proteomics,peebo_2015,rel20_abs0.1,high,unfiltered,811,ter,5.979675044778436e-7,251,-0.2568847697057124
proteomics,peebo_2015,rel20_abs0.1,high,unfiltered,810,oriC,0.030577411033260917,262,-0.0882981436628317
proteomics,peebo_2015,rel20_abs0.1,high,unfiltered,810,ter,1.124190928860786e-7,251,-0.2789564320305945
proteomics,peebo_2015,rel20_abs0.1,high,unfiltered,811,oriC,0.1190879220531809,263,-0.07049227000125774
proteomics,peebo_2015,rel20_abs0.1,high,unfiltered,811,ter,5.037565190125629e-7,251,-0.3617617807973491
proteomics,peebo_2015,rel20_abs0.1,high,unfiltered,810,oriC,0.024109265525460687,262,-0.13641609464432863
proteomics,peebo_2015,rel20_abs0.1,high,unfiltered,810,ter,4.969618037766247e-7,251,-0.3604291739418458
proteomics,peebo_2015,rel20_abs0.1,high,unfiltered,811,oriC,0.28890019597780475,263,-0.018484662608608655
proteomics,peebo_2015,rel20_abs0.1,high,unfiltered,811,ter,3.160831908825367e-5,251,-0.11149273325326782
proteomics,peebo_2015,rel20_abs0.1,high,unfiltered,810,oriC,0.15369436836328854,263,-0.0505304319621304
proteomics,peebo_2015,rel20_abs0.1,high,unfiltered,810,ter,1.124751445727583e-6,250,-0.12034552441776102
proteomics,peebo_2015,rel20_abs0.1,high,unfiltered,811,oriC,0.03963823188806626,263,0.051877589183320326
proteomics,peebo_2015,rel20_abs0.1,high,unfiltered,811,ter,0.03388959071522333,251,-0.010454776181118607
proteomics,peebo_2015,rel20_abs0.1,high,unfiltered,811,oriC,0.1815831217690894,263,0.0416507167911954
proteomics,peebo_2015,rel20_abs0.1,high,unfiltered,811,ter,0.08845204408657985,251,0.014223019376076423
proteomics,peebo_2015,rel20_abs0.1,high,unfiltered,811,oriC,0.3031217669451494,263,0.04367644929444334
proteomics,peebo_2015,rel20_abs0.1,high,unfiltered,811,ter,0.25941057926782374,251,0.029439923490232146
proteomics,peebo_2015,rel20_abs0.1,high,unfiltered,811,oriC,0.2925983766461142,263,-0.05725947525032501
proteomics,peebo_2015,rel20_abs0.1,high,unfiltered,811,ter,5.233978866292348e-9,251,-0.19717795924414175
proteomics,peebo_2015,rel20_abs0.1,high,unfiltered,811,oriC,0.03228074802730622,263,-0.06547863604358782
proteomics,peebo_2015,rel20_abs0.1,high,unfiltered,811,ter,7.736999187644122e-8,251,-0.18138608264908926
proteomics,peebo_2015,rel20_abs0.1,high,unfiltered,811,oriC,0.02667537050686047,263,-0.09950770433222567
proteomics,peebo_2015,rel20_abs0.1,high,unfiltered,811,ter,6.660846556223194e-10,251,-0.26308446633323435
proteomics,peebo_2015,rel20_abs0.1,high,unfiltered,810,oriC,0.06593994427043948,263,-0.09664563096938811
proteomics,peebo_2015,rel20_abs0.1,high,unfiltered,810,ter,4.032371940854701e-9,250,-0.22093836159452185
proteomics,peebo_2015,rel20_abs0.1,high,unfiltered,811,oriC,0.022403544448284317,263,-0.11048081229127786
proteomics,peebo_2015,rel20_abs0.1,high,unfiltered,811,ter,1.998780824318053e-7,251,-0.2500973330593757
proteomics,peebo_2015,rel20_abs0.1,high,unfiltered,811,oriC,0.01793907687896081,263,-0.08266773288429699
proteomics,peebo_2015,rel20_abs0.1,high,unfiltered,811,ter,1.1758029955989402e-8,251,-0.2388188574535888
proteomics,peebo_2015,rel20_abs0.1,high,unfiltered,811,oriC,0.042032037278198674,263,-0.07223161401733011
proteomics,peebo_2015,rel20_abs0.1,high,unfiltered,811,ter,1.1082424731587027e-7,251,-0.2787962777326024
proteomics,peebo_2015,rel20_abs0.1,high,unfiltered,811,oriC,0.01047852944449505,263,-0.16755693025937615
proteomics,peebo_2015,rel20_abs0.1,high,unfiltered,811,ter,1.3337682124595185e-7,251,-0.3651677771522743
proteomics,peebo_2015,rel20_abs0.1,high,unfiltered,808,oriC,0.42714479863304217,263,-0.010665047037885282
proteomics,peebo_2015,rel20_abs0.1,high,unfiltered,808,ter,0.0014840968646225958,250,-0.04172184647579578
proteomics,peebo_2015,rel20_abs0.1,high,unfiltered,810,oriC,0.279432862691169,263,-0.011289513223459646
proteomics,peebo_2015,rel20_abs0.1,high,unfiltered,810,ter,0.22522747217194,250,-0.014320422335479506
proteomics,peebo_2015,rel20_abs0.1,high,unfiltered,811,oriC,0.37714240958199063,263,0.022374152238751336
proteomics,peebo_2015,rel20_abs0.1,high,unfiltered,811,ter,0.16084340270969896,251,0.003927100092838088
proteomics,peebo_2015,rel20_abs0.1,high,unfiltered,809,oriC,0.3073239602027864,263,0.015787557688429026
proteomics,peebo_2015,rel20_abs0.1,high,unfiltered,809,ter,0.4290630621066303,251,0.010405508460964401
proteomics,peebo_2015,rel20_abs0.1,high,unfiltered,810,oriC,0.3899614776753881,263,-0.010765197964627621
proteomics,peebo_2015,rel20_abs0.1,high,unfiltered,810,ter,3.913130210975055e-6,250,-0.08332831477119809
proteomics,peebo_2015,rel20_abs0.1,high,unfiltered,810,oriC,0.15675368370960396,263,-0.02156929613814939
proteomics,peebo_2015,rel20_abs0.1,high,unfiltered,810,ter,0.0010870399494575939,251,-0.06354643036985572
proteomics,peebo_2015,rel20_abs0.1,high,unfiltered,811,oriC,0.01801773525349125,263,-0.04842282849947393
proteomics,peebo_2015,rel20_abs0.1,high,unfiltered,811,ter,4.1914009246612286e-8,251,-0.16427286952025666
proteomics,peebo_2015,rel20_abs0.1,high,unfiltered,806,oriC,0.08717978963543042,261,-0.027521293481528264
proteomics,peebo_2015,rel20_abs0.1,high,unfiltered,806,ter,8.080495255843667e-6,250,-0.14104318165228885
proteomics,peebo_2015,rel20_abs0.1,high,unfiltered,810,oriC,0.0035735380002358554,263,-0.07873162815105876
proteomics,peebo_2015,rel20_abs0.1,high,unfiltered,810,ter,1.9349990817945324e-4,250,-0.1836207826538579
proteomics,peebo_2015,rel20_abs0.1,high,unfiltered,808,oriC,0.02120146692955073,261,-0.046599688441968615
proteomics,peebo_2015,rel20_abs0.1,high,unfiltered,808,ter,3.5560194653741337e-6,251,-0.18027984478486986
proteomics,peebo_2015,rel20_abs0.1,high,unfiltered,810,oriC,0.009458128536682674,262,-0.07899078297665318
proteomics,peebo_2015,rel20_abs0.1,high,unfiltered,810,ter,2.1529185946218926e-5,251,-0.23089416773824067
proteomics,peebo_2015,rel20_abs0.1,high,unfiltered,805,oriC,0.002252450960748381,261,-0.1334187205652256
proteomics,peebo_2015,rel20_abs0.1,high,unfiltered,805,ter,4.167730611088504e-6,250,-0.2787701418261389
proteomics,peebo_2015,rel20_abs0.1,high,unfiltered,811,oriC,0.23591512283937346,263,0.024438870283093033
proteomics,peebo_2015,rel20_abs0.1,high,unfiltered,811,ter,0.04051823073970002,251,-0.012548683394233123
proteomics,peebo_2015,rel20_abs0.1,high,unfiltered,811,oriC,0.7983237973124562,263,0.019108815643531275
proteomics,peebo_2015,rel20_abs0.1,high,unfiltered,811,ter,0.03210537758662744,251,-0.027219594735411853
proteomics,peebo_2015,rel20_abs0.1,high,unfiltered,811,oriC,0.8710059377934117,263,0.008893390078013886
proteomics,peebo_2015,rel20_abs0.1,high,unfiltered,811,ter,0.11644610435898137,251,-0.029053544985908508
proteomics,peebo_2015,rel20_abs0.1,high,unfiltered,811,oriC,0.16106559396589545,263,-0.07157587000808222
proteomics,peebo_2015,rel20_abs0.1,high,unfiltered,811,ter,8.897602915373997e-7,251,-0.15221644479039845
proteomics,peebo_2015,rel20_abs0.1,high,unfiltered,811,oriC,0.045238785735336476,263,-0.08603137647622851
proteomics,peebo_2015,rel20_abs0.1,high,unfiltered,811,ter,2.3637969395837196e-7,251,-0.16275079070886264
proteomics,peebo_2015,rel20_abs0.1,high,unfiltered,811,oriC,0.01995520207079462,263,-0.1274678173880548
proteomics,peebo_2015,rel20_abs0.1,high,unfiltered,811,ter,4.1008097220455184e-11,251,-0.23155008741297006
proteomics,peebo_2015,rel20_abs0.1,high,unfiltered,811,oriC,0.006739439497314022,263,-0.1019765989263146
proteomics,peebo_2015,rel20_abs0.1,high,unfiltered,811,ter,3.0799633071982415e-9,251,-0.17568114320725303
proteomics,peebo_2015,rel20_abs0.1,high,unfiltered,811,oriC,0.002218398300295739,263,-0.12775815052402334
proteomics,peebo_2015,rel20_abs0.1,high,unfiltered,811,ter,7.337244354594707e-8,251,-0.2359211766568493
proteomics,peebo_2015,rel20_abs0.1,high,unfiltered,811,oriC,0.0011522176037792274,263,-0.13844106276426454
proteomics,peebo_2015,rel20_abs0.1,high,unfiltered,811,ter,2.741270073346674e-9,251,-0.23851182869771595
proteomics,peebo_2015,rel20_abs0.1,high,unfiltered,811,oriC,9.870737169151828e-4,263,-0.09567067335792989
proteomics,peebo_2015,rel20_abs0.1,high,unfiltered,811,ter,7.625930624724755e-8,251,-0.2818196153746726
proteomics,peebo_2015,rel20_abs0.1,high,unfiltered,811,oriC,7.486216466419701e-4,263,-0.1744830567509141
proteomics,peebo_2015,rel20_abs0.1,high,unfiltered,811,ter,1.2821043026721735e-8,251,-0.35692841672692194
proteomics,peebo_2015,rel20_abs0.1,high,unfiltered,811,oriC,0.707378465618024,263,0.024024703840695976
proteomics,peebo_2015,rel20_abs0.1,high,unfiltered,811,ter,0.1886715527337716,251,0.00916442168407386
proteomics,peebo_2015,rel20_abs0.1,high,unfiltered,811,oriC,0.9331975254327078,263,0.002969408687985071
proteomics,peebo_2015,rel20_abs0.1,high,unfiltered,811,ter,0.8142574852499183,251,0.014879621571131967
proteomics,peebo_2015,rel20_abs0.1,high,unfiltered,810,oriC,0.1017638908046544,263,-0.06408157465310033
proteomics,peebo_2015,rel20_abs0.1,high,unfiltered,810,ter,3.936359195226848e-5,251,-0.1377766170516339
proteomics,peebo_2015,rel20_abs0.1,high,unfiltered,811,oriC,0.005450941439570095,263,-0.09183685713864852
proteomics,peebo_2015,rel20_abs0.1,high,unfiltered,811,ter,1.7753618495483698e-4,251,-0.0903219145664284
proteomics,peebo_2015,rel20_abs0.1,high,unfiltered,811,oriC,0.0019900348576026078,263,-0.1604825650261289
proteomics,peebo_2015,rel20_abs0.1,high,unfiltered,811,ter,2.23974353289991e-9,251,-0.19525630699056237
proteomics,peebo_2015,rel20_abs0.1,high,unfiltered,809,oriC,0.0015400215733874666,263,-0.12417238575188541
proteomics,peebo_2015,rel20_abs0.1,high,unfiltered,809,ter,4.855139209557105e-8,251,-0.17562844528386945
proteomics,peebo_2015,rel20_abs0.1,high,unfiltered,811,oriC,2.5436824231554435e-4,263,-0.15378848704524617
proteomics,peebo_2015,rel20_abs0.1,high,unfiltered,811,ter,1.6493071041088215e-7,251,-0.20228767206617912
proteomics,peebo_2015,rel20_abs0.1,high,unfiltered,811,oriC,8.439619398195726e-5,263,-0.14507999562404675
proteomics,peebo_2015,rel20_abs0.1,high,unfiltered,811,ter,8.664401226763842e-10,251,-0.1907946382108952
proteomics,peebo_2015,rel20_abs0.1,high,unfiltered,811,oriC,3.340406524934586e-4,263,-0.13327633568441505
proteomics,peebo_2015,rel20_abs0.1,high,unfiltered,811,ter,5.4851042075889413e-8,251,-0.24008166485117188
proteomics,peebo_2015,rel20_abs0.1,high,unfiltered,809,oriC,1.3138563871642491e-4,263,-0.21123468369951723
proteomics,peebo_2015,rel20_abs0.1,high,unfiltered,809,ter,4.029360430620737e-9,251,-0.3167386047967807
proteomics,peebo_2015,rel20_abs0.1,high,unfiltered,811,oriC,0.316625653641292,263,0.02213022069088258
proteomics,peebo_2015,rel20_abs0.1,high,unfiltered,811,ter,4.7291241628354334e-5,251,-0.03255067316352375
proteomics,peebo_2015,rel20_abs0.1,high,unfiltered,811,oriC,0.9029886030222163,263,0.01480649651830228
proteomics,peebo_2015,rel20_abs0.1,high,unfiltered,811,ter,0.04001077632581604,251,-0.014888138702678737
proteomics,peebo_2015,rel20_abs0.1,high,unfiltered,811,oriC,0.10484961441001313,263,-0.018781176154938222
proteomics,peebo_2015,rel20_abs0.1,high,unfiltered,811,ter,7.409666742997744e-9,251,-0.12382992151492747
proteomics,peebo_2015,rel20_abs0.1,high,unfiltered,811,oriC,0.5246718489533131,263,1.376247458361445e-4
proteomics,peebo_2015,rel20_abs0.1,high,unfiltered,811,ter,2.6402492789180166e-4,251,-0.07153477475494464
proteomics,peebo_2015,rel20_abs0.1,high,unfiltered,811,oriC,0.02211918980408766,263,-0.042810712563809174
proteomics,peebo_2015,rel20_abs0.1,high,unfiltered,811,ter,0.0014988348448176764,251,-0.0989643676253185
proteomics,peebo_2015,rel20_abs0.1,high,unfiltered,811,oriC,0.06665808806402229,263,-0.02107954992852889
proteomics,peebo_2015,rel20_abs0.1,high,unfiltered,811,ter,1.0181113738735033e-4,251,-0.11642384968920273
proteomics,peebo_2015,rel20_abs0.1,high,unfiltered,811,oriC,0.027009787653182724,263,-0.0557526670650332
proteomics,peebo_2015,rel20_abs0.1,high,unfiltered,811,ter,5.150310185005443e-4,251,-0.16028579962029013
proteomics,peebo_2015,rel20_abs0.1,high,unfiltered,811,oriC,0.013218532169033806,263,-0.06404923476538324
proteomics,peebo_2015,rel20_abs0.1,high,unfiltered,811,ter,4.872135540711476e-5,251,-0.20957483045562583
proteomics,peebo_2015,rel20_abs0.1,high,unfiltered,808,oriC,0.3834175582752565,261,-0.0012184839256105075
proteomics,peebo_2015,rel20_abs0.1,high,unfiltered,808,ter,0.004036867353996107,251,-0.03278097503862699
proteomics,peebo_2015,rel20_abs0.1,high,unfiltered,811,oriC,7.641758608060325e-4,263,-0.05855313963287608
proteomics,peebo_2015,rel20_abs0.1,high,unfiltered,811,ter,9.511894495275568e-8,251,-0.12328796389817732
proteomics,peebo_2015,rel20_abs0.1,high,unfiltered,802,oriC,0.05041126620577072,262,-0.035408522128267825
proteomics,peebo_2015,rel20_abs0.1,high,unfiltered,802,ter,2.7906419508380592e-5,246,-0.11503990446893726
proteomics,peebo_2015,rel20_abs0.1,high,unfiltered,810,oriC,4.5827317893889493e-4,262,-0.09435830127931893
proteomics,peebo_2015,rel20_abs0.1,high,unfiltered,810,ter,6.107779933998151e-4,251,-0.1138267495241959
proteomics,peebo_2015,rel20_abs0.1,high,unfiltered,802,oriC,0.003028398710493499,260,-0.06245391415512588
proteomics,peebo_2015,rel20_abs0.1,high,unfiltered,802,ter,3.755552447179138e-6,248,-0.1595402273106284
proteomics,peebo_2015,rel20_abs0.1,high,unfiltered,811,oriC,0.010094285272781146,263,-0.07668912943787781
proteomics,peebo_2015,rel20_abs0.1,high,unfiltered,811,ter,2.786703928735695e-4,251,-0.14691424023489097
proteomics,peebo_2015,rel20_abs0.1,high,unfiltered,801,oriC,0.0013838087876573855,260,-0.10919493440064325
proteomics,peebo_2015,rel20_abs0.1,high,unfiltered,801,ter,4.67117727333461e-5,249,-0.224631807221551
proteomics,peebo_2015,rel20_abs0.1,high,unfiltered,811,oriC,1.0811016377780583e-4,263,-0.14643768279317507
proteomics,peebo_2015,rel20_abs0.1,high,unfiltered,811,ter,9.066931236770786e-8,251,-0.18905938277640794
proteomics,peebo_2015,rel20_abs0.1,high,unfiltered,810,oriC,0.014380788060817112,262,-0.12598345150269818
proteomics,peebo_2015,rel20_abs0.1,high,unfiltered,810,ter,4.310444207653202e-6,251,-0.13463667221294134
proteomics,peebo_2015,rel20_abs0.1,high,unfiltered,809,oriC,6.258993050004578e-4,262,-0.14278446346686283
proteomics,peebo_2015,rel20_abs0.1,high,unfiltered,809,ter,6.188848389885695e-6,250,-0.20251916867496939
proteomics,peebo_2015,rel20_abs0.1,high,unfiltered,810,oriC,5.192286270493307e-4,262,-0.14013321630088788
proteomics,peebo_2015,rel20_abs0.1,high,unfiltered,810,ter,1.1003427326937706e-8,251,-0.19056298656764462
proteomics,peebo_2015,rel20_abs0.1,high,unfiltered,810,oriC,7.307325912937863e-4,262,-0.15195406792813393
proteomics,peebo_2015,rel20_abs0.1,high,unfiltered,810,ter,8.236666979410619e-8,251,-0.21566777863137868
proteomics,peebo_2015,rel20_abs0.1,high,unfiltered,809,oriC,2.0851816044479505e-4,261,-0.18080362307234274
proteomics,peebo_2015,rel20_abs0.1,high,unfiltered,809,ter,1.4121907822212025e-9,251,-0.2673833940514596
proteomics,peebo_2015,rel20_abs0.1,high,unfiltered,810,oriC,7.782604870801109e-5,263,-0.1572187944337523
proteomics,peebo_2015,rel20_abs0.1,high,unfiltered,810,ter,1.8228370979045028e-6,251,-0.2035398741599002
proteomics,peebo_2015,rel20_abs0.1,high,unfiltered,808,oriC,0.007088179653205413,261,-0.11735191885769171
proteomics,peebo_2015,rel20_abs0.1,high,unfiltered,808,ter,1.8126102071067363e-4,251,-0.1748754632058153
proteomics,peebo_2015,rel20_abs0.1,high,unfiltered,810,oriC,1.76160557361802e-4,263,-0.15324336788410392
proteomics,peebo_2015,rel20_abs0.1,high,unfiltered,810,ter,1.720967265567748e-6,250,-0.1871304490050853
proteomics,peebo_2015,rel20_abs0.1,high,unfiltered,805,oriC,2.695641580918602e-4,260,-0.13920304176137965
proteomics,peebo_2015,rel20_abs0.1,high,unfiltered,805,ter,1.135575121534301e-7,250,-0.18567042169109904
proteomics,peebo_2015,rel20_abs0.1,high,unfiltered,810,oriC,1.5124161426890084e-4,263,-0.13218171432663509
proteomics,peebo_2015,rel20_abs0.1,high,unfiltered,810,ter,2.7574745007987153e-7,250,-0.17622946018909857
proteomics,peebo_2015,rel20_abs0.1,high,unfiltered,809,oriC,3.778610068587201e-5,262,-0.17539384554344428
proteomics,peebo_2015,rel20_abs0.1,high,unfiltered,809,ter,1.1130047941638603e-9,251,-0.2152239664628813
proteomics,peebo_2015,rel20_abs0.1,high,unfiltered,811,oriC,6.691927009309807e-4,263,-0.1250457691376668
proteomics,peebo_2015,rel20_abs0.1,high,unfiltered,811,ter,2.3419305786085092e-7,251,-0.22230546309028268
proteomics,peebo_2015,rel20_abs0.1,high,unfiltered,808,oriC,0.01777703647731069,262,-0.11995304533597792
proteomics,peebo_2015,rel20_abs0.1,high,unfiltered,808,ter,2.0829004363894233e-6,251,-0.18814982414787773
proteomics,peebo_2015,rel20_abs0.1,high,unfiltered,809,oriC,8.4325043709924e-4,261,-0.14779444852222037
proteomics,peebo_2015,rel20_abs0.1,high,unfiltered,809,ter,3.8171616634356e-7,251,-0.21484914554849968
proteomics,peebo_2015,rel20_abs0.1,high,unfiltered,807,oriC,7.762110785329015e-4,260,-0.12562289408096272
proteomics,peebo_2015,rel20_abs0.1,high,unfiltered,807,ter,4.0537218457007735e-9,250,-0.20290860679006917
proteomics,peebo_2015,rel20_abs0.1,high,unfiltered,810,oriC,8.467107703080784e-4,262,-0.1267671949406485
proteomics,peebo_2015,rel20_abs0.1,high,unfiltered,810,ter,3.4932160166974284e-8,251,-0.20073601188742482
proteomics,peebo_2015,rel20_abs0.1,high,unfiltered,803,oriC,3.1697516574529454e-4,259,-0.16026884830429203
proteomics,peebo_2015,rel20_abs0.1,high,unfiltered,803,ter,2.0761159643820715e-11,249,-0.23657895706131826
proteomics,peebo_2015,rel20_abs0.1,high,unfiltered,810,oriC,0.020967905089110124,263,-0.03316129304802212
proteomics,peebo_2015,rel20_abs0.1,high,unfiltered,810,ter,0.005128720772140106,251,-0.027426831636402447
proteomics,peebo_2015,rel20_abs0.1,high,unfiltered,811,oriC,3.7184454519937694e-5,263,-0.05674162147076567
proteomics,peebo_2015,rel20_abs0.1,high,unfiltered,811,ter,2.9705014994239437e-4,251,-0.06667564032846439
proteomics,peebo_2015,rel20_abs0.1,high,unfiltered,811,oriC,0.012093233226792349,263,-0.03938999908820212
proteomics,peebo_2015,rel20_abs0.1,high,unfiltered,811,ter,5.915316908928858e-4,251,-0.06948949389501569
proteomics,peebo_2015,rel20_abs0.1,high,unfiltered,811,oriC,0.004832739627726277,263,-0.0427341194011196
proteomics,peebo_2015,rel20_abs0.1,high,unfiltered,811,ter,0.0021922619714852404,251,-0.0878417486648499
proteomics,peebo_2015,rel20_abs0.1,high,unfiltered,809,oriC,0.003202957886063473,263,-0.07041476982219319
proteomics,peebo_2015,rel20_abs0.1,high,unfiltered,809,ter,3.1634139416130205e-4,250,-0.14867075541336208
proteomics,peebo_2015,rel20_abs0.1,high,unfiltered,809,oriC,2.717200864069394e-4,262,-0.07105500134239297
proteomics,peebo_2015,rel20_abs0.1,high,unfiltered,809,ter,4.256070328797838e-6,250,-0.10927093681268812
proteomics,peebo_2015,rel20_abs0.1,high,unfiltered,805,oriC,0.0033828969574043943,259,-0.026573988858214367
proteomics,peebo_2015,rel20_abs0.1,high,unfiltered,805,ter,2.951867280038406e-7,251,-0.1052333158354944
proteomics,peebo_2015,rel20_abs0.1,high,unfiltered,811,oriC,0.028559823115827682,263,-0.051529073554109184
proteomics,peebo_2015,rel20_abs0.1,high,unfiltered,811,ter,1.2601318073908566e-4,251,-0.10831876809709359
proteomics,peebo_2015,rel20_abs0.1,high,unfiltered,799,oriC,0.0014995788139667218,258,-0.07892777907614229
proteomics,peebo_2015,rel20_abs0.1,high,unfiltered,799,ter,5.544210114333627e-5,250,-0.24065840462287524
proteomics,peebo_2015,rel20_abs0.1,high,unfiltered,811,oriC,0.4481802745362319,263,0.010764470268581527
proteomics,peebo_2015,rel20_abs0.1,high,unfiltered,811,ter,0.2987138866711667,251,-0.010942541299546681
proteomics,peebo_2015,rel20_abs0.1,high,unfiltered,810,oriC,0.06593994427043948,263,0.0015339671090262076
proteomics,peebo_2015,rel20_abs0.1,high,unfiltered,810,ter,0.013923117897246649,251,-0.060255102223767246
proteomics,peebo_2015,rel20_abs0.1,high,unfiltered,790,oriC,0.008883852582148665,257,-0.018656736940564137
proteomics,peebo_2015,rel20_abs0.1,high,unfiltered,790,ter,0.01600593514187087,247,-0.06389575962947033
proteomics,li_2014_all,rel20_abs0.1,high,unfiltered,2067,oriC,5.24478294085742e-6,715,-0.16763550006558064
proteomics,li_2014_all,rel20_abs0.1,high,unfiltered,2067,ter,6.638554721227739e-27,653,-0.432567269582147
proteomics,li_2014_all,rel20_abs0.1,high,unfiltered,2067,oriC,7.435189663461255e-4,715,-0.12435666583059923
proteomics,li_2014_all,rel20_abs0.1,high,unfiltered,2067,ter,2.5044035000706e-25,653,-0.5149081663502235
proteomics,li_2014_all,rel20_abs0.1,high,unfiltered,2067,oriC,0.4254340302373954,715,0.03448615271455444
proteomics,li_2014_all,rel20_abs0.1,high,unfiltered,2067,ter,0.006069954764410078,653,-0.06826879135935172
proteomics,valgepea_2013_prot,rel20_abs0.1,high,unfiltered,1092,oriC,0.1693220407959105,377,0.04363072118703519
proteomics,valgepea_2013_prot,rel20_abs0.1,high,unfiltered,1092,ter,0.42894176343248813,336,0.05009767364698012
proteomics,valgepea_2013_prot,rel20_abs0.1,high,unfiltered,1092,oriC,0.20951715678150012,377,-0.05688980042317929
proteomics,valgepea_2013_prot,rel20_abs0.1,high,unfiltered,1092,ter,0.28163581742556426,336,-0.03556274954537025
proteomics,valgepea_2013_prot,rel20_abs0.1,high,unfiltered,1092,oriC,0.1628232723705022,377,-0.10803513006721788
proteomics,valgepea_2013_prot,rel20_abs0.1,high,unfiltered,1092,ter,0.10879924465003991,336,-0.07996216235771918
proteomics,valgepea_2013_prot,rel20_abs0.1,high,unfiltered,1092,oriC,2.4346399257715113e-6,377,-0.1262996863975093
proteomics,valgepea_2013_prot,rel20_abs0.1,high,unfiltered,1092,ter,1.4955966503562909e-5,336,-0.1262495375808794
proteomics,valgepea_2013_prot,rel20_abs0.1,high,unfiltered,1092,oriC,7.309745549317585e-6,377,-0.1848000058330785
proteomics,valgepea_2013_prot,rel20_abs0.1,high,unfiltered,1092,ter,2.0154456430677194e-4,336,-0.1581034733139003
proteomics,valgepea_2013_prot,rel20_abs0.1,high,unfiltered,1092,oriC,0.001597495652620249,377,-0.11890253307969581
proteomics,valgepea_2013_prot,rel20_abs0.1,high,unfiltered,1092,ter,1.5758340569571767e-4,336,-0.07889045392357943
proteomics,Goelzer_2015,rel20_abs0.1,high,unfiltered,753,oriC,0.7013350013399045,220,0.00522566229930682
proteomics,Goelzer_2015,rel20_abs0.1,high,unfiltered,753,ter,0.07784812026444034,274,-0.08674355580861727
proteomics,Goelzer_2015,rel20_abs0.1,high,unfiltered,753,oriC,0.5217767885693845,220,-0.049182238462608156
proteomics,Goelzer_2015,rel20_abs0.1,high,unfiltered,753,ter,0.005269702384082114,274,-0.25037432165664053
proteomics,Goelzer_2015,rel20_abs0.1,high,unfiltered,753,oriC,0.8278844855528852,220,0.041150523844594666
proteomics,Goelzer_2015,rel20_abs0.1,high,unfiltered,753,ter,0.007747835714161129,274,-0.12378352175287285
proteomics,Goelzer_2015,rel20_abs0.1,high,unfiltered,753,oriC,0.6725401593987766,220,-0.06253155575758014
proteomics,Goelzer_2015,rel20_abs0.1,high,unfiltered,753,ter,0.09697062232779308,274,-0.07812130827726321
proteomics,Goelzer_2015,rel20_abs0.1,high,unfiltered,753,oriC,0.9776329920984572,220,-0.013009434542548192
proteomics,Goelzer_2015,rel20_abs0.1,high,unfiltered,753,ter,3.213420204779782e-4,274,-0.1761260129933067
proteomics,Goelzer_2015,rel20_abs0.1,high,unfiltered,753,oriC,0.9346517132310301,220,-0.009413913489778856
proteomics,Goelzer_2015,rel20_abs0.1,high,unfiltered,753,ter,0.05340347203264046,274,-0.1387478836736954
proteomics,Goelzer_2015,rel20_abs0.1,high,unfiltered,753,oriC,0.8311837183847421,220,0.0151464823630752
proteomics,Goelzer_2015,rel20_abs0.1,high,unfiltered,753,ter,0.08925726912421506,274,-0.07582479639267257
proteomics,Goelzer_2015,rel20_abs0.1,high,unfiltered,753,oriC,0.5796785605186887,220,0.02063414594934093
proteomics,Goelzer_2015,rel20_abs0.1,high,unfiltered,753,ter,0.5554940771270731,274,0.021120431112862135
proteomics,Goelzer_2015,rel20_abs0.1,high,unfiltered,753,oriC,0.4192228155871295,220,0.08248502117381318
proteomics,Goelzer_2015,rel20_abs0.1,high,unfiltered,753,ter,0.9247521234445353,274,0.02194929146632365
proteomics,Goelzer_2015,rel20_abs0.1,high,unfiltered,751,oriC,0.8734714168393414,219,-0.0066678994479851764
proteomics,Goelzer_2015,rel20_abs0.1,high,unfiltered,751,ter,0.007695384090336375,274,0.19924464687829524
proteomics,zhu_B_subtilis,rel20_abs0.1,high,unfiltered,892,oriC,0.5805344991257684,258,0.014830858515617286
proteomics,zhu_B_subtilis,rel20_abs0.1,high,unfiltered,892,ter,0.9237514862718907,326,-0.002002229320937661
proteomics,zhu_B_subtilis,rel20_abs0.1,high,unfiltered,892,oriC,1.7236390392036312e-24,258,0.38679167041990226
proteomics,zhu_B_subtilis,rel20_abs0.1,high,unfiltered,892,ter,2.0508711464179308e-27,326,0.3290113145748661
proteomics,zhu_B_subtilis,rel20_abs0.1,high,unfiltered,892,oriC,0.08844566713791539,258,0.06670691637898615
proteomics,zhu_B_subtilis,rel20_abs0.1,high,unfiltered,892,ter,0.05514801637242659,326,0.07344296673802166
proteomics,zhu_B_subtilis,rel20_abs0.1,high,unfiltered,892,oriC,1.5781778733026373e-15,258,0.28550966045176085
proteomics,zhu_B_subtilis,rel20_abs0.1,high,unfiltered,892,ter,1.4055567125026168e-15,326,0.3385553861832642
proteomics,zhu_B_subtilis,rel20_abs0.1,high,unfiltered,892,oriC,4.526313659918959e-4,258,0.1779225171020778
proteomics,zhu_B_subtilis,rel20_abs0.1,high,unfiltered,892,ter,1.6042292872561418e-6,326,0.2621682542587115
proteomics,zhu_B_subtilis,rel20_abs0.1,high,unfiltered,892,oriC,0.01788713224061448,258,-0.14737570171054848
proteomics,zhu_B_subtilis,rel20_abs0.1,high,unfiltered,892,ter,0.008163877319753718,326,-0.11566772769567993
proteomics,zhu_B_subtilis,rel20_abs0.1,high,unfiltered,892,oriC,0.0041739579683554625,258,-0.45800862311601925
proteomics,zhu_B_subtilis,rel20_abs0.1,high,unfiltered,892,ter,2.940217218987331e-4,326,-0.22185823163791665
proteomics,zhu_B_subtilis,rel20_abs0.1,high,unfiltered,892,oriC,0.20909056714256424,258,0.11088133357344127
proteomics,zhu_B_subtilis,rel20_abs0.1,high,unfiltered,892,ter,0.4362201555777471,326,0.10758590167475376
proteomics,zhu_B_subtilis,rel20_abs0.1,high,unfiltered,892,oriC,0.9813808742329007,258,-0.006886480605097356
proteomics,zhu_B_subtilis,rel20_abs0.1,high,unfiltered,892,ter,0.07359593129653737,326,-0.09980206914267843
proteomics,zhu_B_subtilis,rel20_abs0.1,high,unfiltered,892,oriC,3.640540785016184e-12,258,0.3286512349751166
proteomics,zhu_B_subtilis,rel20_abs0.1,high,unfiltered,892,ter,3.457670783018327e-22,326,0.29345886582164615
proteomics,zhu_B_subtilis,rel20_abs0.1,high,unfiltered,892,oriC,0.24426756932665375,258,0.034427058715911105
proteomics,zhu_B_subtilis,rel20_abs0.1,high,unfiltered,892,ter,2.1479060409826292e-4,326,0.100860645314893
proteomics,zhu_B_subtilis,rel20_abs0.1,high,unfiltered,892,oriC,2.792623540090966e-17,258,0.26103378701532665
proteomics,zhu_B_subtilis,rel20_abs0.1,high,unfiltered,892,ter,5.328989184354739e-29,326,0.32143916814355933
proteomics,zhu_B_subtilis,rel20_abs0.1,high,unfiltered,892,oriC,3.5380570977803366e-4,258,0.15102485697679466
proteomics,zhu_B_subtilis,rel20_abs0.1,high,unfiltered,892,ter,3.4706679341185324e-11,326,0.24233353905047123
proteomics,zhu_B_subtilis,rel20_abs0.1,high,unfiltered,892,oriC,0.020227319143182283,258,-0.14445568675136206
proteomics,zhu_B_subtilis,rel20_abs0.1,high,unfiltered,892,ter,0.0339821819085967,326,-0.05925133862060198
proteomics,zhu_B_subtilis,rel20_abs0.1,high,unfiltered,892,oriC,0.014102993730241146,258,-0.31988115104923387
proteomics,zhu_B_subtilis,rel20_abs0.1,high,unfiltered,892,ter,0.0020719225945058867,326,-0.09159561504407909
proteomics,zhu_B_subtilis,rel20_abs0.1,high,unfiltered,892,oriC,0.16520966512685342,258,0.10735724217979123
proteomics,zhu_B_subtilis,rel20_abs0.1,high,unfiltered,892,ter,0.16781144376273827,326,0.1865888031744975
proteomics,zhu_B_subtilis,rel20_abs0.1,high,unfiltered,892,oriC,0.9455100360806385,258,0.07691723209091801
proteomics,zhu_B_subtilis,rel20_abs0.1,high,unfiltered,892,ter,0.37622660178457534,326,0.04884585926139577
proteomics,zhu_B_subtilis,rel20_abs0.1,high,unfiltered,892,oriC,5.256753639341508e-4,258,-0.05655555529331843
proteomics,zhu_B_subtilis,rel20_abs0.1,high,unfiltered,892,ter,0.29055171782869466,326,-0.007025034200513347
proteomics,zhu_B_subtilis,rel20_abs0.1,high,unfiltered,892,oriC,3.7756439861252786e-8,258,-0.1823579295238918
proteomics,zhu_B_subtilis,rel20_abs0.1,high,unfiltered,892,ter,8.762536900465989e-4,326,-0.10659042661257648
proteomics,zhu_B_subtilis,rel20_abs0.1,high,unfiltered,892,oriC,9.145329723661595e-10,258,-0.40547289154512145
proteomics,zhu_B_subtilis,rel20_abs0.1,high,unfiltered,892,ter,9.886581560106183e-15,326,-0.4023245762947986
proteomics,zhu_B_subtilis,rel20_abs0.1,high,unfiltered,892,oriC,3.253626707548774e-10,258,-0.6689348848161003
proteomics,zhu_B_subtilis,rel20_abs0.1,high,unfiltered,892,ter,1.6008801265306826e-12,326,-0.5117664611231625
proteomics,zhu_B_subtilis,rel20_abs0.1,high,unfiltered,892,oriC,2.6403141339089088e-5,258,-0.19952843824591002
proteomics,zhu_B_subtilis,rel20_abs0.1,high,unfiltered,892,ter,3.853616482393518e-5,326,-0.16546520625003194
proteomics,zhu_B_subtilis,rel20_abs0.1,high,unfiltered,891,oriC,9.533107352627539e-6,258,-0.37486438606817274
proteomics,zhu_B_subtilis,rel20_abs0.1,high,unfiltered,891,ter,3.622912878272238e-8,325,-0.3945325329755767
proteomics,zhu_B_subtilis,rel20_abs0.1,high,unfiltered,892,oriC,1.3784599990234908e-18,258,0.2543641630878116
proteomics,zhu_B_subtilis,rel20_abs0.1,high,unfiltered,892,ter,4.231856402092625e-25,326,0.2222527741776598
proteomics,zhu_B_subtilis,rel20_abs0.1,high,unfiltered,892,oriC,2.7595233958484624e-8,258,0.1086017850138198
proteomics,zhu_B_subtilis,rel20_abs0.1,high,unfiltered,892,ter,3.826337969981602e-15,326,0.1648527372481175
proteomics,zhu_B_subtilis,rel20_abs0.1,high,unfiltered,892,oriC,0.054497332058177084,258,-0.08640278148602804
proteomics,zhu_B_subtilis,rel20_abs0.1,high,unfiltered,892,ter,2.8741922688496483e-4,326,-0.0928297060445628
proteomics,zhu_B_subtilis,rel20_abs0.1,high,unfiltered,892,oriC,0.012490648232897571,258,-0.32008123868341853
proteomics,zhu_B_subtilis,rel20_abs0.1,high,unfiltered,892,ter,1.0907106677397329e-4,326,-0.11074435383897324
proteomics,zhu_B_subtilis,rel20_abs0.1,high,unfiltered,892,oriC,0.04114641936849641,258,0.10585319789343287
proteomics,zhu_B_subtilis,rel20_abs0.1,high,unfiltered,892,ter,0.027964078734523504,326,0.11668079092996415
proteomics,zhu_B_subtilis,rel20_abs0.1,high,unfiltered,892,oriC,0.8225947399506464,258,0.06547060011290935
proteomics,zhu_B_subtilis,rel20_abs0.1,high,unfiltered,892,ter,0.3077663319088146,326,0.014346424786836145
proteomics,zhu_B_subtilis,rel20_abs0.1,high,unfiltered,892,oriC,2.0838904525908588e-9,258,-0.36612083910820925
proteomics,zhu_B_subtilis,rel20_abs0.1,high,unfiltered,892,ter,2.772124207314678e-16,326,-0.31873349326922606
proteomics,zhu_B_subtilis,rel20_abs0.1,high,unfiltered,892,oriC,8.666318210462527e-8,258,-0.559887148702876
proteomics,zhu_B_subtilis,rel20_abs0.1,high,unfiltered,892,ter,1.680896444369977e-11,326,-0.44000996992233987
proteomics,zhu_B_subtilis,rel20_abs0.1,high,unfiltered,892,oriC,0.0018830339862313222,258,-0.1103155432354043
proteomics,zhu_B_subtilis,rel20_abs0.1,high,unfiltered,892,ter,6.615959679116913e-4,326,-0.10381405069599543
proteomics,zhu_B_subtilis,rel20_abs0.1,high,unfiltered,891,oriC,0.001856651567207235,258,-0.19953505316422412
proteomics,zhu_B_subtilis,rel20_abs0.1,high,unfiltered,891,ter,4.941955040631949e-7,326,-0.2612890580992448
proteomics,zhu_B_subtilis,rel20_abs0.1,high,unfiltered,892,oriC,1.5743060840236098e-4,258,-0.3789014065638141
proteomics,zhu_B_subtilis,rel20_abs0.1,high,unfiltered,892,ter,2.762963031020729e-10,326,-0.3770090829214411
proteomics,zhu_B_subtilis,rel20_abs0.1,high,unfiltered,890,oriC,0.9365209633943283,257,0.023095047754996757
proteomics,zhu_B_subtilis,rel20_abs0.1,high,unfiltered,890,ter,0.21689541552018,326,-0.005478492879220139
proteomics,zhu_B_subtilis,rel20_abs0.1,high,unfiltered,892,oriC,0.18842660559844066,258,-0.11004535404370863
proteomics,zhu_B_subtilis,rel20_abs0.1,high,unfiltered,892,ter,1.405308098228142e-4,326,-0.11342198987412845
proteomics,zhu_B_subtilis,rel20_abs0.1,high,unfiltered,890,oriC,0.6196803291335399,257,5.073573312752267e-4
proteomics,zhu_B_subtilis,rel20_abs0.1,high,unfiltered,890,ter,0.3241998080868925,326,-0.013928334426181936
proteomics,zhu_B_subtilis,rel20_abs0.1,high,unfiltered,890,oriC,2.365154907886115e-13,257,0.23333276742804127
proteomics,zhu_B_subtilis,rel20_abs0.1,high,unfiltered,890,ter,9.329836030868857e-20,326,0.23116653254696676
proteomics,zhu_B_subtilis,rel20_abs0.1,high,unfiltered,890,oriC,4.7827020052825084e-5,257,0.22544767184956102
proteomics,zhu_B_subtilis,rel20_abs0.1,high,unfiltered,890,ter,4.859259711702211e-4,326,0.1363345347014339
proteomics,zhu_B_subtilis,rel20_abs0.1,high,unfiltered,840,oriC,1.312512623382442e-12,250,0.21679125245842534
proteomics,zhu_B_subtilis,rel20_abs0.1,high,unfiltered,840,ter,8.97145580590433e-11,310,0.1732027626583686
proteomics,zhu_B_subtilis,rel20_abs0.1,high,unfiltered,853,oriC,0.32661406471725307,249,-0.04418031309200046
proteomics,zhu_B_subtilis,rel20_abs0.1,high,unfiltered,853,ter,2.9472316783825332e-5,314,-0.08199676682916271
proteomics,zhu_E_coli,rel20_abs0.1,high,unfiltered,1091,oriC,0.014430686806782353,391,-0.03268731092505336
proteomics,zhu_E_coli,rel20_abs0.1,high,unfiltered,1091,ter,0.648160134997441,335,-0.005289452313486453
proteomics,zhu_E_coli,rel20_abs0.1,high,unfiltered,1092,oriC,0.0014633007063925552,392,-0.11861843245349454
proteomics,zhu_E_coli,rel20_abs0.1,high,unfiltered,1092,ter,0.20058260297424715,335,-0.031165701288663503
proteomics,zhu_E_coli,rel20_abs0.1,high,unfiltered,1092,oriC,6.042314928823448e-10,392,-0.29419710981785374
proteomics,zhu_E_coli,rel20_abs0.1,high,unfiltered,1092,ter,1.5391214093320663e-7,335,-0.3738198868700514
proteomics,zhu_E_coli,rel20_abs0.1,high,unfiltered,1092,oriC,0.025845160201935797,392,-0.03688869647240629
proteomics,zhu_E_coli,rel20_abs0.1,high,unfiltered,1092,ter,0.19801704438659878,335,0.08669146248223636
proteomics,zhu_E_coli,rel20_abs0.1,high,unfiltered,1092,oriC,4.469646727069545e-6,392,-0.12684010271767504
proteomics,zhu_E_coli,rel20_abs0.1,high,unfiltered,1092,ter,0.15147275135695282,335,-0.041751385681722174
proteomics,zhu_E_coli,rel20_abs0.1,high,unfiltered,1092,oriC,8.643402728011367e-5,392,-0.11807170595910926
proteomics,zhu_E_coli,rel20_abs0.1,high,unfiltered,1092,ter,0.013075227184952139,335,-0.12673995248282682
proteomics,zhu_E_coli,rel20_abs0.1,high,unfiltered,1092,oriC,1.8074196783450614e-10,392,-0.4115033790468727
proteomics,zhu_E_coli,rel20_abs0.1,high,unfiltered,1092,ter,7.253470283832443e-15,335,-0.6176429833484909
proteomics,zhu_E_coli,rel20_abs0.1,high,unfiltered,1091,oriC,4.8518874423138084e-4,392,-0.15205750564092907
proteomics,zhu_E_coli,rel20_abs0.1,high,unfiltered,1091,ter,3.145339953300953e-10,334,-0.46212515449221636
proteomics,zhu_E_coli,rel20_abs0.1,high,unfiltered,1092,oriC,4.021466988803059e-5,392,-0.08786449501546173
proteomics,zhu_E_coli,rel20_abs0.1,high,unfiltered,1092,ter,0.4893237099294088,335,-0.03314621228733383
proteomics,zhu_E_coli,rel20_abs0.1,high,unfiltered,1092,oriC,3.378507433500887e-7,392,-0.1521896452210135
proteomics,zhu_E_coli,rel20_abs0.1,high,unfiltered,1092,ter,0.02130950605146623,335,-0.06279282098222749
proteomics,zhu_E_coli,rel20_abs0.1,high,unfiltered,1092,oriC,2.6070377216871444e-13,392,-0.3428528162497979
proteomics,zhu_E_coli,rel20_abs0.1,high,unfiltered,1092,ter,3.147777108228765e-9,335,-0.36432243211104487
proteomics,zhu_E_coli,rel20_abs0.1,high,unfiltered,1092,oriC,7.3284623259162e-4,392,-0.0604468420077026
proteomics,zhu_E_coli,rel20_abs0.1,high,unfiltered,1092,ter,0.3136351522039171,335,0.057292989097361885
proteomics,zhu_E_coli,rel20_abs0.1,high,unfiltered,1092,oriC,9.255342975903082e-9,392,-0.15810055845208676
proteomics,zhu_E_coli,rel20_abs0.1,high,unfiltered,1092,ter,0.031848340380677666,335,-0.04650153470293175
proteomics,zhu_E_coli,rel20_abs0.1,high,unfiltered,1092,oriC,1.6599285957676779e-6,392,-0.14826080387082669
proteomics,zhu_E_coli,rel20_abs0.1,high,unfiltered,1092,ter,0.0022932550090077855,335,-0.196123533871083
proteomics,zhu_E_coli,rel20_abs0.1,high,unfiltered,1092,oriC,2.2979939812866497e-13,392,-0.4318897143222505
proteomics,zhu_E_coli,rel20_abs0.1,high,unfiltered,1092,ter,1.5033189839720615e-17,335,-0.6240030535398897
proteomics,zhu_E_coli,rel20_abs0.1,high,unfiltered,1092,oriC,3.546467749732292e-5,392,-0.21370952690806594
proteomics,zhu_E_coli,rel20_abs0.1,high,unfiltered,1092,ter,5.365209842043776e-13,335,-0.5030773467992931
proteomics,zhu_E_coli,rel20_abs0.1,high,unfiltered,1092,oriC,0.890337549859498,392,0.06582263067448721
proteomics,zhu_E_coli,rel20_abs0.1,high,unfiltered,1092,ter,0.37145290223584315,335,0.014923415117865392
proteomics,zhu_E_coli,rel20_abs0.1,high,unfiltered,1091,oriC,0.026414266713817795,392,-0.04610385265722425
proteomics,zhu_E_coli,rel20_abs0.1,high,unfiltered,1091,ter,0.00231052827400514,335,-0.06497632823896331
proteomics,zhu_E_coli,rel20_abs0.1,high,unfiltered,1092,oriC,9.002224190755083e-5,392,-0.198629068723165
proteomics,zhu_E_coli,rel20_abs0.1,high,unfiltered,1092,ter,1.8180834314746652e-5,335,-0.3388301288076301
proteomics,zhu_E_coli,rel20_abs0.1,high,unfiltered,1092,oriC,0.1086240803475694,392,0.12866028419850328
proteomics,zhu_E_coli,rel20_abs0.1,high,unfiltered,1092,ter,0.7134294343271903,335,0.07996113279608692
proteomics,zhu_E_coli,rel20_abs0.1,high,unfiltered,1091,oriC,0.5542664029204651,392,0.04529809718218952
proteomics,zhu_E_coli,rel20_abs0.1,high,unfiltered,1091,ter,0.09604436998279446,335,-0.03703749987266812
proteomics,zhu_E_coli,rel20_abs0.1,high,unfiltered,1091,oriC,0.05870333066615848,392,0.049358268797085714
proteomics,zhu_E_coli,rel20_abs0.1,high,unfiltered,1091,ter,0.0011312058418027262,335,-0.2945917490014015
proteomics,zhu_E_coli,rel20_abs0.1,high,unfiltered,1092,oriC,1.2502692930236529e-5,392,-0.28195659510925686
proteomics,zhu_E_coli,rel20_abs0.1,high,unfiltered,1092,ter,5.401689151433121e-15,335,-0.7470237636986751
proteomics,zhu_E_coli,rel20_abs0.1,high,unfiltered,1091,oriC,0.045117064352837494,392,-0.034926691965961196
proteomics,zhu_E_coli,rel20_abs0.1,high,unfiltered,1091,ter,1.0160667396421348e-11,335,-0.512675753333872
proteomics,zhu_E_coli,rel20_abs0.1,high,unfiltered,1088,oriC,5.120580007779091e-6,391,-0.15402317305122745
proteomics,zhu_E_coli,rel20_abs0.1,high,unfiltered,1088,ter,1.0392232770031779e-10,332,-0.22796484685279333
proteomics,zhu_E_coli,rel20_abs0.1,high,unfiltered,1092,oriC,0.5115541013355173,392,0.02245973646994426
proteomics,zhu_E_coli,rel20_abs0.1,high,unfiltered,1092,ter,3.8450090884989695e-4,335,0.0847689262154976
proteomics,zhu_E_coli,rel20_abs0.1,high,unfiltered,1092,oriC,0.00575667260102592,392,-0.05425660438673999
proteomics,zhu_E_coli,rel20_abs0.1,high,unfiltered,1092,ter,0.34491999093108255,335,-0.0185866489838949
proteomics,zhu_E_coli,rel20_abs0.1,high,unfiltered,1092,oriC,0.2678014227764104,392,-0.0070541725516584525
proteomics,zhu_E_coli,rel20_abs0.1,high,unfiltered,1092,ter,0.6571017771933607,335,0.038156407835766834
proteomics,zhu_E_coli,rel20_abs0.1,high,unfiltered,1091,oriC,4.195481593383418e-5,392,-0.2637859104734238
proteomics,zhu_E_coli,rel20_abs0.1,high,unfiltered,1091,ter,1.2798712488047875e-17,335,-0.5272855698477077
proteomics,zhu_E_coli,rel20_abs0.1,high,unfiltered,1092,oriC,0.43523543928798597,392,-0.006844664540958575
proteomics,zhu_E_coli,rel20_abs0.1,high,unfiltered,1092,ter,2.0312202247144846e-9,335,-0.38007754207206973
proteomics,zhu_E_coli,rel20_abs0.1,high,unfiltered,1092,oriC,0.0010110113887214032,392,-0.10808682501204868
proteomics,zhu_E_coli,rel20_abs0.1,high,unfiltered,1092,ter,9.64171722974306e-4,335,-0.2593941099712181
proteomics,zhu_E_coli,rel20_abs0.1,high,unfiltered,1092,oriC,5.9018605309251293e-05,392,0.14185606331179595
proteomics,zhu_E_coli,rel20_abs0.1,high,unfiltered,1092,ter,1.0218653382445622e-4,335,0.17029398725789818
proteomics,zhu_E_coli,rel20_abs0.1,high,unfiltered,1091,oriC,0.33895603329412743,392,0.06827164146138319
proteomics,zhu_E_coli,rel20_abs0.1,high,unfiltered,1091,ter,0.43612155739130726,335,0.05813111515853578
proteomics,zhu_E_coli,rel20_abs0.1,high,unfiltered,1091,oriC,0.9596742559865009,392,0.09002148199889085
proteomics,zhu_E_coli,rel20_abs0.1,high,unfiltered,1091,ter,0.10299199378481648,335,-0.03614450000639389
proteomics,zhu_E_coli,rel20_abs0.1,high,unfiltered,1092,oriC,2.0491321805374242e-4,392,-0.19080848946652124
proteomics,zhu_E_coli,rel20_abs0.1,high,unfiltered,1092,ter,4.678835974284869e-13,335,-0.6013327968072416
proteomics,zhu_E_coli,rel20_abs0.1,high,unfiltered,1091,oriC,0.5391500360545805,392,0.026184279306859057
proteomics,zhu_E_coli,rel20_abs0.1,high,unfiltered,1091,ter,1.0101721974422924e-10,335,-0.4028713653625463
proteomics,zhu_E_coli,rel20_abs0.1,high,unfiltered,1092,oriC,7.340340310790204e-4,392,0.1385851456296724
proteomics,zhu_E_coli,rel20_abs0.1,high,unfiltered,1092,ter,0.006241486530666546,335,0.17159168976381323
proteomics,zhu_E_coli,rel20_abs0.1,high,unfiltered,1073,oriC,0.09293231587282236,383,-0.07752346142445937
proteomics,zhu_E_coli,rel20_abs0.1,high,unfiltered,1073,ter,8.551932730829776e-15,334,-0.26513567120820813
proteomics,zhu_E_coli,rel20_abs0.1,high,unfiltered,1086,oriC,0.059975785644165426,389,0.14042764199090896
proteomics,zhu_E_coli,rel20_abs0.1,high,unfiltered,1086,ter,9.28011160974689e-4,335,-0.17123173658583765
proteomics,zhu_E_coli,rel20_abs0.1,high,unfiltered,1092,oriC,0.5236628486863143,392,0.008588507015031863
proteomics,zhu_E_coli,rel20_abs0.1,high,unfiltered,1092,ter,4.220972518960061e-5,335,-0.12172027438727272
proteomics,zhu_E_coli,rel20_abs0.1,high,unfiltered,1092,oriC,1.5285761805063947e-5,392,-0.2887597446109452
proteomics,zhu_E_coli,rel20_abs0.1,high,unfiltered,1092,ter,2.881600026437498e-23,335,-0.669055629175098
proteomics,zhu_E_coli,rel20_abs0.1,high,unfiltered,1092,oriC,0.4791624403207531,392,0.029325719441914068
proteomics,zhu_E_coli,rel20_abs0.1,high,unfiltered,1092,ter,2.1036401881990244e-14,335,-0.49814512128064875
proteomics,zhu_E_coli,rel20_abs0.1,high,unfiltered,1092,oriC,0.003862450671644525,392,-0.16653324720555146
proteomics,zhu_E_coli,rel20_abs0.1,high,unfiltered,1092,ter,6.042488047154009e-18,335,-0.5817873448682074
proteomics,zhu_E_coli,rel20_abs0.1,high,unfiltered,1091,oriC,0.21088340100995562,392,0.10235225320369848
proteomics,zhu_E_coli,rel20_abs0.1,high,unfiltered,1091,ter,2.6675429296993767e-11,335,-0.44245463205478597
proteomics,zhu_E_coli,rel20_abs0.1,high,unfiltered,1091,oriC,0.9767217021544343,392,0.01021251190737327
proteomics,zhu_E_coli,rel20_abs0.1,high,unfiltered,1091,ter,7.845956604305632e-17,335,-0.3158653187821655
proteomics,zhu_E_coli,rel20_abs0.1,high,unfiltered,1052,oriC,4.264700752808439e-9,375,0.2522801551493255
proteomics,zhu_E_coli,rel20_abs0.1,high,unfiltered,1052,ter,7.607424418037986e-4,328,0.15742908885749507
proteomics,zhu_V_natriegens,rel20_abs0.1,high,unfiltered,998,oriC,0.0010569122980089135,426,0.1093757998156478
proteomics,zhu_V_natriegens,rel20_abs0.1,high,unfiltered,998,ter,6.744007152842062e-4,207,0.1793369335836584
proteomics,zhu_V_natriegens,rel20_abs0.1,high,unfiltered,998,oriC,0.012890885360246115,426,-0.06537572597785934
proteomics,zhu_V_natriegens,rel20_abs0.1,high,unfiltered,998,ter,0.2736794871673346,207,0.036236667195990835
proteomics,zhu_V_natriegens,rel20_abs0.1,high,unfiltered,999,oriC,0.5463050652027949,426,0.02272322615610126
proteomics,zhu_V_natriegens,rel20_abs0.1,high,unfiltered,999,ter,0.19971339416528255,208,0.0733218943094653
proteomics,zhu_V_natriegens,rel20_abs0.1,high,unfiltered,999,oriC,0.06837860621094105,426,-0.07481099308190553
proteomics,zhu_V_natriegens,rel20_abs0.1,high,unfiltered,999,ter,0.03905175993766634,208,0.12497865620935886
proteomics,zhu_V_natriegens,rel20_abs0.1,high,unfiltered,999,oriC,0.04384090267082045,426,-0.12664573503445398
proteomics,zhu_V_natriegens,rel20_abs0.1,high,unfiltered,999,ter,0.95183094987569,208,-0.07609701580841723
proteomics,zhu_V_natriegens,rel20_abs0.1,high,unfiltered,999,oriC,3.724441480484548e-4,426,-0.19139839943091563
proteomics,zhu_V_natriegens,rel20_abs0.1,high,unfiltered,999,ter,0.516742008964898,208,-0.026433297327410538
proteomics,zhu_V_natriegens,rel20_abs0.1,high,unfiltered,999,oriC,0.035887520330503804,426,-0.11558589192609332
proteomics,zhu_V_natriegens,rel20_abs0.1,high,unfiltered,999,ter,0.23528012852976551,208,0.05930680583549022
proteomics,zhu_V_natriegens,rel20_abs0.1,high,unfiltered,999,oriC,5.834187413766818e-5,426,-0.1759475271439797
proteomics,zhu_V_natriegens,rel20_abs0.1,high,unfiltered,999,ter,0.3588171752246484,208,-0.053004888462094515
proteomics,zhu_V_natriegens,rel20_abs0.1,high,unfiltered,999,oriC,7.08844966065104e-11,426,-0.4583423514619144
proteomics,zhu_V_natriegens,rel20_abs0.1,high,unfiltered,999,ter,0.005743637280576029,208,-0.34328143439097597
proteomics,zhu_V_natriegens,rel20_abs0.1,high,unfiltered,999,oriC,4.6663224813926444e-8,426,-0.36464681920551834
proteomics,zhu_V_natriegens,rel20_abs0.1,high,unfiltered,999,ter,0.007532871575128609,208,-0.3569764809079924
proteomics,zhu_V_natriegens,rel20_abs0.1,high,unfiltered,999,oriC,1.401805337008118e-16,426,-0.238157609328095
proteomics,zhu_V_natriegens,rel20_abs0.1,high,unfiltered,999,ter,2.545780735065962e-5,208,-0.17363907169861714
proteomics,zhu_V_natriegens,rel20_abs0.1,high,unfiltered,998,oriC,1.1711202691731941e-8,426,-0.15145286869127603
proteomics,zhu_V_natriegens,rel20_abs0.1,high,unfiltered,998,ter,0.009452803160752461,208,-0.11922621432202257
proteomics,zhu_V_natriegens,rel20_abs0.1,high,unfiltered,999,oriC,1.8408937103515946e-14,426,-0.21368379967074072
proteomics,zhu_V_natriegens,rel20_abs0.1,high,unfiltered,999,ter,0.009644398284785546,208,-0.11408758477406028
proteomics,zhu_V_natriegens,rel20_abs0.1,high,unfiltered,998,oriC,8.079147546484912e-16,426,-0.24923245323536247
proteomics,zhu_V_natriegens,rel20_abs0.1,high,unfiltered,998,ter,6.581375849133409e-5,208,-0.22332014539731812
proteomics,zhu_V_natriegens,rel20_abs0.1,high,unfiltered,998,oriC,1.0825437162664806e-13,426,-0.3754680762471442
proteomics,zhu_V_natriegens,rel20_abs0.1,high,unfiltered,998,ter,0.03174264317982844,208,-0.25038632977154607
proteomics,zhu_V_natriegens,rel20_abs0.1,high,unfiltered,999,oriC,9.90246344657231e-11,426,-0.2602123694655345
proteomics,zhu_V_natriegens,rel20_abs0.1,high,unfiltered,999,ter,0.03183423401014048,208,-0.12671220992245996
proteomics,zhu_V_natriegens,rel20_abs0.1,high,unfiltered,998,oriC,4.0632185247357446e-13,426,-0.3397884400358909
proteomics,zhu_V_natriegens,rel20_abs0.1,high,unfiltered,998,ter,0.0034015394954478788,208,-0.2487289078661642
proteomics,zhu_V_natriegens,rel20_abs0.1,high,unfiltered,999,oriC,1.2503778201533715e-21,426,-0.6075155772672286
proteomics,zhu_V_natriegens,rel20_abs0.1,high,unfiltered,999,ter,7.868828503237692e-5,208,-0.3942481086936246
proteomics,zhu_V_natriegens,rel20_abs0.1,high,unfiltered,999,oriC,7.317329157995241e-15,426,-0.48824155845023254
proteomics,zhu_V_natriegens,rel20_abs0.1,high,unfiltered,999,ter,4.694732464664086e-5,208,-0.4233800798692977
proteomics,zhu_V_natriegens,rel20_abs0.1,high,unfiltered,999,oriC,0.021030883596665436,426,0.08857078798045609
proteomics,zhu_V_natriegens,rel20_abs0.1,high,unfiltered,999,ter,0.41560756052425285,208,0.029873521273977258
proteomics,zhu_V_natriegens,rel20_abs0.1,high,unfiltered,999,oriC,0.7518470874759298,426,0.017648501356920292
proteomics,zhu_V_natriegens,rel20_abs0.1,high,unfiltered,999,ter,0.1898124621771386,208,0.09790404920320156
proteomics,zhu_V_natriegens,rel20_abs0.1,high,unfiltered,999,oriC,0.6143992089553962,426,-0.0016659655285701938
proteomics,zhu_V_natriegens,rel20_abs0.1,high,unfiltered,999,ter,0.586669246600955,208,-0.029128376729725486
proteomics,zhu_V_natriegens,rel20_abs0.1,high,unfiltered,999,oriC,0.003209579549651914,426,-0.10706040302023487
proteomics,zhu_V_natriegens,rel20_abs0.1,high,unfiltered,999,ter,0.43701402706149983,208,-0.0813125395307992
proteomics,zhu_V_natriegens,rel20_abs0.1,high,unfiltered,999,oriC,0.8635416834520226,426,-0.004352419226051137
proteomics,zhu_V_natriegens,rel20_abs0.1,high,unfiltered,999,ter,0.5287170234650673,208,0.029060536109147175
proteomics,zhu_V_natriegens,rel20_abs0.1,high,unfiltered,999,oriC,0.002038468639057607,426,-0.06984278658776263
proteomics,zhu_V_natriegens,rel20_abs0.1,high,unfiltered,999,ter,0.1773033598575526,208,-0.1034429086554309
proteomics,zhu_V_natriegens,rel20_abs0.1,high,unfiltered,999,oriC,6.560407847121932e-9,426,-0.36519216894063355
proteomics,zhu_V_natriegens,rel20_abs0.1,high,unfiltered,999,ter,0.004791144392997205,208,-0.2615069186017246
proteomics,zhu_V_natriegens,rel20_abs0.1,high,unfiltered,999,oriC,7.037666834368766e-6,426,-0.28249268565119184
proteomics,zhu_V_natriegens,rel20_abs0.1,high,unfiltered,999,ter,0.003134576866210353,208,-0.35155696017927685
proteomics,zhu_V_natriegens,rel20_abs0.1,high,unfiltered,999,oriC,3.4470735002646326e-8,426,-0.17277263707071738
proteomics,zhu_V_natriegens,rel20_abs0.1,high,unfiltered,999,ter,0.39675364098908217,208,-0.0018850156123091507
proteomics,zhu_V_natriegens,rel20_abs0.1,high,unfiltered,999,oriC,6.261302235364751e-7,426,-0.12529547883784886
proteomics,zhu_V_natriegens,rel20_abs0.1,high,unfiltered,999,ter,0.482395513266137,208,-0.009258482907839993
proteomics,zhu_V_natriegens,rel20_abs0.1,high,unfiltered,999,oriC,1.5624827659450822e-9,426,-0.18538761437689555
proteomics,zhu_V_natriegens,rel20_abs0.1,high,unfiltered,999,ter,0.049184501526675306,208,-0.14762230582153815
proteomics,zhu_V_natriegens,rel20_abs0.1,high,unfiltered,999,oriC,9.328132983867803e-14,426,-0.3560347218501797
proteomics,zhu_V_natriegens,rel20_abs0.1,high,unfiltered,999,ter,8.42227614309846e-4,208,-0.1323276018801257
proteomics,zhu_V_natriegens,rel20_abs0.1,high,unfiltered,999,oriC,1.2087703781823694e-9,426,-0.30158327914489713
proteomics,zhu_V_natriegens,rel20_abs0.1,high,unfiltered,999,ter,9.802395747508138e-5,208,-0.3526679465233844
proteomics,zhu_V_natriegens,rel20_abs0.1,high,unfiltered,999,oriC,3.7039064463227374e-05,426,-0.13732012260318394
proteomics,zhu_V_natriegens,rel20_abs0.1,high,unfiltered,999,ter,0.05785422784859944,208,-0.18195906232064557
proteomics,zhu_V_natriegens,rel20_abs0.1,high,unfiltered,999,oriC,0.21379850602343795,426,-0.04025722127858912
proteomics,zhu_V_natriegens,rel20_abs0.1,high,unfiltered,999,ter,0.9564136720745161,208,0.014240509741748899
proteomics,zhu_V_natriegens,rel20_abs0.1,high,unfiltered,999,oriC,5.674512384544058e-6,426,-0.1326223380319891
proteomics,zhu_V_natriegens,rel20_abs0.1,high,unfiltered,999,ter,0.015803152198027897,208,-0.1612708620292131
proteomics,zhu_V_natriegens,rel20_abs0.1,high,unfiltered,999,oriC,1.6832726856539248e-11,426,-0.4209126778297875
proteomics,zhu_V_natriegens,rel20_abs0.1,high,unfiltered,999,ter,9.391907358072896e-5,208,-0.36024577137141345
proteomics,zhu_V_natriegens,rel20_abs0.1,high,unfiltered,999,oriC,2.4436657630142348e-8,426,-0.29558874570681937
proteomics,zhu_V_natriegens,rel20_abs0.1,high,unfiltered,999,ter,5.468210393597797e-5,208,-0.4107471870521866
proteomics,zhu_V_natriegens,rel20_abs0.1,high,unfiltered,999,oriC,0.05376913721780056,426,-0.01221807823517825
proteomics,zhu_V_natriegens,rel20_abs0.1,high,unfiltered,999,ter,0.6358700017324334,208,0.029593975205135688
proteomics,zhu_V_natriegens,rel20_abs0.1,high,unfiltered,999,oriC,0.4133330963961535,426,-9.36903687083592e-5
proteomics,zhu_V_natriegens,rel20_abs0.1,high,unfiltered,999,ter,0.0022127789192880297,208,0.08165266241008055
proteomics,zhu_V_natriegens,rel20_abs0.1,high,unfiltered,999,oriC,0.0031209115491748957,426,-0.08603356620966021
proteomics,zhu_V_natriegens,rel20_abs0.1,high,unfiltered,999,ter,0.9207184000552571,208,0.027823766984055934
proteomics,zhu_V_natriegens,rel20_abs0.1,high,unfiltered,999,oriC,1.405152180184568e-7,426,-0.17686808045419905
proteomics,zhu_V_natriegens,rel20_abs0.1,high,unfiltered,999,ter,0.040156558546981,208,-0.03389539495527458
proteomics,zhu_V_natriegens,rel20_abs0.1,high,unfiltered,999,oriC,1.000709143565132e-4,426,-0.14783449593463122
proteomics,zhu_V_natriegens,rel20_abs0.1,high,unfiltered,999,ter,0.00487776237372039,208,-0.21675860049172205
proteomics,zhu_V_natriegens,rel20_abs0.1,high,unfiltered,993,oriC,0.18756010961588296,423,0.01768112762199086
proteomics,zhu_V_natriegens,rel20_abs0.1,high,unfiltered,993,ter,0.7526156642538632,206,0.016191570394979402
proteomics,zhu_V_natriegens,rel20_abs0.1,high,unfiltered,983,oriC,2.669136957958733e-9,418,-0.11459568243337212
proteomics,zhu_V_natriegens,rel20_abs0.1,high,unfiltered,983,ter,0.0012318485176765377,205,-0.08916848004613952
proteomics,zhu_V_natriegens,rel20_abs0.1,high,unfiltered,992,oriC,0.003176259255395479,424,-0.13220471243588758
proteomics,zhu_V_natriegens,rel20_abs0.1,high,unfiltered,992,ter,0.01354888638065989,206,-0.18102572212142776
proteomics,zhu_V_natriegens,rel20_abs0.1,high,unfiltered,999,oriC,0.00045931943254751243,426,-0.0668318096481221
proteomics,zhu_V_natriegens,rel20_abs0.1,high,unfiltered,999,ter,0.048263250286315604,208,-0.0883259495267733
proteomics,zhu_V_natriegens,rel20_abs0.1,high,unfiltered,999,oriC,2.758539761627967e-9,426,-0.2882019154005857
proteomics,zhu_V_natriegens,rel20_abs0.1,high,unfiltered,999,ter,0.001564285992645953,208,-0.28642117631617536
proteomics,zhu_V_natriegens,rel20_abs0.1,high,unfiltered,999,oriC,1.083857461521607e-5,426,-0.1704323977844337
proteomics,zhu_V_natriegens,rel20_abs0.1,high,unfiltered,999,ter,0.0012263771579290284,208,-0.26901745909784053
proteomics,zhu_V_natriegens,rel20_abs0.1,high,unfiltered,994,oriC,0.0031634417065506204,425,-0.042298292463247296
proteomics,zhu_V_natriegens,rel20_abs0.1,high,unfiltered,994,ter,0.0073903390969865985,205,-0.16798724807081872
proteomics,zhu_V_natriegens,rel20_abs0.1,high,unfiltered,981,oriC,6.272739509840804e-9,420,0.14661482886685107
proteomics,zhu_V_natriegens,rel20_abs0.1,high,unfiltered,981,ter,0.010450529718303186,202,0.11890109812951644
