assay,dataset,cutoff,gene_filter,fc_mode,n_total,group,p,n_genes,med_log2fc
proteomics,schmidt_2016,rel0_abs0,high,filtered,1408,oriC,0.9467877914724987,469,0.006295542684326708
proteomics,schmidt_2016,rel0_abs0,high,filtered,1408,ter,0.017684577574391295,449,0.04493700512229051
proteomics,schmidt_2016,rel0_abs0,high,filtered,1403,oriC,0.5262764912224474,469,0.018321112839426317
proteomics,schmidt_2016,rel0_abs0,high,filtered,1403,ter,0.282679991858969,446,-0.02969914795671636
proteomics,schmidt_2016,rel0_abs0,high,filtered,1404,oriC,0.023757647946942212,469,-0.08637876125762893
proteomics,schmidt_2016,rel0_abs0,high,filtered,1404,ter,0.023074657228356905,449,-0.05204664174098647
proteomics,schmidt_2016,rel0_abs0,high,filtered,1407,oriC,0.7337244081299383,469,0.012230449349504017
proteomics,schmidt_2016,rel0_abs0,high,filtered,1407,ter,0.5032247196974213,448,0.038700903745494994
proteomics,schmidt_2016,rel0_abs0,high,filtered,1400,oriC,0.015087105722523088,467,0.13732079749701512
proteomics,schmidt_2016,rel0_abs0,high,filtered,1400,ter,0.6339488862660472,449,0.02262399225432558
proteomics,schmidt_2016,rel0_abs0,high,filtered,1405,oriC,0.42972839316664807,469,0.030104961218944185
proteomics,schmidt_2016,rel0_abs0,high,filtered,1405,ter,0.058784527051420295,449,-0.014323479728410606
proteomics,schmidt_2016,rel0_abs0,high,filtered,1402,oriC,0.6693742174565444,469,-0.027083424313799367
proteomics,schmidt_2016,rel0_abs0,high,filtered,1402,ter,0.00934561174574629,446,-0.10855712583357
proteomics,schmidt_2016,rel0_abs0,high,filtered,1406,oriC,0.5396983240858753,469,0.03379281071651597
proteomics,schmidt_2016,rel0_abs0,high,filtered,1406,ter,0.4216062707793651,448,0.05643382936885348
proteomics,schmidt_2016,rel0_abs0,high,filtered,1394,oriC,0.016866636671164247,463,0.10653186605442691
proteomics,schmidt_2016,rel0_abs0,high,filtered,1394,ter,0.590143658897683,446,0.02074283017674458
proteomics,schmidt_2016,rel0_abs0,high,filtered,1400,oriC,0.7361206050641698,468,0.026323583590566
proteomics,schmidt_2016,rel0_abs0,high,filtered,1400,ter,0.124482720386028,445,-0.02910806013284961
proteomics,schmidt_2016,rel0_abs0,high,filtered,1406,oriC,0.33692688588300085,469,0.04064338209071311
proteomics,schmidt_2016,rel0_abs0,high,filtered,1406,ter,0.9799903280337372,449,0.030959539439649335
proteomics,schmidt_2016,rel0_abs0,high,filtered,1352,oriC,0.8842665436613655,455,-0.018752195300843977
proteomics,schmidt_2016,rel0_abs0,high,filtered,1352,ter,0.9189666451402381,428,-0.04893230570086556
proteomics,schmidt_2016,rel0_abs0,high,filtered,1370,oriC,0.12298092545868683,457,0.03826768313135158
proteomics,schmidt_2016,rel0_abs0,high,filtered,1370,ter,0.5272144966024661,436,-0.021662563686842
proteomics,schmidt_2016,rel0_abs0,high,filtered,1374,oriC,0.053693093595903754,457,0.08606023367202312
proteomics,schmidt_2016,rel0_abs0,high,filtered,1374,ter,0.9779542582655392,439,0.010416638912056495
proteomics,schmidt_2016,rel0_abs0,high,filtered,1357,oriC,0.32136270502183023,452,0.0010912536185046504
proteomics,schmidt_2016,rel0_abs0,high,filtered,1357,ter,0.42097647552147766,430,0.036137686177275224
proteomics,schmidt_2016,rel0_abs0,high,filtered,1384,oriC,0.6928836762263705,462,-4.6480187361205773e-4
proteomics,schmidt_2016,rel0_abs0,high,filtered,1384,ter,0.23528744698364204,438,-0.05495263171203048
proteomics,schmidt_2016,rel0_abs0,high,filtered,1370,oriC,0.05122320176808253,459,0.10192412207761892
proteomics,schmidt_2016,rel0_abs0,high,filtered,1370,ter,0.5496361000940875,432,-0.015901029107579078
proteomics,schmidt_2016,rel0_abs0,high,filtered,1358,oriC,0.0809397321977451,452,-0.08963849295605478
proteomics,schmidt_2016,rel0_abs0,high,filtered,1358,ter,8.935940721771978e-7,432,-0.2906784204168084
proteomics,schmidt_2016,rel0_abs0,high,filtered,1335,oriC,0.17662918054241203,447,-0.07593214665073379
proteomics,schmidt_2016,rel0_abs0,high,filtered,1335,ter,7.163162797621847e-11,426,-0.44644193757647754
proteomics,schmidt_2016,rel0_abs0,high,filtered,1404,oriC,0.22843309712836624,469,0.03667868033464212
proteomics,schmidt_2016,rel0_abs0,high,filtered,1404,ter,0.010581511424557745,447,-0.072391371438989
proteomics,schmidt_2016,rel0_abs0,high,filtered,1403,oriC,0.00897199278550033,469,-0.07462779774162613
proteomics,schmidt_2016,rel0_abs0,high,filtered,1403,ter,1.2940728174779567e-4,449,-0.11266891847913969
proteomics,schmidt_2016,rel0_abs0,high,filtered,1408,oriC,0.003971400310433875,469,-0.03821750285686079
proteomics,schmidt_2016,rel0_abs0,high,filtered,1408,ter,0.004256344869659216,449,-0.029620209391970576
proteomics,schmidt_2016,rel0_abs0,high,filtered,1402,oriC,0.005163422241133493,469,0.0939882978079738
proteomics,schmidt_2016,rel0_abs0,high,filtered,1402,ter,0.022479278241319428,448,-0.0243732357023248
proteomics,schmidt_2016,rel0_abs0,high,filtered,1406,oriC,0.399162720413594,469,0.007739815944116604
proteomics,schmidt_2016,rel0_abs0,high,filtered,1406,ter,6.293169614825693e-4,449,-0.0682968922575141
proteomics,schmidt_2016,rel0_abs0,high,filtered,1404,oriC,0.49563585732390425,469,-0.042303343202552336
proteomics,schmidt_2016,rel0_abs0,high,filtered,1404,ter,1.920727842120341e-5,447,-0.143525568843699
proteomics,schmidt_2016,rel0_abs0,high,filtered,1405,oriC,0.275716847090666,469,0.033182806768352634
proteomics,schmidt_2016,rel0_abs0,high,filtered,1405,ter,0.3228091434249121,449,9.360944609914197e-4
proteomics,schmidt_2016,rel0_abs0,high,filtered,1401,oriC,0.02632859779459106,466,0.059516065134373894
proteomics,schmidt_2016,rel0_abs0,high,filtered,1401,ter,0.07530988248053819,449,-0.033852398618318416
proteomics,schmidt_2016,rel0_abs0,high,filtered,1401,oriC,0.9731576321367003,468,-0.003162584131457865
proteomics,schmidt_2016,rel0_abs0,high,filtered,1401,ter,0.0031498403724403387,446,-0.06960264583170273
proteomics,schmidt_2016,rel0_abs0,high,filtered,1406,oriC,0.9478721923917078,469,-0.009230109441362306
proteomics,schmidt_2016,rel0_abs0,high,filtered,1406,ter,0.044921129919990054,449,-0.023519108837395563
proteomics,schmidt_2016,rel0_abs0,high,filtered,1360,oriC,0.7299547001219809,459,-0.09054323370379011
proteomics,schmidt_2016,rel0_abs0,high,filtered,1360,ter,0.916912379020951,430,-0.06914607879777455
proteomics,schmidt_2016,rel0_abs0,high,filtered,1379,oriC,0.11404744161027236,457,0.0386163252809653
proteomics,schmidt_2016,rel0_abs0,high,filtered,1379,ter,0.03560161148193521,440,-0.09106327501418683
proteomics,schmidt_2016,rel0_abs0,high,filtered,1374,oriC,0.0635605268465535,458,0.045166728597761364
proteomics,schmidt_2016,rel0_abs0,high,filtered,1374,ter,0.6929697050487507,437,-0.006508580221803895
proteomics,schmidt_2016,rel0_abs0,high,filtered,1354,oriC,0.4503454873245398,451,-0.002182703879169854
proteomics,schmidt_2016,rel0_abs0,high,filtered,1354,ter,0.8154918118691372,428,-0.007235073422707145
proteomics,schmidt_2016,rel0_abs0,high,filtered,1390,oriC,0.9493968242779468,465,-0.047925925762991414
proteomics,schmidt_2016,rel0_abs0,high,filtered,1390,ter,0.011725106366906204,439,-0.11727592958586122
proteomics,schmidt_2016,rel0_abs0,high,filtered,1371,oriC,0.03771186977149714,459,0.0650444368712098
proteomics,schmidt_2016,rel0_abs0,high,filtered,1371,ter,0.9366109513293941,432,-0.018437006659327692
proteomics,schmidt_2016,rel0_abs0,high,filtered,1371,oriC,0.09140398375955489,452,-0.13590360872786028
proteomics,schmidt_2016,rel0_abs0,high,filtered,1371,ter,2.563987422588736e-10,441,-0.34648240431149796
proteomics,schmidt_2016,rel0_abs0,high,filtered,1353,oriC,0.15864990512508967,449,-0.07638489511167092
proteomics,schmidt_2016,rel0_abs0,high,filtered,1353,ter,8.151241103652621e-15,437,-0.5252941571171938
proteomics,schmidt_2016,rel0_abs0,high,filtered,1403,oriC,5.533358702584929e-4,469,-0.09919269793944012
proteomics,schmidt_2016,rel0_abs0,high,filtered,1403,ter,0.04523762542542895,448,-0.03451614837624546
proteomics,schmidt_2016,rel0_abs0,high,filtered,1402,oriC,0.03651833702458194,469,-0.053490563508078307
proteomics,schmidt_2016,rel0_abs0,high,filtered,1402,ter,0.6723514997148532,445,0.00156341418954856
proteomics,schmidt_2016,rel0_abs0,high,filtered,1402,oriC,9.91987661686387e-4,469,0.1256975336276632
proteomics,schmidt_2016,rel0_abs0,high,filtered,1402,ter,0.5727381859660059,448,0.06456915231547439
proteomics,schmidt_2016,rel0_abs0,high,filtered,1406,oriC,0.1026598951583959,469,0.04628239888091251
proteomics,schmidt_2016,rel0_abs0,high,filtered,1406,ter,0.8910715315590343,448,0.05819305209551551
proteomics,schmidt_2016,rel0_abs0,high,filtered,1406,oriC,0.5231694502257362,469,-0.029947023074956322
proteomics,schmidt_2016,rel0_abs0,high,filtered,1406,ter,0.05811243015506432,448,-0.01902119711228089
proteomics,schmidt_2016,rel0_abs0,high,filtered,1407,oriC,0.13160452434343722,469,0.04194028807006971
proteomics,schmidt_2016,rel0_abs0,high,filtered,1407,ter,0.10079514298516083,448,0.10626609781160798
proteomics,schmidt_2016,rel0_abs0,high,filtered,1399,oriC,0.011374369221398395,465,0.06636705865477285
proteomics,schmidt_2016,rel0_abs0,high,filtered,1399,ter,0.44146620645893186,448,0.0581264764765735
proteomics,schmidt_2016,rel0_abs0,high,filtered,1406,oriC,0.4456090728347457,469,0.01971409560599162
proteomics,schmidt_2016,rel0_abs0,high,filtered,1406,ter,0.6873476778040191,448,0.015944587430596728
proteomics,schmidt_2016,rel0_abs0,high,filtered,1399,oriC,0.7393727569310768,469,-0.009796982905892787
proteomics,schmidt_2016,rel0_abs0,high,filtered,1399,ter,0.591179999151862,445,-0.007406215547631576
proteomics,schmidt_2016,rel0_abs0,high,filtered,1378,oriC,0.22738531403645681,464,-0.0702589352593945
proteomics,schmidt_2016,rel0_abs0,high,filtered,1378,ter,0.6590700916365365,440,-0.009232858724374482
proteomics,schmidt_2016,rel0_abs0,high,filtered,1393,oriC,0.24913659399227073,464,0.029840848790515684
proteomics,schmidt_2016,rel0_abs0,high,filtered,1393,ter,0.8729712755107367,445,0.06306775376362732
proteomics,schmidt_2016,rel0_abs0,high,filtered,1389,oriC,0.15664742481384691,462,0.05748279190004123
proteomics,schmidt_2016,rel0_abs0,high,filtered,1389,ter,0.4229477490846411,443,0.11624778279499624
proteomics,schmidt_2016,rel0_abs0,high,filtered,1373,oriC,0.6288111913946984,459,-0.0367513625152404
proteomics,schmidt_2016,rel0_abs0,high,filtered,1373,ter,0.05446136934419731,435,0.05738184061720596
proteomics,schmidt_2016,rel0_abs0,high,filtered,1395,oriC,0.674497835419116,467,0.0072505186911087285
proteomics,schmidt_2016,rel0_abs0,high,filtered,1395,ter,0.5490624667094293,442,0.006808163417880417
proteomics,schmidt_2016,rel0_abs0,high,filtered,1390,oriC,0.26684523280478334,463,0.05064709684867218
proteomics,schmidt_2016,rel0_abs0,high,filtered,1390,ter,0.047179028077007704,442,0.11344551307729175
proteomics,schmidt_2016,rel0_abs0,high,filtered,1368,oriC,0.035504787798910684,455,-0.10767967041975823
proteomics,schmidt_2016,rel0_abs0,high,filtered,1368,ter,2.12862956932128e-6,434,-0.2702945252672315
proteomics,schmidt_2016,rel0_abs0,high,filtered,1351,oriC,0.01081025787950518,448,-0.11212531108406973
proteomics,schmidt_2016,rel0_abs0,high,filtered,1351,ter,1.042889618974852e-11,434,-0.4317671673196218
proteomics,schmidt_2016,rel0_abs0,high,filtered,1401,oriC,0.016519443798633286,469,0.03899306684242579
proteomics,schmidt_2016,rel0_abs0,high,filtered,1401,ter,0.10582648635506263,447,0.0193968336062225
proteomics,schmidt_2016,rel0_abs0,high,filtered,1404,oriC,1.7558040877761024e-10,467,0.17719450524779473
proteomics,schmidt_2016,rel0_abs0,high,filtered,1404,ter,0.24123631159332667,449,0.054087013835048305
proteomics,schmidt_2016,rel0_abs0,high,filtered,1406,oriC,1.7368561375881411e-12,469,0.12407168054425488
proteomics,schmidt_2016,rel0_abs0,high,filtered,1406,ter,0.04430347647412487,449,0.03794751077818816
proteomics,schmidt_2016,rel0_abs0,high,filtered,1403,oriC,0.0028409085155954804,468,0.057326597641290125
proteomics,schmidt_2016,rel0_abs0,high,filtered,1403,ter,0.8336542996087066,446,-0.019964959091266367
proteomics,schmidt_2016,rel0_abs0,high,filtered,1408,oriC,1.4060087165721274e-8,469,0.10481919427040803
proteomics,schmidt_2016,rel0_abs0,high,filtered,1408,ter,1.4303152425077154e-4,449,0.12056286350504619
proteomics,schmidt_2016,rel0_abs0,high,filtered,1402,oriC,4.211144710779912e-10,464,0.16857525202421136
proteomics,schmidt_2016,rel0_abs0,high,filtered,1402,ter,0.013748919996822033,449,0.07123430992081689
proteomics,schmidt_2016,rel0_abs0,high,filtered,1401,oriC,1.4981492600798389e-7,467,0.11876252952919727
proteomics,schmidt_2016,rel0_abs0,high,filtered,1401,ter,0.16450505691259354,446,0.03776284198657262
proteomics,schmidt_2016,rel0_abs0,high,filtered,1404,oriC,8.456707755616754e-4,469,0.06836749435688962
proteomics,schmidt_2016,rel0_abs0,high,filtered,1404,ter,0.5162453872765826,446,-0.003967332530499194
proteomics,schmidt_2016,rel0_abs0,high,filtered,1382,oriC,0.6732465097318031,467,-0.03301177757727138
proteomics,schmidt_2016,rel0_abs0,high,filtered,1382,ter,0.16086205357577077,439,-0.028918554218741104
proteomics,schmidt_2016,rel0_abs0,high,filtered,1399,oriC,0.002714537475188253,465,0.0654572312612293
proteomics,schmidt_2016,rel0_abs0,high,filtered,1399,ter,0.3988605087352778,447,0.05635494374761932
proteomics,schmidt_2016,rel0_abs0,high,filtered,1396,oriC,4.323501261912562e-4,465,0.12199676066984456
proteomics,schmidt_2016,rel0_abs0,high,filtered,1396,ter,0.13871356340964297,445,0.09003771525566745
proteomics,schmidt_2016,rel0_abs0,high,filtered,1385,oriC,0.06247251820901178,462,0.006880820161586119
proteomics,schmidt_2016,rel0_abs0,high,filtered,1385,ter,2.9324998860087525e-4,440,0.07844575995834219
proteomics,schmidt_2016,rel0_abs0,high,filtered,1397,oriC,0.1957079819418287,467,0.019142661321787765
proteomics,schmidt_2016,rel0_abs0,high,filtered,1397,ter,0.7787294460817984,442,-0.023018824104201096
proteomics,schmidt_2016,rel0_abs0,high,filtered,1389,oriC,3.4533896661423976e-4,466,0.12937307829053596
proteomics,schmidt_2016,rel0_abs0,high,filtered,1389,ter,0.018549809184211667,438,0.08392207297375251
proteomics,schmidt_2016,rel0_abs0,high,filtered,1380,oriC,0.7926521240393715,458,-0.04229421883026792
proteomics,schmidt_2016,rel0_abs0,high,filtered,1380,ter,4.124927376153651e-6,441,-0.23834955036698083
proteomics,schmidt_2016,rel0_abs0,high,filtered,1370,oriC,0.7814507560054949,454,-0.024467884307551258
proteomics,schmidt_2016,rel0_abs0,high,filtered,1370,ter,2.8032190306090053e-11,440,-0.43941206215239337
proteomics,schmidt_2016,rel0_abs0,high,filtered,1399,oriC,1.6494975518162148e-4,468,0.12522843701901096
proteomics,schmidt_2016,rel0_abs0,high,filtered,1399,ter,0.4888733250268854,446,-0.006975623797684306
proteomics,schmidt_2016,rel0_abs0,high,filtered,1406,oriC,3.814396129149168e-4,469,0.06975052852234526
proteomics,schmidt_2016,rel0_abs0,high,filtered,1406,ter,0.5430858074759177,448,0.020804041689586637
proteomics,schmidt_2016,rel0_abs0,high,filtered,1402,oriC,0.7445198577705457,469,-0.030776535887788472
proteomics,schmidt_2016,rel0_abs0,high,filtered,1402,ter,0.001933097911318436,446,-0.09181813174627007
proteomics,schmidt_2016,rel0_abs0,high,filtered,1407,oriC,0.010601333692580513,469,0.06985784330978728
proteomics,schmidt_2016,rel0_abs0,high,filtered,1407,ter,0.1756165013554378,449,0.03469173960185611
proteomics,schmidt_2016,rel0_abs0,high,filtered,1401,oriC,8.028484339727314e-4,467,0.08901882756351605
proteomics,schmidt_2016,rel0_abs0,high,filtered,1401,ter,0.6397096465547,448,0.036797329518839156
proteomics,schmidt_2016,rel0_abs0,high,filtered,1402,oriC,0.05722947050349118,468,0.042341975572523324
proteomics,schmidt_2016,rel0_abs0,high,filtered,1402,ter,0.506934112590006,447,-0.03692614033324641
proteomics,schmidt_2016,rel0_abs0,high,filtered,1406,oriC,0.02051078151586375,469,0.03302200189294511
proteomics,schmidt_2016,rel0_abs0,high,filtered,1406,ter,0.6825911031571947,449,-0.0040693906753011995
proteomics,schmidt_2016,rel0_abs0,high,filtered,1365,oriC,0.5668611519667215,461,-0.023121271206728987
proteomics,schmidt_2016,rel0_abs0,high,filtered,1365,ter,0.33754162852269265,431,-0.025235881873612396
proteomics,schmidt_2016,rel0_abs0,high,filtered,1387,oriC,0.10496966161840511,462,0.05234299042660863
proteomics,schmidt_2016,rel0_abs0,high,filtered,1387,ter,0.24932336021500842,444,-0.03817019571674317
proteomics,schmidt_2016,rel0_abs0,high,filtered,1382,oriC,0.0719882085819752,462,0.047732116373499264
proteomics,schmidt_2016,rel0_abs0,high,filtered,1382,ter,0.8320929569312745,438,0.06301786802562506
proteomics,schmidt_2016,rel0_abs0,high,filtered,1354,oriC,0.3298697684501731,451,-0.013899293507191273
proteomics,schmidt_2016,rel0_abs0,high,filtered,1354,ter,0.1510960822480207,429,0.04213546292648381
proteomics,schmidt_2016,rel0_abs0,high,filtered,1393,oriC,0.6824852715850659,468,0.010536724016094836
proteomics,schmidt_2016,rel0_abs0,high,filtered,1393,ter,0.08857672714860342,439,-0.08260088800029393
proteomics,schmidt_2016,rel0_abs0,high,filtered,1380,oriC,0.004602002127882781,460,0.08137097104723286
proteomics,schmidt_2016,rel0_abs0,high,filtered,1380,ter,0.2529462224555516,437,0.01069694926763778
proteomics,schmidt_2016,rel0_abs0,high,filtered,1376,oriC,0.21272948003047532,456,-0.14047866980914053
proteomics,schmidt_2016,rel0_abs0,high,filtered,1376,ter,1.434085066520314e-9,441,-0.3288593557914408
proteomics,schmidt_2016,rel0_abs0,high,filtered,1358,oriC,0.20529365875452318,452,-0.05887186429341477
proteomics,schmidt_2016,rel0_abs0,high,filtered,1358,ter,1.2738117074412352e-14,437,-0.5035371838276254
proteomics,schmidt_2016,rel0_abs0,high,filtered,1407,oriC,0.001043649197661054,469,-0.07152722591055172
proteomics,schmidt_2016,rel0_abs0,high,filtered,1407,ter,0.7687074423889636,449,0.009241934837452476
proteomics,schmidt_2016,rel0_abs0,high,filtered,1406,oriC,2.115844534440305e-9,469,-0.14905777990102062
proteomics,schmidt_2016,rel0_abs0,high,filtered,1406,ter,0.17342564237106453,448,-0.036477569454785495
proteomics,schmidt_2016,rel0_abs0,high,filtered,1406,oriC,0.001555458201131571,468,-0.07377311358622086
proteomics,schmidt_2016,rel0_abs0,high,filtered,1406,ter,0.02540947305073292,449,0.039819340781114945
proteomics,schmidt_2016,rel0_abs0,high,filtered,1405,oriC,2.2571273238719417e-4,466,-0.06736037410347237
proteomics,schmidt_2016,rel0_abs0,high,filtered,1405,ter,0.5242289576990518,449,0.010599377756788276
proteomics,schmidt_2016,rel0_abs0,high,filtered,1406,oriC,4.635979284740852e-6,469,-0.11090874417057373
proteomics,schmidt_2016,rel0_abs0,high,filtered,1406,ter,0.6488646796309586,448,-0.016926403850365077
proteomics,schmidt_2016,rel0_abs0,high,filtered,1403,oriC,3.6741512060433306e-4,468,-0.12150370717671694
proteomics,schmidt_2016,rel0_abs0,high,filtered,1403,ter,0.7393871873856361,445,-0.002704649022100639
proteomics,schmidt_2016,rel0_abs0,high,filtered,1386,oriC,4.021251113856014e-5,463,-0.19622210953951394
proteomics,schmidt_2016,rel0_abs0,high,filtered,1386,ter,0.6719088978328522,439,-0.012610873609137027
proteomics,schmidt_2016,rel0_abs0,high,filtered,1402,oriC,2.613479284546597e-4,466,-0.09683377517180403
proteomics,schmidt_2016,rel0_abs0,high,filtered,1402,ter,0.5464771830510151,448,-0.017294492900864697
proteomics,schmidt_2016,rel0_abs0,high,filtered,1407,oriC,0.0018159799244174097,469,-0.10144273596906453
proteomics,schmidt_2016,rel0_abs0,high,filtered,1407,ter,0.28140438323275624,448,0.030846670955532857
proteomics,schmidt_2016,rel0_abs0,high,filtered,1381,oriC,1.5085473297317317e-4,459,-0.18129711332075202
proteomics,schmidt_2016,rel0_abs0,high,filtered,1381,ter,0.2699942780141672,441,-0.008969258191468089
proteomics,schmidt_2016,rel0_abs0,high,filtered,1403,oriC,2.545053580759835e-8,469,-0.1827864393811601
proteomics,schmidt_2016,rel0_abs0,high,filtered,1403,ter,0.004627392011040906,445,-0.11175817969808059
proteomics,schmidt_2016,rel0_abs0,high,filtered,1399,oriC,0.7555158785882704,468,-0.027776311088814773
proteomics,schmidt_2016,rel0_abs0,high,filtered,1399,ter,0.10675752943731931,444,0.00738632997074011
proteomics,schmidt_2016,rel0_abs0,high,filtered,1386,oriC,7.218856690854165e-8,459,-0.21173405291301944
proteomics,schmidt_2016,rel0_abs0,high,filtered,1386,ter,5.270471132575004e-9,445,-0.2980675437124382
proteomics,schmidt_2016,rel0_abs0,high,filtered,1374,oriC,3.672220162047909e-5,456,-0.22753111567677523
proteomics,schmidt_2016,rel0_abs0,high,filtered,1374,ter,3.3745357773350793e-13,440,-0.38287028401405265
proteomics,schmidt_2016,rel0_abs0,high,filtered,1406,oriC,4.1911512422939973e-4,469,-0.04893094976359729
proteomics,schmidt_2016,rel0_abs0,high,filtered,1406,ter,0.001557913976002066,448,-0.07497117890505096
proteomics,schmidt_2016,rel0_abs0,high,filtered,1408,oriC,0.4962823078120597,469,-0.0018683525990172167
proteomics,schmidt_2016,rel0_abs0,high,filtered,1408,ter,0.0011689166564951801,449,0.07362428737077238
proteomics,schmidt_2016,rel0_abs0,high,filtered,1404,oriC,0.2231842586280999,466,0.008532342419083508
proteomics,schmidt_2016,rel0_abs0,high,filtered,1404,ter,0.7070269134924407,449,0.004484931639934611
proteomics,schmidt_2016,rel0_abs0,high,filtered,1404,oriC,0.02448397946480679,469,-0.035496089032407786
proteomics,schmidt_2016,rel0_abs0,high,filtered,1404,ter,0.7486847088718571,447,-0.01167287928906517
proteomics,schmidt_2016,rel0_abs0,high,filtered,1406,oriC,0.0017519845023869374,469,-0.0787978739208084
proteomics,schmidt_2016,rel0_abs0,high,filtered,1406,ter,0.2035294614154447,448,-0.051071972463054074
proteomics,schmidt_2016,rel0_abs0,high,filtered,1384,oriC,0.07688285504237652,465,-0.10349555590739061
proteomics,schmidt_2016,rel0_abs0,high,filtered,1384,ter,0.4551460446508755,439,-0.010596323702021003
proteomics,schmidt_2016,rel0_abs0,high,filtered,1397,oriC,0.395698922381294,464,-0.018969643670689096
proteomics,schmidt_2016,rel0_abs0,high,filtered,1397,ter,0.7782615232143113,447,0.02453879166313631
proteomics,schmidt_2016,rel0_abs0,high,filtered,1401,oriC,0.8039580785696016,466,-0.003348162160815605
proteomics,schmidt_2016,rel0_abs0,high,filtered,1401,ter,0.5332841367015015,447,0.03812177052140712
proteomics,schmidt_2016,rel0_abs0,high,filtered,1372,oriC,0.08975557898253864,455,-0.05952868744928567
proteomics,schmidt_2016,rel0_abs0,high,filtered,1372,ter,0.09578868929866836,437,-0.007505589800677317
proteomics,schmidt_2016,rel0_abs0,high,filtered,1401,oriC,0.0037757552999286544,468,-0.08519063547145131
proteomics,schmidt_2016,rel0_abs0,high,filtered,1401,ter,0.02071263102297778,445,-0.08488923071677154
proteomics,schmidt_2016,rel0_abs0,high,filtered,1393,oriC,0.273924925395704,465,0.03924349168308685
proteomics,schmidt_2016,rel0_abs0,high,filtered,1393,ter,0.09634671223184203,441,0.041206459499797725
proteomics,schmidt_2016,rel0_abs0,high,filtered,1387,oriC,6.83492038994408e-4,458,-0.14919954684697712
proteomics,schmidt_2016,rel0_abs0,high,filtered,1387,ter,5.159760217554206e-10,445,-0.2709182169957011
proteomics,schmidt_2016,rel0_abs0,high,filtered,1367,oriC,9.091168905119805e-4,449,-0.12327720425852845
proteomics,schmidt_2016,rel0_abs0,high,filtered,1367,ter,2.3840393378727815e-14,442,-0.4081809194844882
proteomics,schmidt_2016,rel0_abs0,high,filtered,1407,oriC,0.19863586222443189,469,0.04119848149352482
proteomics,schmidt_2016,rel0_abs0,high,filtered,1407,ter,4.1729719860182026e-7,448,0.11174689030317916
proteomics,schmidt_2016,rel0_abs0,high,filtered,1403,oriC,8.066257215052816e-5,466,0.08670363727921324
proteomics,schmidt_2016,rel0_abs0,high,filtered,1403,ter,0.0029245821087445075,449,0.0795110288492011
proteomics,schmidt_2016,rel0_abs0,high,filtered,1408,oriC,0.030439840772555873,469,0.03470771388853041
proteomics,schmidt_2016,rel0_abs0,high,filtered,1408,ter,2.365756722149884e-4,449,0.0795142945807386
proteomics,schmidt_2016,rel0_abs0,high,filtered,1404,oriC,0.974465272027615,469,0.0018693547451260784
proteomics,schmidt_2016,rel0_abs0,high,filtered,1404,ter,0.0964099062746676,446,0.02752597204522808
proteomics,schmidt_2016,rel0_abs0,high,filtered,1393,oriC,0.25781422899102147,468,-0.09729631770851363
proteomics,schmidt_2016,rel0_abs0,high,filtered,1393,ter,0.013443045050296502,439,0.06205894719849134
proteomics,schmidt_2016,rel0_abs0,high,filtered,1403,oriC,0.5832602679154109,464,0.02226645385843814
proteomics,schmidt_2016,rel0_abs0,high,filtered,1403,ter,0.032422893672933245,449,0.06081207893478272
proteomics,schmidt_2016,rel0_abs0,high,filtered,1401,oriC,0.11512515375981326,465,0.040449766501993514
proteomics,schmidt_2016,rel0_abs0,high,filtered,1401,ter,0.008361948435141953,447,0.1213663599933866
proteomics,schmidt_2016,rel0_abs0,high,filtered,1381,oriC,0.61915174631607806,456,-0.024919141540948736
proteomics,schmidt_2016,rel0_abs0,high,filtered,1381,ter,0.010750627496310288,440,0.04401654723652626
proteomics,schmidt_2016,rel0_abs0,high,filtered,1404,oriC,0.4657660744211383,469,-0.009787252168898076
proteomics,schmidt_2016,rel0_abs0,high,filtered,1404,ter,0.8010523232276926,445,-2.3426242341159214e-4
proteomics,schmidt_2016,rel0_abs0,high,filtered,1396,oriC,0.0013508841003237139,465,0.11160929542488689
proteomics,schmidt_2016,rel0_abs0,high,filtered,1396,ter,0.0011615909059620032,442,0.11093103728254386
proteomics,schmidt_2016,rel0_abs0,high,filtered,1383,oriC,0.09838000029300344,456,-0.06451238961626996
proteomics,schmidt_2016,rel0_abs0,high,filtered,1383,ter,2.299030559445901e-7,447,-0.21160865584861532
proteomics,schmidt_2016,rel0_abs0,high,filtered,1374,oriC,0.03789086230263479,451,-0.03691684235005463
proteomics,schmidt_2016,rel0_abs0,high,filtered,1374,ter,7.405949982254719e-11,444,-0.37638640789160943
proteomics,schmidt_2016,rel0_abs0,high,filtered,1401,oriC,0.28156950694691224,466,0.016941699569929296
proteomics,schmidt_2016,rel0_abs0,high,filtered,1401,ter,0.009713521875530528,447,-0.034329900982013176
proteomics,schmidt_2016,rel0_abs0,high,filtered,1406,oriC,0.5200718517868248,469,-0.02569246309370745
proteomics,schmidt_2016,rel0_abs0,high,filtered,1406,ter,4.621040187505397e-6,447,-0.08344220913793807
proteomics,schmidt_2016,rel0_abs0,high,filtered,1407,oriC,0.11155757861806571,469,-0.044802963962656324
proteomics,schmidt_2016,rel0_abs0,high,filtered,1407,ter,0.02894528361161281,449,-0.06722973123334192
proteomics,schmidt_2016,rel0_abs0,high,filtered,1392,oriC,0.041507394918709986,466,-0.11264383237464942
proteomics,schmidt_2016,rel0_abs0,high,filtered,1392,ter,0.343763095647904,442,-0.07721628004449696
proteomics,schmidt_2016,rel0_abs0,high,filtered,1403,oriC,0.3025060853403184,466,-0.021745888393814135
proteomics,schmidt_2016,rel0_abs0,high,filtered,1403,ter,0.009249365468105588,447,-0.06979369114289362
proteomics,schmidt_2016,rel0_abs0,high,filtered,1405,oriC,0.27425662137180334,468,-0.032316278100072995
proteomics,schmidt_2016,rel0_abs0,high,filtered,1405,ter,0.11987364114297122,448,-0.038638659507822984
proteomics,schmidt_2016,rel0_abs0,high,filtered,1385,oriC,0.0184005189571674,461,-0.12117904921004789
proteomics,schmidt_2016,rel0_abs0,high,filtered,1385,ter,0.6047135482188271,440,-0.06814562130697663
proteomics,schmidt_2016,rel0_abs0,high,filtered,1402,oriC,0.0015340679988699634,469,-0.09020148642966455
proteomics,schmidt_2016,rel0_abs0,high,filtered,1402,ter,1.2097757875240028e-4,443,-0.1419250489361537
proteomics,schmidt_2016,rel0_abs0,high,filtered,1396,oriC,0.42519430060807667,465,0.0031544052108838146
proteomics,schmidt_2016,rel0_abs0,high,filtered,1396,ter,0.9492820295702207,443,-0.037244758121935076
proteomics,schmidt_2016,rel0_abs0,high,filtered,1390,oriC,3.927911660526839e-4,459,-0.18399362245858136
proteomics,schmidt_2016,rel0_abs0,high,filtered,1390,ter,1.1488053819780357e-12,444,-0.3219510812489809
proteomics,schmidt_2016,rel0_abs0,high,filtered,1372,oriC,3.783270014782506e-4,452,-0.1606092253010662
proteomics,schmidt_2016,rel0_abs0,high,filtered,1372,ter,4.9908374778297305e-18,441,-0.5093897887422268
proteomics,schmidt_2016,rel0_abs0,high,filtered,1403,oriC,0.011595423011397417,466,-0.05868911901015447
proteomics,schmidt_2016,rel0_abs0,high,filtered,1403,ter,0.25953122594770633,448,-0.0343629824284185
proteomics,schmidt_2016,rel0_abs0,high,filtered,1390,oriC,6.473000728571074e-4,464,-0.1916757636000997
proteomics,schmidt_2016,rel0_abs0,high,filtered,1390,ter,0.4229477490846411,443,-0.07430211105100579
proteomics,schmidt_2016,rel0_abs0,high,filtered,1399,oriC,0.004796167964788181,463,-0.05194700904771961
proteomics,schmidt_2016,rel0_abs0,high,filtered,1399,ter,0.23784804220400813,448,-0.05076394755289032
proteomics,schmidt_2016,rel0_abs0,high,filtered,1405,oriC,0.07243312691448596,466,-0.048364772120406796
proteomics,schmidt_2016,rel0_abs0,high,filtered,1405,ter,0.8250894005653836,449,0.0036600012444724275
proteomics,schmidt_2016,rel0_abs0,high,filtered,1386,oriC,7.951112342480384e-5,461,-0.1549283238098799
proteomics,schmidt_2016,rel0_abs0,high,filtered,1386,ter,0.9833163420527732,441,-0.04068185192376529
proteomics,schmidt_2016,rel0_abs0,high,filtered,1401,oriC,8.550639759717333e-6,466,-0.08713804203758824
proteomics,schmidt_2016,rel0_abs0,high,filtered,1401,ter,5.56313976058452e-4,446,-0.08998445330959298
proteomics,schmidt_2016,rel0_abs0,high,filtered,1401,oriC,0.7426586168897977,466,-0.003906755526312793
proteomics,schmidt_2016,rel0_abs0,high,filtered,1401,ter,0.25273855020670094,447,0.006986096185745447
proteomics,schmidt_2016,rel0_abs0,high,filtered,1390,oriC,6.718212591385341e-5,461,-0.15127565433030257
proteomics,schmidt_2016,rel0_abs0,high,filtered,1390,ter,3.1902807995008745e-12,444,-0.27112291755702034
proteomics,schmidt_2016,rel0_abs0,high,filtered,1368,oriC,2.3426912581230356e-4,451,-0.19757842708094978
proteomics,schmidt_2016,rel0_abs0,high,filtered,1368,ter,1.0808144582741435e-14,439,-0.396104767774257
proteomics,schmidt_2016,rel0_abs0,high,filtered,1405,oriC,0.42616399572058417,468,-0.009819656959216046
proteomics,schmidt_2016,rel0_abs0,high,filtered,1405,ter,0.776297870507459,447,-0.006548031414782154
proteomics,schmidt_2016,rel0_abs0,high,filtered,1386,oriC,0.03624374799684826,462,-0.1061880297455579
proteomics,schmidt_2016,rel0_abs0,high,filtered,1386,ter,0.28834865032537643,442,-0.005788156160480569
proteomics,schmidt_2016,rel0_abs0,high,filtered,1402,oriC,0.688257832984045,464,9.315323282790371e-4
proteomics,schmidt_2016,rel0_abs0,high,filtered,1402,ter,0.8168912758006728,449,0.01749902030582917
proteomics,schmidt_2016,rel0_abs0,high,filtered,1399,oriC,0.45937862161047627,466,0.04456320655548522
proteomics,schmidt_2016,rel0_abs0,high,filtered,1399,ter,0.293238150389413,445,0.06685346905312546
proteomics,schmidt_2016,rel0_abs0,high,filtered,1381,oriC,0.29792765908344837,458,-0.04295633383052086
proteomics,schmidt_2016,rel0_abs0,high,filtered,1381,ter,0.019624301554321814,439,0.03978098027940097
proteomics,schmidt_2016,rel0_abs0,high,filtered,1404,oriC,0.2078250494928935,469,-0.03954741467930365
proteomics,schmidt_2016,rel0_abs0,high,filtered,1404,ter,0.164985246219046,445,-0.023480425867518053
proteomics,schmidt_2016,rel0_abs0,high,filtered,1393,oriC,0.015419433965102921,464,0.08633771108407119
proteomics,schmidt_2016,rel0_abs0,high,filtered,1393,ter,0.004046597986164009,442,0.09693988253619737
proteomics,schmidt_2016,rel0_abs0,high,filtered,1383,oriC,0.012089823756091467,457,-0.10982904883737231
proteomics,schmidt_2016,rel0_abs0,high,filtered,1383,ter,1.2939420109730449e-8,442,-0.2625515561402597
proteomics,schmidt_2016,rel0_abs0,high,filtered,1372,oriC,0.008623853196587638,452,-0.10602352101375064
proteomics,schmidt_2016,rel0_abs0,high,filtered,1372,ter,9.003607459116465e-12,441,-0.4093525940619763
proteomics,schmidt_2016,rel0_abs0,high,filtered,1383,oriC,0.332268641145945,465,-0.02671325143964967
proteomics,schmidt_2016,rel0_abs0,high,filtered,1383,ter,0.5431008424244046,439,0.0018149236342283825
proteomics,schmidt_2016,rel0_abs0,high,filtered,1397,oriC,0.7856285855655287,463,0.007294539507972013
proteomics,schmidt_2016,rel0_abs0,high,filtered,1397,ter,0.5832074839653949,448,0.012126667552935339
proteomics,schmidt_2016,rel0_abs0,high,filtered,1403,oriC,0.4110332408126149,468,0.029008902620425395
proteomics,schmidt_2016,rel0_abs0,high,filtered,1403,ter,0.9391828220291173,447,0.021094505537792692
proteomics,schmidt_2016,rel0_abs0,high,filtered,1384,oriC,0.27216566588493935,460,-0.05891723929356275
proteomics,schmidt_2016,rel0_abs0,high,filtered,1384,ter,0.5117927789917458,438,-0.009243249326555729
proteomics,schmidt_2016,rel0_abs0,high,filtered,1404,oriC,0.22542173932367449,469,-0.06186446099179379
proteomics,schmidt_2016,rel0_abs0,high,filtered,1404,ter,0.012164751529906282,445,-0.06396054692292912
proteomics,schmidt_2016,rel0_abs0,high,filtered,1390,oriC,0.06381022743837218,464,0.0806262757498881
proteomics,schmidt_2016,rel0_abs0,high,filtered,1390,ter,0.12188099391094384,439,0.018709347735180074
proteomics,schmidt_2016,rel0_abs0,high,filtered,1384,oriC,0.03548634231064895,457,-0.13128136195156828
proteomics,schmidt_2016,rel0_abs0,high,filtered,1384,ter,1.1430888622882739e-10,443,-0.29409314286877186
proteomics,schmidt_2016,rel0_abs0,high,filtered,1369,oriC,0.010298006947492815,451,-0.08965721183570455
proteomics,schmidt_2016,rel0_abs0,high,filtered,1369,ter,2.2203672888518727e-14,438,-0.4141801065170576
proteomics,schmidt_2016,rel0_abs0,high,filtered,1400,oriC,6.032430921409244e-4,466,0.11921335756801149
proteomics,schmidt_2016,rel0_abs0,high,filtered,1400,ter,0.37323045414525546,448,0.062099359571861926
proteomics,schmidt_2016,rel0_abs0,high,filtered,1403,oriC,0.848769305393913,469,-0.005920314420729069
proteomics,schmidt_2016,rel0_abs0,high,filtered,1403,ter,0.36500644465278825,447,0.04261312974507805
proteomics,schmidt_2016,rel0_abs0,high,filtered,1397,oriC,0.3800747289154248,468,0.07073545136030265
proteomics,schmidt_2016,rel0_abs0,high,filtered,1397,ter,0.2676992564239712,444,-0.05851778801575415
proteomics,schmidt_2016,rel0_abs0,high,filtered,1401,oriC,9.78577178160437e-5,469,0.16053118220525867
proteomics,schmidt_2016,rel0_abs0,high,filtered,1401,ter,0.5224704152848372,445,0.017160815483005278
proteomics,schmidt_2016,rel0_abs0,high,filtered,1379,oriC,0.6922297194588001,456,0.013629412891222402
proteomics,schmidt_2016,rel0_abs0,high,filtered,1379,ter,1.1549318114607008e-4,442,-0.3070993954468668
proteomics,schmidt_2016,rel0_abs0,high,filtered,1351,oriC,0.7937385763751711,447,0.015819247371512305
proteomics,schmidt_2016,rel0_abs0,high,filtered,1351,ter,4.263921238000921e-7,436,-0.3830810344187743
proteomics,schmidt_2016,rel0_abs0,high,filtered,1402,oriC,0.860909501717025,465,-0.022977662774143905
proteomics,schmidt_2016,rel0_abs0,high,filtered,1402,ter,0.19272487902010335,448,0.03568460268994646
proteomics,schmidt_2016,rel0_abs0,high,filtered,1400,oriC,0.013454341528994654,464,-0.10319400895837327
proteomics,schmidt_2016,rel0_abs0,high,filtered,1400,ter,0.829493318603634,447,-0.05935680637575964
proteomics,schmidt_2016,rel0_abs0,high,filtered,1401,oriC,0.07292626439464858,466,-0.03783309511443807
proteomics,schmidt_2016,rel0_abs0,high,filtered,1401,ter,0.3028884955997483,446,-0.030010878298201822
proteomics,schmidt_2016,rel0_abs0,high,filtered,1402,oriC,0.006212460273700517,466,0.05969741695331483
proteomics,schmidt_2016,rel0_abs0,high,filtered,1402,ter,0.031436607814551105,447,0.05605714873041463
proteomics,schmidt_2016,rel0_abs0,high,filtered,1383,oriC,0.030476366582930382,455,-0.10399802227732542
proteomics,schmidt_2016,rel0_abs0,high,filtered,1383,ter,2.839561293941372e-7,444,-0.24038724335982953
proteomics,schmidt_2016,rel0_abs0,high,filtered,1362,oriC,0.07645040967494084,447,-0.0628061911657911
proteomics,schmidt_2016,rel0_abs0,high,filtered,1362,ter,2.6623872326332015e-10,443,-0.38703323322585886
proteomics,schmidt_2016,rel0_abs0,high,filtered,1395,oriC,0.0028581538126333066,464,-0.10510388782529698
proteomics,schmidt_2016,rel0_abs0,high,filtered,1395,ter,0.31087961201912906,444,-0.0556351690738114
proteomics,schmidt_2016,rel0_abs0,high,filtered,1402,oriC,0.05387281046275057,468,-0.04075618366222608
proteomics,schmidt_2016,rel0_abs0,high,filtered,1402,ter,0.004884191049007708,445,-0.08913854331532946
proteomics,schmidt_2016,rel0_abs0,high,filtered,1403,oriC,0.08084893857791921,468,0.05723788019532499
proteomics,schmidt_2016,rel0_abs0,high,filtered,1403,ter,0.8423531141427373,447,-0.03020748294244934
proteomics,schmidt_2016,rel0_abs0,high,filtered,1378,oriC,0.035494776342279225,453,-0.09501834810356753
proteomics,schmidt_2016,rel0_abs0,high,filtered,1378,ter,1.6022677237315618e-11,441,-0.2774684051703103
proteomics,schmidt_2016,rel0_abs0,high,filtered,1355,oriC,0.32130167489623285,442,-0.020907913654990375
proteomics,schmidt_2016,rel0_abs0,high,filtered,1355,ter,1.3227976543374904e-12,434,-0.3945688790052193
proteomics,schmidt_2016,rel0_abs0,high,filtered,1396,oriC,0.16631511692211232,465,0.07340071357655023
proteomics,schmidt_2016,rel0_abs0,high,filtered,1396,ter,0.2588510929575903,442,-0.05072539915207869
proteomics,schmidt_2016,rel0_abs0,high,filtered,1401,oriC,3.6580779112716426e-5,466,0.15276126367691045
proteomics,schmidt_2016,rel0_abs0,high,filtered,1401,ter,0.6795639911164446,446,0.043873645062469414
proteomics,schmidt_2016,rel0_abs0,high,filtered,1364,oriC,0.7089195465203605,449,0.01779421351295657
proteomics,schmidt_2016,rel0_abs0,high,filtered,1364,ter,7.546295227344247e-6,434,-0.2261497850192499
proteomics,schmidt_2016,rel0_abs0,high,filtered,1343,oriC,0.6054981983838481,440,0.08264818895128136
proteomics,schmidt_2016,rel0_abs0,high,filtered,1343,ter,4.897174647208932e-9,431,-0.3475977416736663
proteomics,schmidt_2016,rel0_abs0,high,filtered,1402,oriC,0.009734813687745578,468,0.10085351801531509
proteomics,schmidt_2016,rel0_abs0,high,filtered,1402,ter,0.006493972322171705,445,0.06990018391440515
proteomics,schmidt_2016,rel0_abs0,high,filtered,1376,oriC,0.8436879004979951,457,-0.04606947305463664
proteomics,schmidt_2016,rel0_abs0,high,filtered,1376,ter,2.176816808163624e-6,439,-0.17446202068113945
proteomics,schmidt_2016,rel0_abs0,high,filtered,1359,oriC,0.7511823172904655,447,0.008795629999324981
proteomics,schmidt_2016,rel0_abs0,high,filtered,1359,ter,1.0001081224534144e-10,434,-0.3113812417412177
proteomics,schmidt_2016,rel0_abs0,high,filtered,1370,oriC,2.1055556543409944e-6,453,-0.1730865407671366
proteomics,schmidt_2016,rel0_abs0,high,filtered,1370,ter,6.146549047200071e-10,438,-0.27844823235088173
proteomics,schmidt_2016,rel0_abs0,high,filtered,1351,oriC,0.002316448233578181,441,-0.14102809111491021
proteomics,schmidt_2016,rel0_abs0,high,filtered,1351,ter,1.5331496131136288e-10,438,-0.35571160799528284
proteomics,schmidt_2016,rel0_abs0,high,filtered,1402,oriC,0.032855643328061374,467,-0.034815967076171996
proteomics,schmidt_2016,rel0_abs0,high,filtered,1402,ter,2.96602696489318e-7,446,-0.14290236302432374
proteomics,peebo_2015,rel0_abs0,high,filtered,806,oriC,0.5823468108672054,260,6.53858576123682e-4
proteomics,peebo_2015,rel0_abs0,high,filtered,806,ter,0.05167773986016838,250,-0.008539247025624988
proteomics,peebo_2015,rel0_abs0,high,filtered,807,oriC,0.0034229211549509793,261,0.04476433789127797
proteomics,peebo_2015,rel0_abs0,high,filtered,807,ter,0.6751683295885161,251,-0.016253839285586266
proteomics,peebo_2015,rel0_abs0,high,filtered,742,oriC,3.676607348991799e-5,238,0.14037713915055824
proteomics,peebo_2015,rel0_abs0,high,filtered,742,ter,0.017411372219517114,234,0.06281030170795299
proteomics,peebo_2015,rel0_abs0,high,filtered,782,oriC,0.001807572686574799,255,0.0631671192045672
proteomics,peebo_2015,rel0_abs0,high,filtered,782,ter,0.5428245258811253,243,-0.015712496717225917
proteomics,peebo_2015,rel0_abs0,high,filtered,803,oriC,0.08862614887147084,257,0.02232891908481837
proteomics,peebo_2015,rel0_abs0,high,filtered,803,ter,0.4728562520609992,251,0.0010479220470548847
proteomics,peebo_2015,rel0_abs0,high,filtered,806,oriC,0.48214064402267026,261,0.013012217268062806
proteomics,peebo_2015,rel0_abs0,high,filtered,806,ter,0.18940191618522417,250,0.0011746682036836247
proteomics,peebo_2015,rel0_abs0,high,filtered,794,oriC,0.9143762496646245,258,-0.014830821186603768
proteomics,peebo_2015,rel0_abs0,high,filtered,794,ter,6.644865430334642e-5,248,-0.0712081407716103
proteomics,peebo_2015,rel0_abs0,high,filtered,807,oriC,0.2676152719623495,260,0.03950955724693701
proteomics,peebo_2015,rel0_abs0,high,filtered,807,ter,0.30195636249749747,251,0.01362592425895047
proteomics,peebo_2015,rel0_abs0,high,filtered,806,oriC,0.43018297596127286,261,0.03644888761809959
proteomics,peebo_2015,rel0_abs0,high,filtered,806,ter,0.09108079951110754,251,0.016554722228271024
proteomics,peebo_2015,rel0_abs0,high,filtered,808,oriC,0.09897448807431634,261,-0.07398222691140773
proteomics,peebo_2015,rel0_abs0,high,filtered,808,ter,7.718005388869926e-7,251,-0.15314390240785053
proteomics,peebo_2015,rel0_abs0,high,filtered,778,oriC,0.6271221066197861,253,-0.02672814449224834
proteomics,peebo_2015,rel0_abs0,high,filtered,778,ter,4.103685939141004e-5,239,-0.13577258054029628
proteomics,peebo_2015,rel0_abs0,high,filtered,805,oriC,0.16374319701304305,259,0.050071075746858595
proteomics,peebo_2015,rel0_abs0,high,filtered,805,ter,0.06876042499077058,250,-0.0014903647647491905
proteomics,peebo_2015,rel0_abs0,high,filtered,800,oriC,0.13721762212234004,259,0.07161848564869366
proteomics,peebo_2015,rel0_abs0,high,filtered,800,ter,0.1880775703972505,248,0.011166197491617014
proteomics,peebo_2015,rel0_abs0,high,filtered,797,oriC,0.1627104676653351,256,0.0810723317961505
proteomics,peebo_2015,rel0_abs0,high,filtered,797,ter,0.28434298123541724,249,0.029144147360814613
proteomics,peebo_2015,rel0_abs0,high,filtered,801,oriC,0.6483653526504984,260,-0.022445009699441885
proteomics,peebo_2015,rel0_abs0,high,filtered,801,ter,6.37448293575662e-8,248,-0.19900392873033146
proteomics,peebo_2015,rel0_abs0,high,filtered,780,oriC,0.5623958608137196,250,-0.030592802530626767
proteomics,peebo_2015,rel0_abs0,high,filtered,780,ter,6.558241302097397e-7,246,-0.1614791139362786
proteomics,peebo_2015,rel0_abs0,high,filtered,807,oriC,0.060326552883689814,261,-0.10215458956479058
proteomics,peebo_2015,rel0_abs0,high,filtered,807,ter,7.842369297447164e-9,251,-0.2633784948425089
proteomics,peebo_2015,rel0_abs0,high,filtered,765,oriC,0.4511800222935217,251,-0.04674891875744397
proteomics,peebo_2015,rel0_abs0,high,filtered,765,ter,4.4002284275506855e-6,238,-0.21514664902507252
proteomics,peebo_2015,rel0_abs0,high,filtered,795,oriC,0.07611814523996632,258,-0.09164611137197323
proteomics,peebo_2015,rel0_abs0,high,filtered,795,ter,2.3395551050176737e-5,243,-0.2161936836040714
proteomics,peebo_2015,rel0_abs0,high,filtered,745,oriC,0.5765486110342268,241,-0.04843012157729746
proteomics,peebo_2015,rel0_abs0,high,filtered,745,ter,4.3913097233741306e-5,231,-0.14144492749181764
proteomics,peebo_2015,rel0_abs0,high,filtered,797,oriC,0.22875962137408765,258,-0.0523298586694579
proteomics,peebo_2015,rel0_abs0,high,filtered,797,ter,3.0073080399402007e-6,247,-0.27875285825260854
proteomics,peebo_2015,rel0_abs0,high,filtered,717,oriC,0.9526389535491913,230,-0.04258383642555935
proteomics,peebo_2015,rel0_abs0,high,filtered,717,ter,0.0023551780809216703,225,-0.14716215920105874
proteomics,peebo_2015,rel0_abs0,high,filtered,783,oriC,8.608711499081399e-4,257,0.06839345379282696
proteomics,peebo_2015,rel0_abs0,high,filtered,783,ter,0.9721926473554782,242,0.003718591166244594
proteomics,peebo_2015,rel0_abs0,high,filtered,803,oriC,0.03928188303309187,258,0.026684345079795054
proteomics,peebo_2015,rel0_abs0,high,filtered,803,ter,0.6055907249026355,250,0.012534976919686072
proteomics,peebo_2015,rel0_abs0,high,filtered,806,oriC,0.18028692246751568,262,0.027731538003258095
proteomics,peebo_2015,rel0_abs0,high,filtered,806,ter,0.30706948218425545,249,-1.6727143480596286e-6
proteomics,peebo_2015,rel0_abs0,high,filtered,793,oriC,0.8193536534118381,258,-0.005109316938581627
proteomics,peebo_2015,rel0_abs0,high,filtered,793,ter,4.707935500700185e-4,247,-0.0672751858376017
proteomics,peebo_2015,rel0_abs0,high,filtered,807,oriC,0.13006123612021284,261,0.07100603804578232
proteomics,peebo_2015,rel0_abs0,high,filtered,807,ter,0.4089857091852817,250,0.01603461960426806
proteomics,peebo_2015,rel0_abs0,high,filtered,806,oriC,0.22864808931209205,262,0.03990906128305083
proteomics,peebo_2015,rel0_abs0,high,filtered,806,ter,0.10657317117002353,250,-0.011911708117413732
proteomics,peebo_2015,rel0_abs0,high,filtered,808,oriC,0.1737555949196301,262,-0.04046578468935223
proteomics,peebo_2015,rel0_abs0,high,filtered,808,ter,1.7818556855162197e-6,250,-0.15612022790352958
proteomics,peebo_2015,rel0_abs0,high,filtered,778,oriC,0.4677847409683992,254,-0.029476174208693792
proteomics,peebo_2015,rel0_abs0,high,filtered,778,ter,5.4880543674783175e-5,238,-0.13700135047592515
proteomics,peebo_2015,rel0_abs0,high,filtered,805,oriC,0.10877114840137862,260,0.06971788936308645
proteomics,peebo_2015,rel0_abs0,high,filtered,805,ter,0.09130636315025611,249,-0.010721095386642725
proteomics,peebo_2015,rel0_abs0,high,filtered,799,oriC,0.09719694598765828,259,0.08634339671393416
proteomics,peebo_2015,rel0_abs0,high,filtered,799,ter,0.19320997347565136,247,-0.004351321703281555
proteomics,peebo_2015,rel0_abs0,high,filtered,797,oriC,0.15313386306601617,257,0.07366722057499227
proteomics,peebo_2015,rel0_abs0,high,filtered,797,ter,0.3420180787795451,248,0.032577101013159346
proteomics,peebo_2015,rel0_abs0,high,filtered,802,oriC,0.5921318150902,261,-0.004674961187746237
proteomics,peebo_2015,rel0_abs0,high,filtered,802,ter,3.7993598041693007e-8,248,-0.22526760096561863
proteomics,peebo_2015,rel0_abs0,high,filtered,779,oriC,0.5952586611006296,250,-0.025693999218573765
proteomics,peebo_2015,rel0_abs0,high,filtered,779,ter,1.6745085684761898e-6,245,-0.19860854380024778
proteomics,peebo_2015,rel0_abs0,high,filtered,807,oriC,0.10382626133239424,262,-0.08280959570498052
proteomics,peebo_2015,rel0_abs0,high,filtered,807,ter,3.334856738957921e-8,250,-0.26872717365800386
proteomics,peebo_2015,rel0_abs0,high,filtered,766,oriC,0.7347041739267621,252,-0.027730601020900334
proteomics,peebo_2015,rel0_abs0,high,filtered,766,ter,2.6663517297221254e-6,238,-0.23523103523322056
proteomics,peebo_2015,rel0_abs0,high,filtered,797,oriC,0.1763795254696913,259,-0.06400107735347067
proteomics,peebo_2015,rel0_abs0,high,filtered,797,ter,3.674435719031182e-5,242,-0.21626256796421944
proteomics,peebo_2015,rel0_abs0,high,filtered,746,oriC,0.6597304534418792,241,-0.004659897768060224
proteomics,peebo_2015,rel0_abs0,high,filtered,746,ter,5.797189125796847e-5,230,-0.1654155619735806
proteomics,peebo_2015,rel0_abs0,high,filtered,796,oriC,0.3031830640481899,259,-0.03890729084967342
proteomics,peebo_2015,rel0_abs0,high,filtered,796,ter,6.762949968782518e-6,245,-0.2706424278046829
proteomics,peebo_2015,rel0_abs0,high,filtered,718,oriC,0.9541201985407323,231,-0.028565680838603693
proteomics,peebo_2015,rel0_abs0,high,filtered,718,ter,0.002545091701208558,224,-0.17451824336741267
proteomics,peebo_2015,rel0_abs0,high,filtered,784,oriC,6.896965422412952e-4,257,0.04180050859906689
proteomics,peebo_2015,rel0_abs0,high,filtered,784,ter,0.008590831012347767,243,0.048585056843501
proteomics,peebo_2015,rel0_abs0,high,filtered,805,oriC,0.2897659891550539,259,-0.014386691134258911
proteomics,peebo_2015,rel0_abs0,high,filtered,805,ter,0.5673717195686528,251,0.04688985342976866
proteomics,peebo_2015,rel0_abs0,high,filtered,808,oriC,0.13041937034775672,263,-0.02598236581713852
proteomics,peebo_2015,rel0_abs0,high,filtered,808,ter,0.8750302043415615,250,0.03251222920140489
proteomics,peebo_2015,rel0_abs0,high,filtered,795,oriC,0.3039620312848832,259,0.02739869547697614
proteomics,peebo_2015,rel0_abs0,high,filtered,795,ter,0.6052426716831565,248,0.039707175775112305
proteomics,peebo_2015,rel0_abs0,high,filtered,809,oriC,0.7115401472309251,262,0.03308119789557185
proteomics,peebo_2015,rel0_abs0,high,filtered,809,ter,0.8081960093601439,251,0.055023220631744696
proteomics,peebo_2015,rel0_abs0,high,filtered,808,oriC,0.5508570504032329,263,0.00799661730066
proteomics,peebo_2015,rel0_abs0,high,filtered,808,ter,0.9028765476559698,251,0.03782931614411679
proteomics,peebo_2015,rel0_abs0,high,filtered,810,oriC,0.5765630772748549,263,-0.007741373863147902
proteomics,peebo_2015,rel0_abs0,high,filtered,810,ter,0.008862498535972976,251,-0.027539959549745117
proteomics,peebo_2015,rel0_abs0,high,filtered,780,oriC,0.5916165341670228,255,0.02767409810935487
proteomics,peebo_2015,rel0_abs0,high,filtered,780,ter,0.22885316036935816,239,0.0082860252606591165
proteomics,peebo_2015,rel0_abs0,high,filtered,806,oriC,0.921691992379263,261,0.032821823063467356
proteomics,peebo_2015,rel0_abs0,high,filtered,806,ter,0.7913353036133856,249,0.046928938892812286
proteomics,peebo_2015,rel0_abs0,high,filtered,801,oriC,0.9268045234062277,260,0.02712388274306584
proteomics,peebo_2015,rel0_abs0,high,filtered,801,ter,0.6114301824315291,248,0.044530262138045854
proteomics,peebo_2015,rel0_abs0,high,filtered,795,oriC,0.9926847819406869,258,0.02647234325087016
proteomics,peebo_2015,rel0_abs0,high,filtered,795,ter,0.9187858472029587,249,0.07473231413361577
proteomics,peebo_2015,rel0_abs0,high,filtered,803,oriC,0.9299026754415418,262,0.029282025792066388
proteomics,peebo_2015,rel0_abs0,high,filtered,803,ter,0.003118710544998766,248,-0.05216297857605924
proteomics,peebo_2015,rel0_abs0,high,filtered,781,oriC,0.7091236196623292,251,0.010550308737333246
proteomics,peebo_2015,rel0_abs0,high,filtered,781,ter,0.028116799133348143,246,-0.05776556445644202
proteomics,peebo_2015,rel0_abs0,high,filtered,807,oriC,0.5278436212322786,263,-0.03942523961072754
proteomics,peebo_2015,rel0_abs0,high,filtered,807,ter,1.056479628322086e-4,249,-0.14208906056334458
proteomics,peebo_2015,rel0_abs0,high,filtered,766,oriC,0.8099814982145099,252,0.026603136951307588
proteomics,peebo_2015,rel0_abs0,high,filtered,766,ter,0.016471550645394666,237,-0.09247670639867579
proteomics,peebo_2015,rel0_abs0,high,filtered,796,oriC,0.2421859740995175,260,-0.08158112106294066
proteomics,peebo_2015,rel0_abs0,high,filtered,796,ter,0.015951219423611628,243,-0.1239541966033899
proteomics,peebo_2015,rel0_abs0,high,filtered,742,oriC,0.8683225677338394,240,-0.0033468966158080576
proteomics,peebo_2015,rel0_abs0,high,filtered,742,ter,0.013297329637207833,230,-0.09788188463753184
proteomics,peebo_2015,rel0_abs0,high,filtered,791,oriC,0.439546588205072,257,-0.015159668067963152
proteomics,peebo_2015,rel0_abs0,high,filtered,791,ter,0.0014869497569828596,244,-0.18131393373071747
proteomics,peebo_2015,rel0_abs0,high,filtered,714,oriC,0.7781223547607212,231,-0.009245111848625488
proteomics,peebo_2015,rel0_abs0,high,filtered,714,ter,0.03121657197405159,222,-0.058293151633645325
proteomics,peebo_2015,rel0_abs0,high,filtered,732,oriC,1.2720272508902215e-5,238,-0.05936078396883543
proteomics,peebo_2015,rel0_abs0,high,filtered,732,ter,5.398391229363904e-5,231,-0.06747348576218652
proteomics,peebo_2015,rel0_abs0,high,filtered,742,oriC,0.001050265868126425,238,-0.11471968009703964
proteomics,peebo_2015,rel0_abs0,high,filtered,742,ter,0.017502678514299496,234,-0.06397111451188925
proteomics,peebo_2015,rel0_abs0,high,filtered,744,oriC,0.001055167325715622,240,-0.12900627443278573
proteomics,peebo_2015,rel0_abs0,high,filtered,744,ter,0.020391835962365067,234,-0.09158226772080244
proteomics,peebo_2015,rel0_abs0,high,filtered,737,oriC,0.005157182239275044,238,-0.0723249142769872
proteomics,peebo_2015,rel0_abs0,high,filtered,737,ter,3.404918791062856e-5,232,-0.09794608005233728
proteomics,peebo_2015,rel0_abs0,high,filtered,745,oriC,0.0079319028254201,240,-0.08597464388273171
proteomics,peebo_2015,rel0_abs0,high,filtered,745,ter,0.017918771227904706,234,-0.06195668407320815
proteomics,peebo_2015,rel0_abs0,high,filtered,744,oriC,0.010266562531495401,240,-0.08391685532737939
proteomics,peebo_2015,rel0_abs0,high,filtered,744,ter,0.014978862583407259,234,-0.07352017646554418
proteomics,peebo_2015,rel0_abs0,high,filtered,745,oriC,4.3513437454468384e-4,240,-0.09201795480615817
proteomics,peebo_2015,rel0_abs0,high,filtered,745,ter,2.0632803457315794e-6,234,-0.1330548383228053
proteomics,peebo_2015,rel0_abs0,high,filtered,729,oriC,0.04142305377420076,235,-0.06453513200418014
proteomics,peebo_2015,rel0_abs0,high,filtered,729,ter,4.0178251436079777e-4,227,-0.10683869216870825
proteomics,peebo_2015,rel0_abs0,high,filtered,742,oriC,0.016120790135403455,239,-0.08350379516000063
proteomics,peebo_2015,rel0_abs0,high,filtered,742,ter,0.02333204613599032,233,-0.07522315427695261
proteomics,peebo_2015,rel0_abs0,high,filtered,735,oriC,0.035300233430524276,237,-0.09239019406354189
proteomics,peebo_2015,rel0_abs0,high,filtered,735,ter,0.017897786423182228,231,-0.07169007366794877
proteomics,peebo_2015,rel0_abs0,high,filtered,736,oriC,0.020408384861079047,236,-0.09213877053287736
proteomics,peebo_2015,rel0_abs0,high,filtered,736,ter,0.021338901111594016,233,-0.059723616383773354
proteomics,peebo_2015,rel0_abs0,high,filtered,739,oriC,0.040630921246897184,239,-0.06946557093242658
proteomics,peebo_2015,rel0_abs0,high,filtered,739,ter,3.1287315572358854e-6,231,-0.15748025136087498
proteomics,peebo_2015,rel0_abs0,high,filtered,724,oriC,0.09291961992062446,232,-0.06352146652072944
proteomics,peebo_2015,rel0_abs0,high,filtered,724,ter,5.81179187822322e-5,229,-0.12768458093324533
proteomics,peebo_2015,rel0_abs0,high,filtered,740,oriC,0.012359721802616273,240,-0.17465439286963957
proteomics,peebo_2015,rel0_abs0,high,filtered,740,ter,9.629694002574912e-9,231,-0.25155405457952007
proteomics,peebo_2015,rel0_abs0,high,filtered,716,oriC,0.03703030713113949,233,-0.07619478974753258
proteomics,peebo_2015,rel0_abs0,high,filtered,716,ter,2.4337050808482748e-5,225,-0.19754565945691988
proteomics,peebo_2015,rel0_abs0,high,filtered,732,oriC,0.01256805338700308,237,-0.17954407220147883
proteomics,peebo_2015,rel0_abs0,high,filtered,732,ter,1.953218359320502e-5,226,-0.22821428680708927
proteomics,peebo_2015,rel0_abs0,high,filtered,694,oriC,0.11256907388031977,223,-0.0978584039002382
proteomics,peebo_2015,rel0_abs0,high,filtered,694,ter,4.401702035519659e-5,218,-0.21150852633007672
proteomics,peebo_2015,rel0_abs0,high,filtered,730,oriC,0.02405003766825015,237,-0.15259319674691094
proteomics,peebo_2015,rel0_abs0,high,filtered,730,ter,4.448451023333048e-6,229,-0.33945211807153725
proteomics,peebo_2015,rel0_abs0,high,filtered,675,oriC,0.10136303825824795,217,-0.06251894174220839
proteomics,peebo_2015,rel0_abs0,high,filtered,675,ter,1.0141740105966322e-4,211,-0.2844507759018392
proteomics,peebo_2015,rel0_abs0,high,filtered,779,oriC,0.00289945824200464,253,-0.04930349562018163
proteomics,peebo_2015,rel0_abs0,high,filtered,779,ter,0.2504840773148333,243,-0.020916560701107176
proteomics,peebo_2015,rel0_abs0,high,filtered,783,oriC,0.0022135245881504343,257,-0.07267947848996308
proteomics,peebo_2015,rel0_abs0,high,filtered,783,ter,0.22723117676674237,243,-0.02299162605915339
proteomics,peebo_2015,rel0_abs0,high,filtered,772,oriC,0.3665782985274671,253,-0.006846338580193984
proteomics,peebo_2015,rel0_abs0,high,filtered,772,ter,0.016400528333995936,241,-0.02291939973134003
proteomics,peebo_2015,rel0_abs0,high,filtered,783,oriC,0.022522770979864427,256,-0.05772605129765111
proteomics,peebo_2015,rel0_abs0,high,filtered,783,ter,0.236485001898384,243,-0.013619017382496334
proteomics,peebo_2015,rel0_abs0,high,filtered,782,oriC,0.060854442148152305,257,-0.07431678700268524
proteomics,peebo_2015,rel0_abs0,high,filtered,782,ter,0.07402809471400067,243,-0.03212742027279168
proteomics,peebo_2015,rel0_abs0,high,filtered,784,oriC,0.014703542595056733,257,-0.03668479727518322
proteomics,peebo_2015,rel0_abs0,high,filtered,784,ter,7.739975377780154e-6,243,-0.09126086849114318
proteomics,peebo_2015,rel0_abs0,high,filtered,761,oriC,0.43319234407495205,250,-0.027049865516616006
proteomics,peebo_2015,rel0_abs0,high,filtered,761,ter,0.0018814159743546137,236,-0.05281648228851213
proteomics,peebo_2015,rel0_abs0,high,filtered,781,oriC,0.08640698233396735,255,-0.07627021482018177
proteomics,peebo_2015,rel0_abs0,high,filtered,781,ter,0.08134753439408744,242,-0.014606737680425749
proteomics,peebo_2015,rel0_abs0,high,filtered,776,oriC,0.1653406288677579,254,-0.0631200181874364
proteomics,peebo_2015,rel0_abs0,high,filtered,776,ter,0.11834325276522713,240,-0.03517233616326677
proteomics,peebo_2015,rel0_abs0,high,filtered,776,oriC,0.13180531913486587,252,-0.07129404208506802
proteomics,peebo_2015,rel0_abs0,high,filtered,776,ter,0.1485171024704932,242,-0.00221994002257104
proteomics,peebo_2015,rel0_abs0,high,filtered,778,oriC,0.3631107430251145,256,-0.004555221604412044
proteomics,peebo_2015,rel0_abs0,high,filtered,778,ter,8.991917223432827e-6,240,-0.11773728078702239
proteomics,peebo_2015,rel0_abs0,high,filtered,756,oriC,0.5129121528783034,246,-0.02441165196583452
proteomics,peebo_2015,rel0_abs0,high,filtered,756,ter,3.5936164633939877e-4,238,-0.1352598765210664
proteomics,peebo_2015,rel0_abs0,high,filtered,784,oriC,0.05725241741145213,257,-0.0842816980717829
proteomics,peebo_2015,rel0_abs0,high,filtered,784,ter,5.595635822249793e-7,243,-0.1973240499816817
proteomics,peebo_2015,rel0_abs0,high,filtered,749,oriC,0.3487993067769446,248,-0.018039614350760604
proteomics,peebo_2015,rel0_abs0,high,filtered,749,ter,6.957446600590614e-4,233,-0.11197453341789225
proteomics,peebo_2015,rel0_abs0,high,filtered,772,oriC,0.012391990547274672,254,-0.114899505331985
proteomics,peebo_2015,rel0_abs0,high,filtered,772,ter,0.0010753930421494153,235,-0.17520441529394123
proteomics,peebo_2015,rel0_abs0,high,filtered,727,oriC,0.2887050082559812,237,-0.05124253492404763
proteomics,peebo_2015,rel0_abs0,high,filtered,727,ter,3.5129102463462707e-4,223,-0.17946608602076683
proteomics,peebo_2015,rel0_abs0,high,filtered,774,oriC,0.021626663259297706,254,-0.06864307602325861
proteomics,peebo_2015,rel0_abs0,high,filtered,774,ter,3.060451841206342e-6,240,-0.30169287115723276
proteomics,peebo_2015,rel0_abs0,high,filtered,699,oriC,0.5021681745067368,225,-0.05376473101052743
proteomics,peebo_2015,rel0_abs0,high,filtered,699,ter,3.870118340011626e-4,219,-0.17171102561905086
proteomics,peebo_2015,rel0_abs0,high,filtered,804,oriC,0.377708202434345,259,-0.010757699460355152
proteomics,peebo_2015,rel0_abs0,high,filtered,804,ter,0.02658619600429907,250,-0.009244359271990379
proteomics,peebo_2015,rel0_abs0,high,filtered,791,oriC,0.618254752491751,255,-0.0059404572370446405
proteomics,peebo_2015,rel0_abs0,high,filtered,791,ter,0.0010866928027306972,248,-0.07624139788581633
proteomics,peebo_2015,rel0_abs0,high,filtered,806,oriC,0.3420724171536883,259,0.02729575757234965
proteomics,peebo_2015,rel0_abs0,high,filtered,806,ter,0.19368523882669256,251,-0.0029102571624610002
proteomics,peebo_2015,rel0_abs0,high,filtered,804,oriC,0.23324080107043899,259,0.03235391088179371
proteomics,peebo_2015,rel0_abs0,high,filtered,804,ter,0.18034077808190596,251,-0.0018245193619752622
proteomics,peebo_2015,rel0_abs0,high,filtered,806,oriC,0.03350564624181793,259,-0.06097663156328965
proteomics,peebo_2015,rel0_abs0,high,filtered,806,ter,5.716471329600048e-7,251,-0.15183763949498122
proteomics,peebo_2015,rel0_abs0,high,filtered,777,oriC,0.13269280933583877,252,-0.07581002882124764
proteomics,peebo_2015,rel0_abs0,high,filtered,777,ter,2.4200599211060143e-5,239,-0.11860296219139266
proteomics,peebo_2015,rel0_abs0,high,filtered,804,oriC,0.14791390385984907,258,0.048681199197587226
proteomics,peebo_2015,rel0_abs0,high,filtered,804,ter,0.07845818746318217,250,-0.005644983644505412
proteomics,peebo_2015,rel0_abs0,high,filtered,797,oriC,0.28781527400063484,256,0.034712590201760526
proteomics,peebo_2015,rel0_abs0,high,filtered,797,ter,0.10120103871760872,248,-0.01452254825194724
proteomics,peebo_2015,rel0_abs0,high,filtered,795,oriC,0.2659525407383287,255,0.05317935775330537
proteomics,peebo_2015,rel0_abs0,high,filtered,795,ter,0.1385788434842623,249,-0.010366785071116054
proteomics,peebo_2015,rel0_abs0,high,filtered,799,oriC,0.3658166750290117,258,-0.043323184322269614
proteomics,peebo_2015,rel0_abs0,high,filtered,799,ter,2.017767998602215e-8,248,-0.1944484604953236
proteomics,peebo_2015,rel0_abs0,high,filtered,779,oriC,0.4616189546401805,248,-0.027310873721141136
proteomics,peebo_2015,rel0_abs0,high,filtered,779,ter,2.727130646871607e-7,246,-0.16081125835944052
proteomics,peebo_2015,rel0_abs0,high,filtered,805,oriC,0.021448585623774545,259,-0.10439863018824765
proteomics,peebo_2015,rel0_abs0,high,filtered,805,ter,8.648308964132307e-9,251,-0.27458707841587565
proteomics,peebo_2015,rel0_abs0,high,filtered,766,oriC,0.25492130577677824,250,-0.054711639522753056
proteomics,peebo_2015,rel0_abs0,high,filtered,766,ter,1.2046956297073432e-6,239,-0.2075351180225182
proteomics,peebo_2015,rel0_abs0,high,filtered,797,oriC,0.05290465054699179,256,-0.09682619796756028
proteomics,peebo_2015,rel0_abs0,high,filtered,797,ter,4.353013097620119e-6,245,-0.23963029016613316
proteomics,peebo_2015,rel0_abs0,high,filtered,747,oriC,0.2542473806167545,240,-0.03476425610008895
proteomics,peebo_2015,rel0_abs0,high,filtered,747,ter,2.2224859721587123e-5,232,-0.17729349327134464
proteomics,peebo_2015,rel0_abs0,high,filtered,797,oriC,0.12005426865284265,256,-0.07120152343125596
proteomics,peebo_2015,rel0_abs0,high,filtered,797,ter,1.5348957214568614e-6,248,-0.3588965891866569
proteomics,peebo_2015,rel0_abs0,high,filtered,719,oriC,0.6442653112824045,231,-0.04504237742840643
proteomics,peebo_2015,rel0_abs0,high,filtered,719,ter,4.262922781723851e-4,226,-0.19701444927823603
proteomics,peebo_2015,rel0_abs0,high,filtered,795,oriC,0.05417540342195711,259,0.033323413346275706
proteomics,peebo_2015,rel0_abs0,high,filtered,795,ter,0.03805475753501653,247,-0.054902672632139354
proteomics,peebo_2015,rel0_abs0,high,filtered,808,oriC,2.674532735695348e-4,262,0.04291207489029304
proteomics,peebo_2015,rel0_abs0,high,filtered,808,ter,0.6909622392070807,250,0.017596937356692603
proteomics,peebo_2015,rel0_abs0,high,filtered,807,oriC,0.07354574570520399,263,0.0366275533182587
proteomics,peebo_2015,rel0_abs0,high,filtered,807,ter,0.15288039768042197,250,-0.006800084203398918
proteomics,peebo_2015,rel0_abs0,high,filtered,809,oriC,0.28890019597780475,263,-0.018484662608608655
proteomics,peebo_2015,rel0_abs0,high,filtered,809,ter,1.8800334113420578e-5,250,-0.11153822747022715
proteomics,peebo_2015,rel0_abs0,high,filtered,780,oriC,0.3913788016537174,255,-0.03784783382838759
proteomics,peebo_2015,rel0_abs0,high,filtered,780,ter,2.4810033295744828e-5,239,-0.10511619394989856
proteomics,peebo_2015,rel0_abs0,high,filtered,806,oriC,0.022570886957169134,261,0.05192173172846906
proteomics,peebo_2015,rel0_abs0,high,filtered,806,ter,0.033043095097857994,249,-0.010454776181118607
proteomics,peebo_2015,rel0_abs0,high,filtered,800,oriC,0.1050083870933548,260,0.04357323041957813
proteomics,peebo_2015,rel0_abs0,high,filtered,800,ter,0.1208684292025322,247,0.017870160467753332
proteomics,peebo_2015,rel0_abs0,high,filtered,797,oriC,0.12885828688672843,258,0.04754094160863932
proteomics,peebo_2015,rel0_abs0,high,filtered,797,ter,0.27849102392879843,248,0.02964002097801561
proteomics,peebo_2015,rel0_abs0,high,filtered,802,oriC,0.328767316674624,262,-0.05191509080872722
proteomics,peebo_2015,rel0_abs0,high,filtered,802,ter,5.98758723998759e-9,247,-0.1932422785316385
proteomics,peebo_2015,rel0_abs0,high,filtered,779,oriC,0.21406997741408765,250,-0.04749681497512255
proteomics,peebo_2015,rel0_abs0,high,filtered,779,ter,1.792467672443245e-7,245,-0.1782677072116141
proteomics,peebo_2015,rel0_abs0,high,filtered,808,oriC,0.02667537050686047,263,-0.09950770433222567
proteomics,peebo_2015,rel0_abs0,high,filtered,808,ter,3.121080198048403e-10,250,-0.26599425255801223
proteomics,peebo_2015,rel0_abs0,high,filtered,768,oriC,0.24345659200966296,253,-0.07569187926160897
proteomics,peebo_2015,rel0_abs0,high,filtered,768,ter,1.582184667133695e-7,239,-0.20915674202308762
proteomics,peebo_2015,rel0_abs0,high,filtered,801,oriC,0.04213601528344768,260,-0.10826825050866065
proteomics,peebo_2015,rel0_abs0,high,filtered,801,ter,6.122262977752536e-7,245,-0.23770292153411382
proteomics,peebo_2015,rel0_abs0,high,filtered,749,oriC,0.3007883541327735,242,-0.05358830155189168
proteomics,peebo_2015,rel0_abs0,high,filtered,749,ter,1.2043258449937945e-6,232,-0.1613176180275035
proteomics,peebo_2015,rel0_abs0,high,filtered,805,oriC,0.07372812106170551,260,-0.0657470731387689
proteomics,peebo_2015,rel0_abs0,high,filtered,805,ter,8.522229120525166e-8,249,-0.2787962777326024
proteomics,peebo_2015,rel0_abs0,high,filtered,721,oriC,0.5824153428495538,234,-0.02140700122364428
proteomics,peebo_2015,rel0_abs0,high,filtered,721,ter,1.5943991777420672e-4,224,-0.11912958841949983
proteomics,peebo_2015,rel0_abs0,high,filtered,795,oriC,0.14239152228926635,258,-0.017066167704276543
proteomics,peebo_2015,rel0_abs0,high,filtered,795,ter,0.657419460297932,248,0.015997606157155723
proteomics,peebo_2015,rel0_abs0,high,filtered,794,oriC,0.2407987869808262,259,-0.012367792694838908
proteomics,peebo_2015,rel0_abs0,high,filtered,794,ter,0.7667076111037305,248,0.011116285340449939
proteomics,peebo_2015,rel0_abs0,high,filtered,796,oriC,2.667377955112658e-5,259,-0.048121492356166085
proteomics,peebo_2015,rel0_abs0,high,filtered,796,ter,2.6175504663993077e-6,248,-0.07621161605738933
proteomics,peebo_2015,rel0_abs0,high,filtered,769,oriC,0.6815271300229004,251,-0.005840290775983804
proteomics,peebo_2015,rel0_abs0,high,filtered,769,ter,0.01095757909728217,237,-0.02770803343077339
proteomics,peebo_2015,rel0_abs0,high,filtered,794,oriC,0.2531749502035493,257,-0.01308833216508997
proteomics,peebo_2015,rel0_abs0,high,filtered,794,ter,0.17311227354652786,248,-0.020884400132722948
proteomics,peebo_2015,rel0_abs0,high,filtered,787,oriC,0.390884255407252,256,0.021806131325507697
proteomics,peebo_2015,rel0_abs0,high,filtered,787,ter,0.16575697149129087,245,0.003927100092838088
proteomics,peebo_2015,rel0_abs0,high,filtered,786,oriC,0.4117628845233713,254,0.01756206162927065
proteomics,peebo_2015,rel0_abs0,high,filtered,786,ter,0.3808713393569944,246,0.00611351000094714
proteomics,peebo_2015,rel0_abs0,high,filtered,790,oriC,0.28415360530824935,258,-0.018338629226237926
proteomics,peebo_2015,rel0_abs0,high,filtered,790,ter,2.4776863011703127e-6,246,-0.08332831477119809
proteomics,peebo_2015,rel0_abs0,high,filtered,768,oriC,0.41587255520469407,247,-0.008461190789764449
proteomics,peebo_2015,rel0_abs0,high,filtered,768,ter,0.0014660953519062931,243,-0.06142729585178892
proteomics,peebo_2015,rel0_abs0,high,filtered,795,oriC,0.008460400657188607,259,-0.06123998209368677
proteomics,peebo_2015,rel0_abs0,high,filtered,795,ter,8.821485888571318e-9,248,-0.17042900539277273
proteomics,peebo_2015,rel0_abs0,high,filtered,758,oriC,0.25021155523307614,250,-0.015792414653255975
proteomics,peebo_2015,rel0_abs0,high,filtered,758,ter,1.0346272947202236e-4,237,-0.10104783074262363
proteomics,peebo_2015,rel0_abs0,high,filtered,789,oriC,0.00383884282301732,256,-0.08333739210925332
proteomics,peebo_2015,rel0_abs0,high,filtered,789,ter,3.9518222776327086e-4,244,-0.1780870657060397
proteomics,peebo_2015,rel0_abs0,high,filtered,740,oriC,0.2680407949215664,240,0.010259788486698198
proteomics,peebo_2015,rel0_abs0,high,filtered,740,ter,8.51259280691793e-5,231,-0.12759910218733533
proteomics,peebo_2015,rel0_abs0,high,filtered,791,oriC,0.009819562651650128,257,-0.08001579931121354
proteomics,peebo_2015,rel0_abs0,high,filtered,791,ter,1.5751473448318953e-5,246,-0.23150243128767373
proteomics,peebo_2015,rel0_abs0,high,filtered,715,oriC,0.24805102444631127,231,-0.033483748266946736
proteomics,peebo_2015,rel0_abs0,high,filtered,715,ter,7.779424015303316e-4,225,-0.15936550458613427
proteomics,peebo_2015,rel0_abs0,high,filtered,808,oriC,0.46054616570321066,262,0.015027193854921725
proteomics,peebo_2015,rel0_abs0,high,filtered,808,ter,0.08047869345768426,251,-0.01209148529532541
proteomics,peebo_2015,rel0_abs0,high,filtered,810,oriC,0.07019349541334886,262,-0.06475878268187865
proteomics,peebo_2015,rel0_abs0,high,filtered,810,ter,3.3726568925659473e-4,251,-0.09492625464231527
proteomics,peebo_2015,rel0_abs0,high,filtered,781,oriC,0.2923149328012272,255,-0.051660898633595985
proteomics,peebo_2015,rel0_abs0,high,filtered,781,ter,0.005873140126015623,239,-0.07781153455032423
proteomics,peebo_2015,rel0_abs0,high,filtered,807,oriC,0.1911674136096437,260,0.02493192384431855
proteomics,peebo_2015,rel0_abs0,high,filtered,807,ter,0.050430602993010235,250,-0.01188389430743857
proteomics,peebo_2015,rel0_abs0,high,filtered,801,oriC,0.6518347934400917,259,0.01955907119089746
proteomics,peebo_2015,rel0_abs0,high,filtered,801,ter,0.056864605931744645,248,-0.02168678011613804
proteomics,peebo_2015,rel0_abs0,high,filtered,798,oriC,0.5881117464567691,257,0.018361838682950653
proteomics,peebo_2015,rel0_abs0,high,filtered,798,ter,0.15344001162224863,249,-0.02621826511061862
proteomics,peebo_2015,rel0_abs0,high,filtered,803,oriC,0.15859180388463828,261,-0.07157587000808222
proteomics,peebo_2015,rel0_abs0,high,filtered,803,ter,1.8795659224221926e-6,248,-0.148945054031442
proteomics,peebo_2015,rel0_abs0,high,filtered,781,oriC,0.19657166316414101,250,-0.06528724638917828
proteomics,peebo_2015,rel0_abs0,high,filtered,781,ter,9.953504911663178e-7,246,-0.15001410336048304
proteomics,peebo_2015,rel0_abs0,high,filtered,809,oriC,0.015875300361039173,262,-0.12778824634732955
proteomics,peebo_2015,rel0_abs0,high,filtered,809,ter,4.1008097220455184e-11,251,-0.23155008741297006
proteomics,peebo_2015,rel0_abs0,high,filtered,768,oriC,0.030726591746607808,252,-0.08819928480885532
proteomics,peebo_2015,rel0_abs0,high,filtered,768,ter,1.7156157791719164e-7,239,-0.15629571555057922
proteomics,peebo_2015,rel0_abs0,high,filtered,802,oriC,0.003474230899438354,259,-0.1273711024430414
proteomics,peebo_2015,rel0_abs0,high,filtered,802,ter,3.926885166345805e-7,246,-0.22214466734156024
proteomics,peebo_2015,rel0_abs0,high,filtered,751,oriC,0.030962688738144603,242,-0.0856031285946679
proteomics,peebo_2015,rel0_abs0,high,filtered,751,ter,6.308142286072902e-7,233,-0.1741518876155441
proteomics,peebo_2015,rel0_abs0,high,filtered,806,oriC,0.0015369302361331117,259,-0.09098687523725402
proteomics,peebo_2015,rel0_abs0,high,filtered,806,ter,1.0618641382329121e-7,250,-0.27722307802532153
proteomics,peebo_2015,rel0_abs0,high,filtered,726,oriC,0.08629251859024673,235,-0.06665681611812954
proteomics,peebo_2015,rel0_abs0,high,filtered,726,ter,1.938757466535262e-5,227,-0.18399502406199333
proteomics,peebo_2015,rel0_abs0,high,filtered,809,oriC,0.06359204382015482,263,-0.04844700013247656
proteomics,peebo_2015,rel0_abs0,high,filtered,809,ter,0.004640686980389003,251,-0.08773103162189484
proteomics,peebo_2015,rel0_abs0,high,filtered,780,oriC,0.42452652984027067,255,-0.013328643733782121
proteomics,peebo_2015,rel0_abs0,high,filtered,780,ter,0.0977881483940824,239,-0.04638281518185639
proteomics,peebo_2015,rel0_abs0,high,filtered,806,oriC,0.41221169171005406,261,0.010827699436891927
proteomics,peebo_2015,rel0_abs0,high,filtered,806,ter,0.062121868211698204,250,-0.0035486305241436015
proteomics,peebo_2015,rel0_abs0,high,filtered,800,oriC,0.5121970615803444,260,0.02619734852531211
proteomics,peebo_2015,rel0_abs0,high,filtered,800,ter,0.2880123668656498,248,0.010493293157667196
proteomics,peebo_2015,rel0_abs0,high,filtered,797,oriC,0.6952499629423388,258,0.012140979557239027
proteomics,peebo_2015,rel0_abs0,high,filtered,797,ter,0.9467381314536006,249,0.015768153331234654
proteomics,peebo_2015,rel0_abs0,high,filtered,803,oriC,0.11804121296859281,262,-0.0635840475645297
proteomics,peebo_2015,rel0_abs0,high,filtered,803,ter,7.346368993605005e-5,248,-0.13371783405926996
proteomics,peebo_2015,rel0_abs0,high,filtered,780,oriC,0.04599423928133366,251,-0.07099848628047718
proteomics,peebo_2015,rel0_abs0,high,filtered,780,ter,5.840155636654048e-4,246,-0.08691325233367263
proteomics,peebo_2015,rel0_abs0,high,filtered,808,oriC,0.0019900348576026078,263,-0.1604825650261289
proteomics,peebo_2015,rel0_abs0,high,filtered,808,ter,2.23974353289991e-9,251,-0.19525630699056237
proteomics,peebo_2015,rel0_abs0,high,filtered,769,oriC,0.011625347589650354,253,-0.10712426207462585
proteomics,peebo_2015,rel0_abs0,high,filtered,769,ter,2.228729837819338e-6,239,-0.13861572282848172
proteomics,peebo_2015,rel0_abs0,high,filtered,801,oriC,5.654824304351707e-4,260,-0.14050307644054222
proteomics,peebo_2015,rel0_abs0,high,filtered,801,ter,9.003833005953897e-7,246,-0.1953609339013661
proteomics,peebo_2015,rel0_abs0,high,filtered,750,oriC,0.00547893999316382,243,-0.11559347878715288
proteomics,peebo_2015,rel0_abs0,high,filtered,750,ter,2.492888792802033e-7,233,-0.14941693903531292
proteomics,peebo_2015,rel0_abs0,high,filtered,805,oriC,7.399725691774104e-4,260,-0.12809823751822624
proteomics,peebo_2015,rel0_abs0,high,filtered,805,ter,7.575097965633365e-8,250,-0.23964182546229107
proteomics,peebo_2015,rel0_abs0,high,filtered,728,oriC,0.03315777741772209,236,-0.11274376185926577
proteomics,peebo_2015,rel0_abs0,high,filtered,728,ter,5.449446206037105e-6,228,-0.16670517906944246
proteomics,peebo_2015,rel0_abs0,high,filtered,781,oriC,8.730409866429493e-5,255,0.026974783337230395
proteomics,peebo_2015,rel0_abs0,high,filtered,781,ter,0.24935623570903157,239,0.020494250448784675
proteomics,peebo_2015,rel0_abs0,high,filtered,808,oriC,0.4378838770001508,261,0.03242221557758748
proteomics,peebo_2015,rel0_abs0,high,filtered,808,ter,0.1551518834621797,250,0.05675854828376803
proteomics,peebo_2015,rel0_abs0,high,filtered,802,oriC,0.39174639773377484,260,0.056001746070719276
proteomics,peebo_2015,rel0_abs0,high,filtered,802,ter,0.3561260820594969,248,0.07102587032355294
proteomics,peebo_2015,rel0_abs0,high,filtered,799,oriC,0.5258940529220693,258,0.06315800126988061
proteomics,peebo_2015,rel0_abs0,high,filtered,799,ter,0.15445530372574354,249,0.07460988276219097
proteomics,peebo_2015,rel0_abs0,high,filtered,804,oriC,0.2722210476846502,262,0.022300333782641287
proteomics,peebo_2015,rel0_abs0,high,filtered,804,ter,1.1359709264196237e-4,248,-0.032058421197814366
proteomics,peebo_2015,rel0_abs0,high,filtered,782,oriC,0.24256231482871032,251,0.022850466765391486
proteomics,peebo_2015,rel0_abs0,high,filtered,782,ter,0.09737712743255168,246,-0.006414059312595434
proteomics,peebo_2015,rel0_abs0,high,filtered,810,oriC,0.10484961441001313,263,-0.018781176154938222
proteomics,peebo_2015,rel0_abs0,high,filtered,810,ter,7.409666742997744e-9,251,-0.12382992151492747
proteomics,peebo_2015,rel0_abs0,high,filtered,768,oriC,0.8032960776176397,252,0.016852042879243412
proteomics,peebo_2015,rel0_abs0,high,filtered,768,ter,0.0053888750505756275,239,-0.050512677678931334
proteomics,peebo_2015,rel0_abs0,high,filtered,804,oriC,0.04272310308402761,260,-0.0415204142615289
proteomics,peebo_2015,rel0_abs0,high,filtered,804,ter,0.004109536810256903,247,-0.07766045020429778
proteomics,peebo_2015,rel0_abs0,high,filtered,753,oriC,0.6666360096333035,243,0.022996249633823004
proteomics,peebo_2015,rel0_abs0,high,filtered,753,ter,0.004324264495113854,234,-0.05172278461024535
proteomics,peebo_2015,rel0_abs0,high,filtered,807,oriC,0.05051811191279548,260,-0.04630075117428266
proteomics,peebo_2015,rel0_abs0,high,filtered,807,ter,6.832611778416762e-4,250,-0.1588305544056559
proteomics,peebo_2015,rel0_abs0,high,filtered,726,oriC,0.5957335808008758,235,0.017063776587335152
proteomics,peebo_2015,rel0_abs0,high,filtered,726,ter,0.010416593127630278,227,-0.08113761787977287
proteomics,peebo_2015,rel0_abs0,high,filtered,778,oriC,0.9159256281998258,253,0.02940565417327722
proteomics,peebo_2015,rel0_abs0,high,filtered,778,ter,0.4433741784593827,238,0.0434024652803882
proteomics,peebo_2015,rel0_abs0,high,filtered,772,oriC,0.9920780852020996,252,0.032878708316222416
proteomics,peebo_2015,rel0_abs0,high,filtered,772,ter,0.584251012451625,236,0.048915713291148945
proteomics,peebo_2015,rel0_abs0,high,filtered,769,oriC,0.7478052973590652,250,0.02933795088825241
proteomics,peebo_2015,rel0_abs0,high,filtered,769,ter,0.560523084577883,237,0.03876331428674257
proteomics,peebo_2015,rel0_abs0,high,filtered,775,oriC,0.005628199302545324,254,-0.03105803812502838
proteomics,peebo_2015,rel0_abs0,high,filtered,775,ter,2.4679502249625414e-8,237,-0.08282315959671263
proteomics,peebo_2015,rel0_abs0,high,filtered,754,oriC,0.6384909701512551,244,0.003547265732216277
proteomics,peebo_2015,rel0_abs0,high,filtered,754,ter,3.7139101767528414e-4,234,-0.038822518883898136
proteomics,peebo_2015,rel0_abs0,high,filtered,780,oriC,4.9078359875081124e-5,255,-0.07592709365135983
proteomics,peebo_2015,rel0_abs0,high,filtered,780,ter,1.4906749575670083e-10,239,-0.13520030563611313
proteomics,peebo_2015,rel0_abs0,high,filtered,748,oriC,0.05810525037156326,246,-0.03127557063537835
proteomics,peebo_2015,rel0_abs0,high,filtered,748,ter,2.2812772681408244e-5,232,-0.11503990446893726
proteomics,peebo_2015,rel0_abs0,high,filtered,775,oriC,9.21878836055042e-5,253,-0.1013875474696623
proteomics,peebo_2015,rel0_abs0,high,filtered,775,ter,5.735778910808059e-5,235,-0.1349572723539126
proteomics,peebo_2015,rel0_abs0,high,filtered,732,oriC,0.023242337923514277,238,-0.03598439909747858
proteomics,peebo_2015,rel0_abs0,high,filtered,732,ter,6.048415181776719e-6,225,-0.12718761821239
proteomics,peebo_2015,rel0_abs0,high,filtered,777,oriC,0.0033350162787426896,252,-0.08490051052792671
proteomics,peebo_2015,rel0_abs0,high,filtered,777,ter,1.1469549424707329e-5,238,-0.18856278863489578
proteomics,peebo_2015,rel0_abs0,high,filtered,706,oriC,0.05986676427146567,230,-0.02432944517483486
proteomics,peebo_2015,rel0_abs0,high,filtered,706,ter,9.7695146828058e-4,217,-0.15898267483637965
proteomics,peebo_2015,rel0_abs0,high,filtered,799,oriC,0.9747331171703248,258,-0.00531533822686814
proteomics,peebo_2015,rel0_abs0,high,filtered,799,ter,0.7953739526747561,247,0.00208866614629484
proteomics,peebo_2015,rel0_abs0,high,filtered,798,oriC,0.9302609750489254,258,0.010210849715044493
proteomics,peebo_2015,rel0_abs0,high,filtered,798,ter,0.26651291176641523,248,0.017302966181536872
proteomics,peebo_2015,rel0_abs0,high,filtered,801,oriC,0.06744928602317077,260,-0.04938282101254872
proteomics,peebo_2015,rel0_abs0,high,filtered,801,ter,0.0015795267122871782,247,-0.11954264274346792
proteomics,peebo_2015,rel0_abs0,high,filtered,780,oriC,0.35709374717151804,250,-0.028009461451824723
proteomics,peebo_2015,rel0_abs0,high,filtered,780,ter,0.004582948791325984,245,-0.10701158357638402
proteomics,peebo_2015,rel0_abs0,high,filtered,807,oriC,4.2045377188491034e-5,261,-0.1532357581148498
proteomics,peebo_2015,rel0_abs0,high,filtered,807,ter,4.6463040386523504e-8,250,-0.19001032619184893
proteomics,peebo_2015,rel0_abs0,high,filtered,767,oriC,0.047686647984662746,252,-0.1068831637747396
proteomics,peebo_2015,rel0_abs0,high,filtered,767,ter,7.569840801880335e-5,238,-0.12934550246552287
proteomics,peebo_2015,rel0_abs0,high,filtered,803,oriC,7.431871716278048e-4,259,-0.13725855886040678
proteomics,peebo_2015,rel0_abs0,high,filtered,803,ter,1.4231897030839892e-5,247,-0.20082786998799348
proteomics,peebo_2015,rel0_abs0,high,filtered,751,oriC,0.01596053828757466,242,-0.08893515789438441
proteomics,peebo_2015,rel0_abs0,high,filtered,751,ter,8.057741180810096e-7,233,-0.16019881714697323
proteomics,peebo_2015,rel0_abs0,high,filtered,805,oriC,8.787317630263623e-4,259,-0.15150045041426322
proteomics,peebo_2015,rel0_abs0,high,filtered,805,ter,6.112483392965531e-8,249,-0.21566777863137868
proteomics,peebo_2015,rel0_abs0,high,filtered,729,oriC,0.025136863981619944,237,-0.1188059599622356
proteomics,peebo_2015,rel0_abs0,high,filtered,729,ter,1.2141197857393181e-6,227,-0.1869411591640113
proteomics,peebo_2015,rel0_abs0,high,filtered,795,oriC,0.0754158588930435,259,-0.05804233599990763
proteomics,peebo_2015,rel0_abs0,high,filtered,795,ter,0.007420155552425426,245,-0.1298924430324799
proteomics,peebo_2015,rel0_abs0,high,filtered,775,oriC,0.3672189884970757,250,-0.04637963933122549
proteomics,peebo_2015,rel0_abs0,high,filtered,775,ter,0.00287550649525003,243,-0.09203632768915501
proteomics,peebo_2015,rel0_abs0,high,filtered,802,oriC,2.3331092053411888e-5,260,-0.16116282382034636
proteomics,peebo_2015,rel0_abs0,high,filtered,802,ter,4.484050764650469e-7,248,-0.21375125048239282
proteomics,peebo_2015,rel0_abs0,high,filtered,763,oriC,0.020183983903704742,252,-0.11083346912138908
proteomics,peebo_2015,rel0_abs0,high,filtered,763,ter,0.00142618488787508,236,-0.1658303617336069
proteomics,peebo_2015,rel0_abs0,high,filtered,795,oriC,1.4801639425747628e-4,257,-0.15324336788410392
proteomics,peebo_2015,rel0_abs0,high,filtered,795,ter,1.993579757547159e-6,245,-0.18660057425935236
proteomics,peebo_2015,rel0_abs0,high,filtered,750,oriC,0.007304739509668726,243,-0.10714723614753406
proteomics,peebo_2015,rel0_abs0,high,filtered,750,ter,4.287011973032674e-6,232,-0.16001871480836327
proteomics,peebo_2015,rel0_abs0,high,filtered,799,oriC,1.2619079754938378e-4,257,-0.13218171432663509
proteomics,peebo_2015,rel0_abs0,high,filtered,799,ter,1.1631393716562147e-7,248,-0.1789376697984271
proteomics,peebo_2015,rel0_abs0,high,filtered,724,oriC,0.006801573392998296,235,-0.08274105998005547
proteomics,peebo_2015,rel0_abs0,high,filtered,724,ter,4.922949787518882e-7,226,-0.1665224282945113
proteomics,peebo_2015,rel0_abs0,high,filtered,793,oriC,0.06939077154760655,257,-0.06702083304390288
proteomics,peebo_2015,rel0_abs0,high,filtered,793,ter,0.0018568366526603784,246,-0.15062067863775552
proteomics,peebo_2015,rel0_abs0,high,filtered,773,oriC,0.4472188086465443,248,-0.04027924577166152
proteomics,peebo_2015,rel0_abs0,high,filtered,773,ter,0.00296314957010258,244,-0.12682953576743122
proteomics,peebo_2015,rel0_abs0,high,filtered,798,oriC,8.706436545630079e-5,258,-0.1298674501266442
proteomics,peebo_2015,rel0_abs0,high,filtered,798,ter,9.809566476123631e-8,249,-0.23279051942897316
proteomics,peebo_2015,rel0_abs0,high,filtered,760,oriC,0.028427860682064588,249,-0.11731441607577407
proteomics,peebo_2015,rel0_abs0,high,filtered,760,ter,2.5775252984172612e-5,237,-0.1593564913206761
proteomics,peebo_2015,rel0_abs0,high,filtered,793,oriC,3.5968983411766156e-4,257,-0.16201973100320355
proteomics,peebo_2015,rel0_abs0,high,filtered,793,ter,5.346647590905928e-7,245,-0.21456887524399892
proteomics,peebo_2015,rel0_abs0,high,filtered,745,oriC,0.010097138515824375,241,-0.08285514710298827
proteomics,peebo_2015,rel0_abs0,high,filtered,745,ter,2.764729032902931e-7,233,-0.16551909532695205
proteomics,peebo_2015,rel0_abs0,high,filtered,797,oriC,3.395278803790217e-4,257,-0.13085817299552321
proteomics,peebo_2015,rel0_abs0,high,filtered,797,ter,1.9870631005977033e-8,248,-0.20183897204510776
proteomics,peebo_2015,rel0_abs0,high,filtered,727,oriC,0.019947921534398495,236,-0.09954204085766957
proteomics,peebo_2015,rel0_abs0,high,filtered,727,ter,2.3022381309105588e-8,229,-0.1875148019477516
proteomics,peebo_2015,rel0_abs0,high,filtered,775,oriC,0.2552861309780546,250,0.020675949201800284
proteomics,peebo_2015,rel0_abs0,high,filtered,775,ter,0.1369070351883127,243,0.015240209554531967
proteomics,peebo_2015,rel0_abs0,high,filtered,803,oriC,1.5797515753179804e-7,262,-0.05134330128143583
proteomics,peebo_2015,rel0_abs0,high,filtered,803,ter,9.685274184994657e-11,248,-0.08336505001338146
proteomics,peebo_2015,rel0_abs0,high,filtered,763,oriC,0.0983448709620677,252,-0.028109112415751328
proteomics,peebo_2015,rel0_abs0,high,filtered,763,ter,0.039428579960653666,236,-0.019468205935836543
proteomics,peebo_2015,rel0_abs0,high,filtered,797,oriC,6.756705826942635e-5,259,-0.05264224675857383
proteomics,peebo_2015,rel0_abs0,high,filtered,797,ter,3.9927558009304667e-4,244,-0.06533081828988525
proteomics,peebo_2015,rel0_abs0,high,filtered,745,oriC,0.3073154364829654,241,-0.001653184685997473
proteomics,peebo_2015,rel0_abs0,high,filtered,745,ter,0.011184388430386813,231,-0.03484196344805249
proteomics,peebo_2015,rel0_abs0,high,filtered,800,oriC,0.007899750139265823,259,-0.041895085878613555
proteomics,peebo_2015,rel0_abs0,high,filtered,800,ter,0.0014187961576697006,247,-0.0947742127438069
proteomics,peebo_2015,rel0_abs0,high,filtered,721,oriC,0.2782382314046113,234,-0.00273782195888273
proteomics,peebo_2015,rel0_abs0,high,filtered,721,ter,0.026149606012759865,225,-0.042448780835146895
proteomics,peebo_2015,rel0_abs0,high,filtered,781,oriC,1.9899706687244015e-8,251,-0.07314529435903534
proteomics,peebo_2015,rel0_abs0,high,filtered,781,ter,1.6702403777063108e-12,246,-0.10517966038589067
proteomics,peebo_2015,rel0_abs0,high,filtered,748,oriC,0.0011589297248237995,244,-0.025399835903709755
proteomics,peebo_2015,rel0_abs0,high,filtered,748,ter,1.5294522966003872e-5,235,-0.057388761605122865
proteomics,peebo_2015,rel0_abs0,high,filtered,777,oriC,6.293880168787373e-6,249,-0.07509376189510998
proteomics,peebo_2015,rel0_abs0,high,filtered,777,ter,1.7734134001986855e-6,243,-0.11002383153727384
proteomics,peebo_2015,rel0_abs0,high,filtered,730,oriC,0.01480722804440306,235,-0.02049292330808764
proteomics,peebo_2015,rel0_abs0,high,filtered,730,ter,5.431244988009826e-6,229,-0.09017516850373983
proteomics,peebo_2015,rel0_abs0,high,filtered,778,oriC,0.0034365792616406644,248,-0.06392545362112512
proteomics,peebo_2015,rel0_abs0,high,filtered,778,ter,3.224532519308016e-5,245,-0.11394667881460853
proteomics,peebo_2015,rel0_abs0,high,filtered,711,oriC,0.02731795908851152,229,-0.024111048230625137
proteomics,peebo_2015,rel0_abs0,high,filtered,711,ter,0.0029231586368700354,224,-0.17326762574951882
proteomics,peebo_2015,rel0_abs0,high,filtered,769,oriC,0.002504220134226511,253,0.03014849681584766
proteomics,peebo_2015,rel0_abs0,high,filtered,769,ter,7.942101667735284e-4,239,0.036526595052512385
proteomics,peebo_2015,rel0_abs0,high,filtered,803,oriC,0.27011242920712164,260,-0.010972574420761714
proteomics,peebo_2015,rel0_abs0,high,filtered,803,ter,0.22783792164013436,247,-0.02355526610696248
proteomics,peebo_2015,rel0_abs0,high,filtered,752,oriC,0.1942815023714905,242,0.042785985694227265
proteomics,peebo_2015,rel0_abs0,high,filtered,752,ter,0.7744905645161104,234,0.002241568358755671
proteomics,peebo_2015,rel0_abs0,high,filtered,806,oriC,0.6342111072146953,260,0.012189567444495529
proteomics,peebo_2015,rel0_abs0,high,filtered,806,ter,0.3413517524378627,250,-0.010906223962791513
proteomics,peebo_2015,rel0_abs0,high,filtered,728,oriC,0.8258848662120326,235,0.06959995366546003
proteomics,peebo_2015,rel0_abs0,high,filtered,728,ter,0.3308903186710975,228,0.010126246452760147
proteomics,peebo_2015,rel0_abs0,high,filtered,765,oriC,1.562905207143908e-5,251,-0.04452554698143858
proteomics,peebo_2015,rel0_abs0,high,filtered,765,ter,1.736503460939141e-4,237,-0.058522231518983836
proteomics,peebo_2015,rel0_abs0,high,filtered,726,oriC,0.05088137245986951,238,-8.94755698162813e-4
proteomics,peebo_2015,rel0_abs0,high,filtered,726,ter,2.643036288769219e-4,225,-0.042024088562799586
proteomics,peebo_2015,rel0_abs0,high,filtered,767,oriC,0.013425660014217767,252,-0.01913359009199126
proteomics,peebo_2015,rel0_abs0,high,filtered,767,ter,0.00681360157752788,238,-0.05407197977020953
proteomics,peebo_2015,rel0_abs0,high,filtered,708,oriC,0.18243050116849263,232,0.012347114921944104
proteomics,peebo_2015,rel0_abs0,high,filtered,708,ter,0.10403658962377584,220,-0.014302472392217283
proteomics,peebo_2015,rel0_abs0,high,filtered,747,oriC,0.0058482985891668325,241,0.04425765086534581
proteomics,peebo_2015,rel0_abs0,high,filtered,747,ter,0.13706526240580552,230,0.01880239037302204
proteomics,peebo_2015,rel0_abs0,high,filtered,803,oriC,0.025339628954456465,259,0.033215552793786386
proteomics,peebo_2015,rel0_abs0,high,filtered,803,ter,0.9932564714488917,247,0.018843025243988013
proteomics,peebo_2015,rel0_abs0,high,filtered,725,oriC,0.15008502267731505,235,0.0699429638362214
proteomics,peebo_2015,rel0_abs0,high,filtered,725,ter,0.8780444657213973,225,0.06807465211979455
proteomics,peebo_2015,rel0_abs0,high,filtered,751,oriC,0.056031436466776524,242,-0.013828130559723577
proteomics,peebo_2015,rel0_abs0,high,filtered,751,ter,0.3832947523907172,233,-0.001920206448337655
proteomics,peebo_2015,rel0_abs0,high,filtered,695,oriC,0.586257604867459,224,0.01946112349789915
proteomics,peebo_2015,rel0_abs0,high,filtered,695,ter,0.4867504268271409,217,0.04186222312945395
proteomics,peebo_2015,rel0_abs0,high,filtered,729,oriC,0.5882542923129421,237,0.04424333994079564
proteomics,peebo_2015,rel0_abs0,high,filtered,729,ter,0.5992629124386037,227,0.040288185720774985
proteomics,li_2014_all,rel0_abs0,high,filtered,1970,oriC,0.0024010460423292196,675,-0.12558752924252636
proteomics,li_2014_all,rel0_abs0,high,filtered,1970,ter,4.954989847247981e-22,623,-0.37340102620318016
proteomics,li_2014_all,rel0_abs0,high,filtered,1913,oriC,0.36526618317391435,659,-0.07205095299950659
proteomics,li_2014_all,rel0_abs0,high,filtered,1913,ter,3.654400819840536e-17,600,-0.4206896423013262
proteomics,li_2014_all,rel0_abs0,high,filtered,2026,oriC,0.19491169503907854,702,0.04321954951872775
proteomics,li_2014_all,rel0_abs0,high,filtered,2026,ter,0.028832473312404742,641,-0.05929113644901189
proteomics,valgepea_2013_prot,rel0_abs0,high,filtered,1086,oriC,4.699509049466007e-8,376,0.06916981282060991
proteomics,valgepea_2013_prot,rel0_abs0,high,filtered,1086,ter,0.0018339534183067169,335,0.09091007849279434
proteomics,valgepea_2013_prot,rel0_abs0,high,filtered,1087,oriC,0.1417656018745649,376,0.043859103365950475
proteomics,valgepea_2013_prot,rel0_abs0,high,filtered,1087,ter,0.3032452500019084,333,0.05224317930862601
proteomics,valgepea_2013_prot,rel0_abs0,high,filtered,1075,oriC,0.4943644076835614,368,-0.037723386197494074
proteomics,valgepea_2013_prot,rel0_abs0,high,filtered,1075,ter,0.6610957784021754,328,-0.016204839690435437
proteomics,valgepea_2013_prot,rel0_abs0,high,filtered,1065,oriC,0.5104432106028449,367,-0.09748775081783417
proteomics,valgepea_2013_prot,rel0_abs0,high,filtered,1065,ter,0.37812990768140453,326,-0.05801824991947212
proteomics,valgepea_2013_prot,rel0_abs0,high,filtered,1083,oriC,0.001349779235052368,375,-0.05671085835598117
proteomics,valgepea_2013_prot,rel0_abs0,high,filtered,1083,ter,0.07781999022899473,332,-0.03432614896300803
proteomics,valgepea_2013_prot,rel0_abs0,high,filtered,1071,oriC,2.036295095998305e-5,367,-0.12003275319231488
proteomics,valgepea_2013_prot,rel0_abs0,high,filtered,1071,ter,6.434268369356086e-5,329,-0.11199771263897279
proteomics,valgepea_2013_prot,rel0_abs0,high,filtered,1063,oriC,5.682485252273061e-5,368,-0.172154880167281
proteomics,valgepea_2013_prot,rel0_abs0,high,filtered,1063,ter,0.0015266894967305641,326,-0.13754226075369452
proteomics,valgepea_2013_prot,rel0_abs0,high,filtered,1079,oriC,5.594147388695234e-9,370,-0.08429066991253412
proteomics,valgepea_2013_prot,rel0_abs0,high,filtered,1079,ter,2.811310836171492e-12,331,-0.08591510684741184
proteomics,valgepea_2013_prot,rel0_abs0,high,filtered,1078,oriC,0.0020101531042660955,371,-0.114441501820773
proteomics,valgepea_2013_prot,rel0_abs0,high,filtered,1078,ter,1.6863834361338846e-4,331,-0.07560460056353102
proteomics,valgepea_2013_prot,rel0_abs0,high,filtered,1073,oriC,0.2404163565815129,367,-0.01792513818236955
proteomics,valgepea_2013_prot,rel0_abs0,high,filtered,1073,ter,0.4355696705797134,331,0.004061272303088575
proteomics,Goelzer_2015,rel0_abs0,high,filtered,577,oriC,0.03779075662811984,168,-0.3081072411257947
proteomics,Goelzer_2015,rel0_abs0,high,filtered,577,ter,1.302448482220275e-6,203,-0.392442432201562
proteomics,Goelzer_2015,rel0_abs0,high,filtered,565,oriC,0.016785555391063398,167,-0.3872211941020396
proteomics,Goelzer_2015,rel0_abs0,high,filtered,565,ter,1.0950325835505478e-7,199,-0.6617563946709413
proteomics,Goelzer_2015,rel0_abs0,high,filtered,555,oriC,0.08868129251201333,162,-0.2614539456002328
proteomics,Goelzer_2015,rel0_abs0,high,filtered,555,ter,2.9390448169139605e-7,193,-0.5747469484878129
proteomics,Goelzer_2015,rel0_abs0,high,filtered,518,oriC,0.1642895372575172,161,-0.3393411675771615
proteomics,Goelzer_2015,rel0_abs0,high,filtered,518,ter,7.882741972743406e-4,184,-0.43870737271955074
proteomics,Goelzer_2015,rel0_abs0,high,filtered,737,oriC,0.8337667095712865,213,-0.016902831747917013
proteomics,Goelzer_2015,rel0_abs0,high,filtered,737,ter,4.989396732034514e-4,268,-0.1761260129933067
proteomics,Goelzer_2015,rel0_abs0,high,filtered,704,oriC,0.754043305219528,204,-0.009413913489778856
proteomics,Goelzer_2015,rel0_abs0,high,filtered,704,ter,0.19064784498599302,257,-0.056775438599382784
proteomics,Goelzer_2015,rel0_abs0,high,filtered,686,oriC,0.36179135465718265,201,0.08720641698438152
proteomics,Goelzer_2015,rel0_abs0,high,filtered,686,ter,0.4798995498476941,254,0.02103500713398028
proteomics,Goelzer_2015,rel0_abs0,high,filtered,710,oriC,0.5117225276807915,205,0.03389198662800773
proteomics,Goelzer_2015,rel0_abs0,high,filtered,710,ter,0.8332704023911044,260,0.048723753381655396
proteomics,Goelzer_2015,rel0_abs0,high,filtered,703,oriC,0.14068846781531727,206,0.14489546251473212
proteomics,Goelzer_2015,rel0_abs0,high,filtered,703,ter,0.7818307420395987,262,0.06412219617654064
proteomics,Goelzer_2015,rel0_abs0,high,filtered,689,oriC,0.7094910325665658,204,0.02286047664091699
proteomics,Goelzer_2015,rel0_abs0,high,filtered,689,ter,5.634312622179932e-4,250,0.20213652886722877
proteomics,zhu_B_subtilis,rel0_abs0,high,filtered,891,oriC,0.5805344991257684,258,0.014830858515617286
proteomics,zhu_B_subtilis,rel0_abs0,high,filtered,891,ter,0.858146538671246,325,-4.2162147705219235e-4
proteomics,zhu_B_subtilis,rel0_abs0,high,filtered,879,oriC,2.075791754932332e-26,252,0.3920590957286382
proteomics,zhu_B_subtilis,rel0_abs0,high,filtered,879,ter,1.9089114304718822e-28,321,0.3326686508480288
proteomics,zhu_B_subtilis,rel0_abs0,high,filtered,886,oriC,0.03384176463176648,254,0.08746105650512362
proteomics,zhu_B_subtilis,rel0_abs0,high,filtered,886,ter,0.06622607063831416,325,0.07282255717123211
proteomics,zhu_B_subtilis,rel0_abs0,high,filtered,881,oriC,8.6932570057705e-17,255,0.29310275150592063
proteomics,zhu_B_subtilis,rel0_abs0,high,filtered,881,ter,1.2636247188723848e-16,320,0.34072059012291267
proteomics,zhu_B_subtilis,rel0_abs0,high,filtered,878,oriC,8.83527294335615e-5,254,0.18303813136193292
proteomics,zhu_B_subtilis,rel0_abs0,high,filtered,878,ter,4.1581972487804926e-7,319,0.26357691584675685
proteomics,zhu_B_subtilis,rel0_abs0,high,filtered,838,oriC,0.08489979778933321,244,-0.1256351237333675
proteomics,zhu_B_subtilis,rel0_abs0,high,filtered,838,ter,0.06635462479946586,313,-0.08384583225653178
proteomics,zhu_B_subtilis,rel0_abs0,high,filtered,735,oriC,0.6297968729480623,219,-0.16162570900149664
proteomics,zhu_B_subtilis,rel0_abs0,high,filtered,735,ter,0.24104423856672774,283,-0.022279159997729642
proteomics,zhu_B_subtilis,rel0_abs0,high,filtered,819,oriC,0.004818344759860521,241,0.15105498681659763
proteomics,zhu_B_subtilis,rel0_abs0,high,filtered,819,ter,0.036930313015270985,302,0.19363929054475576
proteomics,zhu_B_subtilis,rel0_abs0,high,filtered,733,oriC,0.007879378825220834,219,0.20926521900554296
proteomics,zhu_B_subtilis,rel0_abs0,high,filtered,733,ter,0.5649356351911152,280,0.11420568893843727
proteomics,zhu_B_subtilis,rel0_abs0,high,filtered,876,oriC,4.0801087158385347e-13,250,0.33089554531656173
proteomics,zhu_B_subtilis,rel0_abs0,high,filtered,876,ter,3.1967634289850324e-23,320,0.2977647446801013
proteomics,zhu_B_subtilis,rel0_abs0,high,filtered,890,oriC,0.24426756932665375,258,0.034427058715911105
proteomics,zhu_B_subtilis,rel0_abs0,high,filtered,890,ter,2.800591483847548e-4,325,0.10049181315820505
proteomics,zhu_B_subtilis,rel0_abs0,high,filtered,883,oriC,3.6451730134441795e-18,256,0.2624222158907965
proteomics,zhu_B_subtilis,rel0_abs0,high,filtered,883,ter,7.828204885748662e-31,321,0.3245105746552286
proteomics,zhu_B_subtilis,rel0_abs0,high,filtered,883,oriC,1.6617092980378764e-4,256,0.1587442721961248
proteomics,zhu_B_subtilis,rel0_abs0,high,filtered,883,ter,1.7638816210608286e-11,321,0.24407792884883345
proteomics,zhu_B_subtilis,rel0_abs0,high,filtered,842,oriC,0.08328946827184248,248,-0.12115704781910971
proteomics,zhu_B_subtilis,rel0_abs0,high,filtered,842,ter,0.32423284991239065,310,-0.0158835103002376
proteomics,zhu_B_subtilis,rel0_abs0,high,filtered,730,oriC,0.8159548272764662,219,-0.0662522699698405
proteomics,zhu_B_subtilis,rel0_abs0,high,filtered,730,ter,0.9352495856908345,278,0.0748433692200078
proteomics,zhu_B_subtilis,rel0_abs0,high,filtered,824,oriC,0.01141657803046176,245,0.160256928221839
proteomics,zhu_B_subtilis,rel0_abs0,high,filtered,824,ter,0.003248011598420955,301,0.2644488602205448
proteomics,zhu_B_subtilis,rel0_abs0,high,filtered,730,oriC,0.004345998886424151,218,0.27743459259898384
proteomics,zhu_B_subtilis,rel0_abs0,high,filtered,730,ter,0.04159210800140357,279,0.20362162282837146
proteomics,zhu_B_subtilis,rel0_abs0,high,filtered,873,oriC,2.1285054962853375e-12,249,-0.28909933368039137
proteomics,zhu_B_subtilis,rel0_abs0,high,filtered,873,ter,2.5015373722374176e-13,320,-0.2457396203050335
proteomics,zhu_B_subtilis,rel0_abs0,high,filtered,873,oriC,1.463080254106704e-4,250,-0.060067901440345225
proteomics,zhu_B_subtilis,rel0_abs0,high,filtered,873,ter,0.335578338176035,319,-0.006687077833872473
proteomics,zhu_B_subtilis,rel0_abs0,high,filtered,867,oriC,3.988280815888501e-8,246,-0.1823579295238918
proteomics,zhu_B_subtilis,rel0_abs0,high,filtered,867,ter,6.828393661717706e-4,318,-0.10659042661257648
proteomics,zhu_B_subtilis,rel0_abs0,high,filtered,826,oriC,4.178951209051211e-8,238,-0.3746591026811134
proteomics,zhu_B_subtilis,rel0_abs0,high,filtered,826,ter,4.0499938968504923e-13,308,-0.36590338754978724
proteomics,zhu_B_subtilis,rel0_abs0,high,filtered,721,oriC,7.98501377920568e-6,217,-0.4587132939436192
proteomics,zhu_B_subtilis,rel0_abs0,high,filtered,721,ter,9.923627820194126e-7,278,-0.2894917765615974
proteomics,zhu_B_subtilis,rel0_abs0,high,filtered,810,oriC,5.689241262513036e-4,237,-0.1501644819847458
proteomics,zhu_B_subtilis,rel0_abs0,high,filtered,810,ter,0.0035244182738128436,298,-0.12522232860845917
proteomics,zhu_B_subtilis,rel0_abs0,high,filtered,724,oriC,0.01129109860596071,217,-0.1647989509736251
proteomics,zhu_B_subtilis,rel0_abs0,high,filtered,724,ter,0.0012194771037165144,277,-0.12224510778044334
proteomics,zhu_B_subtilis,rel0_abs0,high,filtered,881,oriC,2.4770535263168915e-19,255,0.257918187902285
proteomics,zhu_B_subtilis,rel0_abs0,high,filtered,881,ter,5.96924694565531e-27,321,0.22238131416034926
proteomics,zhu_B_subtilis,rel0_abs0,high,filtered,884,oriC,1.079692853434989e-8,256,0.10958085494558545
proteomics,zhu_B_subtilis,rel0_abs0,high,filtered,884,ter,6.661522234460873e-16,322,0.16669603387073667
proteomics,zhu_B_subtilis,rel0_abs0,high,filtered,846,oriC,0.2744361955061029,246,-0.04705539136493385
proteomics,zhu_B_subtilis,rel0_abs0,high,filtered,846,ter,0.006909899966827228,314,-0.07047223549516826
proteomics,zhu_B_subtilis,rel0_abs0,high,filtered,741,oriC,0.6718178950671542,218,-0.09531675455699364
proteomics,zhu_B_subtilis,rel0_abs0,high,filtered,741,ter,0.22027181023818984,286,-0.034618752079846514
proteomics,zhu_B_subtilis,rel0_abs0,high,filtered,827,oriC,9.495350361859766e-4,245,0.135059283220463
proteomics,zhu_B_subtilis,rel0_abs0,high,filtered,827,ter,1.0103246060060643e-4,303,0.18436575212911732
proteomics,zhu_B_subtilis,rel0_abs0,high,filtered,738,oriC,0.006507671466716517,218,0.26545470928440495
proteomics,zhu_B_subtilis,rel0_abs0,high,filtered,738,ter,0.050297962694193746,282,0.14436409124310556
proteomics,zhu_B_subtilis,rel0_abs0,high,filtered,877,oriC,2.6619588715612586e-9,254,-0.11074846520476678
proteomics,zhu_B_subtilis,rel0_abs0,high,filtered,877,ter,3.944313976496638e-9,319,-0.07312907101737005
proteomics,zhu_B_subtilis,rel0_abs0,high,filtered,830,oriC,4.5921639817703796e-8,245,-0.32822910109933895
proteomics,zhu_B_subtilis,rel0_abs0,high,filtered,830,ter,3.0359717866093294e-14,304,-0.2984617630948692
proteomics,zhu_B_subtilis,rel0_abs0,high,filtered,727,oriC,8.982666691891113e-4,218,-0.30218272190596795
proteomics,zhu_B_subtilis,rel0_abs0,high,filtered,727,ter,8.548696898457665e-6,275,-0.24515280368863276
proteomics,zhu_B_subtilis,rel0_abs0,high,filtered,820,oriC,0.024130572060742535,243,-0.08822275394954054
proteomics,zhu_B_subtilis,rel0_abs0,high,filtered,820,ter,0.021642018493140132,300,-0.056921649322467
proteomics,zhu_B_subtilis,rel0_abs0,high,filtered,728,oriC,0.44902373734006085,217,-0.05250776685240047
proteomics,zhu_B_subtilis,rel0_abs0,high,filtered,728,ter,0.006216890128005449,276,-0.06860990113098189
proteomics,zhu_B_subtilis,rel0_abs0,high,filtered,839,oriC,0.00027820076394209897,244,-0.19346967884924812
proteomics,zhu_B_subtilis,rel0_abs0,high,filtered,839,ter,2.2862280284035442e-12,310,-0.21456184511666704
proteomics,zhu_B_subtilis,rel0_abs0,high,filtered,736,oriC,0.08741906339765593,220,-0.14892029893934938
proteomics,zhu_B_subtilis,rel0_abs0,high,filtered,736,ter,2.1764654911489545e-5,281,-0.20168653287402555
proteomics,zhu_B_subtilis,rel0_abs0,high,filtered,824,oriC,0.23469860644779741,244,0.07884314289351718
proteomics,zhu_B_subtilis,rel0_abs0,high,filtered,824,ter,0.7871809890876817,301,0.023171682363877278
proteomics,zhu_B_subtilis,rel0_abs0,high,filtered,737,oriC,0.23893540877489722,218,0.11984466648300743
proteomics,zhu_B_subtilis,rel0_abs0,high,filtered,737,ter,0.16634916594461407,281,-0.004993309222163978
proteomics,zhu_B_subtilis,rel0_abs0,high,filtered,772,oriC,0.3590594717669372,227,0.04506327058009599
proteomics,zhu_B_subtilis,rel0_abs0,high,filtered,772,ter,0.4358695651300294,293,0.04019214621601305
proteomics,zhu_B_subtilis,rel0_abs0,high,filtered,829,oriC,3.1535136278337844e-15,243,0.2495924867172993
proteomics,zhu_B_subtilis,rel0_abs0,high,filtered,829,ter,3.190298113616942e-24,304,0.2577859002674703
proteomics,zhu_B_subtilis,rel0_abs0,high,filtered,743,oriC,1.2777868371368903e-9,219,0.30532307896173033
proteomics,zhu_B_subtilis,rel0_abs0,high,filtered,743,ter,4.42262506159717e-9,285,0.21070457797113148
proteomics,zhu_B_subtilis,rel0_abs0,high,filtered,748,oriC,5.1957198540155925e-6,228,0.3543966777588692
proteomics,zhu_B_subtilis,rel0_abs0,high,filtered,748,ter,7.6988528268146e-12,282,0.27889149977548644
proteomics,zhu_B_subtilis,rel0_abs0,high,filtered,739,oriC,1.2095247909519761e-15,222,0.24529299932626847
proteomics,zhu_B_subtilis,rel0_abs0,high,filtered,739,ter,9.465873123291434e-13,282,0.1948384655598812
proteomics,zhu_B_subtilis,rel0_abs0,high,filtered,729,oriC,0.5523859331041779,218,-0.003376758081854463
proteomics,zhu_B_subtilis,rel0_abs0,high,filtered,729,ter,0.001470926257412588,278,-0.05262641707903934
proteomics,zhu_E_coli,rel0_abs0,high,filtered,1077,oriC,1.8913118872632928e-6,388,0.04018103157210608
proteomics,zhu_E_coli,rel0_abs0,high,filtered,1077,ter,0.13074036524720473,327,0.01765692893476737
proteomics,zhu_E_coli,rel0_abs0,high,filtered,1076,oriC,0.016532574947572057,388,-0.08669138454677715
proteomics,zhu_E_coli,rel0_abs0,high,filtered,1076,ter,0.3984271390171415,329,0.01603874975667389
proteomics,zhu_E_coli,rel0_abs0,high,filtered,1065,oriC,0.033875501175957654,384,-0.02351289709040223
proteomics,zhu_E_coli,rel0_abs0,high,filtered,1065,ter,0.7309813208509849,323,-0.00525454107779999
proteomics,zhu_E_coli,rel0_abs0,high,filtered,1064,oriC,0.0012417377947952894,387,-0.12122929945598171
proteomics,zhu_E_coli,rel0_abs0,high,filtered,1064,ter,0.15956436976501992,323,-0.03591427415948809
proteomics,zhu_E_coli,rel0_abs0,high,filtered,1007,oriC,6.434863822835928e-6,356,-0.2103510831277211
proteomics,zhu_E_coli,rel0_abs0,high,filtered,1007,ter,5.06661918187674e-7,312,-0.323123124209596
proteomics,zhu_E_coli,rel0_abs0,high,filtered,1075,oriC,0.04193018123367108,386,-0.034343693846071555
proteomics,zhu_E_coli,rel0_abs0,high,filtered,1075,ter,0.23377411210101287,328,0.08345588351325287
proteomics,zhu_E_coli,rel0_abs0,high,filtered,1074,oriC,1.2563963419661223e-5,385,-0.12163494854762433
proteomics,zhu_E_coli,rel0_abs0,high,filtered,1074,ter,0.1041288402323492,329,-0.04734480715644534
proteomics,zhu_E_coli,rel0_abs0,high,filtered,1041,oriC,0.005204393469205032,371,-0.08712827488572729
proteomics,zhu_E_coli,rel0_abs0,high,filtered,1041,ter,0.03197006473309772,323,-0.11604413045932338
proteomics,zhu_E_coli,rel0_abs0,high,filtered,940,oriC,1.567480195938661e-4,338,-0.2506592866008795
proteomics,zhu_E_coli,rel0_abs0,high,filtered,940,ter,2.727696364458807e-10,290,-0.5216617658572171
proteomics,zhu_E_coli,rel0_abs0,high,filtered,958,oriC,0.43474629447772845,343,-0.012040855979660692
proteomics,zhu_E_coli,rel0_abs0,high,filtered,958,ter,2.3194810319572615e-6,298,-0.3372051894336897
proteomics,zhu_E_coli,rel0_abs0,high,filtered,1078,oriC,1.1468045815564362e-4,388,-0.13201393245440132
proteomics,zhu_E_coli,rel0_abs0,high,filtered,1078,ter,0.5021571559464773,330,-0.022093832782674516
proteomics,zhu_E_coli,rel0_abs0,high,filtered,1067,oriC,2.244082706548781e-4,383,-0.0708601045512627
proteomics,zhu_E_coli,rel0_abs0,high,filtered,1067,ter,0.7062225303064129,325,-0.018982866715990067
proteomics,zhu_E_coli,rel0_abs0,high,filtered,1072,oriC,5.684055603511596e-7,389,-0.1520326021782965
proteomics,zhu_E_coli,rel0_abs0,high,filtered,1072,ter,0.035492992814034834,327,-0.05933567226852534
proteomics,zhu_E_coli,rel0_abs0,high,filtered,1012,oriC,2.500003326597658e-8,356,-0.2514616700215239
proteomics,zhu_E_coli,rel0_abs0,high,filtered,1012,ter,3.938021654301863e-8,316,-0.3360506561492398
proteomics,zhu_E_coli,rel0_abs0,high,filtered,1078,oriC,0.0017232246842914282,387,-0.05020625721280649
proteomics,zhu_E_coli,rel0_abs0,high,filtered,1078,ter,0.2864085176037217,330,0.05714882305806537
proteomics,zhu_E_coli,rel0_abs0,high,filtered,1077,oriC,2.982330993524274e-8,387,-0.1515960884112433
proteomics,zhu_E_coli,rel0_abs0,high,filtered,1077,ter,0.03319137213036077,330,-0.04959628790080742
proteomics,zhu_E_coli,rel0_abs0,high,filtered,1040,oriC,3.192936944309788e-4,371,-0.11006748460918346
proteomics,zhu_E_coli,rel0_abs0,high,filtered,1040,ter,0.013293619549245867,323,-0.1789958424444367
proteomics,zhu_E_coli,rel0_abs0,high,filtered,943,oriC,3.4877466058076722e-6,339,-0.2812019031899135
proteomics,zhu_E_coli,rel0_abs0,high,filtered,943,ter,8.696029320649921e-12,289,-0.5167153114801653
proteomics,zhu_E_coli,rel0_abs0,high,filtered,955,oriC,0.17151655462993734,341,-0.04119837913536311
proteomics,zhu_E_coli,rel0_abs0,high,filtered,955,ter,2.054555211592948e-8,298,-0.3986116417961263
proteomics,zhu_E_coli,rel0_abs0,high,filtered,1056,oriC,0.3000386410386881,378,0.09302315288114943
proteomics,zhu_E_coli,rel0_abs0,high,filtered,1056,ter,0.7726598608818052,322,0.04612089034758429
proteomics,zhu_E_coli,rel0_abs0,high,filtered,1085,oriC,0.02499963538152376,390,-0.04610385265722425
proteomics,zhu_E_coli,rel0_abs0,high,filtered,1085,ter,0.0021932667933851594,332,-0.0647674547567367
proteomics,zhu_E_coli,rel0_abs0,high,filtered,998,oriC,0.03854117504302317,355,-0.09440955807720196
proteomics,zhu_E_coli,rel0_abs0,high,filtered,998,ter,0.001465125897564506,308,-0.2930267533065161
proteomics,zhu_E_coli,rel0_abs0,high,filtered,1079,oriC,0.01505493532231854,383,0.13987718851875322
proteomics,zhu_E_coli,rel0_abs0,high,filtered,1079,ter,0.5495123189052326,332,0.08670847521670852
proteomics,zhu_E_coli,rel0_abs0,high,filtered,1078,oriC,0.8846593020986084,383,0.062474490118722886
proteomics,zhu_E_coli,rel0_abs0,high,filtered,1078,ter,0.17787653208441756,331,-0.021209989132485212
proteomics,zhu_E_coli,rel0_abs0,high,filtered,1046,oriC,0.8814626871095869,368,0.10933501342436694
proteomics,zhu_E_coli,rel0_abs0,high,filtered,1046,ter,0.006625782520581688,326,-0.25411314516007244
proteomics,zhu_E_coli,rel0_abs0,high,filtered,928,oriC,0.31525438109546894,336,-0.0642642961456499
proteomics,zhu_E_coli,rel0_abs0,high,filtered,928,ter,1.0403303314997075e-8,283,-0.4864342925829166
proteomics,zhu_E_coli,rel0_abs0,high,filtered,971,oriC,0.2889842317352491,349,0.10315739893597964
proteomics,zhu_E_coli,rel0_abs0,high,filtered,971,ter,1.6798098107877125e-6,296,-0.31623885164667487
proteomics,zhu_E_coli,rel0_abs0,high,filtered,1050,oriC,0.10914986663827914,380,-0.08605506376058679
proteomics,zhu_E_coli,rel0_abs0,high,filtered,1050,ter,0.11923581823142881,319,-0.09410753791756646
proteomics,zhu_E_coli,rel0_abs0,high,filtered,1014,oriC,0.0018939953600039783,353,-0.11923429894116476
proteomics,zhu_E_coli,rel0_abs0,high,filtered,1014,ter,3.839219368185193e-10,321,-0.21797631701312117
proteomics,zhu_E_coli,rel0_abs0,high,filtered,1072,oriC,0.694496523154116,383,0.01574798609608906
proteomics,zhu_E_coli,rel0_abs0,high,filtered,1072,ter,0.001032228985943293,329,0.07737119379436522
proteomics,zhu_E_coli,rel0_abs0,high,filtered,1070,oriC,0.002304412247474841,382,-0.06134332594489422
proteomics,zhu_E_coli,rel0_abs0,high,filtered,1070,ter,0.19771817792314145,329,-0.031537051286845814
proteomics,zhu_E_coli,rel0_abs0,high,filtered,1035,oriC,0.8111365097230236,366,0.01016400891182244
proteomics,zhu_E_coli,rel0_abs0,high,filtered,1035,ter,0.724721655365877,323,0.030521029765520288
proteomics,zhu_E_coli,rel0_abs0,high,filtered,951,oriC,0.07785591403323001,337,-0.16416943747530066
proteomics,zhu_E_coli,rel0_abs0,high,filtered,951,ter,2.0895438682295284e-13,295,-0.4136037102084472
proteomics,zhu_E_coli,rel0_abs0,high,filtered,956,oriC,0.07060817391036099,334,0.09273564868735668
proteomics,zhu_E_coli,rel0_abs0,high,filtered,956,ter,4.1557399917404065e-6,301,-0.27951678203235053
proteomics,zhu_E_coli,rel0_abs0,high,filtered,998,oriC,0.18091985214831682,353,-0.018449432559236586
proteomics,zhu_E_coli,rel0_abs0,high,filtered,998,ter,0.009093178602020881,310,-0.19649742002922574
proteomics,zhu_E_coli,rel0_abs0,high,filtered,1076,oriC,2.4898784187118e-5,390,0.14365374746047752
proteomics,zhu_E_coli,rel0_abs0,high,filtered,1076,ter,5.446661548417506e-5,327,0.17029398725789818
proteomics,zhu_E_coli,rel0_abs0,high,filtered,1083,oriC,0.2948480233412306,391,0.06912465151350926
proteomics,zhu_E_coli,rel0_abs0,high,filtered,1083,ter,0.44422600851146765,330,0.058067164510024485
proteomics,zhu_E_coli,rel0_abs0,high,filtered,1054,oriC,0.13418643615478684,372,0.11221291810937553
proteomics,zhu_E_coli,rel0_abs0,high,filtered,1054,ter,0.21628008303549168,327,-0.025440998998824252
proteomics,zhu_E_coli,rel0_abs0,high,filtered,935,oriC,0.5341985478852405,339,-0.04624278032925611
proteomics,zhu_E_coli,rel0_abs0,high,filtered,935,ter,2.4289383028884885e-8,289,-0.37851890974784314
proteomics,zhu_E_coli,rel0_abs0,high,filtered,978,oriC,0.007534737111579707,345,0.15029425994189435
proteomics,zhu_E_coli,rel0_abs0,high,filtered,978,ter,4.088680520666118e-7,303,-0.29160973783865995
proteomics,zhu_E_coli,rel0_abs0,high,filtered,1019,oriC,0.0011555276652604949,357,0.1550976628073957
proteomics,zhu_E_coli,rel0_abs0,high,filtered,1019,ter,1.9008772986488347e-10,320,0.3260076476130963
proteomics,zhu_E_coli,rel0_abs0,high,filtered,1019,oriC,0.36003972200586093,357,0.052467729793900464
proteomics,zhu_E_coli,rel0_abs0,high,filtered,1019,ter,7.048727720780283e-7,320,0.2629323473148266
proteomics,zhu_E_coli,rel0_abs0,high,filtered,1025,oriC,0.014345495509965996,365,0.09228956634315681
proteomics,zhu_E_coli,rel0_abs0,high,filtered,1025,ter,0.020924076324726575,321,0.14428415718049034
proteomics,zhu_E_coli,rel0_abs0,high,filtered,942,oriC,0.5287332115405525,336,-0.05859878221480279
proteomics,zhu_E_coli,rel0_abs0,high,filtered,942,ter,2.0402474445880477e-12,296,-0.2450461419983319
proteomics,zhu_E_coli,rel0_abs0,high,filtered,961,oriC,0.017817501400234224,344,0.11527433614395059
proteomics,zhu_E_coli,rel0_abs0,high,filtered,961,ter,0.014002066630211347,303,-0.1547606350955278
proteomics,zhu_E_coli,rel0_abs0,high,filtered,1091,oriC,1.5340930172524206e-17,392,-0.07478969204442082
proteomics,zhu_E_coli,rel0_abs0,high,filtered,1091,ter,3.2688141562608794e-19,335,-0.08962341477543832
proteomics,zhu_E_coli,rel0_abs0,high,filtered,1063,oriC,0.7333305171217264,376,0.02634655232063298
proteomics,zhu_E_coli,rel0_abs0,high,filtered,1063,ter,1.1139077346344294e-4,332,-0.1193302341363398
proteomics,zhu_E_coli,rel0_abs0,high,filtered,957,oriC,0.07618632213088633,338,-0.1932192194401096
proteomics,zhu_E_coli,rel0_abs0,high,filtered,957,ter,8.08397636156056e-19,300,-0.5135777189099084
proteomics,zhu_E_coli,rel0_abs0,high,filtered,964,oriC,0.019788718640324665,342,0.10203489470663302
proteomics,zhu_E_coli,rel0_abs0,high,filtered,964,ter,1.4899442121081013e-9,299,-0.387201432132759
proteomics,zhu_E_coli,rel0_abs0,high,filtered,1067,oriC,1.21418661589242e-5,376,0.10178124948280627
proteomics,zhu_E_coli,rel0_abs0,high,filtered,1067,ter,0.052433993417493115,333,-0.055711698668199895
proteomics,zhu_E_coli,rel0_abs0,high,filtered,956,oriC,0.8131246000245902,338,-0.045974053245640495
proteomics,zhu_E_coli,rel0_abs0,high,filtered,956,ter,2.485066379181405e-13,301,-0.44323165243473933
proteomics,zhu_E_coli,rel0_abs0,high,filtered,978,oriC,7.917488718949647e-6,346,0.1563766513614726
proteomics,zhu_E_coli,rel0_abs0,high,filtered,978,ter,8.670640668399411e-8,308,-0.31402428799842397
proteomics,zhu_E_coli,rel0_abs0,high,filtered,964,oriC,0.0029214964472655263,349,-0.18269986574875258
proteomics,zhu_E_coli,rel0_abs0,high,filtered,964,ter,1.0838353889288818e-15,303,-0.416121116907306
proteomics,zhu_E_coli,rel0_abs0,high,filtered,1023,oriC,0.29078615439751737,369,0.02376662634997575
proteomics,zhu_E_coli,rel0_abs0,high,filtered,1023,ter,1.2239677598052422e-14,319,-0.302309486915064
proteomics,zhu_E_coli,rel0_abs0,high,filtered,972,oriC,8.515945458708067e-8,349,0.20311395622302483
proteomics,zhu_E_coli,rel0_abs0,high,filtered,972,ter,0.004087256241853026,305,0.08651502181546239
proteomics,zhu_V_natriegens,rel0_abs0,high,filtered,966,oriC,7.053741982287017e-4,418,0.1093757998156478
proteomics,zhu_V_natriegens,rel0_abs0,high,filtered,966,ter,9.535186581600762e-4,199,0.16691398584256145
proteomics,zhu_V_natriegens,rel0_abs0,high,filtered,984,oriC,0.012806122329976572,424,-0.06537572597785934
proteomics,zhu_V_natriegens,rel0_abs0,high,filtered,984,ter,0.3038452085436104,201,0.017108737002259455
proteomics,zhu_V_natriegens,rel0_abs0,high,filtered,968,oriC,0.5342750433638004,419,0.011718792314473642
proteomics,zhu_V_natriegens,rel0_abs0,high,filtered,968,ter,0.3105881033381199,194,0.02261148085268095
proteomics,zhu_V_natriegens,rel0_abs0,high,filtered,984,oriC,0.05924903698728487,422,-0.07552503217196885
proteomics,zhu_V_natriegens,rel0_abs0,high,filtered,984,ter,0.09115704658198016,200,0.06620394704660779
proteomics,zhu_V_natriegens,rel0_abs0,high,filtered,954,oriC,0.0936691572327871,413,-0.11612344370577689
proteomics,zhu_V_natriegens,rel0_abs0,high,filtered,954,ter,0.9395181088848551,192,-0.08901150860060192
proteomics,zhu_V_natriegens,rel0_abs0,high,filtered,907,oriC,0.038975590591127485,397,-0.09280593058097088
proteomics,zhu_V_natriegens,rel0_abs0,high,filtered,907,ter,0.6968031920083038,179,-0.02474118169644793
proteomics,zhu_V_natriegens,rel0_abs0,high,filtered,973,oriC,0.0351329758176545,421,-0.11782576226470658
proteomics,zhu_V_natriegens,rel0_abs0,high,filtered,973,ter,0.20520984170387918,194,0.039774257629107475
proteomics,zhu_V_natriegens,rel0_abs0,high,filtered,918,oriC,0.0036653494948550745,401,-0.14339180257525289
proteomics,zhu_V_natriegens,rel0_abs0,high,filtered,918,ter,0.517656443060236,187,-0.05059689120136731
proteomics,zhu_V_natriegens,rel0_abs0,high,filtered,809,oriC,0.0026890890408605983,348,-0.1653392818599308
proteomics,zhu_V_natriegens,rel0_abs0,high,filtered,809,ter,0.5847556266208591,153,-0.05703564276268599
proteomics,zhu_V_natriegens,rel0_abs0,high,filtered,844,oriC,0.015821971128220053,363,-0.1838474691321703
proteomics,zhu_V_natriegens,rel0_abs0,high,filtered,844,ter,0.7980581841153706,162,-0.04586467648347335
proteomics,zhu_V_natriegens,rel0_abs0,high,filtered,975,oriC,1.0860975532810506e-17,420,-0.2426516971799784
proteomics,zhu_V_natriegens,rel0_abs0,high,filtered,975,ter,1.8321600601393248e-5,202,-0.17363907169861714
proteomics,zhu_V_natriegens,rel0_abs0,high,filtered,970,oriC,3.084660894284818e-9,420,-0.15533858004704737
proteomics,zhu_V_natriegens,rel0_abs0,high,filtered,970,ter,0.013777431088758141,199,-0.10458941192543646
proteomics,zhu_V_natriegens,rel0_abs0,high,filtered,977,oriC,1.2594394724582696e-15,422,-0.21692384071257098
proteomics,zhu_V_natriegens,rel0_abs0,high,filtered,977,ter,0.006621033980761331,203,-0.12084723342763111
proteomics,zhu_V_natriegens,rel0_abs0,high,filtered,961,oriC,7.721849298650419e-16,415,-0.24640561302708422
proteomics,zhu_V_natriegens,rel0_abs0,high,filtered,961,ter,5.4188739986375226e-5,198,-0.21178922738074746
proteomics,zhu_V_natriegens,rel0_abs0,high,filtered,921,oriC,7.511546303989428e-11,401,-0.33871832834950816
proteomics,zhu_V_natriegens,rel0_abs0,high,filtered,921,ter,0.24071021291452363,188,-0.14380545934993955
proteomics,zhu_V_natriegens,rel0_abs0,high,filtered,971,oriC,4.2086829326169773e-11,419,-0.26056743737626303
proteomics,zhu_V_natriegens,rel0_abs0,high,filtered,971,ter,0.023158527185807673,201,-0.12777250753925778
proteomics,zhu_V_natriegens,rel0_abs0,high,filtered,930,oriC,2.728097708657263e-11,407,-0.315006751733914
proteomics,zhu_V_natriegens,rel0_abs0,high,filtered,930,ter,0.07066785277454661,190,-0.19983273262675125
proteomics,zhu_V_natriegens,rel0_abs0,high,filtered,819,oriC,7.254037045416186e-10,351,-0.36641305551444486
proteomics,zhu_V_natriegens,rel0_abs0,high,filtered,819,ter,0.34133271567286644,162,-0.11364555447658176
proteomics,zhu_V_natriegens,rel0_abs0,high,filtered,847,oriC,3.142267965871341e-6,363,-0.3491562914946403
proteomics,zhu_V_natriegens,rel0_abs0,high,filtered,847,ter,0.1969236518298039,167,-0.1523369839831125
proteomics,zhu_V_natriegens,rel0_abs0,high,filtered,980,oriC,0.0174176511811197,422,0.08857078798045609
proteomics,zhu_V_natriegens,rel0_abs0,high,filtered,980,ter,0.3329419782583743,200,0.04585504018143993
proteomics,zhu_V_natriegens,rel0_abs0,high,filtered,992,oriC,0.7009843642183169,424,0.016584625366298178
proteomics,zhu_V_natriegens,rel0_abs0,high,filtered,992,ter,0.17930776187981465,205,0.09170972740143908
proteomics,zhu_V_natriegens,rel0_abs0,high,filtered,974,oriC,0.9261752137019915,418,0.00519115019221369
proteomics,zhu_V_natriegens,rel0_abs0,high,filtered,974,ter,0.7257392018054056,200,-0.026618252490152025
proteomics,zhu_V_natriegens,rel0_abs0,high,filtered,925,oriC,0.08831431870073386,402,-0.03420577535038358
proteomics,zhu_V_natriegens,rel0_abs0,high,filtered,925,ter,0.8571281956630828,188,-0.030749394100467092
proteomics,zhu_V_natriegens,rel0_abs0,high,filtered,989,oriC,0.9418089147607078,422,-0.004352419226051137
proteomics,zhu_V_natriegens,rel0_abs0,high,filtered,989,ter,0.42224646746172295,204,0.029060536109147175
proteomics,zhu_V_natriegens,rel0_abs0,high,filtered,941,oriC,0.02991262091501437,410,-0.04435817532517221
proteomics,zhu_V_natriegens,rel0_abs0,high,filtered,941,ter,0.7620013634763907,192,-0.05611665389780983
proteomics,zhu_V_natriegens,rel0_abs0,high,filtered,829,oriC,0.05390949717466107,354,-0.03970410979069223
proteomics,zhu_V_natriegens,rel0_abs0,high,filtered,829,ter,0.9327935553664022,160,0.04333650976317168
proteomics,zhu_V_natriegens,rel0_abs0,high,filtered,861,oriC,0.21419262081607454,371,-0.04726013606045015
proteomics,zhu_V_natriegens,rel0_abs0,high,filtered,861,ter,0.7746044670932496,165,0.011552952712431657
proteomics,zhu_V_natriegens,rel0_abs0,high,filtered,986,oriC,9.274373852537286e-6,424,-0.07751323520706813
proteomics,zhu_V_natriegens,rel0_abs0,high,filtered,986,ter,0.789565648271858,202,-0.010347275087430371
proteomics,zhu_V_natriegens,rel0_abs0,high,filtered,979,oriC,1.5798517352004134e-15,421,-0.11250387937069584
proteomics,zhu_V_natriegens,rel0_abs0,high,filtered,979,ter,2.059410717414172e-6,201,-0.10268631879894036
proteomics,zhu_V_natriegens,rel0_abs0,high,filtered,940,oriC,9.172979553472627e-6,407,-0.14690277796352752
proteomics,zhu_V_natriegens,rel0_abs0,high,filtered,940,ter,0.8471072842357356,191,0.02864233892144529
proteomics,zhu_V_natriegens,rel0_abs0,high,filtered,986,oriC,2.758590984218492e-7,424,-0.12758470391861226
proteomics,zhu_V_natriegens,rel0_abs0,high,filtered,986,ter,0.4226535044933083,202,-0.016529575037064273
proteomics,zhu_V_natriegens,rel0_abs0,high,filtered,952,oriC,1.5264362102550573e-8,413,-0.17769093440891867
proteomics,zhu_V_natriegens,rel0_abs0,high,filtered,952,ter,0.17209844649756206,195,-0.13916875420423316
proteomics,zhu_V_natriegens,rel0_abs0,high,filtered,839,oriC,9.272014494500784e-5,359,-0.19473001133934953
proteomics,zhu_V_natriegens,rel0_abs0,high,filtered,839,ter,0.6173003573689497,168,0.0711414878192815
proteomics,zhu_V_natriegens,rel0_abs0,high,filtered,874,oriC,0.001969916901408524,375,-0.14168120938620277
proteomics,zhu_V_natriegens,rel0_abs0,high,filtered,874,ter,0.1653239533311715,171,-0.13191519962927514
proteomics,zhu_V_natriegens,rel0_abs0,high,filtered,984,oriC,0.2972250013953317,421,-0.059739906700945415
proteomics,zhu_V_natriegens,rel0_abs0,high,filtered,984,ter,0.08604252295571875,202,-0.10479246780636699
proteomics,zhu_V_natriegens,rel0_abs0,high,filtered,942,oriC,0.003974126232403373,407,-0.07952218976596104
proteomics,zhu_V_natriegens,rel0_abs0,high,filtered,942,ter,0.2588577749931811,190,-0.10290878861866648
proteomics,zhu_V_natriegens,rel0_abs0,high,filtered,998,oriC,0.21379850602343795,426,-0.04025722127858912
proteomics,zhu_V_natriegens,rel0_abs0,high,filtered,998,ter,0.8688256141026063,207,0.015063569785623293
proteomics,zhu_V_natriegens,rel0_abs0,high,filtered,960,oriC,1.3981193509511554e-4,415,-0.1164223290497577
proteomics,zhu_V_natriegens,rel0_abs0,high,filtered,960,ter,0.0971126056681732,199,-0.13670235519871296
proteomics,zhu_V_natriegens,rel0_abs0,high,filtered,847,oriC,8.91467622544588e-4,363,-0.22411535231465057
proteomics,zhu_V_natriegens,rel0_abs0,high,filtered,847,ter,0.20761534377466248,164,-0.06532408498641401
proteomics,zhu_V_natriegens,rel0_abs0,high,filtered,880,oriC,0.016286344441184198,376,-0.1361227343701109
proteomics,zhu_V_natriegens,rel0_abs0,high,filtered,880,ter,0.15773517270472381,173,-0.19110667693467023
proteomics,zhu_V_natriegens,rel0_abs0,high,filtered,942,oriC,0.2822062019350654,404,0.005752959892590271
proteomics,zhu_V_natriegens,rel0_abs0,high,filtered,942,ter,0.2594225116271138,192,0.07072508148562659
proteomics,zhu_V_natriegens,rel0_abs0,high,filtered,984,oriC,0.6064155462317,421,-0.009061764843452311
proteomics,zhu_V_natriegens,rel0_abs0,high,filtered,984,ter,0.0019147532753244158,203,0.08129224064138059
proteomics,zhu_V_natriegens,rel0_abs0,high,filtered,952,oriC,0.006601447426598394,411,-0.08414927248050194
proteomics,zhu_V_natriegens,rel0_abs0,high,filtered,952,ter,0.6278103286799794,196,0.03763077899100366
proteomics,zhu_V_natriegens,rel0_abs0,high,filtered,845,oriC,0.13136761680430475,354,-0.055994276175819584
proteomics,zhu_V_natriegens,rel0_abs0,high,filtered,845,ter,0.45232675267867445,170,0.10130967215706307
proteomics,zhu_V_natriegens,rel0_abs0,high,filtered,872,oriC,0.6281697031390754,369,-0.02369057314221436
proteomics,zhu_V_natriegens,rel0_abs0,high,filtered,872,ter,0.8514230190336842,172,-0.030940809207735162
proteomics,zhu_V_natriegens,rel0_abs0,high,filtered,947,oriC,0.12769782783583233,408,0.011263176532928375
proteomics,zhu_V_natriegens,rel0_abs0,high,filtered,947,ter,0.4951772708298226,193,0.027949233016844547
proteomics,zhu_V_natriegens,rel0_abs0,high,filtered,959,oriC,0.27539727208165926,417,0.017679750869993117
proteomics,zhu_V_natriegens,rel0_abs0,high,filtered,959,ter,0.45923491415904477,196,0.0019016409535617183
proteomics,zhu_V_natriegens,rel0_abs0,high,filtered,871,oriC,1.2785036670969098e-4,374,-0.05973076550638638
proteomics,zhu_V_natriegens,rel0_abs0,high,filtered,871,ter,0.09800392565298315,175,-0.04694926678247231
proteomics,zhu_V_natriegens,rel0_abs0,high,filtered,927,oriC,0.021248219691003635,406,-0.12411414281310967
proteomics,zhu_V_natriegens,rel0_abs0,high,filtered,927,ter,0.12288312345537847,181,-0.12803937189358836
proteomics,zhu_V_natriegens,rel0_abs0,high,filtered,966,oriC,0.0050526199353426076,416,-0.050448086028203484
proteomics,zhu_V_natriegens,rel0_abs0,high,filtered,966,ter,0.14065520385114808,200,-0.06926465569666806
proteomics,zhu_V_natriegens,rel0_abs0,high,filtered,857,oriC,0.02871773083815391,362,-0.09013664116643347
proteomics,zhu_V_natriegens,rel0_abs0,high,filtered,857,ter,0.53123138624972,172,-0.0022016032450530186
proteomics,zhu_V_natriegens,rel0_abs0,high,filtered,888,oriC,0.24315819100091846,378,-0.05500667748342365
proteomics,zhu_V_natriegens,rel0_abs0,high,filtered,888,ter,0.5699970256451989,174,-0.04037762478364085
proteomics,zhu_V_natriegens,rel0_abs0,high,filtered,879,oriC,0.0026676123499494624,374,-0.0766923488041534
proteomics,zhu_V_natriegens,rel0_abs0,high,filtered,879,ter,0.13207997525946588,181,-0.1661754277820171
proteomics,zhu_V_natriegens,rel0_abs0,high,filtered,947,oriC,0.024247758055008322,411,-0.024330981182260215
proteomics,zhu_V_natriegens,rel0_abs0,high,filtered,947,ter,0.1270941686745971,190,-0.0766337096201349
proteomics,zhu_V_natriegens,rel0_abs0,high,filtered,893,oriC,5.980199355656312e-6,381,0.10209832907987518
proteomics,zhu_V_natriegens,rel0_abs0,high,filtered,893,ter,0.03580151881065831,182,0.0976247399363385
