assay,dataset,cutoff,gene_filter,fc_mode,n_total,group,p,n_genes,med_log2fc
proteomics,schmidt_2016,rel0_abs0,all,filtered,1972,oriC,0.6142939891193804,660,-0.0011226339719781606
proteomics,schmidt_2016,rel0_abs0,all,filtered,1972,ter,0.011430691089270016,646,0.027762722862686388
proteomics,schmidt_2016,rel0_abs0,all,filtered,1923,oriC,0.8750871462979188,644,-0.01216770490646571
proteomics,schmidt_2016,rel0_abs0,all,filtered,1923,ter,0.10936882958660349,631,-0.04667792110722329
proteomics,schmidt_2016,rel0_abs0,all,filtered,1942,oriC,4.277464706420751e-4,649,-0.11670533546783059
proteomics,schmidt_2016,rel0_abs0,all,filtered,1942,ter,0.004445091249525905,640,-0.09638547582284795
proteomics,schmidt_2016,rel0_abs0,all,filtered,1961,oriC,0.27623266290567255,660,-0.01365984436212502
proteomics,schmidt_2016,rel0_abs0,all,filtered,1961,ter,0.6817356861995705,639,-0.003256155771324958
proteomics,schmidt_2016,rel0_abs0,all,filtered,1940,oriC,0.06928964288505961,649,0.05147497696503003
proteomics,schmidt_2016,rel0_abs0,all,filtered,1940,ter,0.41546281617828057,640,-0.010977064011669957
proteomics,schmidt_2016,rel0_abs0,all,filtered,1947,oriC,0.8005919285438884,651,-0.03201309705125561
proteomics,schmidt_2016,rel0_abs0,all,filtered,1947,ter,0.0321541492312004,641,-0.025424283565046626
proteomics,schmidt_2016,rel0_abs0,all,filtered,1927,oriC,0.12983604843398602,649,-0.08200836806283787
proteomics,schmidt_2016,rel0_abs0,all,filtered,1927,ter,8.717648450809815e-4,634,-0.11815424223440632
proteomics,schmidt_2016,rel0_abs0,all,filtered,1942,oriC,0.8089471916344755,650,-0.012999435272690821
proteomics,schmidt_2016,rel0_abs0,all,filtered,1942,ter,0.6053455175315474,637,0.0026056153539508417
proteomics,schmidt_2016,rel0_abs0,all,filtered,1932,oriC,0.17552169378043367,644,0.014613071802710063
proteomics,schmidt_2016,rel0_abs0,all,filtered,1932,ter,0.3893667198870108,633,-0.017839809250337974
proteomics,schmidt_2016,rel0_abs0,all,filtered,1925,oriC,0.5611855941752157,645,-0.022170706300516495
proteomics,schmidt_2016,rel0_abs0,all,filtered,1925,ter,0.05161505513706366,629,-0.044899845462202576
proteomics,schmidt_2016,rel0_abs0,all,filtered,1963,oriC,0.8548318035268317,659,-0.005903873807653017
proteomics,schmidt_2016,rel0_abs0,all,filtered,1963,ter,0.9777891037260512,644,-0.0011613399031725397
proteomics,schmidt_2016,rel0_abs0,all,filtered,1824,oriC,0.2542848222902068,616,-0.12174433302636459
proteomics,schmidt_2016,rel0_abs0,all,filtered,1824,ter,0.2706724517907046,596,-0.12730590887398496
proteomics,schmidt_2016,rel0_abs0,all,filtered,1857,oriC,0.49898480059873407,612,0.010714858717829748
proteomics,schmidt_2016,rel0_abs0,all,filtered,1857,ter,0.26204023804247956,614,-0.0642774219251922
proteomics,schmidt_2016,rel0_abs0,all,filtered,1879,oriC,0.24926321266843401,628,0.005805135527695501
proteomics,schmidt_2016,rel0_abs0,all,filtered,1879,ter,0.7554960046373058,613,-0.026943074528513578
proteomics,schmidt_2016,rel0_abs0,all,filtered,1836,oriC,0.881287674513785,607,-0.07902956438062905
proteomics,schmidt_2016,rel0_abs0,all,filtered,1836,ter,0.8002869259350165,602,-0.019447640001735114
proteomics,schmidt_2016,rel0_abs0,all,filtered,1893,oriC,0.5111012721910195,632,-0.04437312719443755
proteomics,schmidt_2016,rel0_abs0,all,filtered,1893,ter,0.10565722738121187,620,-0.07591793168013458
proteomics,schmidt_2016,rel0_abs0,all,filtered,1858,oriC,0.18425939435368285,622,0.04830273302735216
proteomics,schmidt_2016,rel0_abs0,all,filtered,1858,ter,0.8234496562886116,606,-0.06772172108112187
proteomics,schmidt_2016,rel0_abs0,all,filtered,1853,oriC,0.01751380756600701,621,-0.14756927354923047
proteomics,schmidt_2016,rel0_abs0,all,filtered,1853,ter,2.634958077311078e-9,604,-0.37301836542715966
proteomics,schmidt_2016,rel0_abs0,all,filtered,1814,oriC,0.12358569793418374,609,-0.07593214665073379
proteomics,schmidt_2016,rel0_abs0,all,filtered,1814,ter,1.0079337358617974e-11,595,-0.3651765416215245
proteomics,schmidt_2016,rel0_abs0,all,filtered,1925,oriC,0.5892073743303315,644,-0.0024556216539658535
proteomics,schmidt_2016,rel0_abs0,all,filtered,1925,ter,1.678315054855889e-4,633,-0.14846244201337014
proteomics,schmidt_2016,rel0_abs0,all,filtered,1950,oriC,8.394143645088306e-5,654,-0.11958278121390954
proteomics,schmidt_2016,rel0_abs0,all,filtered,1950,ter,1.1532152344709035e-5,641,-0.14431633533292457
proteomics,schmidt_2016,rel0_abs0,all,filtered,1979,oriC,3.478953404931637e-5,663,-0.0675237960658096
proteomics,schmidt_2016,rel0_abs0,all,filtered,1979,ter,0.0027272769930140922,651,-0.03441790089847813
proteomics,schmidt_2016,rel0_abs0,all,filtered,1951,oriC,0.027059971620991538,653,0.04873312053425376
proteomics,schmidt_2016,rel0_abs0,all,filtered,1951,ter,0.005275801537875527,644,-0.06635690343908912
proteomics,schmidt_2016,rel0_abs0,all,filtered,1955,oriC,0.8361147045865875,656,-0.02079506096957272
proteomics,schmidt_2016,rel0_abs0,all,filtered,1955,ter,3.7371624937796226e-5,641,-0.10901235636890609
proteomics,schmidt_2016,rel0_abs0,all,filtered,1930,oriC,0.04084050202427481,650,-0.11685773181625701
proteomics,schmidt_2016,rel0_abs0,all,filtered,1930,ter,5.7785339662914795e-8,633,-0.17189435697072758
proteomics,schmidt_2016,rel0_abs0,all,filtered,1954,oriC,0.8974458410549093,654,-0.026913403958362926
proteomics,schmidt_2016,rel0_abs0,all,filtered,1954,ter,0.13276375957056355,645,-0.04438287347059437
proteomics,schmidt_2016,rel0_abs0,all,filtered,1941,oriC,0.29736757231959576,650,-0.013673944520742182
proteomics,schmidt_2016,rel0_abs0,all,filtered,1941,ter,0.01829129310517647,636,-0.08674749195278622
proteomics,schmidt_2016,rel0_abs0,all,filtered,1928,oriC,0.3382732368491747,646,-0.05965400620229497
proteomics,schmidt_2016,rel0_abs0,all,filtered,1928,ter,3.0195907020612057e-4,630,-0.10309469354187287
proteomics,schmidt_2016,rel0_abs0,all,filtered,1974,oriC,0.36093154155271684,661,-0.023546220958225957
proteomics,schmidt_2016,rel0_abs0,all,filtered,1974,ter,0.013852526818045437,650,-0.05036188061640656
proteomics,schmidt_2016,rel0_abs0,all,filtered,1840,oriC,0.0824603901413279,622,-0.14067639660729947
proteomics,schmidt_2016,rel0_abs0,all,filtered,1840,ter,0.18760519653813146,603,-0.18529169484822106
proteomics,schmidt_2016,rel0_abs0,all,filtered,1876,oriC,0.5802603521600433,619,-0.0011670756557784685
proteomics,schmidt_2016,rel0_abs0,all,filtered,1876,ter,0.0044835856681227785,622,-0.12700668351550182
proteomics,schmidt_2016,rel0_abs0,all,filtered,1887,oriC,0.35124940496517487,632,-0.009060935163136618
proteomics,schmidt_2016,rel0_abs0,all,filtered,1887,ter,0.3705141047816042,615,-0.08041317794062934
proteomics,schmidt_2016,rel0_abs0,all,filtered,1832,oriC,0.6713801296751825,612,-0.08954603033870692
proteomics,schmidt_2016,rel0_abs0,all,filtered,1832,ter,0.5140845008094791,597,-0.08915575745349655
proteomics,schmidt_2016,rel0_abs0,all,filtered,1904,oriC,0.23446305402874915,640,-0.08183436670346592
proteomics,schmidt_2016,rel0_abs0,all,filtered,1904,ter,0.0012710835599655395,621,-0.15813941843496718
proteomics,schmidt_2016,rel0_abs0,all,filtered,1860,oriC,0.17752484408578012,626,-0.0018671450559923646
proteomics,schmidt_2016,rel0_abs0,all,filtered,1860,ter,0.4900353507413549,604,-0.07914305934317117
proteomics,schmidt_2016,rel0_abs0,all,filtered,1886,oriC,0.017221540153765834,630,-0.16677751239319766
proteomics,schmidt_2016,rel0_abs0,all,filtered,1886,ter,7.330292048861681e-14,618,-0.45082739759782153
proteomics,schmidt_2016,rel0_abs0,all,filtered,1835,oriC,0.08010551002096027,615,-0.08675638095810782
proteomics,schmidt_2016,rel0_abs0,all,filtered,1835,ter,7.199951581918959e-16,600,-0.4815627085629125
proteomics,schmidt_2016,rel0_abs0,all,filtered,1934,oriC,1.376218820868695e-4,649,-0.07944261341087389
proteomics,schmidt_2016,rel0_abs0,all,filtered,1934,ter,0.09167414689634545,637,-0.014092862336762718
proteomics,schmidt_2016,rel0_abs0,all,filtered,1919,oriC,0.05706542800460703,644,-0.038422772994734025
proteomics,schmidt_2016,rel0_abs0,all,filtered,1919,ter,0.6289657973379014,629,0.035066792810035316
proteomics,schmidt_2016,rel0_abs0,all,filtered,1940,oriC,2.2850576773917401e-4,654,0.1251384887036563
proteomics,schmidt_2016,rel0_abs0,all,filtered,1940,ter,0.2530826944760093,638,0.06456915231547439
proteomics,schmidt_2016,rel0_abs0,all,filtered,1940,oriC,0.1385482362183645,651,0.026317123067876112
proteomics,schmidt_2016,rel0_abs0,all,filtered,1940,ter,0.4820832343245485,638,0.07109497159483397
proteomics,schmidt_2016,rel0_abs0,all,filtered,1956,oriC,0.17227407807380732,657,-0.04245919782047725
proteomics,schmidt_2016,rel0_abs0,all,filtered,1956,ter,0.14130716366892337,643,-4.8079943072463853e-4
proteomics,schmidt_2016,rel0_abs0,all,filtered,1935,oriC,0.07208848201260122,650,0.035921673474673
proteomics,schmidt_2016,rel0_abs0,all,filtered,1935,ter,0.013393202650408003,635,0.11646654450806139
proteomics,schmidt_2016,rel0_abs0,all,filtered,1934,oriC,0.02176239851606836,646,0.04757195265864418
proteomics,schmidt_2016,rel0_abs0,all,filtered,1934,ter,0.24349747721395318,634,0.052594143941654084
proteomics,schmidt_2016,rel0_abs0,all,filtered,1964,oriC,0.5457904686889435,657,0.007799578823791591
proteomics,schmidt_2016,rel0_abs0,all,filtered,1964,ter,0.7366189704317051,646,0.017051707754621503
proteomics,schmidt_2016,rel0_abs0,all,filtered,1925,oriC,0.7943393154380225,646,0.002598785751455711
proteomics,schmidt_2016,rel0_abs0,all,filtered,1925,ter,0.7696490880892131,631,0.057703904207385213
proteomics,schmidt_2016,rel0_abs0,all,filtered,1912,oriC,0.013954139276454402,646,-0.16230171685319233
proteomics,schmidt_2016,rel0_abs0,all,filtered,1912,ter,0.9863962220495978,625,-0.023818224382343198
proteomics,schmidt_2016,rel0_abs0,all,filtered,1938,oriC,0.6854526140799881,646,-0.005698964370771717
proteomics,schmidt_2016,rel0_abs0,all,filtered,1938,ter,0.3840202464598125,641,0.05492847574977639
proteomics,schmidt_2016,rel0_abs0,all,filtered,1907,oriC,0.2952541696371821,635,0.02139651956487701
proteomics,schmidt_2016,rel0_abs0,all,filtered,1907,ter,0.17555615479687353,624,0.077563034450367
proteomics,schmidt_2016,rel0_abs0,all,filtered,1893,oriC,0.16533009136508975,634,-0.07463982670086103
proteomics,schmidt_2016,rel0_abs0,all,filtered,1893,ter,0.09281381203515383,617,0.028957209375755733
proteomics,schmidt_2016,rel0_abs0,all,filtered,1941,oriC,0.4952371028361331,653,-0.005221526465306604
proteomics,schmidt_2016,rel0_abs0,all,filtered,1941,ter,0.8850527580284666,634,-8.338044213743233e-4
proteomics,schmidt_2016,rel0_abs0,all,filtered,1920,oriC,0.3314086192555714,646,0.03349759054326834
proteomics,schmidt_2016,rel0_abs0,all,filtered,1920,ter,0.025582931836822812,623,0.056831323957888036
proteomics,schmidt_2016,rel0_abs0,all,filtered,1868,oriC,0.020055507287241963,625,-0.10071498901365689
proteomics,schmidt_2016,rel0_abs0,all,filtered,1868,ter,9.785593810966591e-7,608,-0.25762276279404406
proteomics,schmidt_2016,rel0_abs0,all,filtered,1821,oriC,0.015176306677247715,607,-0.09513519545972528
proteomics,schmidt_2016,rel0_abs0,all,filtered,1821,ter,5.630047596630047e-10,601,-0.3064273827616058
proteomics,schmidt_2016,rel0_abs0,all,filtered,1938,oriC,0.0015041034871124122,650,0.0955474511590666
proteomics,schmidt_2016,rel0_abs0,all,filtered,1938,ter,0.0683992045299635,634,0.027125699911037107
proteomics,schmidt_2016,rel0_abs0,all,filtered,1960,oriC,4.0703338510613837e-13,653,0.1930424614789204
proteomics,schmidt_2016,rel0_abs0,all,filtered,1960,ter,0.11098484762930583,647,0.06084769100316152
proteomics,schmidt_2016,rel0_abs0,all,filtered,1970,oriC,4.006000966108257e-14,661,0.13148583345825923
proteomics,schmidt_2016,rel0_abs0,all,filtered,1970,ter,0.013397002484596285,647,0.03948329955393946
proteomics,schmidt_2016,rel0_abs0,all,filtered,1939,oriC,0.006082022791885638,652,0.07135952762859396
proteomics,schmidt_2016,rel0_abs0,all,filtered,1939,ter,0.7333054330944306,636,-0.006716977954491818
proteomics,schmidt_2016,rel0_abs0,all,filtered,1964,oriC,3.3950200921947597e-10,660,0.11962585958278413
proteomics,schmidt_2016,rel0_abs0,all,filtered,1964,ter,1.0618127780418201e-4,644,0.10385440842519224
proteomics,schmidt_2016,rel0_abs0,all,filtered,1955,oriC,4.2719172726233406e-11,649,0.1641385535869136
proteomics,schmidt_2016,rel0_abs0,all,filtered,1955,ter,0.011005462939671572,646,0.06127104009809483
proteomics,schmidt_2016,rel0_abs0,all,filtered,1939,oriC,1.9821850432484082e-7,647,0.10841056036449531
proteomics,schmidt_2016,rel0_abs0,all,filtered,1939,ter,0.18069084963492402,637,0.021004838797842505
proteomics,schmidt_2016,rel0_abs0,all,filtered,1952,oriC,3.362759057699585e-5,654,0.08986451718405036
proteomics,schmidt_2016,rel0_abs0,all,filtered,1952,ter,0.46296459182787286,639,0.010442360922237935
proteomics,schmidt_2016,rel0_abs0,all,filtered,1894,oriC,0.47770785361763457,644,-0.08488502633186523
proteomics,schmidt_2016,rel0_abs0,all,filtered,1894,ter,0.663324853593914,623,-0.05060526644962766
proteomics,schmidt_2016,rel0_abs0,all,filtered,1914,oriC,0.010497314696731208,639,0.05657455599062958
proteomics,schmidt_2016,rel0_abs0,all,filtered,1914,ter,0.3430038384481332,634,0.03984610761540623
proteomics,schmidt_2016,rel0_abs0,all,filtered,1949,oriC,7.138527450673679e-4,655,0.09655110328699697
proteomics,schmidt_2016,rel0_abs0,all,filtered,1949,ter,0.07640449448828167,641,0.046107955501014077
proteomics,schmidt_2016,rel0_abs0,all,filtered,1886,oriC,0.3124179125323762,641,-0.0361605397135338
proteomics,schmidt_2016,rel0_abs0,all,filtered,1886,ter,0.0022253446029170637,613,0.06366755870499854
proteomics,schmidt_2016,rel0_abs0,all,filtered,1922,oriC,0.2996586215669811,648,0.02308438614229072
proteomics,schmidt_2016,rel0_abs0,all,filtered,1922,ter,0.77729859180604,628,-0.002239433062415497
proteomics,schmidt_2016,rel0_abs0,all,filtered,1899,oriC,2.7937206309505274e-4,645,0.09676679342229447
proteomics,schmidt_2016,rel0_abs0,all,filtered,1899,ter,0.04306986870675548,614,0.04944256664041004
proteomics,schmidt_2016,rel0_abs0,all,filtered,1912,oriC,0.7320480251191035,643,-0.03570465371046099
proteomics,schmidt_2016,rel0_abs0,all,filtered,1912,ter,1.6793530891820794e-7,621,-0.24354361300874142
proteomics,schmidt_2016,rel0_abs0,all,filtered,1881,oriC,0.888267523771483,626,0.012417717134028571
proteomics,schmidt_2016,rel0_abs0,all,filtered,1881,ter,1.9728566103609834e-10,618,-0.3041450269741355
proteomics,schmidt_2016,rel0_abs0,all,filtered,1944,oriC,6.481457953063189e-4,655,0.0777826245142554
proteomics,schmidt_2016,rel0_abs0,all,filtered,1944,ter,0.2852781711955243,637,-0.016322891336557434
proteomics,schmidt_2016,rel0_abs0,all,filtered,1957,oriC,0.004233950657445586,656,0.03464909640931279
proteomics,schmidt_2016,rel0_abs0,all,filtered,1957,ter,0.40960850597462956,639,-0.009066905539981575
proteomics,schmidt_2016,rel0_abs0,all,filtered,1929,oriC,0.4026489375846866,649,-0.052913373424765556
proteomics,schmidt_2016,rel0_abs0,all,filtered,1929,ter,3.5157431182166166e-5,633,-0.13963764577522603
proteomics,schmidt_2016,rel0_abs0,all,filtered,1955,oriC,0.020536189178426437,653,0.04128871334313568
proteomics,schmidt_2016,rel0_abs0,all,filtered,1955,ter,0.6368632406521006,645,-0.01019567584874875
proteomics,schmidt_2016,rel0_abs0,all,filtered,1944,oriC,0.011644451671685716,654,0.032950551946320746
proteomics,schmidt_2016,rel0_abs0,all,filtered,1944,ter,0.9783504979614339,635,-0.01092807490867701
proteomics,schmidt_2016,rel0_abs0,all,filtered,1930,oriC,0.19373583719429135,646,0.006434519741125984
proteomics,schmidt_2016,rel0_abs0,all,filtered,1930,ter,0.09828849078473144,632,-0.05207540620445688
proteomics,schmidt_2016,rel0_abs0,all,filtered,1974,oriC,0.09961657667788844,662,0.00989952667553001
proteomics,schmidt_2016,rel0_abs0,all,filtered,1974,ter,0.2483469549941889,651,-0.018487215392370363
proteomics,schmidt_2016,rel0_abs0,all,filtered,1843,oriC,0.5446963609550369,626,-0.10406598600842726
proteomics,schmidt_2016,rel0_abs0,all,filtered,1843,ter,0.7313663025300703,601,-0.07382209892104198
proteomics,schmidt_2016,rel0_abs0,all,filtered,1881,oriC,0.42692724514404795,631,0.001909735729927923
proteomics,schmidt_2016,rel0_abs0,all,filtered,1881,ter,0.09726935410070978,616,-0.06642142962146555
proteomics,schmidt_2016,rel0_abs0,all,filtered,1905,oriC,0.2887130877852813,643,-0.0033475235349669516
proteomics,schmidt_2016,rel0_abs0,all,filtered,1905,ter,0.9580858076579328,620,-0.033055679085068665
proteomics,schmidt_2016,rel0_abs0,all,filtered,1829,oriC,0.7951317746258918,613,-0.08347792583485208
proteomics,schmidt_2016,rel0_abs0,all,filtered,1829,ter,0.5557580522297796,595,-0.05079531194648753
proteomics,schmidt_2016,rel0_abs0,all,filtered,1910,oriC,0.6532320807786851,645,-0.035456267440787385
proteomics,schmidt_2016,rel0_abs0,all,filtered,1910,ter,0.01688685060452053,624,-0.12010667964653271
proteomics,schmidt_2016,rel0_abs0,all,filtered,1873,oriC,0.017702696599946853,633,0.04257596983051891
proteomics,schmidt_2016,rel0_abs0,all,filtered,1873,ter,0.8095796010633239,606,-0.037512872630599464
proteomics,schmidt_2016,rel0_abs0,all,filtered,1892,oriC,0.06000170508038174,633,-0.14550770533403615
proteomics,schmidt_2016,rel0_abs0,all,filtered,1892,ter,1.0941976232671364e-12,618,-0.4113350958464982
proteomics,schmidt_2016,rel0_abs0,all,filtered,1853,oriC,0.2494131997391865,622,-0.06127581041103583
proteomics,schmidt_2016,rel0_abs0,all,filtered,1853,ter,1.1066390828860904e-15,602,-0.4191933385647428
proteomics,schmidt_2016,rel0_abs0,all,filtered,1968,oriC,2.1322696347848892e-4,659,-0.07152722591055172
proteomics,schmidt_2016,rel0_abs0,all,filtered,1968,ter,0.5929578982177863,647,-0.0018238377180450904
proteomics,schmidt_2016,rel0_abs0,all,filtered,1951,oriC,1.831814873058507e-12,658,-0.15227859158216378
proteomics,schmidt_2016,rel0_abs0,all,filtered,1951,ter,0.07881431062543261,645,-0.03125514462896861
proteomics,schmidt_2016,rel0_abs0,all,filtered,1962,oriC,9.326218907030247e-4,655,-0.049797581612958504
proteomics,schmidt_2016,rel0_abs0,all,filtered,1962,ter,0.009282965504132497,645,0.04255998851841988
proteomics,schmidt_2016,rel0_abs0,all,filtered,1968,oriC,4.476716610694049e-6,657,-0.07561707390312757
proteomics,schmidt_2016,rel0_abs0,all,filtered,1968,ter,0.6443824089015727,648,-0.008252349373440934
proteomics,schmidt_2016,rel0_abs0,all,filtered,1949,oriC,1.0287698755525995e-7,656,-0.11843847643217265
proteomics,schmidt_2016,rel0_abs0,all,filtered,1949,ter,0.4346965154218642,641,-0.014186122871093252
proteomics,schmidt_2016,rel0_abs0,all,filtered,1962,oriC,6.047603645108989e-4,658,-0.07616419122128135
proteomics,schmidt_2016,rel0_abs0,all,filtered,1962,ter,0.3830483446030245,643,0.021858135847008377
proteomics,schmidt_2016,rel0_abs0,all,filtered,1898,oriC,4.850976482371611e-8,643,-0.2775527606261239
proteomics,schmidt_2016,rel0_abs0,all,filtered,1898,ter,0.7632970316995709,625,-0.05179022575509209
proteomics,schmidt_2016,rel0_abs0,all,filtered,1929,oriC,1.1467734719965628e-6,643,-0.11393415652494536
proteomics,schmidt_2016,rel0_abs0,all,filtered,1929,ter,0.39719252001052274,639,-0.01611910507430994
proteomics,schmidt_2016,rel0_abs0,all,filtered,1960,oriC,4.657163033090241e-5,657,-0.11159789971360445
proteomics,schmidt_2016,rel0_abs0,all,filtered,1960,ter,0.4539858529094411,643,-0.007904730426737332
proteomics,schmidt_2016,rel0_abs0,all,filtered,1883,oriC,2.513300384246853e-7,632,-0.23329378385659866
proteomics,schmidt_2016,rel0_abs0,all,filtered,1883,ter,0.7140582499085193,618,-0.04117113157051901
proteomics,schmidt_2016,rel0_abs0,all,filtered,1935,oriC,3.380253994621356e-11,655,-0.18315259329859926
proteomics,schmidt_2016,rel0_abs0,all,filtered,1935,ter,0.0012083995413008767,633,-0.082698871108663
proteomics,schmidt_2016,rel0_abs0,all,filtered,1923,oriC,0.42032130621374525,651,-0.025868355593636462
proteomics,schmidt_2016,rel0_abs0,all,filtered,1923,ter,0.30960211051675696,627,-0.0035746660868099405
proteomics,schmidt_2016,rel0_abs0,all,filtered,1921,oriC,5.238888733807764e-9,637,-0.20669403692465924
proteomics,schmidt_2016,rel0_abs0,all,filtered,1921,ter,2.59609280167343e-12,633,-0.34192996037326745
proteomics,schmidt_2016,rel0_abs0,all,filtered,1882,oriC,6.9950733870550405e-6,625,-0.20917551356782002
proteomics,schmidt_2016,rel0_abs0,all,filtered,1882,ter,1.2805145757881424e-13,618,-0.32185886734411234
proteomics,schmidt_2016,rel0_abs0,all,filtered,1953,oriC,6.47756069411356e-5,656,-0.05089381557589742
proteomics,schmidt_2016,rel0_abs0,all,filtered,1953,ter,4.886937439055971e-4,644,-0.050627464312122755
proteomics,schmidt_2016,rel0_abs0,all,filtered,1970,oriC,0.6530217271479142,658,-0.0037273463504128856
proteomics,schmidt_2016,rel0_abs0,all,filtered,1970,ter,4.5623087207628837e-4,648,0.06937997905866067
proteomics,schmidt_2016,rel0_abs0,all,filtered,1970,oriC,0.5287832348347028,656,-0.008720522081524847
proteomics,schmidt_2016,rel0_abs0,all,filtered,1970,ter,0.9364284278720532,650,-0.003772983018367074
proteomics,schmidt_2016,rel0_abs0,all,filtered,1949,oriC,0.016235644273943136,654,-0.032501167797134134
proteomics,schmidt_2016,rel0_abs0,all,filtered,1949,ter,0.4633008036399462,641,-0.017106775935624007
proteomics,schmidt_2016,rel0_abs0,all,filtered,1965,oriC,0.0035436430076559826,659,-0.05512475464750431
proteomics,schmidt_2016,rel0_abs0,all,filtered,1965,ter,0.18575497993769532,643,-0.02558567188991326
proteomics,schmidt_2016,rel0_abs0,all,filtered,1885,oriC,0.0037982076993475764,643,-0.14821591682121715
proteomics,schmidt_2016,rel0_abs0,all,filtered,1885,ter,0.7113716680918871,618,-0.05310284738572316
proteomics,schmidt_2016,rel0_abs0,all,filtered,1917,oriC,0.1568704134032604,641,-0.019308316209380585
proteomics,schmidt_2016,rel0_abs0,all,filtered,1917,ter,0.5888738252102182,635,-0.010532335609646084
proteomics,schmidt_2016,rel0_abs0,all,filtered,1942,oriC,0.6316289129722445,651,-0.013690968727992834
proteomics,schmidt_2016,rel0_abs0,all,filtered,1942,ter,0.6156012540632767,637,-0.005951127940865786
proteomics,schmidt_2016,rel0_abs0,all,filtered,1862,oriC,0.012045757016595226,624,-0.11556368614698605
proteomics,schmidt_2016,rel0_abs0,all,filtered,1862,ter,0.46704553968974133,610,-0.04265059004832211
proteomics,schmidt_2016,rel0_abs0,all,filtered,1926,oriC,5.563535044716594e-4,652,-0.0882920542665678
proteomics,schmidt_2016,rel0_abs0,all,filtered,1926,ter,0.010873987132473138,632,-0.08101155181823311
proteomics,schmidt_2016,rel0_abs0,all,filtered,1904,oriC,0.2740368891235875,647,0.034587684575620115
proteomics,schmidt_2016,rel0_abs0,all,filtered,1904,ter,0.38641077472320023,618,-0.01583924413650347
proteomics,schmidt_2016,rel0_abs0,all,filtered,1922,oriC,1.534364817116942e-4,640,-0.13392761336622283
proteomics,schmidt_2016,rel0_abs0,all,filtered,1922,ter,3.590231844867945e-13,632,-0.28162953291700843
proteomics,schmidt_2016,rel0_abs0,all,filtered,1881,oriC,0.001846823065694359,623,-0.09065656087440285
proteomics,schmidt_2016,rel0_abs0,all,filtered,1881,ter,6.82082632597676e-14,618,-0.3213591103708434
proteomics,schmidt_2016,rel0_abs0,all,filtered,1946,oriC,0.0415712106732341,655,0.06432695549434005
proteomics,schmidt_2016,rel0_abs0,all,filtered,1946,ter,1.7766712464351774e-8,638,0.10378964058883557
proteomics,schmidt_2016,rel0_abs0,all,filtered,1947,oriC,6.758085602879034e-6,654,0.08670363727921324
proteomics,schmidt_2016,rel0_abs0,all,filtered,1947,ter,0.001240484871457445,641,0.04954542629826254
proteomics,schmidt_2016,rel0_abs0,all,filtered,1972,oriC,0.009747838364159978,662,0.02928988464685465
proteomics,schmidt_2016,rel0_abs0,all,filtered,1972,ter,4.1552689754307427e-5,647,0.0504648413393477
proteomics,schmidt_2016,rel0_abs0,all,filtered,1943,oriC,0.42669068600907367,652,0.017276300471479787
proteomics,schmidt_2016,rel0_abs0,all,filtered,1943,ter,0.012371910014649112,638,0.05961709364289758
proteomics,schmidt_2016,rel0_abs0,all,filtered,1924,oriC,0.04052826971216497,652,-0.1429014252121164
proteomics,schmidt_2016,rel0_abs0,all,filtered,1924,ter,0.0906687644239388,628,0.008050917004852321
proteomics,schmidt_2016,rel0_abs0,all,filtered,1941,oriC,0.7868726892704988,646,-0.004715666075300605
proteomics,schmidt_2016,rel0_abs0,all,filtered,1941,ter,0.03129739280612643,644,0.03045752087348796
proteomics,schmidt_2016,rel0_abs0,all,filtered,1929,oriC,0.08461169720577941,643,0.026827903951441825
proteomics,schmidt_2016,rel0_abs0,all,filtered,1929,ter,0.001982041939230286,634,0.08151973469676445
proteomics,schmidt_2016,rel0_abs0,all,filtered,1894,oriC,0.22556930018859908,633,-0.08451550640525149
proteomics,schmidt_2016,rel0_abs0,all,filtered,1894,ter,0.038295878392815653,621,0.019516051434349913
proteomics,schmidt_2016,rel0_abs0,all,filtered,1965,oriC,0.47123379717286357,660,-0.010444718911234739
proteomics,schmidt_2016,rel0_abs0,all,filtered,1965,ter,0.6653110870154018,643,-0.020634865484877443
proteomics,schmidt_2016,rel0_abs0,all,filtered,1931,oriC,5.737435459778644e-4,652,0.09546777663405054
proteomics,schmidt_2016,rel0_abs0,all,filtered,1931,ter,0.00725703778445301,629,0.035562337024630804
proteomics,schmidt_2016,rel0_abs0,all,filtered,1903,oriC,0.14938182296277983,635,-0.05900294656650314
proteomics,schmidt_2016,rel0_abs0,all,filtered,1903,ter,1.355788766967416e-8,629,-0.21971490868829363
proteomics,schmidt_2016,rel0_abs0,all,filtered,1866,oriC,0.1189770437028414,620,-0.029957970067114696
proteomics,schmidt_2016,rel0_abs0,all,filtered,1866,ter,1.6225024725001676e-9,617,-0.26969924209567697
proteomics,schmidt_2016,rel0_abs0,all,filtered,1956,oriC,0.5581570491531865,653,0.003213536626795222
proteomics,schmidt_2016,rel0_abs0,all,filtered,1956,ter,0.0037872048994132173,642,-0.03713516728824896
proteomics,schmidt_2016,rel0_abs0,all,filtered,1945,oriC,0.22847293619206901,655,-0.026417421970138827
proteomics,schmidt_2016,rel0_abs0,all,filtered,1945,ter,2.541865094696499e-7,637,-0.08344220913793807
proteomics,schmidt_2016,rel0_abs0,all,filtered,1966,oriC,0.16591344623788434,656,-0.016915855152047507
proteomics,schmidt_2016,rel0_abs0,all,filtered,1966,ter,0.03622247366300933,650,-0.021123614231284144
proteomics,schmidt_2016,rel0_abs0,all,filtered,1903,oriC,2.692282106939551e-4,642,-0.16721828637286307
proteomics,schmidt_2016,rel0_abs0,all,filtered,1903,ter,0.0424669005935211,628,-0.12444532357474722
proteomics,schmidt_2016,rel0_abs0,all,filtered,1917,oriC,0.0568466873697552,643,-0.05488165890328666
proteomics,schmidt_2016,rel0_abs0,all,filtered,1917,ter,0.0038737322595379683,630,-0.08104586794889705
proteomics,schmidt_2016,rel0_abs0,all,filtered,1957,oriC,0.08315383466075976,658,-0.05834865038387495
proteomics,schmidt_2016,rel0_abs0,all,filtered,1957,ter,0.08586847703426996,642,-0.04649195049523222
proteomics,schmidt_2016,rel0_abs0,all,filtered,1883,oriC,1.579372243613737e-4,631,-0.1632965717253596
proteomics,schmidt_2016,rel0_abs0,all,filtered,1883,ter,0.11021911247041752,617,-0.09009185191448782
proteomics,schmidt_2016,rel0_abs0,all,filtered,1929,oriC,5.1234333038110786e-5,653,-0.10410395247318302
proteomics,schmidt_2016,rel0_abs0,all,filtered,1929,ter,1.0225734417608404e-5,628,-0.11996402079297677
proteomics,schmidt_2016,rel0_abs0,all,filtered,1905,oriC,0.5418197877588012,644,0.0026021572825267107
proteomics,schmidt_2016,rel0_abs0,all,filtered,1905,ter,0.40805783658068917,619,-0.044833957496249466
proteomics,schmidt_2016,rel0_abs0,all,filtered,1927,oriC,6.225393744775086e-5,638,-0.18491799182998914
proteomics,schmidt_2016,rel0_abs0,all,filtered,1927,ter,6.341901744752182e-17,633,-0.34021952148143597
proteomics,schmidt_2016,rel0_abs0,all,filtered,1876,oriC,3.0488639329009757e-4,620,-0.12761889565133536
proteomics,schmidt_2016,rel0_abs0,all,filtered,1876,ter,2.007929691449708e-18,614,-0.41497856321622056
proteomics,schmidt_2016,rel0_abs0,all,filtered,1963,oriC,0.07623489427965278,655,-0.026698493051423414
proteomics,schmidt_2016,rel0_abs0,all,filtered,1963,ter,0.45002993803580643,643,-0.002248837171539363
proteomics,schmidt_2016,rel0_abs0,all,filtered,1898,oriC,5.135895085637339e-6,641,-0.2095189443997499
proteomics,schmidt_2016,rel0_abs0,all,filtered,1898,ter,0.06960314528293685,624,-0.14077037932744552
proteomics,schmidt_2016,rel0_abs0,all,filtered,1922,oriC,1.6803464711536765e-4,642,-0.08200572371779732
proteomics,schmidt_2016,rel0_abs0,all,filtered,1922,ter,0.15024515261341653,633,-0.06136410046395091
proteomics,schmidt_2016,rel0_abs0,all,filtered,1949,oriC,0.04822640637717817,649,-0.04869333225294342
proteomics,schmidt_2016,rel0_abs0,all,filtered,1949,ter,0.8950806954941606,642,-0.0019951028863746108
proteomics,schmidt_2016,rel0_abs0,all,filtered,1894,oriC,4.759191216475592e-7,638,-0.20741131482711855
proteomics,schmidt_2016,rel0_abs0,all,filtered,1894,ter,0.4622941214108199,618,-0.05916639039626057
proteomics,schmidt_2016,rel0_abs0,all,filtered,1939,oriC,6.147724297963509e-7,654,-0.0937796121975896
proteomics,schmidt_2016,rel0_abs0,all,filtered,1939,ter,4.5259441212940456e-4,631,-0.06723633537346617
proteomics,schmidt_2016,rel0_abs0,all,filtered,1918,oriC,0.8271037831544211,651,9.26492991876363e-4
proteomics,schmidt_2016,rel0_abs0,all,filtered,1918,ter,0.5826248227206317,621,-0.032901577552968124
proteomics,schmidt_2016,rel0_abs0,all,filtered,1929,oriC,3.4698433541853844e-5,641,-0.12173429677851887
proteomics,schmidt_2016,rel0_abs0,all,filtered,1929,ter,2.8033589231425608e-14,636,-0.25361856802251337
proteomics,schmidt_2016,rel0_abs0,all,filtered,1877,oriC,0.0011047946117096375,620,-0.1165156202148437
proteomics,schmidt_2016,rel0_abs0,all,filtered,1877,ter,6.682157953007758e-14,620,-0.30441803767767456
proteomics,schmidt_2016,rel0_abs0,all,filtered,1944,oriC,0.8698381398786809,649,0.012264512178855524
proteomics,schmidt_2016,rel0_abs0,all,filtered,1944,ter,0.6637174799818952,636,0.02459194435725502
proteomics,schmidt_2016,rel0_abs0,all,filtered,1910,oriC,0.0028942046980426,644,-0.12001884982302877
proteomics,schmidt_2016,rel0_abs0,all,filtered,1910,ter,0.8385563965411525,627,-0.036195233196681595
proteomics,schmidt_2016,rel0_abs0,all,filtered,1935,oriC,0.8881257518104185,645,-0.0162741630643417
proteomics,schmidt_2016,rel0_abs0,all,filtered,1935,ter,0.7537570750810345,638,0.003507313345227664
proteomics,schmidt_2016,rel0_abs0,all,filtered,1934,oriC,0.5578380360900943,646,0.021580594734181
proteomics,schmidt_2016,rel0_abs0,all,filtered,1934,ter,0.12845337245112284,634,0.03226407045089216
proteomics,schmidt_2016,rel0_abs0,all,filtered,1899,oriC,0.11901638454306948,635,-0.07621816371749594
proteomics,schmidt_2016,rel0_abs0,all,filtered,1899,ter,0.09678458049775186,617,-0.006212637883429704
proteomics,schmidt_2016,rel0_abs0,all,filtered,1964,oriC,0.1022303355522845,659,-0.03133430616589716
proteomics,schmidt_2016,rel0_abs0,all,filtered,1964,ter,0.10949280108945378,644,-0.019925873364783242
proteomics,schmidt_2016,rel0_abs0,all,filtered,1923,oriC,0.01663900909868389,646,0.05551469685126613
proteomics,schmidt_2016,rel0_abs0,all,filtered,1923,ter,0.01204486895411479,626,0.046207971639529485
proteomics,schmidt_2016,rel0_abs0,all,filtered,1898,oriC,0.015719051711915934,634,-0.07384575341240529
proteomics,schmidt_2016,rel0_abs0,all,filtered,1898,ter,1.0870137201550961e-9,619,-0.21547209971565315
proteomics,schmidt_2016,rel0_abs0,all,filtered,1865,oriC,0.016794058747422305,617,-0.09162953049197253
proteomics,schmidt_2016,rel0_abs0,all,filtered,1865,ter,3.6450075745477313e-11,614,-0.3200024250710103
proteomics,schmidt_2016,rel0_abs0,all,filtered,1879,oriC,0.0581242552987631,634,-0.1514201907756104
proteomics,schmidt_2016,rel0_abs0,all,filtered,1879,ter,0.5925921987568963,620,-0.1137875750251047
proteomics,schmidt_2016,rel0_abs0,all,filtered,1908,oriC,0.5699799018681448,634,-0.02163966681471767
proteomics,schmidt_2016,rel0_abs0,all,filtered,1908,ter,0.36389367858982263,631,-0.02826761127154842
proteomics,schmidt_2016,rel0_abs0,all,filtered,1947,oriC,0.8749412059930307,653,-0.04514454486739392
proteomics,schmidt_2016,rel0_abs0,all,filtered,1947,ter,0.8320282953589339,640,-0.013729844866231732
proteomics,schmidt_2016,rel0_abs0,all,filtered,1872,oriC,0.03161746238923778,624,-0.16259776818434352
proteomics,schmidt_2016,rel0_abs0,all,filtered,1872,ter,0.7765231401661375,609,-0.042716766854912415
proteomics,schmidt_2016,rel0_abs0,all,filtered,1933,oriC,0.024485297932571492,653,-0.0979013836379533
proteomics,schmidt_2016,rel0_abs0,all,filtered,1933,ter,0.0014741878366589134,630,-0.06677868718051949
proteomics,schmidt_2016,rel0_abs0,all,filtered,1894,oriC,0.08692974328166239,639,0.05635436430515216
proteomics,schmidt_2016,rel0_abs0,all,filtered,1894,ter,0.5262041486564051,612,-0.009942560108015414
proteomics,schmidt_2016,rel0_abs0,all,filtered,1913,oriC,0.004867063429776979,636,-0.13208367839613597
proteomics,schmidt_2016,rel0_abs0,all,filtered,1913,ter,3.990545614712091e-14,628,-0.34068822710757046
proteomics,schmidt_2016,rel0_abs0,all,filtered,1867,oriC,0.007162431554638991,621,-0.07112005793433228
proteomics,schmidt_2016,rel0_abs0,all,filtered,1867,ter,2.017290884565445e-15,605,-0.372662788727988
proteomics,schmidt_2016,rel0_abs0,all,filtered,1925,oriC,7.887041927479454e-6,646,0.1746031822460501
proteomics,schmidt_2016,rel0_abs0,all,filtered,1925,ter,0.07881454921703858,640,0.08077519336147423
proteomics,schmidt_2016,rel0_abs0,all,filtered,1951,oriC,0.8663254585073605,655,0.017019967204280805
proteomics,schmidt_2016,rel0_abs0,all,filtered,1951,ter,0.23152375583511045,639,0.04179550935838903
proteomics,schmidt_2016,rel0_abs0,all,filtered,1927,oriC,0.10686253478624129,651,0.15452452236043202
proteomics,schmidt_2016,rel0_abs0,all,filtered,1927,ter,0.561133614919165,633,0.02271426547940809
proteomics,schmidt_2016,rel0_abs0,all,filtered,1944,oriC,5.267357358206382e-7,654,0.20306141654463822
proteomics,schmidt_2016,rel0_abs0,all,filtered,1944,ter,0.47660559017100274,636,0.02638902426022602
proteomics,schmidt_2016,rel0_abs0,all,filtered,1877,oriC,0.7021857631327106,623,0.06092189267939568
proteomics,schmidt_2016,rel0_abs0,all,filtered,1877,ter,3.3235402820001967e-4,624,-0.21018399121000145
proteomics,schmidt_2016,rel0_abs0,all,filtered,1813,oriC,0.5981242397427694,604,0.07627747382461869
proteomics,schmidt_2016,rel0_abs0,all,filtered,1813,ter,1.1355197222814122e-5,606,-0.19603241956151857
proteomics,schmidt_2016,rel0_abs0,all,filtered,1931,oriC,0.973230257323018,644,-0.002886779591978853
proteomics,schmidt_2016,rel0_abs0,all,filtered,1931,ter,0.08917298506178278,636,0.03756798533644841
proteomics,schmidt_2016,rel0_abs0,all,filtered,1927,oriC,0.0013565534058682474,640,-0.1067888998544137
proteomics,schmidt_2016,rel0_abs0,all,filtered,1927,ter,0.25036171316672773,636,-0.07566712794800169
proteomics,schmidt_2016,rel0_abs0,all,filtered,1944,oriC,0.08536714576601781,652,-0.022934463107343248
proteomics,schmidt_2016,rel0_abs0,all,filtered,1944,ter,0.4142948978467301,641,0.0019209930427655385
proteomics,schmidt_2016,rel0_abs0,all,filtered,1947,oriC,4.5618198894548106e-4,650,0.09715454389515639
proteomics,schmidt_2016,rel0_abs0,all,filtered,1947,ter,0.09077017617849958,641,0.01660767380674925
proteomics,schmidt_2016,rel0_abs0,all,filtered,1883,oriC,0.0472025431340016,621,-0.06913251679612895
proteomics,schmidt_2016,rel0_abs0,all,filtered,1883,ter,8.227294036739517e-8,626,-0.21644763203075348
proteomics,schmidt_2016,rel0_abs0,all,filtered,1827,oriC,0.17811143439484753,604,-0.027640979801471555
proteomics,schmidt_2016,rel0_abs0,all,filtered,1827,ter,2.014474898631442e-9,611,-0.2909090876631233
proteomics,schmidt_2016,rel0_abs0,all,filtered,1906,oriC,1.5197371856374991e-4,635,-0.1489920443578689
proteomics,schmidt_2016,rel0_abs0,all,filtered,1906,ter,0.12298334215750796,626,-0.05804957166611857
proteomics,schmidt_2016,rel0_abs0,all,filtered,1938,oriC,0.03157898389280894,651,-0.03251853781796158
proteomics,schmidt_2016,rel0_abs0,all,filtered,1938,ter,0.0011093288362555489,633,-0.07659432371271746
proteomics,schmidt_2016,rel0_abs0,all,filtered,1923,oriC,0.02340320046909676,648,0.06456204640924751
proteomics,schmidt_2016,rel0_abs0,all,filtered,1923,ter,0.7549784713184851,628,-0.021183948356905555
proteomics,schmidt_2016,rel0_abs0,all,filtered,1912,oriC,0.02556055867749697,636,-0.07230585935118562
proteomics,schmidt_2016,rel0_abs0,all,filtered,1912,ter,3.425131183001156e-14,627,-0.24930396786106598
proteomics,schmidt_2016,rel0_abs0,all,filtered,1869,oriC,0.45375021724819736,616,-0.020907913654990375
proteomics,schmidt_2016,rel0_abs0,all,filtered,1869,ter,5.438244987882864e-13,614,-0.26289130235258135
proteomics,schmidt_2016,rel0_abs0,all,filtered,1918,oriC,0.03392659843822128,643,0.13360617571722133
proteomics,schmidt_2016,rel0_abs0,all,filtered,1918,ter,0.5784902623210415,622,0.013571976057945759
proteomics,schmidt_2016,rel0_abs0,all,filtered,1931,oriC,1.4228262260236328e-7,649,0.18898056195668114
proteomics,schmidt_2016,rel0_abs0,all,filtered,1931,ter,0.4425054315000381,632,0.0387210754094155
proteomics,schmidt_2016,rel0_abs0,all,filtered,1840,oriC,0.6987189153813349,614,0.08174730050741832
proteomics,schmidt_2016,rel0_abs0,all,filtered,1840,ter,4.418027860351954e-6,597,-0.16596904834731385
proteomics,schmidt_2016,rel0_abs0,all,filtered,1796,oriC,0.24485696721914713,595,0.11462464698332545
proteomics,schmidt_2016,rel0_abs0,all,filtered,1796,ter,2.35591448051178e-7,592,-0.21157083612810446
proteomics,schmidt_2016,rel0_abs0,all,filtered,1940,oriC,0.004214881236498322,654,0.09054503232790426
proteomics,schmidt_2016,rel0_abs0,all,filtered,1940,ter,0.030682623126313965,631,0.01518348455645145
proteomics,schmidt_2016,rel0_abs0,all,filtered,1885,oriC,0.9974059766939586,634,-0.011949194063756257
proteomics,schmidt_2016,rel0_abs0,all,filtered,1885,ter,5.987877140452027e-7,615,-0.16868926834152295
proteomics,schmidt_2016,rel0_abs0,all,filtered,1826,oriC,0.8337494338610965,608,0.008593109219571293
proteomics,schmidt_2016,rel0_abs0,all,filtered,1826,ter,3.269401130506905e-10,599,-0.2632279881312805
proteomics,schmidt_2016,rel0_abs0,all,filtered,1861,oriC,7.705111343725562e-7,624,-0.16687974372294495
proteomics,schmidt_2016,rel0_abs0,all,filtered,1861,ter,3.179520018761586e-10,606,-0.23142476307571808
proteomics,schmidt_2016,rel0_abs0,all,filtered,1814,oriC,0.006366723371758909,603,-0.09696995011041434
proteomics,schmidt_2016,rel0_abs0,all,filtered,1814,ter,2.7729124910061476e-10,597,-0.32142403312075485
proteomics,schmidt_2016,rel0_abs0,all,filtered,1935,oriC,0.43327068627123183,650,0.026166357957691934
proteomics,schmidt_2016,rel0_abs0,all,filtered,1935,ter,5.3533387357585966e-5,634,-0.045849718138405104
proteomics,peebo_2015,rel0_abs0,all,filtered,1041,oriC,0.9144170998158238,336,0.003931886404513477
proteomics,peebo_2015,rel0_abs0,all,filtered,1041,ter,0.253277075003231,331,-0.003131119392536383
proteomics,peebo_2015,rel0_abs0,all,filtered,1054,oriC,5.459311110799204e-4,340,0.04402718555156081
proteomics,peebo_2015,rel0_abs0,all,filtered,1054,ter,0.8301765882149773,330,7.666133318859385e-4
proteomics,peebo_2015,rel0_abs0,all,filtered,811,oriC,2.3249477503025995e-5,257,0.13560639958185106
proteomics,peebo_2015,rel0_abs0,all,filtered,811,ter,0.023722816570229354,263,0.06173778397158285
proteomics,peebo_2015,rel0_abs0,all,filtered,896,oriC,0.001325070179623112,288,0.05976589155286327
proteomics,peebo_2015,rel0_abs0,all,filtered,896,ter,0.7333244937845691,282,-5.4880078955939e-4
proteomics,peebo_2015,rel0_abs0,all,filtered,997,oriC,0.07705214608828105,324,0.022473921642353928
proteomics,peebo_2015,rel0_abs0,all,filtered,997,ter,0.262782007739384,314,-0.0018155696645155242
proteomics,peebo_2015,rel0_abs0,all,filtered,1063,oriC,0.9371709157639496,344,0.006484174888001001
proteomics,peebo_2015,rel0_abs0,all,filtered,1063,ter,0.10206512212106182,332,-0.013740412279518123
proteomics,peebo_2015,rel0_abs0,all,filtered,887,oriC,0.9394568744660824,289,-0.016835231221489937
proteomics,peebo_2015,rel0_abs0,all,filtered,887,ter,5.6732184597528505e-5,276,-0.06615048392804362
proteomics,peebo_2015,rel0_abs0,all,filtered,1005,oriC,0.28950784285288295,328,0.026024542018891945
proteomics,peebo_2015,rel0_abs0,all,filtered,1005,ter,0.18702344097914889,315,0.013747285771027754
proteomics,peebo_2015,rel0_abs0,all,filtered,1056,oriC,0.629313287070853,340,0.02475064671713064
proteomics,peebo_2015,rel0_abs0,all,filtered,1056,ter,0.04428643172511819,331,-0.018421136322345637
proteomics,peebo_2015,rel0_abs0,all,filtered,1049,oriC,0.01273318464711887,339,-0.09110003617379826
proteomics,peebo_2015,rel0_abs0,all,filtered,1049,ter,1.323387926030184e-7,332,-0.14847324878317028
proteomics,peebo_2015,rel0_abs0,all,filtered,848,oriC,0.5917950980911408,271,-0.025762485217978658
proteomics,peebo_2015,rel0_abs0,all,filtered,848,ter,1.7982097065528106e-5,264,-0.1361663267337073
proteomics,peebo_2015,rel0_abs0,all,filtered,994,oriC,0.25164380978219025,323,0.026468508849406578
proteomics,peebo_2015,rel0_abs0,all,filtered,994,ter,0.0569300199991207,310,-0.012787054121628894
proteomics,peebo_2015,rel0_abs0,all,filtered,993,oriC,0.17170210367167316,325,0.05159934198071135
proteomics,peebo_2015,rel0_abs0,all,filtered,993,ter,0.11865023902544274,312,-0.007685159826695634
proteomics,peebo_2015,rel0_abs0,all,filtered,956,oriC,0.1119723652000143,314,0.09435145962239942
proteomics,peebo_2015,rel0_abs0,all,filtered,956,ter,0.23951835666191312,296,-0.0032372526684961
proteomics,peebo_2015,rel0_abs0,all,filtered,998,oriC,0.3782567883776146,327,-0.04000080015117276
proteomics,peebo_2015,rel0_abs0,all,filtered,998,ter,4.125646587779321e-9,311,-0.19994208219713888
proteomics,peebo_2015,rel0_abs0,all,filtered,853,oriC,0.5503640119593812,268,-0.01514190736693868
proteomics,peebo_2015,rel0_abs0,all,filtered,853,ter,8.076670719129153e-7,270,-0.15661940955811857
proteomics,peebo_2015,rel0_abs0,all,filtered,1044,oriC,0.0041873881568897904,341,-0.12649327446710912
proteomics,peebo_2015,rel0_abs0,all,filtered,1044,ter,6.089377249402512e-11,324,-0.2821256918649384
proteomics,peebo_2015,rel0_abs0,all,filtered,817,oriC,0.3506559928768431,269,-0.05511132468616209
proteomics,peebo_2015,rel0_abs0,all,filtered,817,ter,3.634385670296538e-6,254,-0.21514664902507252
proteomics,peebo_2015,rel0_abs0,all,filtered,1012,oriC,0.008724554363119528,333,-0.11122346946021788
proteomics,peebo_2015,rel0_abs0,all,filtered,1012,ter,1.835875113643597e-6,310,-0.22920329307004372
proteomics,peebo_2015,rel0_abs0,all,filtered,822,oriC,0.4986738430200156,267,-0.055889931337190876
proteomics,peebo_2015,rel0_abs0,all,filtered,822,ter,4.1802016163930556e-5,251,-0.13695284619621956
proteomics,peebo_2015,rel0_abs0,all,filtered,1018,oriC,0.07752277309141097,335,-0.0954967649139322
proteomics,peebo_2015,rel0_abs0,all,filtered,1018,ter,6.17843889879454e-7,314,-0.2501871758178651
proteomics,peebo_2015,rel0_abs0,all,filtered,776,oriC,0.9158406871972501,248,0.008012120482462848
proteomics,peebo_2015,rel0_abs0,all,filtered,776,ter,0.003084752612808069,246,-0.135563236892457
proteomics,peebo_2015,rel0_abs0,all,filtered,909,oriC,0.0015699117640125347,297,0.06545746573447683
proteomics,peebo_2015,rel0_abs0,all,filtered,909,ter,0.7213590728368109,288,0.011580027269273969
proteomics,peebo_2015,rel0_abs0,all,filtered,1019,oriC,0.1736974788273877,340,0.01323579333056419
proteomics,peebo_2015,rel0_abs0,all,filtered,1019,ter,0.9941373635109412,317,0.004688162171282152
proteomics,peebo_2015,rel0_abs0,all,filtered,1052,oriC,0.7073411686201709,345,0.009353482712949179
proteomics,peebo_2015,rel0_abs0,all,filtered,1052,ter,0.12131282549291802,329,-0.006340431488308378
proteomics,peebo_2015,rel0_abs0,all,filtered,899,oriC,0.9857815019770344,294,-0.006642073839954462
proteomics,peebo_2015,rel0_abs0,all,filtered,899,ter,5.922539393969949e-4,283,-0.06243939751983671
proteomics,peebo_2015,rel0_abs0,all,filtered,1021,oriC,0.3454376379966784,344,0.028327298595146364
proteomics,peebo_2015,rel0_abs0,all,filtered,1021,ter,0.25595484115610134,316,0.010842023708200647
proteomics,peebo_2015,rel0_abs0,all,filtered,1048,oriC,0.4991565898626303,338,0.021248899948971826
proteomics,peebo_2015,rel0_abs0,all,filtered,1048,ter,0.0389527354828416,333,-0.019372557062488333
proteomics,peebo_2015,rel0_abs0,all,filtered,1063,oriC,0.00484590778256975,353,-0.07676914230823385
proteomics,peebo_2015,rel0_abs0,all,filtered,1063,ter,9.858573810130197e-8,331,-0.16192558874013827
proteomics,peebo_2015,rel0_abs0,all,filtered,850,oriC,0.4543741339190347,272,-0.026370196899751848
proteomics,peebo_2015,rel0_abs0,all,filtered,850,ter,2.8710544362942724e-5,266,-0.12726727084708594
proteomics,peebo_2015,rel0_abs0,all,filtered,1011,oriC,0.2461503908650371,333,0.026585539964117232
proteomics,peebo_2015,rel0_abs0,all,filtered,1011,ter,0.04435073648422109,313,-0.02645721619285458
proteomics,peebo_2015,rel0_abs0,all,filtered,1009,oriC,0.1448171973381879,330,0.05175042717232836
proteomics,peebo_2015,rel0_abs0,all,filtered,1009,ter,0.1845950992236513,318,-0.004765836622968215
proteomics,peebo_2015,rel0_abs0,all,filtered,973,oriC,0.1792202439529427,325,0.05104149354566707
proteomics,peebo_2015,rel0_abs0,all,filtered,973,ter,0.2606366260418603,301,0.014158326530354771
proteomics,peebo_2015,rel0_abs0,all,filtered,1014,oriC,0.10593463896642137,339,-0.07569718266448094
proteomics,peebo_2015,rel0_abs0,all,filtered,1014,ter,1.2696899942453175e-9,318,-0.20440719135902502
proteomics,peebo_2015,rel0_abs0,all,filtered,857,oriC,0.5705711965126483,271,-0.02834922114786422
proteomics,peebo_2015,rel0_abs0,all,filtered,857,ter,1.0177617340194916e-6,269,-0.19860854380024778
proteomics,peebo_2015,rel0_abs0,all,filtered,1034,oriC,0.004918341719523007,339,-0.1364739841414668
proteomics,peebo_2015,rel0_abs0,all,filtered,1034,ter,5.179873964009323e-10,321,-0.2733931278027699
proteomics,peebo_2015,rel0_abs0,all,filtered,817,oriC,0.6932685312320772,273,-0.027507042520358276
proteomics,peebo_2015,rel0_abs0,all,filtered,817,ter,1.5533308831801613e-6,252,-0.2408709304696613
proteomics,peebo_2015,rel0_abs0,all,filtered,1014,oriC,0.020825751670032516,338,-0.11376218762707965
proteomics,peebo_2015,rel0_abs0,all,filtered,1014,ter,1.6268277583219195e-5,311,-0.21055835059886346
proteomics,peebo_2015,rel0_abs0,all,filtered,833,oriC,0.5900086239630917,270,-0.007198606857143978
proteomics,peebo_2015,rel0_abs0,all,filtered,833,ter,6.82290903203267e-5,253,-0.15029576026636404
proteomics,peebo_2015,rel0_abs0,all,filtered,1009,oriC,0.06305514598341222,337,-0.1415796765458916
proteomics,peebo_2015,rel0_abs0,all,filtered,1009,ter,4.604972067862715e-6,310,-0.2509229357082351
proteomics,peebo_2015,rel0_abs0,all,filtered,783,oriC,0.8995132968657795,254,-0.009013225528155172
proteomics,peebo_2015,rel0_abs0,all,filtered,783,ter,0.005257723435596938,249,-0.09494121225160007
proteomics,peebo_2015,rel0_abs0,all,filtered,913,oriC,0.002473476111651591,299,0.04145581616625363
proteomics,peebo_2015,rel0_abs0,all,filtered,913,ter,0.013052709105531,286,0.0506064260504554
proteomics,peebo_2015,rel0_abs0,all,filtered,1027,oriC,0.1200587563337577,341,-0.016289953317717706
proteomics,peebo_2015,rel0_abs0,all,filtered,1027,ter,0.8489873489978865,316,0.021907347898203654
proteomics,peebo_2015,rel0_abs0,all,filtered,1061,oriC,0.02173622482461861,352,-0.030372197851807822
proteomics,peebo_2015,rel0_abs0,all,filtered,1061,ter,0.6344203547568108,322,-0.006504262993012746
proteomics,peebo_2015,rel0_abs0,all,filtered,904,oriC,0.5610754128992752,294,0.019255624715568596
proteomics,peebo_2015,rel0_abs0,all,filtered,904,ter,0.3978833830866703,280,0.013246597519180798
proteomics,peebo_2015,rel0_abs0,all,filtered,1027,oriC,0.40521775159049833,342,0.012239117190858125
proteomics,peebo_2015,rel0_abs0,all,filtered,1027,ter,0.7877732872004962,315,0.03192802205756749
proteomics,peebo_2015,rel0_abs0,all,filtered,1051,oriC,0.30313204451407055,339,-0.0021421545539446465
proteomics,peebo_2015,rel0_abs0,all,filtered,1051,ter,0.522926065051752,325,0.007184944434356342
proteomics,peebo_2015,rel0_abs0,all,filtered,1069,oriC,0.09115382770724423,354,-0.04172162778071821
proteomics,peebo_2015,rel0_abs0,all,filtered,1069,ter,6.97521436732119e-4,328,-0.055589209480877394
proteomics,peebo_2015,rel0_abs0,all,filtered,851,oriC,0.608929930441733,273,0.011594571432025205
proteomics,peebo_2015,rel0_abs0,all,filtered,851,ter,0.23724513374635,265,0.0082860252606591165
proteomics,peebo_2015,rel0_abs0,all,filtered,1012,oriC,0.8591466099388787,333,0.03112115454755193
proteomics,peebo_2015,rel0_abs0,all,filtered,1012,ter,0.6602117550936186,309,0.02742465112297175
proteomics,peebo_2015,rel0_abs0,all,filtered,1015,oriC,0.6680309152407606,338,0.01639962508896852
proteomics,peebo_2015,rel0_abs0,all,filtered,1015,ter,0.5004468013517904,312,0.009558392618637146
proteomics,peebo_2015,rel0_abs0,all,filtered,965,oriC,0.932975370562015,318,0.016208642102088566
proteomics,peebo_2015,rel0_abs0,all,filtered,965,ter,0.7229243622892235,299,0.04759783909374496
proteomics,peebo_2015,rel0_abs0,all,filtered,1017,oriC,0.4058961086277637,340,-0.04259109100704839
proteomics,peebo_2015,rel0_abs0,all,filtered,1017,ter,1.9463182025836545e-4,315,-0.09870045240561984
proteomics,peebo_2015,rel0_abs0,all,filtered,856,oriC,0.8423581115272358,269,0.010550308737333246
proteomics,peebo_2015,rel0_abs0,all,filtered,856,ter,0.033873002483151275,267,-0.06352733628596441
proteomics,peebo_2015,rel0_abs0,all,filtered,1053,oriC,0.10273778380314401,348,-0.1029123891611993
proteomics,peebo_2015,rel0_abs0,all,filtered,1053,ter,2.5887490325828407e-6,320,-0.20740241648769422
proteomics,peebo_2015,rel0_abs0,all,filtered,819,oriC,0.8869813548715973,267,0.014745297481703576
proteomics,peebo_2015,rel0_abs0,all,filtered,819,ter,0.024945092562543993,255,-0.09247670639867579
proteomics,peebo_2015,rel0_abs0,all,filtered,1015,oriC,0.05062014474281989,341,-0.12175549433571965
proteomics,peebo_2015,rel0_abs0,all,filtered,1015,ter,0.008678574018705833,302,-0.14864237953820375
proteomics,peebo_2015,rel0_abs0,all,filtered,827,oriC,0.9144121303343732,268,0.015196464658408274
proteomics,peebo_2015,rel0_abs0,all,filtered,827,ter,0.01570006280513702,251,-0.08619196398178265
proteomics,peebo_2015,rel0_abs0,all,filtered,1013,oriC,0.2066005024496524,336,-0.055588106867957315
proteomics,peebo_2015,rel0_abs0,all,filtered,1013,ter,0.0011503281455956373,304,-0.16800168162503837
proteomics,peebo_2015,rel0_abs0,all,filtered,774,oriC,0.7378961933049558,250,0.06431813496569119
proteomics,peebo_2015,rel0_abs0,all,filtered,774,ter,0.0421858613142595,243,-0.05385709898496245
proteomics,peebo_2015,rel0_abs0,all,filtered,786,oriC,4.521097732534623e-6,255,-0.06715535579352568
proteomics,peebo_2015,rel0_abs0,all,filtered,786,ter,1.940697779233363e-4,253,-0.0654832734501301
proteomics,peebo_2015,rel0_abs0,all,filtered,814,oriC,6.354444737119118e-4,261,-0.11529580055186997
proteomics,peebo_2015,rel0_abs0,all,filtered,814,ter,0.016943564609223156,263,-0.06438392440750208
proteomics,peebo_2015,rel0_abs0,all,filtered,814,oriC,4.5702920461984306e-4,263,-0.12268979013729993
proteomics,peebo_2015,rel0_abs0,all,filtered,814,ter,0.009186900146093501,261,-0.0926041459059797
proteomics,peebo_2015,rel0_abs0,all,filtered,781,oriC,0.003502128184511823,253,-0.07270041803231571
proteomics,peebo_2015,rel0_abs0,all,filtered,781,ter,6.573952387960909e-5,246,-0.09574760511228081
proteomics,peebo_2015,rel0_abs0,all,filtered,804,oriC,0.007138770338617453,259,-0.08305267300964689
proteomics,peebo_2015,rel0_abs0,all,filtered,804,ter,0.008439780208002071,259,-0.05764000567544214
proteomics,peebo_2015,rel0_abs0,all,filtered,805,oriC,0.005289409497670537,258,-0.07325171147770372
proteomics,peebo_2015,rel0_abs0,all,filtered,805,ter,0.005625326358759866,261,-0.07436455781687887
proteomics,peebo_2015,rel0_abs0,all,filtered,820,oriC,1.1904553439047231e-4,264,-0.10618963702822501
proteomics,peebo_2015,rel0_abs0,all,filtered,820,ter,2.9081926767924186e-7,264,-0.1313333119673153
proteomics,peebo_2015,rel0_abs0,all,filtered,763,oriC,0.031869586917572225,245,-0.08300425113342835
proteomics,peebo_2015,rel0_abs0,all,filtered,763,ter,1.5936187354469362e-4,240,-0.11719172112835896
proteomics,peebo_2015,rel0_abs0,all,filtered,796,oriC,0.00880379866574291,256,-0.08845092334838069
proteomics,peebo_2015,rel0_abs0,all,filtered,796,ter,0.014722942254769616,256,-0.06799457336297299
proteomics,peebo_2015,rel0_abs0,all,filtered,789,oriC,0.020976198729701176,255,-0.11007853190784693
proteomics,peebo_2015,rel0_abs0,all,filtered,789,ter,0.006560817384828203,254,-0.08213693280768734
proteomics,peebo_2015,rel0_abs0,all,filtered,785,oriC,0.021089426436101635,251,-0.08875182643764798
proteomics,peebo_2015,rel0_abs0,all,filtered,785,ter,0.011468703710528818,254,-0.07787363427012825
proteomics,peebo_2015,rel0_abs0,all,filtered,791,oriC,0.019119676993330184,255,-0.10299545184393495
proteomics,peebo_2015,rel0_abs0,all,filtered,791,ter,1.2907192911980359e-6,255,-0.16111636651408837
proteomics,peebo_2015,rel0_abs0,all,filtered,747,oriC,0.08187204579173625,238,-0.05863087881760321
proteomics,peebo_2015,rel0_abs0,all,filtered,747,ter,4.631053317162475e-5,237,-0.12301869203835353
proteomics,peebo_2015,rel0_abs0,all,filtered,800,oriC,0.009809385131160859,256,-0.177078186037628
proteomics,peebo_2015,rel0_abs0,all,filtered,800,ter,5.087925764428116e-10,257,-0.2579994478805893
proteomics,peebo_2015,rel0_abs0,all,filtered,738,oriC,0.03246013495575993,238,-0.0770337422904605
proteomics,peebo_2015,rel0_abs0,all,filtered,738,ter,1.3835886962452151e-5,235,-0.20493590114247331
proteomics,peebo_2015,rel0_abs0,all,filtered,778,oriC,0.005552946852456328,253,-0.18461481339500396
proteomics,peebo_2015,rel0_abs0,all,filtered,778,ter,7.618421657789693e-6,242,-0.22821428680708927
proteomics,peebo_2015,rel0_abs0,all,filtered,719,oriC,0.10330167106500718,229,-0.0978584039002382
proteomics,peebo_2015,rel0_abs0,all,filtered,719,ter,3.0911814525518556e-5,225,-0.22276979634564584
proteomics,peebo_2015,rel0_abs0,all,filtered,774,oriC,0.01715604634637561,252,-0.15803032906819992
proteomics,peebo_2015,rel0_abs0,all,filtered,774,ter,2.646170634333929e-6,246,-0.33134187004628657
proteomics,peebo_2015,rel0_abs0,all,filtered,692,oriC,0.10592804003000184,222,-0.0588028448423224
proteomics,peebo_2015,rel0_abs0,all,filtered,692,ter,1.4273877573778805e-4,219,-0.2566782269923811
proteomics,peebo_2015,rel0_abs0,all,filtered,886,oriC,0.00697887342722083,287,-0.04462037286573103
proteomics,peebo_2015,rel0_abs0,all,filtered,886,ter,0.09860184219491708,278,-0.029176472843751973
proteomics,peebo_2015,rel0_abs0,all,filtered,894,oriC,0.00155989531012297,287,-0.07267947848996308
proteomics,peebo_2015,rel0_abs0,all,filtered,894,ter,0.14765961211798406,280,-0.019390919427942813
proteomics,peebo_2015,rel0_abs0,all,filtered,847,oriC,0.2118692737677186,278,-0.01552627070690685
proteomics,peebo_2015,rel0_abs0,all,filtered,847,ter,0.02368961652700561,266,-0.018875537390929585
proteomics,peebo_2015,rel0_abs0,all,filtered,883,oriC,0.03229595039121291,287,-0.05199267647784548
proteomics,peebo_2015,rel0_abs0,all,filtered,883,ter,0.12286703305674149,278,-0.027265295142859934
proteomics,peebo_2015,rel0_abs0,all,filtered,880,oriC,0.049848731775203624,281,-0.07431678700268524
proteomics,peebo_2015,rel0_abs0,all,filtered,880,ter,0.063426222283295,277,-0.04097984189748495
proteomics,peebo_2015,rel0_abs0,all,filtered,906,oriC,0.010071841106921895,295,-0.05139273218513305
proteomics,peebo_2015,rel0_abs0,all,filtered,906,ter,3.432964503699849e-7,288,-0.10906957504416966
proteomics,peebo_2015,rel0_abs0,all,filtered,819,oriC,0.5293281832709205,266,-0.011983813838731401
proteomics,peebo_2015,rel0_abs0,all,filtered,819,ter,7.333552964305227e-4,260,-0.05606068692171145
proteomics,peebo_2015,rel0_abs0,all,filtered,874,oriC,0.0626308653990285,283,-0.07969242071424044
proteomics,peebo_2015,rel0_abs0,all,filtered,874,ter,0.06574907717195472,272,-0.027623284115579277
proteomics,peebo_2015,rel0_abs0,all,filtered,871,oriC,0.15106418124972304,282,-0.0631200181874364
proteomics,peebo_2015,rel0_abs0,all,filtered,871,ter,0.059613985196811166,275,-0.0556636999326093
proteomics,peebo_2015,rel0_abs0,all,filtered,853,oriC,0.1489601474889353,276,-0.06394227784475895
proteomics,peebo_2015,rel0_abs0,all,filtered,853,ter,0.11396243369704144,268,-0.02492322914187918
proteomics,peebo_2015,rel0_abs0,all,filtered,884,oriC,0.3176308775692902,289,-0.017611536544821522
proteomics,peebo_2015,rel0_abs0,all,filtered,884,ter,1.6540377548359285e-6,279,-0.15925598456441256
proteomics,peebo_2015,rel0_abs0,all,filtered,804,oriC,0.4688796263692832,258,-0.029223640898037792
proteomics,peebo_2015,rel0_abs0,all,filtered,804,ter,7.320195354997573e-4,253,-0.11485390469124583
proteomics,peebo_2015,rel0_abs0,all,filtered,893,oriC,0.03194616770035786,290,-0.09968435806979198
proteomics,peebo_2015,rel0_abs0,all,filtered,893,ter,2.7751533965780815e-8,280,-0.234844828535765
proteomics,peebo_2015,rel0_abs0,all,filtered,786,oriC,0.3352891756053511,258,-0.018039614350760604
proteomics,peebo_2015,rel0_abs0,all,filtered,786,ter,5.631311152867305e-4,246,-0.12933952431451018
proteomics,peebo_2015,rel0_abs0,all,filtered,866,oriC,0.007580480319272793,282,-0.11810033790802821
proteomics,peebo_2015,rel0_abs0,all,filtered,866,ter,7.836774163769919e-4,268,-0.18234759348991703
proteomics,peebo_2015,rel0_abs0,all,filtered,779,oriC,0.28961471334912975,250,-0.04702788972390311
proteomics,peebo_2015,rel0_abs0,all,filtered,779,ter,6.748154957778505e-4,242,-0.11573267308840236
proteomics,peebo_2015,rel0_abs0,all,filtered,866,oriC,0.012284754550733487,284,-0.08933425458308211
proteomics,peebo_2015,rel0_abs0,all,filtered,866,ter,4.519467475657981e-6,269,-0.25458527320974667
proteomics,peebo_2015,rel0_abs0,all,filtered,739,oriC,0.5031558737505492,235,-0.05946181881722477
proteomics,peebo_2015,rel0_abs0,all,filtered,739,ter,9.177592852639897e-4,234,-0.08831080136127284
proteomics,peebo_2015,rel0_abs0,all,filtered,1007,oriC,0.11587955944840637,331,-0.013356794062242789
proteomics,peebo_2015,rel0_abs0,all,filtered,1007,ter,0.02592630965535571,313,-0.012635554817414695
proteomics,peebo_2015,rel0_abs0,all,filtered,882,oriC,0.8598321127188494,287,-0.00742218206735342
proteomics,peebo_2015,rel0_abs0,all,filtered,882,ter,0.002821137764832122,274,-0.04602176278834984
proteomics,peebo_2015,rel0_abs0,all,filtered,993,oriC,0.7267989083443258,330,0.01991324486078123
proteomics,peebo_2015,rel0_abs0,all,filtered,993,ter,0.16475749330289696,307,-0.019872427452246298
proteomics,peebo_2015,rel0_abs0,all,filtered,998,oriC,0.4414214306269131,325,0.00673456963616731
proteomics,peebo_2015,rel0_abs0,all,filtered,998,ter,0.16097038443458125,312,-0.0014174244320781615
proteomics,peebo_2015,rel0_abs0,all,filtered,1007,oriC,0.0013194638008544178,335,-0.08055993935857883
proteomics,peebo_2015,rel0_abs0,all,filtered,1007,ter,1.1187336450875594e-6,312,-0.1355752091630164
proteomics,peebo_2015,rel0_abs0,all,filtered,837,oriC,0.12641674739766395,269,-0.061072962585982056
proteomics,peebo_2015,rel0_abs0,all,filtered,837,ter,1.3760089269205936e-5,259,-0.11733590440921308
proteomics,peebo_2015,rel0_abs0,all,filtered,977,oriC,0.26831333090829984,320,0.028837585238549377
proteomics,peebo_2015,rel0_abs0,all,filtered,977,ter,0.06689431607351094,302,-0.03810485473595776
proteomics,peebo_2015,rel0_abs0,all,filtered,968,oriC,0.4803591100368949,318,0.021914359638936537
proteomics,peebo_2015,rel0_abs0,all,filtered,968,ter,0.09220545276514605,299,-0.042736906336140745
proteomics,peebo_2015,rel0_abs0,all,filtered,948,oriC,0.27872184412272005,314,0.029344345860173225
proteomics,peebo_2015,rel0_abs0,all,filtered,948,ter,0.13221786914285277,295,-0.03553002611743327
proteomics,peebo_2015,rel0_abs0,all,filtered,968,oriC,0.14076922897224511,324,-0.0788475620069281
proteomics,peebo_2015,rel0_abs0,all,filtered,968,ter,3.046479279601472e-9,302,-0.18872871669364844
proteomics,peebo_2015,rel0_abs0,all,filtered,847,oriC,0.4623375108441416,268,-0.024141990036349353
proteomics,peebo_2015,rel0_abs0,all,filtered,847,ter,4.162389540876369e-7,262,-0.15568173398512014
proteomics,peebo_2015,rel0_abs0,all,filtered,996,oriC,0.001152699130991687,328,-0.15590312345484814
proteomics,peebo_2015,rel0_abs0,all,filtered,996,ter,2.7977042316059443e-10,307,-0.29931121065688654
proteomics,peebo_2015,rel0_abs0,all,filtered,815,oriC,0.19422258450042118,269,-0.05269362404847283
proteomics,peebo_2015,rel0_abs0,all,filtered,815,ter,1.7150584433021545e-6,252,-0.20588633969560743
proteomics,peebo_2015,rel0_abs0,all,filtered,969,oriC,0.006441183508471325,319,-0.13392005472662322
proteomics,peebo_2015,rel0_abs0,all,filtered,969,ter,1.9718562396019972e-6,295,-0.22892845814157825
proteomics,peebo_2015,rel0_abs0,all,filtered,819,oriC,0.25500402888655127,264,-0.03273161626393957
proteomics,peebo_2015,rel0_abs0,all,filtered,819,ter,3.238356666775018e-5,254,-0.15528408211821404
proteomics,peebo_2015,rel0_abs0,all,filtered,971,oriC,0.01753996373213258,323,-0.11396432242745617
proteomics,peebo_2015,rel0_abs0,all,filtered,971,ter,1.7153899632236875e-6,297,-0.29390896814476436
proteomics,peebo_2015,rel0_abs0,all,filtered,776,oriC,0.6679202825076833,250,-0.015721829165788518
proteomics,peebo_2015,rel0_abs0,all,filtered,776,ter,8.053769552705412e-4,247,-0.18673909857816495
proteomics,peebo_2015,rel0_abs0,all,filtered,892,oriC,0.055740048441168054,291,0.033323413346275706
proteomics,peebo_2015,rel0_abs0,all,filtered,892,ter,0.0364418333921735,275,-0.046345393695707254
proteomics,peebo_2015,rel0_abs0,all,filtered,1020,oriC,4.9235696551995227e-5,341,0.042115917930337976
proteomics,peebo_2015,rel0_abs0,all,filtered,1020,ter,0.949272042855773,309,0.029768631576701964
proteomics,peebo_2015,rel0_abs0,all,filtered,1077,oriC,0.07362434222733458,355,0.027724048932630595
proteomics,peebo_2015,rel0_abs0,all,filtered,1077,ter,0.08889926673362306,333,-0.011462012963238254
proteomics,peebo_2015,rel0_abs0,all,filtered,1072,oriC,0.08554690719876226,357,-0.033249561308588124
proteomics,peebo_2015,rel0_abs0,all,filtered,1072,ter,9.424331990639872e-6,332,-0.11138060843685307
proteomics,peebo_2015,rel0_abs0,all,filtered,852,oriC,0.40124819942474604,273,-0.03784783382838759
proteomics,peebo_2015,rel0_abs0,all,filtered,852,ter,2.9217778780978587e-5,266,-0.10268560217366053
proteomics,peebo_2015,rel0_abs0,all,filtered,1014,oriC,0.023670709308778765,335,0.044512853642182756
proteomics,peebo_2015,rel0_abs0,all,filtered,1014,ter,0.05238739346601034,310,8.386027751603603e-4
proteomics,peebo_2015,rel0_abs0,all,filtered,1018,oriC,0.08879153389711804,337,0.028553817993247917
proteomics,peebo_2015,rel0_abs0,all,filtered,1018,ter,0.11660892653654886,315,-0.0013634048284610891
proteomics,peebo_2015,rel0_abs0,all,filtered,962,oriC,0.08436209869297029,318,0.049360703851745735
proteomics,peebo_2015,rel0_abs0,all,filtered,962,ter,0.27476754030535444,295,0.010163014055077553
proteomics,peebo_2015,rel0_abs0,all,filtered,1007,oriC,0.17402186460431165,333,-0.06374590943547885
proteomics,peebo_2015,rel0_abs0,all,filtered,1007,ter,3.256136829145599e-10,312,-0.1645632189172949
proteomics,peebo_2015,rel0_abs0,all,filtered,857,oriC,0.23983448788593553,267,-0.0382310708928509
proteomics,peebo_2015,rel0_abs0,all,filtered,857,ter,2.650960077235918e-7,271,-0.15324262937592842
proteomics,peebo_2015,rel0_abs0,all,filtered,1066,oriC,7.242207316908478e-4,354,-0.14482190618887153
proteomics,peebo_2015,rel0_abs0,all,filtered,1066,ter,1.0936015280768489e-11,328,-0.2527555575981781
proteomics,peebo_2015,rel0_abs0,all,filtered,822,oriC,0.1937578360237735,268,-0.07305261057402078
proteomics,peebo_2015,rel0_abs0,all,filtered,822,ter,4.1534416205663376e-7,258,-0.20444924993964886
proteomics,peebo_2015,rel0_abs0,all,filtered,1044,oriC,0.0017991656291234648,350,-0.13005219789792527
proteomics,peebo_2015,rel0_abs0,all,filtered,1044,ter,8.01132029807968e-8,316,-0.21041181472844156
proteomics,peebo_2015,rel0_abs0,all,filtered,830,oriC,0.20819735674325404,267,-0.056764830918127056
proteomics,peebo_2015,rel0_abs0,all,filtered,830,ter,1.3110296351971302e-6,253,-0.1428885241583739
proteomics,peebo_2015,rel0_abs0,all,filtered,1045,oriC,0.011700938882356706,346,-0.09472001403474725
proteomics,peebo_2015,rel0_abs0,all,filtered,1045,ter,2.9086140425929245e-8,320,-0.2216551057076298
proteomics,peebo_2015,rel0_abs0,all,filtered,783,oriC,0.6680892718015138,255,0.010173712722120629
proteomics,peebo_2015,rel0_abs0,all,filtered,783,ter,4.309219230716404e-4,246,-0.0927656059660832
proteomics,peebo_2015,rel0_abs0,all,filtered,881,oriC,0.16954296034084404,286,-0.004749258621056837
proteomics,peebo_2015,rel0_abs0,all,filtered,881,ter,0.808165409476924,275,0.006930438551646903
proteomics,peebo_2015,rel0_abs0,all,filtered,879,oriC,0.21853338251411794,283,-0.016212313385578006
proteomics,peebo_2015,rel0_abs0,all,filtered,879,ter,0.6910433478048603,276,0.0063898353068153006
proteomics,peebo_2015,rel0_abs0,all,filtered,899,oriC,4.703060174394704e-6,295,-0.06308902557024754
proteomics,peebo_2015,rel0_abs0,all,filtered,899,ter,7.26676750379039e-7,280,-0.07928010208043418
proteomics,peebo_2015,rel0_abs0,all,filtered,811,oriC,0.6434746069802318,263,-0.010665047037885282
proteomics,peebo_2015,rel0_abs0,all,filtered,811,ter,0.00600833800783653,253,-0.031170296348562585
proteomics,peebo_2015,rel0_abs0,all,filtered,872,oriC,0.3039704226915388,282,-0.012188922694274809
proteomics,peebo_2015,rel0_abs0,all,filtered,872,ter,0.18627540010541394,269,-0.018666098081167506
proteomics,peebo_2015,rel0_abs0,all,filtered,863,oriC,0.3480485932983956,278,0.014097549541449136
proteomics,peebo_2015,rel0_abs0,all,filtered,863,ter,0.14757381482055731,272,-0.020775201131836993
proteomics,peebo_2015,rel0_abs0,all,filtered,853,oriC,0.41775361802468186,276,0.007123234068144222
proteomics,peebo_2015,rel0_abs0,all,filtered,853,ter,0.39359958742217094,268,6.152203804922756e-4
proteomics,peebo_2015,rel0_abs0,all,filtered,878,oriC,0.17936671749335112,287,-0.02857048703805021
proteomics,peebo_2015,rel0_abs0,all,filtered,878,ter,7.471271916493103e-7,274,-0.1052267675986326
proteomics,peebo_2015,rel0_abs0,all,filtered,811,oriC,0.3223795587665656,261,-0.009902794008924338
proteomics,peebo_2015,rel0_abs0,all,filtered,811,ter,0.001269501021550505,255,-0.06142729585178892
proteomics,peebo_2015,rel0_abs0,all,filtered,890,oriC,0.0029949352958547086,291,-0.07358647289413345
proteomics,peebo_2015,rel0_abs0,all,filtered,890,ter,4.6066134576880936e-10,275,-0.19545875681404515
proteomics,peebo_2015,rel0_abs0,all,filtered,787,oriC,0.2195651416806504,259,-0.02116926226867621
proteomics,peebo_2015,rel0_abs0,all,filtered,787,ter,8.264397862195271e-5,246,-0.10772634684139477
proteomics,peebo_2015,rel0_abs0,all,filtered,869,oriC,0.0014830372156542312,282,-0.08921903408751253
proteomics,peebo_2015,rel0_abs0,all,filtered,869,ter,4.448321996882458e-4,267,-0.1778216628290563
proteomics,peebo_2015,rel0_abs0,all,filtered,783,oriC,0.24572019015306898,252,-0.0029972138070711945
proteomics,peebo_2015,rel0_abs0,all,filtered,783,ter,1.0112972232654444e-4,243,-0.12653442751063118
proteomics,peebo_2015,rel0_abs0,all,filtered,873,oriC,0.003857130060552815,285,-0.09739975457408467
proteomics,peebo_2015,rel0_abs0,all,filtered,873,ter,2.2050813726731864e-5,271,-0.23089416773824067
proteomics,peebo_2015,rel0_abs0,all,filtered,753,oriC,0.273792519079253,242,-0.02402584428470181
proteomics,peebo_2015,rel0_abs0,all,filtered,753,ter,0.001164135281265318,240,-0.15040481630955144
proteomics,peebo_2015,rel0_abs0,all,filtered,1020,oriC,0.5022790318205794,336,0.006360263890485961
proteomics,peebo_2015,rel0_abs0,all,filtered,1020,ter,0.026558057335988795,313,-0.01822615581882362
proteomics,peebo_2015,rel0_abs0,all,filtered,1021,oriC,0.017568096603435522,342,-0.0674229816080916
proteomics,peebo_2015,rel0_abs0,all,filtered,1021,ter,3.320926184399936e-4,316,-0.09222714134827065
proteomics,peebo_2015,rel0_abs0,all,filtered,845,oriC,0.2807875053616056,274,-0.04560010047867121
proteomics,peebo_2015,rel0_abs0,all,filtered,845,ter,0.006215733166673577,263,-0.07697294875296018
proteomics,peebo_2015,rel0_abs0,all,filtered,991,oriC,0.25507801774165906,330,0.010866627535099661
proteomics,peebo_2015,rel0_abs0,all,filtered,991,ter,0.030904404183260563,302,-0.01818705079063213
proteomics,peebo_2015,rel0_abs0,all,filtered,977,oriC,0.6403044963457618,324,0.01648114829312075
proteomics,peebo_2015,rel0_abs0,all,filtered,977,ter,0.04535676344734655,300,-0.029331836503027627
proteomics,peebo_2015,rel0_abs0,all,filtered,958,oriC,0.6076252789343408,319,0.004586155069206419
proteomics,peebo_2015,rel0_abs0,all,filtered,958,ter,0.09289982594497789,297,-0.03332473520913228
proteomics,peebo_2015,rel0_abs0,all,filtered,984,oriC,0.028128121057437065,328,-0.07817631035682626
proteomics,peebo_2015,rel0_abs0,all,filtered,984,ter,1.032888791751043e-7,304,-0.14642417384874862
proteomics,peebo_2015,rel0_abs0,all,filtered,848,oriC,0.1446780561244853,268,-0.07381788637796807
proteomics,peebo_2015,rel0_abs0,all,filtered,848,ter,1.0381912198661567e-6,269,-0.14481054754542128
proteomics,peebo_2015,rel0_abs0,all,filtered,1008,oriC,2.935088711910121e-4,335,-0.16001906770370206
proteomics,peebo_2015,rel0_abs0,all,filtered,1008,ter,3.2888439631802833e-13,308,-0.2482679597063044
proteomics,peebo_2015,rel0_abs0,all,filtered,815,oriC,0.015996422201848597,267,-0.09210973652747559
proteomics,peebo_2015,rel0_abs0,all,filtered,815,ter,2.605631909385218e-7,251,-0.15629571555057922
proteomics,peebo_2015,rel0_abs0,all,filtered,992,oriC,7.043389893308427e-5,331,-0.15347288442402093
proteomics,peebo_2015,rel0_abs0,all,filtered,992,ter,1.814277207367168e-8,298,-0.22420360397108935
proteomics,peebo_2015,rel0_abs0,all,filtered,825,oriC,0.011599823979132283,266,-0.0856031285946679
proteomics,peebo_2015,rel0_abs0,all,filtered,825,ter,8.042911167841651e-7,256,-0.16991858657340458
proteomics,peebo_2015,rel0_abs0,all,filtered,993,oriC,4.7008109365666345e-5,332,-0.12690433742323085
proteomics,peebo_2015,rel0_abs0,all,filtered,993,ter,3.016367267456967e-8,300,-0.2264985359695212
proteomics,peebo_2015,rel0_abs0,all,filtered,786,oriC,0.06801144260655421,255,-0.06665681611812954
proteomics,peebo_2015,rel0_abs0,all,filtered,786,ter,3.4218017924308424e-5,248,-0.14231658908210323
proteomics,peebo_2015,rel0_abs0,all,filtered,1053,oriC,0.02781980872197747,344,-0.0584637581234016
proteomics,peebo_2015,rel0_abs0,all,filtered,1053,ter,0.002727528348531799,330,-0.08577773262479993
proteomics,peebo_2015,rel0_abs0,all,filtered,845,oriC,0.4751765075487684,269,-0.011857015603389498
proteomics,peebo_2015,rel0_abs0,all,filtered,845,ter,0.06813715779516963,265,-0.04743734397775596
proteomics,peebo_2015,rel0_abs0,all,filtered,1017,oriC,0.4435858549063631,333,0.005905714927585198
proteomics,peebo_2015,rel0_abs0,all,filtered,1017,ter,0.041515801413265316,315,-0.005491539389672532
proteomics,peebo_2015,rel0_abs0,all,filtered,1022,oriC,0.43489751590205034,334,0.024708272150372315
proteomics,peebo_2015,rel0_abs0,all,filtered,1022,ter,0.2644173376881672,320,-0.006720603684734994
proteomics,peebo_2015,rel0_abs0,all,filtered,971,oriC,0.5028383696949232,321,0.02080829777293205
proteomics,peebo_2015,rel0_abs0,all,filtered,971,ter,0.8413556516478569,302,0.005322151575056979
proteomics,peebo_2015,rel0_abs0,all,filtered,1014,oriC,0.0436457831395588,333,-0.06983763125588865
proteomics,peebo_2015,rel0_abs0,all,filtered,1014,ter,7.953759410585292e-6,315,-0.12763410480721724
proteomics,peebo_2015,rel0_abs0,all,filtered,854,oriC,0.04060536904194321,268,-0.0655908867596756
proteomics,peebo_2015,rel0_abs0,all,filtered,854,ter,5.603562838466061e-4,271,-0.08602102191279026
proteomics,peebo_2015,rel0_abs0,all,filtered,1062,oriC,3.050820119883033e-5,345,-0.1827521419150724
proteomics,peebo_2015,rel0_abs0,all,filtered,1062,ter,4.471428419750567e-12,331,-0.19506867713341222
proteomics,peebo_2015,rel0_abs0,all,filtered,819,oriC,0.005349152655067921,270,-0.10797310851333103
proteomics,peebo_2015,rel0_abs0,all,filtered,819,ter,1.5516348441062288e-6,254,-0.1404940828599196
proteomics,peebo_2015,rel0_abs0,all,filtered,1038,oriC,9.072316952946611e-6,343,-0.1554221535459261
proteomics,peebo_2015,rel0_abs0,all,filtered,1038,ter,7.280815520068653e-8,316,-0.18642340962475606
proteomics,peebo_2015,rel0_abs0,all,filtered,829,oriC,0.003536585294916163,268,-0.11368817923409638
proteomics,peebo_2015,rel0_abs0,all,filtered,829,ter,1.6544131106647615e-7,254,-0.14653404885760285
proteomics,peebo_2015,rel0_abs0,all,filtered,1046,oriC,3.5145286944580947e-5,343,-0.1367021615079762
proteomics,peebo_2015,rel0_abs0,all,filtered,1046,ter,1.273681410440112e-8,323,-0.21395558188076993
proteomics,peebo_2015,rel0_abs0,all,filtered,793,oriC,0.0391751814179233,257,-0.06149337897367774
proteomics,peebo_2015,rel0_abs0,all,filtered,793,ter,8.238153903603757e-6,252,-0.13996233612321052
proteomics,peebo_2015,rel0_abs0,all,filtered,859,oriC,6.675047377245056e-5,276,0.02800232252573277
proteomics,peebo_2015,rel0_abs0,all,filtered,859,ter,0.2973409847055407,269,0.024861894170747564
proteomics,peebo_2015,rel0_abs0,all,filtered,1013,oriC,0.2779217424017062,337,0.048960136399655615
proteomics,peebo_2015,rel0_abs0,all,filtered,1013,ter,0.07208226302501436,311,0.06265589339182008
proteomics,peebo_2015,rel0_abs0,all,filtered,1022,oriC,0.28729936695141794,338,0.05879099540780838
proteomics,peebo_2015,rel0_abs0,all,filtered,1022,ter,0.427771449793355,320,0.061108647932181806
proteomics,peebo_2015,rel0_abs0,all,filtered,962,oriC,0.3275985113219906,320,0.0733414275616988
proteomics,peebo_2015,rel0_abs0,all,filtered,962,ter,0.15467087533276147,299,0.0625858579346722
proteomics,peebo_2015,rel0_abs0,all,filtered,1026,oriC,0.3732161144283304,343,0.0172421728458664
proteomics,peebo_2015,rel0_abs0,all,filtered,1026,ter,1.2009886029389248e-5,320,-0.04686069187201686
proteomics,peebo_2015,rel0_abs0,all,filtered,861,oriC,0.28577329820573105,271,0.022850466765391486
proteomics,peebo_2015,rel0_abs0,all,filtered,861,ter,0.13753774801105761,273,-0.0012227641415790455
proteomics,peebo_2015,rel0_abs0,all,filtered,1059,oriC,0.005103273404604771,351,-0.05479063779927665
proteomics,peebo_2015,rel0_abs0,all,filtered,1059,ter,1.743055369713048e-11,326,-0.14067154924314512
proteomics,peebo_2015,rel0_abs0,all,filtered,828,oriC,0.8277793713143946,272,0.016852042879243412
proteomics,peebo_2015,rel0_abs0,all,filtered,828,ter,0.007773267698973138,257,-0.050512677678931334
proteomics,peebo_2015,rel0_abs0,all,filtered,1041,oriC,0.017115034210840464,347,-0.042810712563809174
proteomics,peebo_2015,rel0_abs0,all,filtered,1041,ter,9.2335629348865e-4,321,-0.08906829509711382
proteomics,peebo_2015,rel0_abs0,all,filtered,837,oriC,0.7159568670342862,272,0.023269501453166558
proteomics,peebo_2015,rel0_abs0,all,filtered,837,ter,0.00586850543330188,254,-0.03819420910917891
proteomics,peebo_2015,rel0_abs0,all,filtered,1043,oriC,0.010315268538317074,346,-0.07477869619630526
proteomics,peebo_2015,rel0_abs0,all,filtered,1043,ter,3.734977338288491e-4,320,-0.1345750449121196
proteomics,peebo_2015,rel0_abs0,all,filtered,792,oriC,0.810406193787762,259,0.0340979714906756
proteomics,peebo_2015,rel0_abs0,all,filtered,792,ter,0.02439860035468374,251,-0.04699787790031298
proteomics,peebo_2015,rel0_abs0,all,filtered,830,oriC,0.8816020061717907,265,0.020496804451719187
proteomics,peebo_2015,rel0_abs0,all,filtered,830,ter,0.33654489820032446,258,0.04452019597399769
proteomics,peebo_2015,rel0_abs0,all,filtered,840,oriC,0.8888417553376505,271,0.03253372171920271
proteomics,peebo_2015,rel0_abs0,all,filtered,840,ter,0.5796691100114573,262,0.048915713291148945
proteomics,peebo_2015,rel0_abs0,all,filtered,816,oriC,0.732219842564277,263,0.030023456641256337
proteomics,peebo_2015,rel0_abs0,all,filtered,816,ter,0.4981603505510541,257,0.04761486738178677
proteomics,peebo_2015,rel0_abs0,all,filtered,838,oriC,0.0022088403602064204,271,-0.03162181035396854
proteomics,peebo_2015,rel0_abs0,all,filtered,838,ter,8.710343064395294e-8,261,-0.07987977969409207
proteomics,peebo_2015,rel0_abs0,all,filtered,789,oriC,0.6225026661881031,254,0.003547265732216277
proteomics,peebo_2015,rel0_abs0,all,filtered,789,ter,8.749063819468594e-4,246,-0.034034892909735284
proteomics,peebo_2015,rel0_abs0,all,filtered,858,oriC,3.896663919802386e-5,278,-0.07577357169819363
proteomics,peebo_2015,rel0_abs0,all,filtered,858,ter,1.9577129643580895e-11,266,-0.14718458180532557
proteomics,peebo_2015,rel0_abs0,all,filtered,781,oriC,0.05479227981992175,256,-0.03127557063537835
proteomics,peebo_2015,rel0_abs0,all,filtered,781,ter,3.5083814422265083e-5,244,-0.11503990446893726
proteomics,peebo_2015,rel0_abs0,all,filtered,846,oriC,6.225824904476041e-5,272,-0.09953902188143932
proteomics,peebo_2015,rel0_abs0,all,filtered,846,ter,7.243293087865573e-5,261,-0.1296699355733982
proteomics,peebo_2015,rel0_abs0,all,filtered,774,oriC,0.02743249223500379,250,-0.03381240077492631
proteomics,peebo_2015,rel0_abs0,all,filtered,774,ter,1.0202902545824691e-5,238,-0.11388010599865833
proteomics,peebo_2015,rel0_abs0,all,filtered,849,oriC,0.0018659431350860397,272,-0.08528877658309608
proteomics,peebo_2015,rel0_abs0,all,filtered,849,ter,1.7141297890160822e-5,265,-0.18341738710592947
proteomics,peebo_2015,rel0_abs0,all,filtered,738,oriC,0.08249692400059672,240,-0.020582691803180415
proteomics,peebo_2015,rel0_abs0,all,filtered,738,ter,0.0012845069286207534,231,-0.13543407294363935
proteomics,peebo_2015,rel0_abs0,all,filtered,973,oriC,0.6906315004684049,323,8.648847380444051e-4
proteomics,peebo_2015,rel0_abs0,all,filtered,973,ter,0.9794718951160045,299,0.0031158364774415553
proteomics,peebo_2015,rel0_abs0,all,filtered,969,oriC,0.793523961428905,319,0.010377160977916397
proteomics,peebo_2015,rel0_abs0,all,filtered,969,ter,0.35242620452118006,296,0.007058625494939515
proteomics,peebo_2015,rel0_abs0,all,filtered,986,oriC,0.021705893338394174,324,-0.05650551630695433
proteomics,peebo_2015,rel0_abs0,all,filtered,986,ter,9.506171601530335e-5,304,-0.1270478666766935
proteomics,peebo_2015,rel0_abs0,all,filtered,854,oriC,0.37459210887071587,269,-0.018848647514947598
proteomics,peebo_2015,rel0_abs0,all,filtered,854,ter,0.004080041338479365,268,-0.09078482392400825
proteomics,peebo_2015,rel0_abs0,all,filtered,1013,oriC,3.203225822342156e-7,330,-0.1694489435517507
proteomics,peebo_2015,rel0_abs0,all,filtered,1013,ter,2.5435629259099583e-10,312,-0.19531293235127872
proteomics,peebo_2015,rel0_abs0,all,filtered,816,oriC,0.024256695991787237,268,-0.11665448426969177
proteomics,peebo_2015,rel0_abs0,all,filtered,816,ter,3.957465977659794e-5,254,-0.13191422972642003
proteomics,peebo_2015,rel0_abs0,all,filtered,998,oriC,1.8000629956612327e-5,330,-0.1592372767431835
proteomics,peebo_2015,rel0_abs0,all,filtered,998,ter,3.151161911121244e-7,304,-0.20604386613347583
proteomics,peebo_2015,rel0_abs0,all,filtered,825,oriC,0.007143599925426434,264,-0.10410968262128227
proteomics,peebo_2015,rel0_abs0,all,filtered,825,ter,4.574060695723743e-7,254,-0.16075757651351297
proteomics,peebo_2015,rel0_abs0,all,filtered,995,oriC,9.274198534432238e-5,329,-0.15240768544200464
proteomics,peebo_2015,rel0_abs0,all,filtered,995,ter,1.8588826674277e-8,304,-0.21356598377130503
proteomics,peebo_2015,rel0_abs0,all,filtered,790,oriC,0.02421138974885461,258,-0.09551279312199476
proteomics,peebo_2015,rel0_abs0,all,filtered,790,ter,1.027355904523684e-6,249,-0.14117885708510516
proteomics,peebo_2015,rel0_abs0,all,filtered,982,oriC,0.019904542024470458,326,-0.07031969132500471
proteomics,peebo_2015,rel0_abs0,all,filtered,982,ter,0.0021663993559519644,304,-0.11281754900825355
proteomics,peebo_2015,rel0_abs0,all,filtered,839,oriC,0.24534987869879424,266,-0.049601737130364976
proteomics,peebo_2015,rel0_abs0,all,filtered,839,ter,0.0017639107519953367,264,-0.09037115037295207
proteomics,peebo_2015,rel0_abs0,all,filtered,1021,oriC,8.87961131674417e-8,333,-0.16223695596760165
proteomics,peebo_2015,rel0_abs0,all,filtered,1021,ter,5.818236631308766e-9,317,-0.1863899805024566
proteomics,peebo_2015,rel0_abs0,all,filtered,814,oriC,0.007861705960885586,271,-0.11386283994346577
proteomics,peebo_2015,rel0_abs0,all,filtered,814,ter,0.001476212580029097,249,-0.1649959077056812
proteomics,peebo_2015,rel0_abs0,all,filtered,1002,oriC,1.6694028967194359e-6,331,-0.16378321157153708
proteomics,peebo_2015,rel0_abs0,all,filtered,1002,ter,7.751727539557442e-8,310,-0.18298669620604424
proteomics,peebo_2015,rel0_abs0,all,filtered,836,oriC,0.0021114058130586315,270,-0.10829759723852067
proteomics,peebo_2015,rel0_abs0,all,filtered,836,ter,1.7676535957581645e-6,256,-0.1567762411890676
proteomics,peebo_2015,rel0_abs0,all,filtered,1020,oriC,2.2640615059018505e-6,333,-0.1532446871968553
proteomics,peebo_2015,rel0_abs0,all,filtered,1020,ter,2.9456855831794094e-8,318,-0.16509909226693711
proteomics,peebo_2015,rel0_abs0,all,filtered,779,oriC,0.005364996177627775,255,-0.06712967495553515
proteomics,peebo_2015,rel0_abs0,all,filtered,779,ter,1.1131862276647636e-6,247,-0.13717257747061531
proteomics,peebo_2015,rel0_abs0,all,filtered,949,oriC,0.016707098603777056,314,-0.0695997464859013
proteomics,peebo_2015,rel0_abs0,all,filtered,949,ter,3.716204233680721e-4,295,-0.14673782636496394
proteomics,peebo_2015,rel0_abs0,all,filtered,835,oriC,0.3779664241031481,267,-0.035660621318035005
proteomics,peebo_2015,rel0_abs0,all,filtered,835,ter,0.001961769276773854,262,-0.12682953576743122
proteomics,peebo_2015,rel0_abs0,all,filtered,963,oriC,9.310453746857847e-7,319,-0.1575874910244624
proteomics,peebo_2015,rel0_abs0,all,filtered,963,ter,4.414229432073787e-9,295,-0.20460442231041961
proteomics,peebo_2015,rel0_abs0,all,filtered,804,oriC,0.011272772102553225,268,-0.11838965844299325
proteomics,peebo_2015,rel0_abs0,all,filtered,804,ter,2.423528261123811e-5,249,-0.1593564913206761
proteomics,peebo_2015,rel0_abs0,all,filtered,950,oriC,7.159586616563367e-6,317,-0.18699080465254161
proteomics,peebo_2015,rel0_abs0,all,filtered,950,ter,1.6108363220582197e-8,289,-0.20880863300436311
proteomics,peebo_2015,rel0_abs0,all,filtered,812,oriC,0.0035023060529466013,266,-0.11322535092331787
proteomics,peebo_2015,rel0_abs0,all,filtered,812,ter,1.485593922456588e-7,253,-0.15957074372288094
proteomics,peebo_2015,rel0_abs0,all,filtered,958,oriC,8.208695621263264e-6,322,-0.14824576551715682
proteomics,peebo_2015,rel0_abs0,all,filtered,958,ter,4.905247485327274e-9,290,-0.18307858023690748
proteomics,peebo_2015,rel0_abs0,all,filtered,779,oriC,0.01611783633698691,256,-0.08109291668987315
proteomics,peebo_2015,rel0_abs0,all,filtered,779,ter,5.068777175660437e-8,249,-0.14207677412959974
proteomics,peebo_2015,rel0_abs0,all,filtered,841,oriC,0.18436887478583897,267,0.02157476895182814
proteomics,peebo_2015,rel0_abs0,all,filtered,841,ter,0.13765445586712405,265,0.015240209554531967
proteomics,peebo_2015,rel0_abs0,all,filtered,1013,oriC,2.6331530062904628e-9,337,-0.05293878886104657
proteomics,peebo_2015,rel0_abs0,all,filtered,1013,ter,1.9974115795848503e-12,311,-0.08424986147499484
proteomics,peebo_2015,rel0_abs0,all,filtered,816,oriC,0.1120111921815553,270,-0.028109112415751328
proteomics,peebo_2015,rel0_abs0,all,filtered,816,ter,0.034077487750924305,252,-0.024391603676630534
proteomics,peebo_2015,rel0_abs0,all,filtered,1002,oriC,1.9155799819168187e-5,334,-0.05244290309831906
proteomics,peebo_2015,rel0_abs0,all,filtered,1002,ter,2.0077133367900677e-4,307,-0.06667564032846439
proteomics,peebo_2015,rel0_abs0,all,filtered,825,oriC,0.3077345588405321,266,-0.0017635349751125207
proteomics,peebo_2015,rel0_abs0,all,filtered,825,ter,0.015786016228771134,256,-0.029550073566443125
proteomics,peebo_2015,rel0_abs0,all,filtered,1002,oriC,0.0019065057886296043,333,-0.0427341194011196
proteomics,peebo_2015,rel0_abs0,all,filtered,1002,ter,0.0014846465473356252,308,-0.08639319888906982
proteomics,peebo_2015,rel0_abs0,all,filtered,785,oriC,0.4126580518858416,256,0.015799108998089118
proteomics,peebo_2015,rel0_abs0,all,filtered,785,ter,0.046358273335886116,250,-0.016451688012261288
proteomics,peebo_2015,rel0_abs0,all,filtered,862,oriC,1.2057205468221939e-8,270,-0.07391242650921073
proteomics,peebo_2015,rel0_abs0,all,filtered,862,ter,3.492883506891308e-13,272,-0.10517966038589067
proteomics,peebo_2015,rel0_abs0,all,filtered,782,oriC,6.854862040221901e-4,257,-0.02551843793991266
proteomics,peebo_2015,rel0_abs0,all,filtered,782,ter,1.1216270434655466e-5,244,-0.05851590070829252
proteomics,peebo_2015,rel0_abs0,all,filtered,846,oriC,4.88599566903905e-6,264,-0.07472379837889037
proteomics,peebo_2015,rel0_abs0,all,filtered,846,ter,1.0970347148058296e-6,268,-0.10927093681268812
proteomics,peebo_2015,rel0_abs0,all,filtered,766,oriC,0.020010279605663844,243,-0.008893715331622155
proteomics,peebo_2015,rel0_abs0,all,filtered,766,ter,5.005590880534513e-6,240,-0.09095799484750736
proteomics,peebo_2015,rel0_abs0,all,filtered,854,oriC,0.0017897219751841864,268,-0.06663989105438559
proteomics,peebo_2015,rel0_abs0,all,filtered,854,ter,4.592802466847135e-5,270,-0.10829936608781084
proteomics,peebo_2015,rel0_abs0,all,filtered,739,oriC,0.03844846162495979,238,-0.02155795125084918
proteomics,peebo_2015,rel0_abs0,all,filtered,739,ter,0.003858727744029172,235,-0.15374930013305263
proteomics,peebo_2015,rel0_abs0,all,filtered,830,oriC,0.0024828014807630693,274,0.028416649070285203
proteomics,peebo_2015,rel0_abs0,all,filtered,830,ter,4.2844931643540253e-4,257,0.041077775604459486
proteomics,peebo_2015,rel0_abs0,all,filtered,1042,oriC,0.40625148147766715,341,-0.0067062179813303265
proteomics,peebo_2015,rel0_abs0,all,filtered,1042,ter,0.3013228093329778,318,-0.020759389846446912
proteomics,peebo_2015,rel0_abs0,all,filtered,840,oriC,0.17988406724964717,272,0.042785985694227265
proteomics,peebo_2015,rel0_abs0,all,filtered,840,ter,0.9428613263200345,255,0.0035964060368664824
proteomics,peebo_2015,rel0_abs0,all,filtered,1053,oriC,0.7589139664948602,344,0.0052555548352777905
proteomics,peebo_2015,rel0_abs0,all,filtered,1053,ter,0.8262122411576627,324,0.0037771300976815257
proteomics,peebo_2015,rel0_abs0,all,filtered,796,oriC,0.5738989341541498,260,0.07199184186878063
proteomics,peebo_2015,rel0_abs0,all,filtered,796,ter,0.5768238269999171,251,0.055145992053067895
proteomics,peebo_2015,rel0_abs0,all,filtered,820,oriC,1.6828542478221017e-5,269,-0.04568964302075129
proteomics,peebo_2015,rel0_abs0,all,filtered,820,ter,1.2546388972721085e-4,255,-0.05745230281724558
proteomics,peebo_2015,rel0_abs0,all,filtered,756,oriC,0.09394392224645408,250,0.007547788963955936
proteomics,peebo_2015,rel0_abs0,all,filtered,756,ter,2.759595810767365e-4,233,-0.042024088562799586
proteomics,peebo_2015,rel0_abs0,all,filtered,820,oriC,0.01225791777807056,271,-0.02056371748895951
proteomics,peebo_2015,rel0_abs0,all,filtered,820,ter,0.009237518169401228,253,-0.05231499991150929
proteomics,peebo_2015,rel0_abs0,all,filtered,737,oriC,0.22730764691030625,241,0.009149373992875036
proteomics,peebo_2015,rel0_abs0,all,filtered,737,ter,0.13785154586860365,230,-0.0036434836808992236
proteomics,peebo_2015,rel0_abs0,all,filtered,830,oriC,0.006328299661567765,269,0.044020790572735
proteomics,peebo_2015,rel0_abs0,all,filtered,830,ter,0.10061638032913386,253,0.021350215334645848
proteomics,peebo_2015,rel0_abs0,all,filtered,1040,oriC,0.02520260534323651,344,0.031963338716561464
proteomics,peebo_2015,rel0_abs0,all,filtered,1040,ter,0.5767374961590939,320,0.0147233008657944
proteomics,peebo_2015,rel0_abs0,all,filtered,793,oriC,0.07299884725346352,258,0.08663047668199253
proteomics,peebo_2015,rel0_abs0,all,filtered,793,ter,0.6401296824001129,252,0.08526081436928601
proteomics,peebo_2015,rel0_abs0,all,filtered,836,oriC,0.04162844298477089,273,-0.02032676408940564
proteomics,peebo_2015,rel0_abs0,all,filtered,836,ter,0.37747081664089194,255,-0.0021739871675871348
proteomics,peebo_2015,rel0_abs0,all,filtered,728,oriC,0.6755052970235069,236,0.01946112349789915
proteomics,peebo_2015,rel0_abs0,all,filtered,728,ter,0.6717628359403636,228,0.044918824948263374
proteomics,peebo_2015,rel0_abs0,all,filtered,796,oriC,0.33206311409937395,259,0.052890887674923434
proteomics,peebo_2015,rel0_abs0,all,filtered,796,ter,0.37207034116292875,253,0.0597261793339221
proteomics,li_2014_all,rel0_abs0,all,filtered,2819,oriC,2.7693817604189644e-8,945,-0.2894476259848677
proteomics,li_2014_all,rel0_abs0,all,filtered,2819,ter,2.8715085784496946e-40,917,-0.5783543027844306
proteomics,li_2014_all,rel0_abs0,all,filtered,3345,oriC,3.8114669670216274e-5,1113,-0.2515695107971686
proteomics,li_2014_all,rel0_abs0,all,filtered,3345,ter,1.936091345974884e-40,1105,-0.6611182348680104
proteomics,li_2014_all,rel0_abs0,all,filtered,3096,oriC,0.005748439426905522,1032,0.12998535031998332
proteomics,li_2014_all,rel0_abs0,all,filtered,3096,ter,0.49646839788921804,1034,0.06028876216852361
proteomics,valgepea_2013_prot,rel0_abs0,all,filtered,1130,oriC,1.577069809969878e-8,392,0.06916981282060991
proteomics,valgepea_2013_prot,rel0_abs0,all,filtered,1130,ter,0.004877456945803957,353,0.08548076670523301
proteomics,valgepea_2013_prot,rel0_abs0,all,filtered,1132,oriC,0.19334829502320075,393,0.025841652395080014
proteomics,valgepea_2013_prot,rel0_abs0,all,filtered,1132,ter,0.41696385651021095,349,0.04626286193915475
proteomics,valgepea_2013_prot,rel0_abs0,all,filtered,1120,oriC,0.5109507078837959,387,-0.050672678293905364
proteomics,valgepea_2013_prot,rel0_abs0,all,filtered,1120,ter,0.5389096468472614,340,-0.028501191475453432
proteomics,valgepea_2013_prot,rel0_abs0,all,filtered,1103,oriC,0.3947042792625888,382,-0.10179733548700404
proteomics,valgepea_2013_prot,rel0_abs0,all,filtered,1103,ter,0.3128266926007272,336,-0.06856983539164813
proteomics,valgepea_2013_prot,rel0_abs0,all,filtered,1113,oriC,5.342001393076652e-4,387,-0.05807224667007045
proteomics,valgepea_2013_prot,rel0_abs0,all,filtered,1113,ter,0.03818576472095602,343,-0.041574583647429095
proteomics,valgepea_2013_prot,rel0_abs0,all,filtered,1093,oriC,8.646288353085993e-6,376,-0.12522981719831625
proteomics,valgepea_2013_prot,rel0_abs0,all,filtered,1093,ter,3.427631041854865e-5,336,-0.12464222977912648
proteomics,valgepea_2013_prot,rel0_abs0,all,filtered,1084,oriC,3.965444688446962e-5,376,-0.17821042764227377
proteomics,valgepea_2013_prot,rel0_abs0,all,filtered,1084,ter,0.0010407454952948729,332,-0.15288691821303568
proteomics,valgepea_2013_prot,rel0_abs0,all,filtered,1102,oriC,2.3917414666459683e-9,380,-0.08453605060292815
proteomics,valgepea_2013_prot,rel0_abs0,all,filtered,1102,ter,1.3334040692736418e-12,338,-0.08606228852705956
proteomics,valgepea_2013_prot,rel0_abs0,all,filtered,1104,oriC,0.0015584740028787368,381,-0.11948752429168205
proteomics,valgepea_2013_prot,rel0_abs0,all,filtered,1104,ter,1.675914614292634e-4,338,-0.0821577614084785
proteomics,valgepea_2013_prot,rel0_abs0,all,filtered,1099,oriC,0.2392094050198031,377,-0.02062631443644648
proteomics,valgepea_2013_prot,rel0_abs0,all,filtered,1099,ter,0.4331226847124147,337,-0.007237357814632564
proteomics,Goelzer_2015,rel0_abs0,all,filtered,639,oriC,0.02289601306143349,191,-0.31209734942814216
proteomics,Goelzer_2015,rel0_abs0,all,filtered,639,ter,3.0106263403419244e-7,221,-0.4413557951827352
proteomics,Goelzer_2015,rel0_abs0,all,filtered,614,oriC,0.008191977807823464,186,-0.40794999559771833
proteomics,Goelzer_2015,rel0_abs0,all,filtered,614,ter,2.101372417481924e-8,209,-0.6617563946709413
proteomics,Goelzer_2015,rel0_abs0,all,filtered,587,oriC,0.06324679514310282,174,-0.31906047714892843
proteomics,Goelzer_2015,rel0_abs0,all,filtered,587,ter,4.361010967768235e-7,198,-0.5644933708720181
proteomics,Goelzer_2015,rel0_abs0,all,filtered,536,oriC,0.14896703466346833,162,-0.3438799397563074
proteomics,Goelzer_2015,rel0_abs0,all,filtered,536,ter,0.0010856971243105372,191,-0.41345469560009607
proteomics,Goelzer_2015,rel0_abs0,all,filtered,909,oriC,0.6572746892362604,268,-0.0219657088066484
proteomics,Goelzer_2015,rel0_abs0,all,filtered,909,ter,6.970131280045854e-5,323,-0.1745004302982766
proteomics,Goelzer_2015,rel0_abs0,all,filtered,765,oriC,0.8082060537849283,221,0.01358813989438514
proteomics,Goelzer_2015,rel0_abs0,all,filtered,765,ter,0.182315473491155,275,-0.08998804793774003
proteomics,Goelzer_2015,rel0_abs0,all,filtered,784,oriC,0.38269781881791115,226,0.048483568665785196
proteomics,Goelzer_2015,rel0_abs0,all,filtered,784,ter,0.7370475631653683,287,0.0448009542243038
proteomics,Goelzer_2015,rel0_abs0,all,filtered,783,oriC,0.29056965469487817,226,0.06979398033698932
proteomics,Goelzer_2015,rel0_abs0,all,filtered,783,ter,0.9696733987427781,287,0.04925272575133561
proteomics,Goelzer_2015,rel0_abs0,all,filtered,855,oriC,0.039739114658909926,248,0.20480684072452354
proteomics,Goelzer_2015,rel0_abs0,all,filtered,855,ter,0.23531493617402433,311,0.15310888803915848
proteomics,Goelzer_2015,rel0_abs0,all,filtered,777,oriC,0.9815611256539432,231,0.0224068309530498
proteomics,Goelzer_2015,rel0_abs0,all,filtered,777,ter,4.861585054943663e-5,279,0.23582676467211605
proteomics,zhu_B_subtilis,rel0_abs0,all,filtered,1864,oriC,0.22880778165723928,593,-0.009084408160167628
proteomics,zhu_B_subtilis,rel0_abs0,all,filtered,1864,ter,0.24857886936601764,616,-0.02900006800674134
proteomics,zhu_B_subtilis,rel0_abs0,all,filtered,897,oriC,4.2626916690304895e-27,257,0.39091469933265127
proteomics,zhu_B_subtilis,rel0_abs0,all,filtered,897,ter,1.1028745636267168e-28,323,0.3326686508480288
proteomics,zhu_B_subtilis,rel0_abs0,all,filtered,1829,oriC,3.8070196183352477e-13,582,-0.5081844418630553
proteomics,zhu_B_subtilis,rel0_abs0,all,filtered,1829,ter,6.95778535192833e-11,604,-0.4476280580499471
proteomics,zhu_B_subtilis,rel0_abs0,all,filtered,900,oriC,1.6705959997723448e-16,260,0.28550966045176085
proteomics,zhu_B_subtilis,rel0_abs0,all,filtered,900,ter,6.461020771085101e-17,322,0.3423660211007403
proteomics,zhu_B_subtilis,rel0_abs0,all,filtered,899,oriC,1.2989874144487073e-4,260,0.17864233355217557
proteomics,zhu_B_subtilis,rel0_abs0,all,filtered,899,ter,2.4128562290952864e-7,321,0.26498169648021436
proteomics,zhu_B_subtilis,rel0_abs0,all,filtered,1718,oriC,2.669172677193512e-6,554,-0.21619674807039535
proteomics,zhu_B_subtilis,rel0_abs0,all,filtered,1718,ter,3.4917309674572645e-5,578,-0.2578746672166464
proteomics,zhu_B_subtilis,rel0_abs0,all,filtered,1499,oriC,0.024373861417457236,489,-0.2539153763207673
proteomics,zhu_B_subtilis,rel0_abs0,all,filtered,1499,ter,0.03515512042594383,515,-0.18897953880052454
proteomics,zhu_B_subtilis,rel0_abs0,all,filtered,823,oriC,0.0050349715355032,243,0.1476191730911734
proteomics,zhu_B_subtilis,rel0_abs0,all,filtered,823,ter,0.036930313015270985,302,0.19363929054475576
proteomics,zhu_B_subtilis,rel0_abs0,all,filtered,736,oriC,0.0080306754717016475,220,0.20885743781295313
proteomics,zhu_B_subtilis,rel0_abs0,all,filtered,736,ter,0.5649356351911152,280,0.11420568893843727
proteomics,zhu_B_subtilis,rel0_abs0,all,filtered,894,oriC,1.0658877892818198e-13,255,0.3324171852114606
proteomics,zhu_B_subtilis,rel0_abs0,all,filtered,894,ter,2.7953677599119406e-23,322,0.29345886582164615
proteomics,zhu_B_subtilis,rel0_abs0,all,filtered,1862,oriC,5.2101830231226864e-20,593,-0.6591728307068858
proteomics,zhu_B_subtilis,rel0_abs0,all,filtered,1862,ter,2.0819910883941587e-11,611,-0.46052222759991795
proteomics,zhu_B_subtilis,rel0_abs0,all,filtered,902,oriC,1.7067951772805277e-18,261,0.2611783191578764
proteomics,zhu_B_subtilis,rel0_abs0,all,filtered,902,ter,3.7514513306306223e-31,323,0.3258499437693621
proteomics,zhu_B_subtilis,rel0_abs0,all,filtered,904,oriC,1.1492149747318715e-4,262,0.1587442721961248
proteomics,zhu_B_subtilis,rel0_abs0,all,filtered,904,ter,9.24670864645939e-12,323,0.24507009890462012
proteomics,zhu_B_subtilis,rel0_abs0,all,filtered,1743,oriC,1.253412885440934e-7,566,-0.22363943203389214
proteomics,zhu_B_subtilis,rel0_abs0,all,filtered,1743,ter,1.9540672293608363e-4,582,-0.186808931876662
proteomics,zhu_B_subtilis,rel0_abs0,all,filtered,1503,oriC,0.21873809374046035,499,-0.15118179787242542
proteomics,zhu_B_subtilis,rel0_abs0,all,filtered,1503,ter,0.3464473523489695,508,-0.05690412157466
proteomics,zhu_B_subtilis,rel0_abs0,all,filtered,828,oriC,0.0110991497670277,247,0.160256928221839
proteomics,zhu_B_subtilis,rel0_abs0,all,filtered,828,ter,0.003248011598420955,301,0.2644488602205448
proteomics,zhu_B_subtilis,rel0_abs0,all,filtered,734,oriC,0.004199380029198207,219,0.29117340869118435
proteomics,zhu_B_subtilis,rel0_abs0,all,filtered,734,ter,0.04159210800140357,279,0.20362162282837146
proteomics,zhu_B_subtilis,rel0_abs0,all,filtered,894,oriC,8.734240290060598e-13,254,-0.29139021574551766
proteomics,zhu_B_subtilis,rel0_abs0,all,filtered,894,ter,6.140998794259188e-13,322,-0.24196330073726136
proteomics,zhu_B_subtilis,rel0_abs0,all,filtered,894,oriC,6.432466772657277e-5,255,-0.06232400971974927
proteomics,zhu_B_subtilis,rel0_abs0,all,filtered,894,ter,0.4049118920100294,321,-0.00638318300937436
proteomics,zhu_B_subtilis,rel0_abs0,all,filtered,888,oriC,1.5080948533646183e-8,251,-0.19266750260531437
proteomics,zhu_B_subtilis,rel0_abs0,all,filtered,888,ter,0.0011929177029839507,320,-0.10454902130581797
proteomics,zhu_B_subtilis,rel0_abs0,all,filtered,832,oriC,2.9179889873633678e-8,240,-0.3746591026811134
proteomics,zhu_B_subtilis,rel0_abs0,all,filtered,832,ter,3.1659301821199973e-13,309,-0.3666047475935218
proteomics,zhu_B_subtilis,rel0_abs0,all,filtered,725,oriC,8.047257367977346e-6,218,-0.45511315797008534
proteomics,zhu_B_subtilis,rel0_abs0,all,filtered,725,ter,9.923627820194126e-7,278,-0.2894917765615974
proteomics,zhu_B_subtilis,rel0_abs0,all,filtered,815,oriC,5.475659787007727e-4,238,-0.15054016232020984
proteomics,zhu_B_subtilis,rel0_abs0,all,filtered,815,ter,0.0035244182738128436,298,-0.12522232860845917
proteomics,zhu_B_subtilis,rel0_abs0,all,filtered,726,oriC,0.01129109860596071,217,-0.1647989509736251
proteomics,zhu_B_subtilis,rel0_abs0,all,filtered,726,ter,0.0012194771037165144,277,-0.12224510778044334
proteomics,zhu_B_subtilis,rel0_abs0,all,filtered,903,oriC,1.353122034120353e-19,260,0.2543641630878116
proteomics,zhu_B_subtilis,rel0_abs0,all,filtered,903,ter,4.720687459782129e-27,323,0.22238131416034926
proteomics,zhu_B_subtilis,rel0_abs0,all,filtered,908,oriC,9.429708765687454e-9,262,0.10958085494558545
proteomics,zhu_B_subtilis,rel0_abs0,all,filtered,908,ter,3.3190277443431127e-16,324,0.16952533552920468
proteomics,zhu_B_subtilis,rel0_abs0,all,filtered,1788,oriC,1.1172199363790656e-7,582,0.306280970619245
proteomics,zhu_B_subtilis,rel0_abs0,all,filtered,1788,ter,0.009049865214881683,591,0.1721253851714231
proteomics,zhu_B_subtilis,rel0_abs0,all,filtered,1561,oriC,2.804297458921295e-5,508,0.36836392506468474
proteomics,zhu_B_subtilis,rel0_abs0,all,filtered,1561,ter,0.005748208194414011,534,0.20034332198180843
proteomics,zhu_B_subtilis,rel0_abs0,all,filtered,834,oriC,9.181908811481977e-4,247,0.135059283220463
proteomics,zhu_B_subtilis,rel0_abs0,all,filtered,834,ter,1.0103246060060643e-4,303,0.18436575212911732
proteomics,zhu_B_subtilis,rel0_abs0,all,filtered,743,oriC,0.00632008235884629,219,0.270572895978254
proteomics,zhu_B_subtilis,rel0_abs0,all,filtered,743,ter,0.050297962694193746,282,0.14436409124310556
proteomics,zhu_B_subtilis,rel0_abs0,all,filtered,899,oriC,2.129507790037402e-9,259,-0.11079393082631242
proteomics,zhu_B_subtilis,rel0_abs0,all,filtered,899,ter,1.0490543822603648e-8,321,-0.06898452736121402
proteomics,zhu_B_subtilis,rel0_abs0,all,filtered,837,oriC,3.390875672283265e-8,247,-0.32822910109933895
proteomics,zhu_B_subtilis,rel0_abs0,all,filtered,837,ter,2.1458268217556197e-14,305,-0.2985317454151159
proteomics,zhu_B_subtilis,rel0_abs0,all,filtered,731,oriC,8.975072453191795e-4,219,-0.288009208999465
proteomics,zhu_B_subtilis,rel0_abs0,all,filtered,731,ter,8.548696898457665e-6,275,-0.24515280368863276
proteomics,zhu_B_subtilis,rel0_abs0,all,filtered,825,oriC,0.023139441426613765,244,-0.0889044255170719
proteomics,zhu_B_subtilis,rel0_abs0,all,filtered,825,ter,0.021642018493140132,300,-0.056921649322467
proteomics,zhu_B_subtilis,rel0_abs0,all,filtered,731,oriC,0.44902373734006085,217,-0.05250776685240047
proteomics,zhu_B_subtilis,rel0_abs0,all,filtered,731,ter,0.006216890128005449,276,-0.06860990113098189
proteomics,zhu_B_subtilis,rel0_abs0,all,filtered,848,oriC,2.0988794873009228e-4,247,-0.20267197831302142
proteomics,zhu_B_subtilis,rel0_abs0,all,filtered,848,ter,1.5640379053716671e-12,311,-0.21543632294089968
proteomics,zhu_B_subtilis,rel0_abs0,all,filtered,742,oriC,0.08446989580434908,222,-0.14892029893934938
proteomics,zhu_B_subtilis,rel0_abs0,all,filtered,742,ter,2.1764654911489545e-5,281,-0.20168653287402555
proteomics,zhu_B_subtilis,rel0_abs0,all,filtered,831,oriC,0.23953625706683584,246,0.07140440075025166
proteomics,zhu_B_subtilis,rel0_abs0,all,filtered,831,ter,0.7871809890876817,301,0.023171682363877278
proteomics,zhu_B_subtilis,rel0_abs0,all,filtered,742,oriC,0.24065885083697636,219,0.11571844548119588
proteomics,zhu_B_subtilis,rel0_abs0,all,filtered,742,ter,0.16634916594461407,281,-0.004993309222163978
proteomics,zhu_B_subtilis,rel0_abs0,all,filtered,1618,oriC,0.20023502761345358,526,0.02883999653711767
proteomics,zhu_B_subtilis,rel0_abs0,all,filtered,1618,ter,0.39163285537245074,556,0.005760133131485169
proteomics,zhu_B_subtilis,rel0_abs0,all,filtered,833,oriC,2.7348812492796656e-15,245,0.2495924867172993
proteomics,zhu_B_subtilis,rel0_abs0,all,filtered,833,ter,3.190298113616942e-24,304,0.2577859002674703
proteomics,zhu_B_subtilis,rel0_abs0,all,filtered,746,oriC,1.1421184195218594e-9,220,0.30602930677460655
proteomics,zhu_B_subtilis,rel0_abs0,all,filtered,746,ter,4.42262506159717e-9,285,0.21070457797113148
proteomics,zhu_B_subtilis,rel0_abs0,all,filtered,752,oriC,4.77897116655034e-6,230,0.3543966777588692
proteomics,zhu_B_subtilis,rel0_abs0,all,filtered,752,ter,7.6988528268146e-12,282,0.27889149977548644
proteomics,zhu_B_subtilis,rel0_abs0,all,filtered,742,oriC,1.0153522780814648e-15,223,0.24636825159722595
proteomics,zhu_B_subtilis,rel0_abs0,all,filtered,742,ter,9.465873123291434e-13,282,0.1948384655598812
proteomics,zhu_B_subtilis,rel0_abs0,all,filtered,732,oriC,0.5611876284244202,219,-0.004221282044463656
proteomics,zhu_B_subtilis,rel0_abs0,all,filtered,732,ter,0.001470926257412588,278,-0.05262641707903934
proteomics,zhu_E_coli,rel0_abs0,all,filtered,1115,oriC,4.39829347684478e-6,407,0.04046861076924325
proteomics,zhu_E_coli,rel0_abs0,all,filtered,1115,ter,0.09982487458450817,336,0.024773828978407745
proteomics,zhu_E_coli,rel0_abs0,all,filtered,1094,oriC,0.020801570450041412,395,-0.0841366072777022
proteomics,zhu_E_coli,rel0_abs0,all,filtered,1094,ter,0.39600000076061076,334,0.01564669494612347
proteomics,zhu_E_coli,rel0_abs0,all,filtered,1099,oriC,0.011684655255840979,401,-0.03268731092505336
proteomics,zhu_E_coli,rel0_abs0,all,filtered,1099,ter,0.6100900667013878,331,-0.005804651229129263
proteomics,zhu_E_coli,rel0_abs0,all,filtered,1082,oriC,0.0014748722562867933,394,-0.11861843245349454
proteomics,zhu_E_coli,rel0_abs0,all,filtered,1082,ter,0.13491848979279372,328,-0.04139655980565081
proteomics,zhu_E_coli,rel0_abs0,all,filtered,1027,oriC,2.2729891864318547e-6,367,-0.20359754294108492
proteomics,zhu_E_coli,rel0_abs0,all,filtered,1027,ter,2.759580274931655e-7,317,-0.3439845188834058
proteomics,zhu_E_coli,rel0_abs0,all,filtered,1104,oriC,0.028214999610670012,398,-0.03688869647240629
proteomics,zhu_E_coli,rel0_abs0,all,filtered,1104,ter,0.31147430648395563,335,0.06413338175885537
proteomics,zhu_E_coli,rel0_abs0,all,filtered,1092,oriC,1.4979845964136172e-5,392,-0.12150266014733349
proteomics,zhu_E_coli,rel0_abs0,all,filtered,1092,ter,0.083859880903765,334,-0.058237878495698656
proteomics,zhu_E_coli,rel0_abs0,all,filtered,1055,oriC,0.005032058294348037,377,-0.08943221724604682
proteomics,zhu_E_coli,rel0_abs0,all,filtered,1055,ter,0.023529172180984173,328,-0.14051085587962858
proteomics,zhu_E_coli,rel0_abs0,all,filtered,956,oriC,9.673490075251931e-5,346,-0.2641911051583068
proteomics,zhu_E_coli,rel0_abs0,all,filtered,956,ter,1.7316536592404552e-10,295,-0.5273628750451999
proteomics,zhu_E_coli,rel0_abs0,all,filtered,966,oriC,0.42852857763632385,347,-0.012040855979660692
proteomics,zhu_E_coli,rel0_abs0,all,filtered,966,ter,2.2140684924387374e-6,299,-0.3437739296691814
proteomics,zhu_E_coli,rel0_abs0,all,filtered,1096,oriC,1.3952473500705693e-4,395,-0.12823446489271406
proteomics,zhu_E_coli,rel0_abs0,all,filtered,1096,ter,0.500727008844881,335,-0.023386739250798545
proteomics,zhu_E_coli,rel0_abs0,all,filtered,1104,oriC,2.7156602805589376e-5,401,-0.08867478695629338
proteomics,zhu_E_coli,rel0_abs0,all,filtered,1104,ter,0.534651159416349,335,-0.04540048585238026
proteomics,zhu_E_coli,rel0_abs0,all,filtered,1092,oriC,5.452782198641744e-7,397,-0.1523466882637305
proteomics,zhu_E_coli,rel0_abs0,all,filtered,1092,ter,0.029288593752701025,333,-0.06279282098222749
proteomics,zhu_E_coli,rel0_abs0,all,filtered,1036,oriC,3.3203332952272465e-9,370,-0.2571050547074293
proteomics,zhu_E_coli,rel0_abs0,all,filtered,1036,ter,2.1769923524295525e-8,322,-0.34863403232912976
proteomics,zhu_E_coli,rel0_abs0,all,filtered,1110,oriC,7.397133511188318e-4,400,-0.06432109058347257
proteomics,zhu_E_coli,rel0_abs0,all,filtered,1110,ter,0.4157774316994478,339,0.03276352291310243
proteomics,zhu_E_coli,rel0_abs0,all,filtered,1097,oriC,2.486274921152384e-8,395,-0.1562611059954631
proteomics,zhu_E_coli,rel0_abs0,all,filtered,1097,ter,0.02666150901432392,336,-0.057755704910547996
proteomics,zhu_E_coli,rel0_abs0,all,filtered,1056,oriC,2.574358904082985e-4,378,-0.12581916780306834
proteomics,zhu_E_coli,rel0_abs0,all,filtered,1056,ter,0.0098739147516362525,329,-0.18729921609057196
proteomics,zhu_E_coli,rel0_abs0,all,filtered,961,oriC,1.597581500130519e-6,349,-0.2834586287195533
proteomics,zhu_E_coli,rel0_abs0,all,filtered,961,ter,5.970594710331637e-12,294,-0.5148283675273372
proteomics,zhu_E_coli,rel0_abs0,all,filtered,965,oriC,0.17335916427542375,346,-0.029555655039794845
proteomics,zhu_E_coli,rel0_abs0,all,filtered,965,ter,2.1393865282842743e-8,300,-0.3986116417961263
proteomics,zhu_E_coli,rel0_abs0,all,filtered,1071,oriC,0.34566050963226513,383,0.09012339856022744
proteomics,zhu_E_coli,rel0_abs0,all,filtered,1071,ter,0.7511800938783593,327,0.05464795084993542
proteomics,zhu_E_coli,rel0_abs0,all,filtered,1693,oriC,4.932884731966344e-6,577,-0.0703510906695914
proteomics,zhu_E_coli,rel0_abs0,all,filtered,1693,ter,4.112725419100836e-10,540,-0.11425142101869232
proteomics,zhu_E_coli,rel0_abs0,all,filtered,1005,oriC,0.03822072320500944,358,-0.09710606432146857
proteomics,zhu_E_coli,rel0_abs0,all,filtered,1005,ter,0.0010594398862265278,312,-0.2963541710580143
proteomics,zhu_E_coli,rel0_abs0,all,filtered,1654,oriC,0.0043499282579944855,560,-0.19624074891290982
proteomics,zhu_E_coli,rel0_abs0,all,filtered,1654,ter,2.2709830793400724e-6,527,-0.3946038861283613
proteomics,zhu_E_coli,rel0_abs0,all,filtered,1671,oriC,0.4638916801023135,567,0.028466980353935783
proteomics,zhu_E_coli,rel0_abs0,all,filtered,1671,ter,9.789760109851502e-4,531,-0.09557879036710366
proteomics,zhu_E_coli,rel0_abs0,all,filtered,1624,oriC,0.5501008426998912,546,0.035075239131411376
proteomics,zhu_E_coli,rel0_abs0,all,filtered,1624,ter,1.0481413787906516e-6,526,-0.2820850263723207
proteomics,zhu_E_coli,rel0_abs0,all,filtered,932,oriC,0.30714303185345476,338,-0.0698680651314646
proteomics,zhu_E_coli,rel0_abs0,all,filtered,932,ter,8.397469969626464e-9,284,-0.4989192432406853
proteomics,zhu_E_coli,rel0_abs0,all,filtered,1516,oriC,0.5929624443511061,522,0.013010359817707765
proteomics,zhu_E_coli,rel0_abs0,all,filtered,1516,ter,8.219319458511737e-12,475,-0.4095672580692903
proteomics,zhu_E_coli,rel0_abs0,all,filtered,1067,oriC,0.12145815275330377,386,-0.0852074447280338
proteomics,zhu_E_coli,rel0_abs0,all,filtered,1067,ter,0.10552595936808509,325,-0.10532435287518269
proteomics,zhu_E_coli,rel0_abs0,all,filtered,1038,oriC,4.384727932916724e-4,366,-0.12106098276708417
proteomics,zhu_E_coli,rel0_abs0,all,filtered,1038,ter,3.5708060494518386e-10,328,-0.21787670777662713
proteomics,zhu_E_coli,rel0_abs0,all,filtered,1103,oriC,0.89099049679315,394,0.008112214805723795
proteomics,zhu_E_coli,rel0_abs0,all,filtered,1103,ter,0.002723879363861233,339,0.07045774484651965
proteomics,zhu_E_coli,rel0_abs0,all,filtered,1089,oriC,0.0027323604376756775,388,-0.06134332594489422
proteomics,zhu_E_coli,rel0_abs0,all,filtered,1089,ter,0.17011317394258252,336,-0.03699375856668187
proteomics,zhu_E_coli,rel0_abs0,all,filtered,1050,oriC,0.7729043238395907,371,7.617873902897868e-5
proteomics,zhu_E_coli,rel0_abs0,all,filtered,1050,ter,0.6894906844705321,330,0.022541420065851046
proteomics,zhu_E_coli,rel0_abs0,all,filtered,967,oriC,0.0786664450212486,345,-0.16416943747530066
proteomics,zhu_E_coli,rel0_abs0,all,filtered,967,ter,4.844358812867496e-13,300,-0.3985387820666322
proteomics,zhu_E_coli,rel0_abs0,all,filtered,965,oriC,0.06821193105623348,337,0.09435662760561249
proteomics,zhu_E_coli,rel0_abs0,all,filtered,965,ter,3.935019093774517e-6,304,-0.27567474704089856
proteomics,zhu_E_coli,rel0_abs0,all,filtered,1007,oriC,0.18764218973414976,357,-0.024865078542713265
proteomics,zhu_E_coli,rel0_abs0,all,filtered,1007,ter,0.008175271370564308,315,-0.2024247575484318
proteomics,zhu_E_coli,rel0_abs0,all,filtered,1670,oriC,0.11747084445801381,570,-0.07177918384686924
proteomics,zhu_E_coli,rel0_abs0,all,filtered,1670,ter,0.1786945211485029,529,-0.22730921074419547
proteomics,zhu_E_coli,rel0_abs0,all,filtered,1693,oriC,0.14685336795464543,577,0.05281252699740672
proteomics,zhu_E_coli,rel0_abs0,all,filtered,1693,ter,0.9503487023056694,537,0.027789395768739046
proteomics,zhu_E_coli,rel0_abs0,all,filtered,1653,oriC,0.10006757421654282,555,0.08559951621372001
proteomics,zhu_E_coli,rel0_abs0,all,filtered,1653,ter,0.013335383296102206,533,-0.08645192661187315
proteomics,zhu_E_coli,rel0_abs0,all,filtered,940,oriC,0.5217931936206907,341,-0.0514386539078188
proteomics,zhu_E_coli,rel0_abs0,all,filtered,940,ter,2.2767290978503523e-8,291,-0.37851890974784314
proteomics,zhu_E_coli,rel0_abs0,all,filtered,1541,oriC,0.005230420859336549,517,0.10446804111169515
proteomics,zhu_E_coli,rel0_abs0,all,filtered,1541,ter,8.222854636316578e-12,491,-0.33416526190287493
proteomics,zhu_E_coli,rel0_abs0,all,filtered,1037,oriC,0.0019738530055578222,366,0.12542608393267854
proteomics,zhu_E_coli,rel0_abs0,all,filtered,1037,ter,2.3373205071827097e-10,326,0.3260076476130963
proteomics,zhu_E_coli,rel0_abs0,all,filtered,1029,oriC,0.36190986416368276,361,0.052467729793900464
proteomics,zhu_E_coli,rel0_abs0,all,filtered,1029,ter,7.03334433504355e-7,326,0.2629323473148266
proteomics,zhu_E_coli,rel0_abs0,all,filtered,1035,oriC,0.014684970264215233,369,0.09228956634315681
proteomics,zhu_E_coli,rel0_abs0,all,filtered,1035,ter,0.019405304049708222,327,0.14428415718049034
proteomics,zhu_E_coli,rel0_abs0,all,filtered,958,oriC,0.8336700583886861,346,-0.03769851338088515
proteomics,zhu_E_coli,rel0_abs0,all,filtered,958,ter,2.237997838547641e-12,300,-0.24640372020909823
proteomics,zhu_E_coli,rel0_abs0,all,filtered,967,oriC,0.01621618448563412,347,0.14042764199090896
proteomics,zhu_E_coli,rel0_abs0,all,filtered,967,ter,0.011963592196565951,306,-0.1487659985944094
proteomics,zhu_E_coli,rel0_abs0,all,filtered,1708,oriC,0.36572855332385756,579,-0.002206219890922417
proteomics,zhu_E_coli,rel0_abs0,all,filtered,1708,ter,0.41157901124013174,545,0.0308015051422637
proteomics,zhu_E_coli,rel0_abs0,all,filtered,1664,oriC,1.7886906024902133e-8,560,0.17933018496338138
proteomics,zhu_E_coli,rel0_abs0,all,filtered,1664,ter,0.14330411766876755,537,0.15343279437136795
proteomics,zhu_E_coli,rel0_abs0,all,filtered,967,oriC,0.09543288547740045,342,-0.1932192194401096
proteomics,zhu_E_coli,rel0_abs0,all,filtered,967,ter,1.3491600560728265e-18,304,-0.49587250125011795
proteomics,zhu_E_coli,rel0_abs0,all,filtered,1522,oriC,1.0218544500200329e-10,513,0.2936818640545951
proteomics,zhu_E_coli,rel0_abs0,all,filtered,1522,ter,0.0037375055305202878,485,-0.010212849890379813
proteomics,zhu_E_coli,rel0_abs0,all,filtered,1674,oriC,8.328810823223693e-6,560,0.07099434513455441
proteomics,zhu_E_coli,rel0_abs0,all,filtered,1674,ter,0.007967426373876508,541,-0.049783135829649314
proteomics,zhu_E_coli,rel0_abs0,all,filtered,962,oriC,0.7940485245616589,340,-0.05046804694157418
proteomics,zhu_E_coli,rel0_abs0,all,filtered,962,ter,3.573515829624742e-13,304,-0.44212404556073515
proteomics,zhu_E_coli,rel0_abs0,all,filtered,1547,oriC,3.831149153554269e-6,520,0.12818372757638108
proteomics,zhu_E_coli,rel0_abs0,all,filtered,1547,ter,2.0609114060118308e-10,498,-0.3284117831060652
proteomics,zhu_E_coli,rel0_abs0,all,filtered,970,oriC,0.002575013683534408,351,-0.18946410486265935
proteomics,zhu_E_coli,rel0_abs0,all,filtered,970,ter,6.615590769359205e-16,306,-0.4145244852280865
proteomics,zhu_E_coli,rel0_abs0,all,filtered,1595,oriC,0.1153042337011809,540,0.017428903108071922
proteomics,zhu_E_coli,rel0_abs0,all,filtered,1595,ter,3.2667977899344587e-19,514,-0.3048950169107064
proteomics,zhu_E_coli,rel0_abs0,all,filtered,978,oriC,7.986387367006301e-8,352,0.2039149450731247
proteomics,zhu_E_coli,rel0_abs0,all,filtered,978,ter,0.004929882510141993,307,0.08651502181546239
proteomics,zhu_V_natriegens,rel0_abs0,all,filtered,979,oriC,5.961674932395947e-4,424,0.11796243200878287
proteomics,zhu_V_natriegens,rel0_abs0,all,filtered,979,ter,0.0010095631779451144,202,0.16482786394133064
proteomics,zhu_V_natriegens,rel0_abs0,all,filtered,1440,oriC,4.519308357039037e-4,580,-0.08777940357221928
proteomics,zhu_V_natriegens,rel0_abs0,all,filtered,1440,ter,0.26417299946199424,346,-0.07312289744804307
proteomics,zhu_V_natriegens,rel0_abs0,all,filtered,983,oriC,0.5599353050426049,425,0.011718792314473642
proteomics,zhu_V_natriegens,rel0_abs0,all,filtered,983,ter,0.3589167434429507,196,0.02261148085268095
proteomics,zhu_V_natriegens,rel0_abs0,all,filtered,1444,oriC,0.0014311358411120264,579,-0.07775986168180041
proteomics,zhu_V_natriegens,rel0_abs0,all,filtered,1444,ter,0.16287836172043146,347,-0.14256429297363424
proteomics,zhu_V_natriegens,rel0_abs0,all,filtered,970,oriC,0.08549852633306763,418,-0.11593519043311717
proteomics,zhu_V_natriegens,rel0_abs0,all,filtered,970,ter,0.7857518646101929,195,-0.11216058148357472
proteomics,zhu_V_natriegens,rel0_abs0,all,filtered,911,oriC,0.038110757945597915,398,-0.09494750402601582
proteomics,zhu_V_natriegens,rel0_abs0,all,filtered,911,ter,0.6968031920083038,179,-0.02474118169644793
proteomics,zhu_V_natriegens,rel0_abs0,all,filtered,1387,oriC,3.0690358378203196e-8,569,-0.32470016017143616
proteomics,zhu_V_natriegens,rel0_abs0,all,filtered,1387,ter,7.467273625166282e-4,323,-0.4180069689300803
proteomics,zhu_V_natriegens,rel0_abs0,all,filtered,1302,oriC,2.9565374613587726e-4,542,-0.15051566788149465
proteomics,zhu_V_natriegens,rel0_abs0,all,filtered,1302,ter,0.010371122735534317,298,-0.3917745002118593
proteomics,zhu_V_natriegens,rel0_abs0,all,filtered,812,oriC,0.0027591023160628385,349,-0.16346189585463802
proteomics,zhu_V_natriegens,rel0_abs0,all,filtered,812,ter,0.5847556266208591,153,-0.05703564276268599
proteomics,zhu_V_natriegens,rel0_abs0,all,filtered,1201,oriC,0.008598912048941688,490,-0.1795120160600398
proteomics,zhu_V_natriegens,rel0_abs0,all,filtered,1201,ter,0.032394820105862,266,-0.3995345919917053
proteomics,zhu_V_natriegens,rel0_abs0,all,filtered,988,oriC,1.3118784966650931e-17,426,-0.2426516971799784
proteomics,zhu_V_natriegens,rel0_abs0,all,filtered,988,ter,1.2375907375400691e-5,205,-0.17671323737304465
proteomics,zhu_V_natriegens,rel0_abs0,all,filtered,1011,oriC,2.6507151527764303e-9,431,-0.1485767619466531
proteomics,zhu_V_natriegens,rel0_abs0,all,filtered,1011,ter,0.009777870826092478,214,-0.10763353223944087
proteomics,zhu_V_natriegens,rel0_abs0,all,filtered,991,oriC,1.216857527951485e-15,428,-0.21656584792125233
proteomics,zhu_V_natriegens,rel0_abs0,all,filtered,991,ter,0.0028802248724277262,207,-0.14050420095415808
proteomics,zhu_V_natriegens,rel0_abs0,all,filtered,1003,oriC,2.5982466837571774e-16,426,-0.24673710641168892
proteomics,zhu_V_natriegens,rel0_abs0,all,filtered,1003,ter,2.7201746273063097e-5,214,-0.2371140650614972
proteomics,zhu_V_natriegens,rel0_abs0,all,filtered,948,oriC,5.680961427478535e-11,407,-0.32334714142705745
proteomics,zhu_V_natriegens,rel0_abs0,all,filtered,948,ter,0.22495428637214004,200,-0.14380545934993955
proteomics,zhu_V_natriegens,rel0_abs0,all,filtered,1013,oriC,9.338932023639834e-12,430,-0.2736513199503968
proteomics,zhu_V_natriegens,rel0_abs0,all,filtered,1013,ter,0.0019317402333308671,217,-0.1764297180758016
proteomics,zhu_V_natriegens,rel0_abs0,all,filtered,936,oriC,2.0095284019354406e-11,410,-0.3178928891656807
proteomics,zhu_V_natriegens,rel0_abs0,all,filtered,936,ter,0.063890563440002,191,-0.21519395977501152
proteomics,zhu_V_natriegens,rel0_abs0,all,filtered,840,oriC,3.3649800647892333e-10,357,-0.3650359162175662
proteomics,zhu_V_natriegens,rel0_abs0,all,filtered,840,ter,0.325740064138854,168,-0.13448154814454133
proteomics,zhu_V_natriegens,rel0_abs0,all,filtered,850,oriC,2.9912095219523356e-6,365,-0.3491562914946403
proteomics,zhu_V_natriegens,rel0_abs0,all,filtered,850,ter,0.1969236518298039,167,-0.1523369839831125
proteomics,zhu_V_natriegens,rel0_abs0,all,filtered,995,oriC,0.022070884327312388,428,0.08628530159026444
proteomics,zhu_V_natriegens,rel0_abs0,all,filtered,995,ter,0.40074321897598836,202,0.029873521273977258
proteomics,zhu_V_natriegens,rel0_abs0,all,filtered,1453,oriC,0.2307183559722631,578,-0.012781706085197703
proteomics,zhu_V_natriegens,rel0_abs0,all,filtered,1453,ter,0.20198909882783114,353,-0.05441972983566744
proteomics,zhu_V_natriegens,rel0_abs0,all,filtered,989,oriC,0.8578883174301555,423,0.0040006241556896785
proteomics,zhu_V_natriegens,rel0_abs0,all,filtered,989,ter,0.5728707637583992,203,-0.03142273757395322
proteomics,zhu_V_natriegens,rel0_abs0,all,filtered,929,oriC,0.0862838496803568,403,-0.03783505812966947
proteomics,zhu_V_natriegens,rel0_abs0,all,filtered,929,ter,0.8571281956630828,188,-0.030749394100467092
proteomics,zhu_V_natriegens,rel0_abs0,all,filtered,1418,oriC,1.9886757115172184e-5,573,-0.19137346541831543
proteomics,zhu_V_natriegens,rel0_abs0,all,filtered,1418,ter,3.732143549085576e-5,331,-0.36955494593769983
proteomics,zhu_V_natriegens,rel0_abs0,all,filtered,1325,oriC,0.01656987346170722,548,-0.05633865839649421
proteomics,zhu_V_natriegens,rel0_abs0,all,filtered,1325,ter,0.030853282489557765,302,-0.3458517505475767
proteomics,zhu_V_natriegens,rel0_abs0,all,filtered,832,oriC,0.05535538135814093,355,-0.0395706236053791
proteomics,zhu_V_natriegens,rel0_abs0,all,filtered,832,ter,0.9327935553664022,160,0.04333650976317168
proteomics,zhu_V_natriegens,rel0_abs0,all,filtered,1221,oriC,0.19966289196497003,500,-0.04892429435522537
proteomics,zhu_V_natriegens,rel0_abs0,all,filtered,1221,ter,0.20506687141838328,267,-0.32381820390931504
proteomics,zhu_V_natriegens,rel0_abs0,all,filtered,1002,oriC,9.977170421913287e-6,430,-0.07683176256033075
proteomics,zhu_V_natriegens,rel0_abs0,all,filtered,1002,ter,0.7739781810179924,206,-0.010347275087430371
proteomics,zhu_V_natriegens,rel0_abs0,all,filtered,1024,oriC,6.999208213554607e-16,431,-0.11250387937069584
proteomics,zhu_V_natriegens,rel0_abs0,all,filtered,1024,ter,2.8021319679344856e-6,217,-0.10161346695098247
proteomics,zhu_V_natriegens,rel0_abs0,all,filtered,971,oriC,7.5129305198439675e-6,412,-0.13945142406339947
proteomics,zhu_V_natriegens,rel0_abs0,all,filtered,971,ter,0.6832177928923125,204,0.00335470519247048
proteomics,zhu_V_natriegens,rel0_abs0,all,filtered,1031,oriC,1.307360279114167e-7,434,-0.1307816257936707
proteomics,zhu_V_natriegens,rel0_abs0,all,filtered,1031,ter,0.07731571364575941,218,-0.06872331621467603
proteomics,zhu_V_natriegens,rel0_abs0,all,filtered,963,oriC,1.1639442021984247e-8,416,-0.17848220987655672
proteomics,zhu_V_natriegens,rel0_abs0,all,filtered,963,ter,0.16235173757949126,198,-0.13922030056584178
proteomics,zhu_V_natriegens,rel0_abs0,all,filtered,863,oriC,5.3383058097218334e-5,364,-0.1971063559118965
proteomics,zhu_V_natriegens,rel0_abs0,all,filtered,863,ter,0.5388113411450413,175,0.00877305125760785
proteomics,zhu_V_natriegens,rel0_abs0,all,filtered,882,oriC,0.0019496377340922585,377,-0.14168120938620277
proteomics,zhu_V_natriegens,rel0_abs0,all,filtered,882,ter,0.15507715522615606,173,-0.13191519962927514
proteomics,zhu_V_natriegens,rel0_abs0,all,filtered,1001,oriC,0.27097615813300324,426,-0.06064145731104183
proteomics,zhu_V_natriegens,rel0_abs0,all,filtered,1001,ter,0.08964328268684443,207,-0.10222972582082052
proteomics,zhu_V_natriegens,rel0_abs0,all,filtered,947,oriC,0.003809087386943455,408,-0.08073403066690135
proteomics,zhu_V_natriegens,rel0_abs0,all,filtered,947,ter,0.2837266179642906,192,-0.10290878861866648
proteomics,zhu_V_natriegens,rel0_abs0,all,filtered,1457,oriC,8.178060437430578e-10,583,-0.1706917453207451
proteomics,zhu_V_natriegens,rel0_abs0,all,filtered,1457,ter,2.2216961515258642e-8,351,-0.4028605693115744
proteomics,zhu_V_natriegens,rel0_abs0,all,filtered,1368,oriC,1.3614860637155537e-4,557,-0.10572602137277025
proteomics,zhu_V_natriegens,rel0_abs0,all,filtered,1368,ter,6.979606694186554e-5,325,-0.39154486266400695
proteomics,zhu_V_natriegens,rel0_abs0,all,filtered,850,oriC,9.098547963586758e-4,364,-0.22395295299086665
proteomics,zhu_V_natriegens,rel0_abs0,all,filtered,850,ter,0.20732744339314282,165,-0.08204242278818412
proteomics,zhu_V_natriegens,rel0_abs0,all,filtered,1265,oriC,0.018799984742879326,510,-0.12546487058702352
proteomics,zhu_V_natriegens,rel0_abs0,all,filtered,1265,ter,0.002028173413438068,288,-0.4533282038326456
proteomics,zhu_V_natriegens,rel0_abs0,all,filtered,973,oriC,0.2879458236556807,409,0.011161005162697796
proteomics,zhu_V_natriegens,rel0_abs0,all,filtered,973,ter,0.4239316003825473,205,0.03269855514669374
proteomics,zhu_V_natriegens,rel0_abs0,all,filtered,1031,oriC,0.7895769953088135,431,-0.013756118416123526
proteomics,zhu_V_natriegens,rel0_abs0,all,filtered,1031,ter,0.049758969034939975,220,0.06126171292305768
proteomics,zhu_V_natriegens,rel0_abs0,all,filtered,964,oriC,0.0059375172360477515,413,-0.08414927248050194
proteomics,zhu_V_natriegens,rel0_abs0,all,filtered,964,ter,0.6890420973246525,199,0.03531430699380169
proteomics,zhu_V_natriegens,rel0_abs0,all,filtered,870,oriC,0.1052836023340011,360,-0.05218849590393397
proteomics,zhu_V_natriegens,rel0_abs0,all,filtered,870,ter,0.4828875915271698,177,0.08435137261696678
proteomics,zhu_V_natriegens,rel0_abs0,all,filtered,880,oriC,0.6319777790894034,370,-0.0194905525424787
proteomics,zhu_V_natriegens,rel0_abs0,all,filtered,880,ter,0.7786932553803863,174,-0.03773377286283512
proteomics,zhu_V_natriegens,rel0_abs0,all,filtered,979,oriC,0.1680520665653923,413,0.006131282499395843
proteomics,zhu_V_natriegens,rel0_abs0,all,filtered,979,ter,0.8600785278114494,206,-0.0012799594628249253
proteomics,zhu_V_natriegens,rel0_abs0,all,filtered,965,oriC,0.2717903483880124,418,0.017679803924416284
proteomics,zhu_V_natriegens,rel0_abs0,all,filtered,965,ter,0.5067412484955391,198,0.0019016409535617183
proteomics,zhu_V_natriegens,rel0_abs0,all,filtered,893,oriC,9.240384604023818e-5,378,-0.06558406779518158
proteomics,zhu_V_natriegens,rel0_abs0,all,filtered,893,ter,0.0883157442027668,182,-0.05153075284739881
proteomics,zhu_V_natriegens,rel0_abs0,all,filtered,933,oriC,0.021144864192782137,407,-0.12075339889681891
proteomics,zhu_V_natriegens,rel0_abs0,all,filtered,933,ter,0.1082466719178572,183,-0.12894499656267555
proteomics,zhu_V_natriegens,rel0_abs0,all,filtered,1382,oriC,0.43361178715007986,560,0.11370432072921004
proteomics,zhu_V_natriegens,rel0_abs0,all,filtered,1382,ter,0.15824575631605114,325,0.15520738861361708
proteomics,zhu_V_natriegens,rel0_abs0,all,filtered,881,oriC,0.0430099119466627,367,-0.05643524596472703
proteomics,zhu_V_natriegens,rel0_abs0,all,filtered,881,ter,0.634027415930503,179,0.014887663183193496
proteomics,zhu_V_natriegens,rel0_abs0,all,filtered,1289,oriC,0.10042805022488112,515,0.17145481201342005
proteomics,zhu_V_natriegens,rel0_abs0,all,filtered,1289,ter,0.2952508851570967,292,0.11965586330684942
proteomics,zhu_V_natriegens,rel0_abs0,all,filtered,883,oriC,0.0027466558572632454,375,-0.0749295170853821
proteomics,zhu_V_natriegens,rel0_abs0,all,filtered,883,ter,0.13057068265350222,182,-0.16917991083244774
proteomics,zhu_V_natriegens,rel0_abs0,all,filtered,1349,oriC,0.07344869342767776,551,-0.024330981182260215
proteomics,zhu_V_natriegens,rel0_abs0,all,filtered,1349,ter,0.03364474704516466,309,-0.09777295695946496
proteomics,zhu_V_natriegens,rel0_abs0,all,filtered,897,oriC,6.103399162906937e-6,382,0.10050015367137762
proteomics,zhu_V_natriegens,rel0_abs0,all,filtered,897,ter,0.03714845531506033,183,0.09422093270250004
