assay,dataset,cutoff,gene_filter,fc_mode,n_total,group,p,n_genes,med_log2fc
proteomics,schmidt_2016,rel0_abs0,all,unfiltered,690,oriC,0.007210005444880292,282,0.018899149996480145
proteomics,schmidt_2016,rel0_abs0,all,unfiltered,690,ter,0.023564209597312095,140,0.051673986123860774
proteomics,schmidt_2016,rel0_abs0,all,unfiltered,690,oriC,7.46118262989904e-4,282,0.07807978037947806
proteomics,schmidt_2016,rel0_abs0,all,unfiltered,690,ter,0.6375429966407331,140,0.0370666921336064
proteomics,schmidt_2016,rel0_abs0,all,unfiltered,690,oriC,0.5917997245419285,282,0.010008715503205397
proteomics,schmidt_2016,rel0_abs0,all,unfiltered,690,ter,0.9444463746885695,140,0.002574204089293848
proteomics,schmidt_2016,rel0_abs0,all,unfiltered,690,oriC,2.9286475446575932e-5,282,0.07788942782637305
proteomics,schmidt_2016,rel0_abs0,all,unfiltered,690,ter,0.3794926604765451,140,0.023204162900142614
proteomics,schmidt_2016,rel0_abs0,all,unfiltered,690,oriC,9.787195775881648e-9,282,0.24222448580029776
proteomics,schmidt_2016,rel0_abs0,all,unfiltered,690,ter,0.3672097231659215,140,0.09153156599909305
proteomics,schmidt_2016,rel0_abs0,all,unfiltered,690,oriC,2.756445251569613e-6,282,0.15224201125539955
proteomics,schmidt_2016,rel0_abs0,all,unfiltered,690,ter,0.559583075934323,140,0.07767946669924025
proteomics,schmidt_2016,rel0_abs0,all,unfiltered,690,oriC,3.704677527673774e-4,282,0.13489749550736063
proteomics,schmidt_2016,rel0_abs0,all,unfiltered,690,ter,0.9279032117944318,140,0.010249497962023783
proteomics,schmidt_2016,rel0_abs0,all,unfiltered,690,oriC,5.841651632539103e-8,282,0.23348160842466878
proteomics,schmidt_2016,rel0_abs0,all,unfiltered,690,ter,0.005263972002951362,140,0.14745573207091878
proteomics,schmidt_2016,rel0_abs0,all,unfiltered,690,oriC,3.065862721177696e-10,282,0.28212263375615176
proteomics,schmidt_2016,rel0_abs0,all,unfiltered,690,ter,0.3828859135483567,140,0.08916596063098134
proteomics,schmidt_2016,rel0_abs0,all,unfiltered,690,oriC,2.519943465632102e-4,282,0.11996682476570891
proteomics,schmidt_2016,rel0_abs0,all,unfiltered,690,ter,0.3444578391287414,140,0.08727810350548597
proteomics,schmidt_2016,rel0_abs0,all,unfiltered,690,oriC,3.809640305042904e-8,282,0.19284110579056485
proteomics,schmidt_2016,rel0_abs0,all,unfiltered,690,ter,0.38402111661923255,140,0.056592152879434206
proteomics,schmidt_2016,rel0_abs0,all,unfiltered,690,oriC,8.119150274829691e-4,282,0.1246714753042572
proteomics,schmidt_2016,rel0_abs0,all,unfiltered,690,ter,0.008274604057311275,140,0.20726046400531511
proteomics,schmidt_2016,rel0_abs0,all,unfiltered,690,oriC,2.7293082631497204e-7,282,0.20918815271866947
proteomics,schmidt_2016,rel0_abs0,all,unfiltered,690,ter,0.035926783154273806,140,0.09828428020572993
proteomics,schmidt_2016,rel0_abs0,all,unfiltered,690,oriC,9.374643202380581e-9,282,0.2750521442427959
proteomics,schmidt_2016,rel0_abs0,all,unfiltered,690,ter,0.2320859394951862,140,0.12697359970176209
proteomics,schmidt_2016,rel0_abs0,all,unfiltered,690,oriC,7.156588647134e-5,282,0.17862963559759032
proteomics,schmidt_2016,rel0_abs0,all,unfiltered,690,ter,0.001296130310258449,140,0.30710479308078764
proteomics,schmidt_2016,rel0_abs0,all,unfiltered,690,oriC,7.846348281358308e-7,282,0.21115659308079837
proteomics,schmidt_2016,rel0_abs0,all,unfiltered,690,ter,0.8376601491645315,140,0.038811179515053036
proteomics,schmidt_2016,rel0_abs0,all,unfiltered,690,oriC,3.420513775751345e-8,282,0.2873842833851523
proteomics,schmidt_2016,rel0_abs0,all,unfiltered,690,ter,0.015691780624024123,140,0.24093181117455453
proteomics,schmidt_2016,rel0_abs0,all,unfiltered,690,oriC,1.8173151892648842e-7,282,0.317445508473284
proteomics,schmidt_2016,rel0_abs0,all,unfiltered,690,ter,0.08865400587798837,140,-0.15171415765552987
proteomics,schmidt_2016,rel0_abs0,all,unfiltered,690,oriC,4.474949045084358e-8,282,0.40085973264078656
proteomics,schmidt_2016,rel0_abs0,all,unfiltered,690,ter,0.024080604476399915,140,-0.15232876034891246
proteomics,schmidt_2016,rel0_abs0,all,unfiltered,690,oriC,0.003917898253112807,282,0.06822647932072712
proteomics,schmidt_2016,rel0_abs0,all,unfiltered,690,ter,0.35193978486662975,140,-0.0676040483821124
proteomics,schmidt_2016,rel0_abs0,all,unfiltered,690,oriC,0.605992691405316,282,0.0010125724153232205
proteomics,schmidt_2016,rel0_abs0,all,unfiltered,690,ter,0.13021510471063372,140,-0.061448684312380535
proteomics,schmidt_2016,rel0_abs0,all,unfiltered,690,oriC,0.009517823518587399,282,0.01870483680443183
proteomics,schmidt_2016,rel0_abs0,all,unfiltered,690,ter,0.020777529580475202,140,-0.04890286097939596
proteomics,schmidt_2016,rel0_abs0,all,unfiltered,690,oriC,6.210806260608421e-9,282,0.21193646257257964
proteomics,schmidt_2016,rel0_abs0,all,unfiltered,690,ter,0.8653828678342627,140,0.018789203679897573
proteomics,schmidt_2016,rel0_abs0,all,unfiltered,690,oriC,1.797082362080972e-6,282,0.14471871476530063
proteomics,schmidt_2016,rel0_abs0,all,unfiltered,690,ter,0.29687542105474174,140,-0.018801686747582966
proteomics,schmidt_2016,rel0_abs0,all,unfiltered,690,oriC,0.0010457029356393274,282,0.08968195963089239
proteomics,schmidt_2016,rel0_abs0,all,unfiltered,690,ter,0.16123495717487654,140,-0.047125059119046346
proteomics,schmidt_2016,rel0_abs0,all,unfiltered,690,oriC,5.91987740339909e-9,282,0.2177107633074405
proteomics,schmidt_2016,rel0_abs0,all,unfiltered,690,ter,0.15389979060235034,140,0.040584051145615974
proteomics,schmidt_2016,rel0_abs0,all,unfiltered,690,oriC,1.3942576975573714e-10,282,0.2591452493991205
proteomics,schmidt_2016,rel0_abs0,all,unfiltered,690,ter,0.7908480793982791,140,0.04944977155693327
proteomics,schmidt_2016,rel0_abs0,all,unfiltered,690,oriC,2.20307715856899e-4,282,0.07445822418431225
proteomics,schmidt_2016,rel0_abs0,all,unfiltered,690,ter,0.5651962150433246,140,-0.010145357777568026
proteomics,schmidt_2016,rel0_abs0,all,unfiltered,690,oriC,2.0708856298807585e-8,282,0.15774550119011893
proteomics,schmidt_2016,rel0_abs0,all,unfiltered,690,ter,0.44958500032440085,140,-0.01772230177876901
proteomics,schmidt_2016,rel0_abs0,all,unfiltered,690,oriC,0.004228109003013792,282,0.027657154222997738
proteomics,schmidt_2016,rel0_abs0,all,unfiltered,690,ter,0.006956977894333485,140,0.12614007041537434
proteomics,schmidt_2016,rel0_abs0,all,unfiltered,690,oriC,7.955510972998955e-8,282,0.21190577629754642
proteomics,schmidt_2016,rel0_abs0,all,unfiltered,690,ter,0.3036691669542092,140,-0.010611206375734554
proteomics,schmidt_2016,rel0_abs0,all,unfiltered,690,oriC,1.847882744806132e-8,282,0.2687952801749882
proteomics,schmidt_2016,rel0_abs0,all,unfiltered,690,ter,0.31756426136553356,140,0.09113115859187629
proteomics,schmidt_2016,rel0_abs0,all,unfiltered,690,oriC,2.038376328836181e-4,282,0.15123427314061694
proteomics,schmidt_2016,rel0_abs0,all,unfiltered,690,ter,0.004535998489062983,140,0.15917572365629323
proteomics,schmidt_2016,rel0_abs0,all,unfiltered,690,oriC,3.7777486486747834e-6,282,0.15819300059850666
proteomics,schmidt_2016,rel0_abs0,all,unfiltered,690,ter,0.514334502517287,140,-0.011509723573954706
proteomics,schmidt_2016,rel0_abs0,all,unfiltered,690,oriC,1.8015910077286312e-8,282,0.2495939148361662
proteomics,schmidt_2016,rel0_abs0,all,unfiltered,690,ter,0.01431390621145336,140,0.24624721308447162
proteomics,schmidt_2016,rel0_abs0,all,unfiltered,690,oriC,2.2717121686849537e-8,282,0.24585672086064414
proteomics,schmidt_2016,rel0_abs0,all,unfiltered,690,ter,0.012157833245474727,140,-0.16268121003790514
proteomics,schmidt_2016,rel0_abs0,all,unfiltered,690,oriC,1.0009596945154807e-7,282,0.33437829098003086
proteomics,schmidt_2016,rel0_abs0,all,unfiltered,690,ter,0.009693574106573122,140,-0.23457914870650554
proteomics,schmidt_2016,rel0_abs0,all,unfiltered,690,oriC,1.0334325897146492e-6,282,-0.10309574298783203
proteomics,schmidt_2016,rel0_abs0,all,unfiltered,690,ter,0.7322212654126403,140,0.07005556926057815
proteomics,schmidt_2016,rel0_abs0,all,unfiltered,690,oriC,0.020143586245593637,282,-0.04136834408289372
proteomics,schmidt_2016,rel0_abs0,all,unfiltered,690,ter,0.9097419324181185,140,0.021015994641982318
proteomics,schmidt_2016,rel0_abs0,all,unfiltered,690,oriC,1.777639211754447e-6,282,0.19395571423753666
proteomics,schmidt_2016,rel0_abs0,all,unfiltered,690,ter,0.3277405661831994,140,0.09915256013000648
proteomics,schmidt_2016,rel0_abs0,all,unfiltered,690,oriC,9.295691964576901e-5,282,0.11391140615970291
proteomics,schmidt_2016,rel0_abs0,all,unfiltered,690,ter,0.4130664283187651,140,0.10689162928026008
proteomics,schmidt_2016,rel0_abs0,all,unfiltered,690,oriC,0.0018425048617461072,282,0.08033723029583303
proteomics,schmidt_2016,rel0_abs0,all,unfiltered,690,ter,0.8702933767726561,140,0.03679394006279838
proteomics,schmidt_2016,rel0_abs0,all,unfiltered,690,oriC,9.958398400259935e-7,282,0.17329402979764688
proteomics,schmidt_2016,rel0_abs0,all,unfiltered,690,ter,0.05687005812431959,140,0.2333649669546391
proteomics,schmidt_2016,rel0_abs0,all,unfiltered,690,oriC,4.355979284761583e-9,282,0.2268024053536748
proteomics,schmidt_2016,rel0_abs0,all,unfiltered,690,ter,0.2428221646030173,140,0.10395752001089967
proteomics,schmidt_2016,rel0_abs0,all,unfiltered,690,oriC,0.004406550697378593,282,0.061016132631428854
proteomics,schmidt_2016,rel0_abs0,all,unfiltered,690,ter,0.40480534705684407,140,0.02848441620751209
proteomics,schmidt_2016,rel0_abs0,all,unfiltered,690,oriC,0.0031293695152266733,282,0.0809081274736524
proteomics,schmidt_2016,rel0_abs0,all,unfiltered,690,ter,0.6449876658749842,140,0.03529556734095693
proteomics,schmidt_2016,rel0_abs0,all,unfiltered,690,oriC,0.0066920809001964196,282,0.06552213629255692
proteomics,schmidt_2016,rel0_abs0,all,unfiltered,690,ter,1.4513109245658807e-4,140,0.22003078507287588
proteomics,schmidt_2016,rel0_abs0,all,unfiltered,690,oriC,2.1940643339178716e-7,282,0.17165197034744603
proteomics,schmidt_2016,rel0_abs0,all,unfiltered,690,ter,0.06764784792522688,140,0.12712240187364693
proteomics,schmidt_2016,rel0_abs0,all,unfiltered,690,oriC,1.0449742658431026e-6,282,0.23221452389201613
proteomics,schmidt_2016,rel0_abs0,all,unfiltered,690,ter,0.10140945830618191,140,0.2087467955566124
proteomics,schmidt_2016,rel0_abs0,all,unfiltered,690,oriC,0.0188877922676775,282,0.034292807283003456
proteomics,schmidt_2016,rel0_abs0,all,unfiltered,690,ter,2.9700648172368704e-5,140,0.1760361841586678
proteomics,schmidt_2016,rel0_abs0,all,unfiltered,690,oriC,2.995109669511898e-5,282,0.13695835535580875
proteomics,schmidt_2016,rel0_abs0,all,unfiltered,690,ter,0.898208658193784,140,0.004370323480106265
proteomics,schmidt_2016,rel0_abs0,all,unfiltered,690,oriC,1.2612369130768416e-6,282,0.2679916521360105
proteomics,schmidt_2016,rel0_abs0,all,unfiltered,690,ter,7.667679370333797e-4,140,0.15989770369995812
proteomics,schmidt_2016,rel0_abs0,all,unfiltered,690,oriC,1.037266114324012e-6,282,0.26584475142831243
proteomics,schmidt_2016,rel0_abs0,all,unfiltered,690,ter,0.09101637717176227,140,-0.06194732308469708
proteomics,schmidt_2016,rel0_abs0,all,unfiltered,690,oriC,3.3745783363991427e-6,282,0.35686683768767324
proteomics,schmidt_2016,rel0_abs0,all,unfiltered,690,ter,0.06702511504990948,140,-0.13574130384945998
proteomics,schmidt_2016,rel0_abs0,all,unfiltered,690,oriC,0.00481679978694465,282,0.07156106018792283
proteomics,schmidt_2016,rel0_abs0,all,unfiltered,690,ter,0.6524680939918455,140,0.03060046771727137
proteomics,schmidt_2016,rel0_abs0,all,unfiltered,690,oriC,1.2102230337811432e-17,282,0.255474327837356
proteomics,schmidt_2016,rel0_abs0,all,unfiltered,690,ter,0.09589288155420012,140,0.07612416630818125
proteomics,schmidt_2016,rel0_abs0,all,unfiltered,690,oriC,1.6521274440435582e-19,282,0.24345295082194493
proteomics,schmidt_2016,rel0_abs0,all,unfiltered,690,ter,0.15692467711459743,140,0.02844999040254203
proteomics,schmidt_2016,rel0_abs0,all,unfiltered,690,oriC,1.2391538707238904e-8,282,0.19722603545657952
proteomics,schmidt_2016,rel0_abs0,all,unfiltered,690,ter,0.7780584589034396,140,-0.006766897418907329
proteomics,schmidt_2016,rel0_abs0,all,unfiltered,690,oriC,3.2122669620663713e-18,282,0.2476825911570869
proteomics,schmidt_2016,rel0_abs0,all,unfiltered,690,ter,0.00422117335483891,140,0.13119341253842887
proteomics,schmidt_2016,rel0_abs0,all,unfiltered,690,oriC,2.2741665562561067e-19,282,0.2882251131602075
proteomics,schmidt_2016,rel0_abs0,all,unfiltered,690,ter,0.09342910584571287,140,0.08668710013357214
proteomics,schmidt_2016,rel0_abs0,all,unfiltered,690,oriC,4.7562351437599275e-9,282,0.14364525299347958
proteomics,schmidt_2016,rel0_abs0,all,unfiltered,690,ter,0.5346639514223872,140,-0.0010626273845958595
proteomics,schmidt_2016,rel0_abs0,all,unfiltered,690,oriC,9.002972377406494e-10,282,0.1745533869308663
proteomics,schmidt_2016,rel0_abs0,all,unfiltered,690,ter,0.8004775978786232,140,0.01983496631031826
proteomics,schmidt_2016,rel0_abs0,all,unfiltered,690,oriC,4.110017278063921e-6,282,0.1415143886031638
proteomics,schmidt_2016,rel0_abs0,all,unfiltered,690,ter,1.9580096675811946e-4,140,0.19643095930100274
proteomics,schmidt_2016,rel0_abs0,all,unfiltered,690,oriC,1.7720914669145878e-11,282,0.23580191919921917
proteomics,schmidt_2016,rel0_abs0,all,unfiltered,690,ter,0.010294650842354973,140,0.1517151815526083
proteomics,schmidt_2016,rel0_abs0,all,unfiltered,690,oriC,5.432590700609981e-14,282,0.3211506469867006
proteomics,schmidt_2016,rel0_abs0,all,unfiltered,690,ter,0.0487386816821858,140,0.08258787287962924
proteomics,schmidt_2016,rel0_abs0,all,unfiltered,690,oriC,1.853501456674491e-9,282,0.17792274690725152
proteomics,schmidt_2016,rel0_abs0,all,unfiltered,690,ter,4.006455379658874e-5,140,0.25013409985109525
proteomics,schmidt_2016,rel0_abs0,all,unfiltered,690,oriC,2.9942760747652684e-8,282,0.16690975484404402
proteomics,schmidt_2016,rel0_abs0,all,unfiltered,690,ter,0.9908720728740932,140,-0.002239433062415497
proteomics,schmidt_2016,rel0_abs0,all,unfiltered,690,oriC,2.623660078459233e-13,282,0.32945687140235264
proteomics,schmidt_2016,rel0_abs0,all,unfiltered,690,ter,0.002030118068686234,140,0.23880495091712073
proteomics,schmidt_2016,rel0_abs0,all,unfiltered,690,oriC,7.701663920250192e-10,282,0.30422712893625586
proteomics,schmidt_2016,rel0_abs0,all,unfiltered,690,ter,0.07148492570123212,140,-0.16252007694610057
proteomics,schmidt_2016,rel0_abs0,all,unfiltered,690,oriC,1.9657877611254911e-10,282,0.3998861951541277
proteomics,schmidt_2016,rel0_abs0,all,unfiltered,690,ter,0.023692399137730413,140,-0.17066861088739332
proteomics,schmidt_2016,rel0_abs0,all,unfiltered,690,oriC,3.4625998189445895e-9,282,0.18596706250212905
proteomics,schmidt_2016,rel0_abs0,all,unfiltered,690,ter,0.07898210663870849,140,0.049925629799804985
proteomics,schmidt_2016,rel0_abs0,all,unfiltered,690,oriC,5.918178853950304e-7,282,0.13083647309621033
proteomics,schmidt_2016,rel0_abs0,all,unfiltered,690,ter,0.30171763997504547,140,0.05539038906847711
proteomics,schmidt_2016,rel0_abs0,all,unfiltered,690,oriC,3.673918515667389e-4,282,0.08544920972652824
proteomics,schmidt_2016,rel0_abs0,all,unfiltered,690,ter,0.5470532866394489,140,-0.027722145960954736
proteomics,schmidt_2016,rel0_abs0,all,unfiltered,690,oriC,2.6617599658010207e-10,282,0.18853317684451693
proteomics,schmidt_2016,rel0_abs0,all,unfiltered,690,ter,4.1410689916114183e-4,140,0.12370114804566465
proteomics,schmidt_2016,rel0_abs0,all,unfiltered,690,oriC,2.415116112716609e-11,282,0.2248333437352339
proteomics,schmidt_2016,rel0_abs0,all,unfiltered,690,ter,0.07862797153064298,140,0.10166919130190227
proteomics,schmidt_2016,rel0_abs0,all,unfiltered,690,oriC,1.1332896213974047e-4,282,0.09731604422773074
proteomics,schmidt_2016,rel0_abs0,all,unfiltered,690,ter,0.22405977139677696,140,0.03848105875991373
proteomics,schmidt_2016,rel0_abs0,all,unfiltered,690,oriC,6.98775927662187e-12,282,0.10009880819405634
proteomics,schmidt_2016,rel0_abs0,all,unfiltered,690,ter,0.35626103485688204,140,0.01599397344830769
proteomics,schmidt_2016,rel0_abs0,all,unfiltered,690,oriC,0.006503060716489829,282,0.12334658557276362
proteomics,schmidt_2016,rel0_abs0,all,unfiltered,690,ter,0.0016902141729005966,140,0.19093068975714533
proteomics,schmidt_2016,rel0_abs0,all,unfiltered,690,oriC,2.0617508087713224e-6,282,0.11390148570630172
proteomics,schmidt_2016,rel0_abs0,all,unfiltered,690,ter,0.0616301989606959,140,0.07604115640417927
proteomics,schmidt_2016,rel0_abs0,all,unfiltered,690,oriC,1.0932538895739688e-7,282,0.24013074867939393
proteomics,schmidt_2016,rel0_abs0,all,unfiltered,690,ter,0.0758411749630297,140,0.15490066132064956
proteomics,schmidt_2016,rel0_abs0,all,unfiltered,690,oriC,4.0257914283650426e-4,282,0.05169136534997212
proteomics,schmidt_2016,rel0_abs0,all,unfiltered,690,ter,0.001497158701773414,140,0.3075304331643357
proteomics,schmidt_2016,rel0_abs0,all,unfiltered,690,oriC,6.773555807237162e-6,282,0.13379070821212136
proteomics,schmidt_2016,rel0_abs0,all,unfiltered,690,ter,0.5821961248321721,140,0.06233411865550974
proteomics,schmidt_2016,rel0_abs0,all,unfiltered,690,oriC,3.4779636705009793e-9,282,0.23466761984188647
proteomics,schmidt_2016,rel0_abs0,all,unfiltered,690,ter,3.6786156730210274e-4,140,0.2968381039493147
proteomics,schmidt_2016,rel0_abs0,all,unfiltered,690,oriC,2.491689117250093e-9,282,0.2244355345038435
proteomics,schmidt_2016,rel0_abs0,all,unfiltered,690,ter,0.01312023771135033,140,-0.1878430404163947
proteomics,schmidt_2016,rel0_abs0,all,unfiltered,690,oriC,1.5465960243746778e-8,282,0.2574939282286343
proteomics,schmidt_2016,rel0_abs0,all,unfiltered,690,ter,0.012742385192941743,140,-0.2703560351678221
proteomics,schmidt_2016,rel0_abs0,all,unfiltered,690,oriC,0.3462604192123729,282,-0.04024315315003334
proteomics,schmidt_2016,rel0_abs0,all,unfiltered,690,ter,0.5965425932153108,140,-0.02774173836780188
proteomics,schmidt_2016,rel0_abs0,all,unfiltered,690,oriC,0.02681310492789742,282,-0.10053643930631356
proteomics,schmidt_2016,rel0_abs0,all,unfiltered,690,ter,0.22247864162853528,140,-0.0929035639379798
proteomics,schmidt_2016,rel0_abs0,all,unfiltered,690,oriC,0.20506471981389887,282,0.004226956067735672
proteomics,schmidt_2016,rel0_abs0,all,unfiltered,690,ter,0.09883272232832607,140,0.03751782347902097
proteomics,schmidt_2016,rel0_abs0,all,unfiltered,690,oriC,0.07006219489422126,282,-0.00822301603027048
proteomics,schmidt_2016,rel0_abs0,all,unfiltered,690,ter,0.7088705764665222,140,0.011203237010835818
proteomics,schmidt_2016,rel0_abs0,all,unfiltered,690,oriC,9.064539266101287e-4,282,-0.0842401168198525
proteomics,schmidt_2016,rel0_abs0,all,unfiltered,690,ter,0.4520829764666332,140,-0.02841958850164262
proteomics,schmidt_2016,rel0_abs0,all,unfiltered,690,oriC,0.32718239877162164,282,-0.05207115070327748
proteomics,schmidt_2016,rel0_abs0,all,unfiltered,690,ter,0.30171763997504547,140,-0.013084925431905807
proteomics,schmidt_2016,rel0_abs0,all,unfiltered,690,oriC,0.8125726763929848,282,-0.06372193568525131
proteomics,schmidt_2016,rel0_abs0,all,unfiltered,690,ter,0.008959029737955993,140,0.18463258217793665
proteomics,schmidt_2016,rel0_abs0,all,unfiltered,690,oriC,0.23179178034881767,282,-0.03469919202134483
proteomics,schmidt_2016,rel0_abs0,all,unfiltered,690,ter,0.06518517604351012,140,0.08519378543613929
proteomics,schmidt_2016,rel0_abs0,all,unfiltered,690,oriC,0.06231650802268759,282,-0.0031572468163222076
proteomics,schmidt_2016,rel0_abs0,all,unfiltered,690,ter,0.09061917022579523,140,0.06851167144513931
proteomics,schmidt_2016,rel0_abs0,all,unfiltered,690,oriC,0.6301523020000901,282,-0.09027858575781098
proteomics,schmidt_2016,rel0_abs0,all,unfiltered,690,ter,0.0023170037692819075,140,0.22019122896370635
proteomics,schmidt_2016,rel0_abs0,all,unfiltered,690,oriC,0.7911389831056223,282,-0.05714563747094131
proteomics,schmidt_2016,rel0_abs0,all,unfiltered,690,ter,0.2662242327123077,140,-0.060456676989080305
proteomics,schmidt_2016,rel0_abs0,all,unfiltered,690,oriC,9.01901028655013e-5,282,0.10954761830342066
proteomics,schmidt_2016,rel0_abs0,all,unfiltered,690,ter,1.0429384158332839e-4,140,0.2583288761298314
proteomics,schmidt_2016,rel0_abs0,all,unfiltered,690,oriC,0.02696395542415143,282,-0.033737524017716576
proteomics,schmidt_2016,rel0_abs0,all,unfiltered,690,ter,0.0021767745489305024,140,-0.268014995270795
proteomics,schmidt_2016,rel0_abs0,all,unfiltered,690,oriC,0.0011355748374757952,282,0.12069974925334626
proteomics,schmidt_2016,rel0_abs0,all,unfiltered,690,ter,0.002131788856318154,140,-0.25397210713861157
proteomics,schmidt_2016,rel0_abs0,all,unfiltered,690,oriC,0.8381362391963469,282,-0.029302903081111935
proteomics,schmidt_2016,rel0_abs0,all,unfiltered,690,ter,0.47106592243207907,140,-0.011715497514449676
proteomics,schmidt_2016,rel0_abs0,all,unfiltered,690,oriC,0.002319608229610434,282,0.0454147860661986
proteomics,schmidt_2016,rel0_abs0,all,unfiltered,690,ter,0.0010031642350815462,140,0.1079626999886652
proteomics,schmidt_2016,rel0_abs0,all,unfiltered,690,oriC,8.711060048278078e-7,282,0.04361837411046958
proteomics,schmidt_2016,rel0_abs0,all,unfiltered,690,ter,0.30464806858235516,140,0.034067303631980225
proteomics,schmidt_2016,rel0_abs0,all,unfiltered,690,oriC,0.012208708913330505,282,-0.0374568985524117
proteomics,schmidt_2016,rel0_abs0,all,unfiltered,690,ter,0.514334502517287,140,0.02893495254922545
proteomics,schmidt_2016,rel0_abs0,all,unfiltered,690,oriC,0.15420367532916518,282,-0.05628203297575861
proteomics,schmidt_2016,rel0_abs0,all,unfiltered,690,ter,0.3885824908502593,140,-0.051071972463054074
proteomics,schmidt_2016,rel0_abs0,all,unfiltered,690,oriC,0.5521142405787413,282,-0.010532150469528
proteomics,schmidt_2016,rel0_abs0,all,unfiltered,690,ter,0.007267400174577176,140,0.09270319411748405
proteomics,schmidt_2016,rel0_abs0,all,unfiltered,690,oriC,4.036930290256212e-4,282,0.08463520096133356
proteomics,schmidt_2016,rel0_abs0,all,unfiltered,690,ter,0.04756089671291217,140,0.05681625806717259
proteomics,schmidt_2016,rel0_abs0,all,unfiltered,690,oriC,2.4531119448109023e-5,282,0.127271867947369
proteomics,schmidt_2016,rel0_abs0,all,unfiltered,690,ter,0.252175603721619,140,0.03291115767029753
proteomics,schmidt_2016,rel0_abs0,all,unfiltered,690,oriC,0.059305205548942856,282,0.012339081157611205
proteomics,schmidt_2016,rel0_abs0,all,unfiltered,690,ter,9.454410264720198e-4,140,0.203616134884604
proteomics,schmidt_2016,rel0_abs0,all,unfiltered,690,oriC,0.07051470600404022,282,0.00699156386719656
proteomics,schmidt_2016,rel0_abs0,all,unfiltered,690,ter,0.25390286001108153,140,-0.05337252823108223
proteomics,schmidt_2016,rel0_abs0,all,unfiltered,690,oriC,1.9922021182352794e-5,282,0.17075221730210685
proteomics,schmidt_2016,rel0_abs0,all,unfiltered,690,ter,0.0024485472837103874,140,0.2242154821876986
proteomics,schmidt_2016,rel0_abs0,all,unfiltered,690,oriC,5.283315217448264e-6,282,0.08177376077228832
proteomics,schmidt_2016,rel0_abs0,all,unfiltered,690,ter,7.218021716380549e-4,140,-0.22438512208597267
proteomics,schmidt_2016,rel0_abs0,all,unfiltered,690,oriC,4.1287914529802656e-5,282,0.21073947378898644
proteomics,schmidt_2016,rel0_abs0,all,unfiltered,690,ter,0.003578091978900978,140,-0.2593198910528791
proteomics,schmidt_2016,rel0_abs0,all,unfiltered,690,oriC,0.05346364879959594,282,0.055891837892943746
proteomics,schmidt_2016,rel0_abs0,all,unfiltered,690,ter,2.09123165954198e-4,140,0.16318528589063952
proteomics,schmidt_2016,rel0_abs0,all,unfiltered,690,oriC,3.33634896444639e-8,282,0.12573023368880804
proteomics,schmidt_2016,rel0_abs0,all,unfiltered,690,ter,0.0361110271931634,140,0.09564302061276062
proteomics,schmidt_2016,rel0_abs0,all,unfiltered,690,oriC,0.0851108379346647,282,-0.018431569337499162
proteomics,schmidt_2016,rel0_abs0,all,unfiltered,690,ter,0.04244681674269726,140,0.052895695429083886
proteomics,schmidt_2016,rel0_abs0,all,unfiltered,690,oriC,0.226705805472724,282,-0.035093296749578895
proteomics,schmidt_2016,rel0_abs0,all,unfiltered,690,ter,0.19971431351381433,140,0.039405553125529555
proteomics,schmidt_2016,rel0_abs0,all,unfiltered,690,oriC,0.8466969603074114,282,-0.04793144930621674
proteomics,schmidt_2016,rel0_abs0,all,unfiltered,690,ter,7.496094122416775e-4,140,0.1811550273387953
proteomics,schmidt_2016,rel0_abs0,all,unfiltered,690,oriC,2.7362744556519973e-4,282,0.07890468619777918
proteomics,schmidt_2016,rel0_abs0,all,unfiltered,690,ter,5.152809887183456e-4,140,0.10277870419987445
proteomics,schmidt_2016,rel0_abs0,all,unfiltered,690,oriC,5.74122570222424e-6,282,0.11521320881054462
proteomics,schmidt_2016,rel0_abs0,all,unfiltered,690,ter,0.044170198648533804,140,0.18483185344647762
proteomics,schmidt_2016,rel0_abs0,all,unfiltered,690,oriC,0.48232345034833474,282,-0.02754654660151524
proteomics,schmidt_2016,rel0_abs0,all,unfiltered,690,ter,4.956714695898088e-4,140,0.17408635774614672
proteomics,schmidt_2016,rel0_abs0,all,unfiltered,690,oriC,5.468818387595175e-4,282,0.06949326510653298
proteomics,schmidt_2016,rel0_abs0,all,unfiltered,690,ter,0.5305658585822691,140,0.020178716922783165
proteomics,schmidt_2016,rel0_abs0,all,unfiltered,690,oriC,2.8816660783932875e-7,282,0.19893680473650602
proteomics,schmidt_2016,rel0_abs0,all,unfiltered,690,ter,4.5141163637478233e-4,140,0.23521495472903342
proteomics,schmidt_2016,rel0_abs0,all,unfiltered,690,oriC,8.145227125332382e-7,282,0.20813183175986488
proteomics,schmidt_2016,rel0_abs0,all,unfiltered,690,ter,0.010481331028139574,140,-0.19696422225144378
proteomics,schmidt_2016,rel0_abs0,all,unfiltered,690,oriC,5.570528270669544e-7,282,0.26738083173134763
proteomics,schmidt_2016,rel0_abs0,all,unfiltered,690,ter,0.023309635150506137,140,-0.11665298514653563
proteomics,schmidt_2016,rel0_abs0,all,unfiltered,690,oriC,0.004141368765291621,282,0.04370751117015042
proteomics,schmidt_2016,rel0_abs0,all,unfiltered,690,ter,0.0361110271931634,140,-0.04134103201097557
proteomics,schmidt_2016,rel0_abs0,all,unfiltered,690,oriC,1.6963688067130656e-5,282,-0.07945053339182755
proteomics,schmidt_2016,rel0_abs0,all,unfiltered,690,ter,0.013825400562510175,140,-0.11894362012952332
proteomics,schmidt_2016,rel0_abs0,all,unfiltered,690,oriC,0.012360689083632487,282,-0.07100899845028372
proteomics,schmidt_2016,rel0_abs0,all,unfiltered,690,ter,0.014149405248281077,140,-0.07281225599914334
proteomics,schmidt_2016,rel0_abs0,all,unfiltered,690,oriC,0.5491913163182492,282,-0.05842014760944368
proteomics,schmidt_2016,rel0_abs0,all,unfiltered,690,ter,0.19110174141364744,140,-0.03604153067732553
proteomics,schmidt_2016,rel0_abs0,all,unfiltered,690,oriC,0.046804728403957385,282,0.012425312227171866
proteomics,schmidt_2016,rel0_abs0,all,unfiltered,690,ter,0.5864831214765416,140,0.0032462890600924855
proteomics,schmidt_2016,rel0_abs0,all,unfiltered,690,oriC,0.0046444837796767,282,0.08924136778887654
proteomics,schmidt_2016,rel0_abs0,all,unfiltered,690,ter,0.8539455248482732,140,-0.007666280899915603
proteomics,schmidt_2016,rel0_abs0,all,unfiltered,690,oriC,0.7371728127526426,282,-0.0374680199565476
proteomics,schmidt_2016,rel0_abs0,all,unfiltered,690,ter,0.05141618904466173,140,0.03169520339572258
proteomics,schmidt_2016,rel0_abs0,all,unfiltered,690,oriC,0.2092681750865174,282,-0.03762252583277775
proteomics,schmidt_2016,rel0_abs0,all,unfiltered,690,ter,0.10808562263348619,140,-0.11082165457279311
proteomics,schmidt_2016,rel0_abs0,all,unfiltered,690,oriC,1.1469007655083528e-4,282,0.14988654893467812
proteomics,schmidt_2016,rel0_abs0,all,unfiltered,690,ter,0.07933753808978784,140,0.14570665150687703
proteomics,schmidt_2016,rel0_abs0,all,unfiltered,690,oriC,2.0052642877735286e-5,282,0.09449786965219278
proteomics,schmidt_2016,rel0_abs0,all,unfiltered,690,ter,2.1433495452859234e-4,140,-0.3339117825593677
proteomics,schmidt_2016,rel0_abs0,all,unfiltered,690,oriC,1.2670859759868275e-5,282,0.21038380776721327
proteomics,schmidt_2016,rel0_abs0,all,unfiltered,690,ter,0.003823795445779627,140,-0.37884944151773414
proteomics,schmidt_2016,rel0_abs0,all,unfiltered,690,oriC,9.082386168336438e-6,282,-0.11448129288868439
proteomics,schmidt_2016,rel0_abs0,all,unfiltered,690,ter,0.059350560404492214,140,-0.08818785370254226
proteomics,schmidt_2016,rel0_abs0,all,unfiltered,690,oriC,0.00995032048152741,282,-0.14560747866059448
proteomics,schmidt_2016,rel0_abs0,all,unfiltered,690,ter,0.07148492570123212,140,0.010159544638721967
proteomics,schmidt_2016,rel0_abs0,all,unfiltered,690,oriC,0.8972524925461091,282,-0.014041721193075948
proteomics,schmidt_2016,rel0_abs0,all,unfiltered,690,ter,0.34339733564819874,140,-0.018408708135127662
proteomics,schmidt_2016,rel0_abs0,all,unfiltered,690,oriC,0.044051787816350635,282,0.059146086801314335
proteomics,schmidt_2016,rel0_abs0,all,unfiltered,690,ter,0.2582569727280087,140,0.05118973742921414
proteomics,schmidt_2016,rel0_abs0,all,unfiltered,690,oriC,0.03302434986811446,282,-0.0991819314698693
proteomics,schmidt_2016,rel0_abs0,all,unfiltered,690,ter,0.021475296141401267,140,0.10866852910362022
proteomics,schmidt_2016,rel0_abs0,all,unfiltered,690,oriC,0.5907918079529446,282,-0.03910492805341415
proteomics,schmidt_2016,rel0_abs0,all,unfiltered,690,ter,0.11998044538524474,140,-0.09341125924267635
proteomics,schmidt_2016,rel0_abs0,all,unfiltered,690,oriC,0.01005584173202556,282,0.08388826121649684
proteomics,schmidt_2016,rel0_abs0,all,unfiltered,690,ter,7.842905184185044e-4,140,0.18072668515732532
proteomics,schmidt_2016,rel0_abs0,all,unfiltered,690,oriC,0.0012871114892722686,282,0.047679110860886845
proteomics,schmidt_2016,rel0_abs0,all,unfiltered,690,ter,6.41873900543104e-5,140,-0.2526661964777546
proteomics,schmidt_2016,rel0_abs0,all,unfiltered,690,oriC,4.918997088787713e-4,282,0.1051477359262294
proteomics,schmidt_2016,rel0_abs0,all,unfiltered,690,ter,0.0034147404608432363,140,-0.2958817389539309
proteomics,schmidt_2016,rel0_abs0,all,unfiltered,690,oriC,0.42988487898708627,282,0.010103235350849232
proteomics,schmidt_2016,rel0_abs0,all,unfiltered,690,ter,0.8588436310264942,140,2.543082456236005e-4
proteomics,schmidt_2016,rel0_abs0,all,unfiltered,690,oriC,0.3268223318530817,282,0.033597986348554335
proteomics,schmidt_2016,rel0_abs0,all,unfiltered,690,ter,0.0014237413097491925,140,0.17002272790176856
proteomics,schmidt_2016,rel0_abs0,all,unfiltered,690,oriC,1.1194787162062598e-5,282,0.12225459678798246
proteomics,schmidt_2016,rel0_abs0,all,unfiltered,690,ter,0.038776199061309066,140,0.046598272045957956
proteomics,schmidt_2016,rel0_abs0,all,unfiltered,690,oriC,1.0711798536396747e-8,282,0.18591138439180133
proteomics,schmidt_2016,rel0_abs0,all,unfiltered,690,ter,0.12247807095507834,140,0.131323676812464
proteomics,schmidt_2016,rel0_abs0,all,unfiltered,690,oriC,0.022313082587982924,282,0.0541381800281007
proteomics,schmidt_2016,rel0_abs0,all,unfiltered,690,ter,7.27285763823886e-4,140,0.1848853678290865
proteomics,schmidt_2016,rel0_abs0,all,unfiltered,690,oriC,3.925440155408092e-5,282,0.0893762515583978
proteomics,schmidt_2016,rel0_abs0,all,unfiltered,690,ter,0.605227008205315,140,-0.023502130232298704
proteomics,schmidt_2016,rel0_abs0,all,unfiltered,690,oriC,2.3493270341124762e-8,282,0.19814016132440232
proteomics,schmidt_2016,rel0_abs0,all,unfiltered,690,ter,2.338664547215863e-5,140,0.2733093924406288
proteomics,schmidt_2016,rel0_abs0,all,unfiltered,690,oriC,7.389994515906199e-7,282,0.2587978113824341
proteomics,schmidt_2016,rel0_abs0,all,unfiltered,690,ter,0.008073633811741705,140,-0.20767887587619926
proteomics,schmidt_2016,rel0_abs0,all,unfiltered,690,oriC,1.439167738942062e-6,282,0.2848918390577082
proteomics,schmidt_2016,rel0_abs0,all,unfiltered,690,ter,0.025689086504310225,140,-0.23967466487131436
proteomics,schmidt_2016,rel0_abs0,all,unfiltered,690,oriC,0.36913556650970547,282,0.005414887173390167
proteomics,schmidt_2016,rel0_abs0,all,unfiltered,690,ter,0.00704443159595524,140,0.1449472513194932
proteomics,schmidt_2016,rel0_abs0,all,unfiltered,690,oriC,0.03166873090287088,282,0.046038050528035085
proteomics,schmidt_2016,rel0_abs0,all,unfiltered,690,ter,0.011125535831572895,140,0.10270935461138675
proteomics,schmidt_2016,rel0_abs0,all,unfiltered,690,oriC,2.600039555589831e-4,282,0.15381026785415186
proteomics,schmidt_2016,rel0_abs0,all,unfiltered,690,ter,0.10854278699929723,140,0.11690246622125482
proteomics,schmidt_2016,rel0_abs0,all,unfiltered,690,oriC,0.5404686078152896,282,-0.025475041598246775
proteomics,schmidt_2016,rel0_abs0,all,unfiltered,690,ter,0.006956977894333485,140,0.1844304838627312
proteomics,schmidt_2016,rel0_abs0,all,unfiltered,690,oriC,0.03260660730434827,282,0.025043641963584204
proteomics,schmidt_2016,rel0_abs0,all,unfiltered,690,ter,0.6857903150614209,140,-0.007958586798661883
proteomics,schmidt_2016,rel0_abs0,all,unfiltered,690,oriC,3.5040800348354274e-4,282,0.14029851383159542
proteomics,schmidt_2016,rel0_abs0,all,unfiltered,690,ter,1.1358290355839797e-4,140,0.2555935299519748
proteomics,schmidt_2016,rel0_abs0,all,unfiltered,690,oriC,2.051627078329869e-5,282,0.08264487848634677
proteomics,schmidt_2016,rel0_abs0,all,unfiltered,690,ter,0.0018270676854467574,140,-0.24116623143150362
proteomics,schmidt_2016,rel0_abs0,all,unfiltered,690,oriC,1.4497298717478192e-6,282,0.2044233845960229
proteomics,schmidt_2016,rel0_abs0,all,unfiltered,690,ter,0.005297893494529912,140,-0.31556449414719145
proteomics,schmidt_2016,rel0_abs0,all,unfiltered,690,oriC,2.19982275802514e-6,282,0.23699957245874254
proteomics,schmidt_2016,rel0_abs0,all,unfiltered,690,ter,0.25390286001108153,140,0.013890230371877312
proteomics,schmidt_2016,rel0_abs0,all,unfiltered,690,oriC,0.6515569146788137,282,0.012785257218487365
proteomics,schmidt_2016,rel0_abs0,all,unfiltered,690,ter,0.8899836052474055,140,0.007611553273334147
proteomics,schmidt_2016,rel0_abs0,all,unfiltered,690,oriC,0.0499561217755259,282,0.09893366698473918
proteomics,schmidt_2016,rel0_abs0,all,unfiltered,690,ter,0.004506523210081157,140,-0.18488951791382607
proteomics,schmidt_2016,rel0_abs0,all,unfiltered,690,oriC,1.1045685217401957e-6,282,0.19141866180102224
proteomics,schmidt_2016,rel0_abs0,all,unfiltered,690,ter,0.6316134316666189,140,0.05358191997203304
proteomics,schmidt_2016,rel0_abs0,all,unfiltered,690,oriC,1.1376758961743286e-6,282,0.19883745019692717
proteomics,schmidt_2016,rel0_abs0,all,unfiltered,690,ter,0.0012318726754335485,140,-0.39121701520478147
proteomics,schmidt_2016,rel0_abs0,all,unfiltered,690,oriC,4.858517895472029e-8,282,0.31381284141422555
proteomics,schmidt_2016,rel0_abs0,all,unfiltered,690,ter,0.0010031642350815462,140,-0.3327011113427393
proteomics,schmidt_2016,rel0_abs0,all,unfiltered,690,oriC,0.028513194454817068,282,0.07926051650097515
proteomics,schmidt_2016,rel0_abs0,all,unfiltered,690,ter,0.8866968460329552,140,0.039955186224226225
proteomics,schmidt_2016,rel0_abs0,all,unfiltered,690,oriC,0.01784129080718125,282,-0.07702902443371126
proteomics,schmidt_2016,rel0_abs0,all,unfiltered,690,ter,0.08370499611178753,140,0.0529130704973488
proteomics,schmidt_2016,rel0_abs0,all,unfiltered,690,oriC,0.44408516096291223,282,-0.022934463107343248
proteomics,schmidt_2016,rel0_abs0,all,unfiltered,690,ter,0.023821193269061874,140,-0.020585018377345936
proteomics,schmidt_2016,rel0_abs0,all,unfiltered,690,oriC,7.824929347590219e-4,282,0.09751898511825896
proteomics,schmidt_2016,rel0_abs0,all,unfiltered,690,ter,0.009870525607501651,140,0.1430410654469495
proteomics,schmidt_2016,rel0_abs0,all,unfiltered,690,oriC,2.600007284721293e-5,282,0.11699291574224054
proteomics,schmidt_2016,rel0_abs0,all,unfiltered,690,ter,0.0012867650340875295,140,-0.27092505069126577
proteomics,schmidt_2016,rel0_abs0,all,unfiltered,690,oriC,1.2705402073827206e-6,282,0.2045671322467163
proteomics,schmidt_2016,rel0_abs0,all,unfiltered,690,ter,0.002269366941589151,140,-0.2901289242164843
proteomics,schmidt_2016,rel0_abs0,all,unfiltered,690,oriC,2.4852252170323967e-6,282,-0.20135636725237493
proteomics,schmidt_2016,rel0_abs0,all,unfiltered,690,ter,0.2798756633955023,140,0.06788450711724602
proteomics,schmidt_2016,rel0_abs0,all,unfiltered,690,oriC,0.01016235840099963,282,-0.07703367952351195
proteomics,schmidt_2016,rel0_abs0,all,unfiltered,690,ter,0.007312746529950027,140,-0.15575281306697253
proteomics,schmidt_2016,rel0_abs0,all,unfiltered,690,oriC,0.5882754780645084,282,0.038788935655214456
proteomics,schmidt_2016,rel0_abs0,all,unfiltered,690,ter,0.031246671428433386,140,0.055321048261771144
proteomics,schmidt_2016,rel0_abs0,all,unfiltered,690,oriC,0.0035034975370940072,282,-5.009759539916035e-4
proteomics,schmidt_2016,rel0_abs0,all,unfiltered,690,ter,3.0615447812588392e-6,140,-0.20979865799377484
proteomics,schmidt_2016,rel0_abs0,all,unfiltered,690,oriC,1.73020432521911e-5,282,0.09542762202176575
proteomics,schmidt_2016,rel0_abs0,all,unfiltered,690,ter,6.765577273980924e-5,140,-0.28243606002302535
proteomics,schmidt_2016,rel0_abs0,all,unfiltered,690,oriC,0.014880026793971867,282,0.06925519985811873
proteomics,schmidt_2016,rel0_abs0,all,unfiltered,690,ter,0.005576453210345024,140,-0.13645589178258843
proteomics,schmidt_2016,rel0_abs0,all,unfiltered,690,oriC,1.879383374292069e-8,282,0.21818581611578963
proteomics,schmidt_2016,rel0_abs0,all,unfiltered,690,ter,0.8686559750388847,140,0.034525651411512384
proteomics,schmidt_2016,rel0_abs0,all,unfiltered,690,oriC,6.084974313789748e-8,282,0.24382495603242157
proteomics,schmidt_2016,rel0_abs0,all,unfiltered,690,ter,5.481663283265193e-4,140,-0.3777161972621665
proteomics,schmidt_2016,rel0_abs0,all,unfiltered,690,oriC,1.5060884480594209e-9,282,0.3964859769040421
proteomics,schmidt_2016,rel0_abs0,all,unfiltered,690,ter,6.589273441078025e-4,140,-0.34551693159350716
proteomics,schmidt_2016,rel0_abs0,all,unfiltered,690,oriC,0.05046961698812952,282,0.11318355222900077
proteomics,schmidt_2016,rel0_abs0,all,unfiltered,690,ter,6.362594676349868e-5,140,0.21675226039218504
proteomics,schmidt_2016,rel0_abs0,all,unfiltered,690,oriC,3.182808652212611e-5,282,0.1591120728910424
proteomics,schmidt_2016,rel0_abs0,all,unfiltered,690,ter,0.004716547094647212,140,-0.1684169393079336
proteomics,schmidt_2016,rel0_abs0,all,unfiltered,690,oriC,5.1457815126583476e-8,282,0.21787962898782548
proteomics,schmidt_2016,rel0_abs0,all,unfiltered,690,ter,0.0013832933473586165,140,-0.24449509834548286
proteomics,schmidt_2016,rel0_abs0,all,unfiltered,690,oriC,0.07006219489422126,282,-0.03810014202744743
proteomics,schmidt_2016,rel0_abs0,all,unfiltered,690,ter,1.9972971517761978e-5,140,-0.43364631994890446
proteomics,schmidt_2016,rel0_abs0,all,unfiltered,690,oriC,2.2221293405953787e-4,282,0.09473987981204775
proteomics,schmidt_2016,rel0_abs0,all,unfiltered,690,ter,5.152809887183456e-4,140,-0.41869656436550884
proteomics,schmidt_2016,rel0_abs0,all,unfiltered,690,oriC,2.2548009229116357e-5,282,0.15462698869893887
proteomics,schmidt_2016,rel0_abs0,all,unfiltered,690,ter,0.12916210653273194,140,-0.03369554309420972
proteomics,peebo_2015,rel0_abs0,all,unfiltered,477,oriC,0.8607104208016262,208,0.011649472806794365
proteomics,peebo_2015,rel0_abs0,all,unfiltered,477,ter,0.05430523341163994,84,-0.010886971714173887
proteomics,peebo_2015,rel0_abs0,all,unfiltered,480,oriC,0.1045995081201477,208,0.03325997835734994
proteomics,peebo_2015,rel0_abs0,all,unfiltered,480,ter,0.7523521931529294,83,0.008306615483627348
proteomics,peebo_2015,rel0_abs0,all,unfiltered,453,oriC,3.869554790439263e-9,197,0.08307718505399668
proteomics,peebo_2015,rel0_abs0,all,unfiltered,453,ter,0.4950094010506909,78,-0.042657382425208806
proteomics,peebo_2015,rel0_abs0,all,unfiltered,460,oriC,1.4034160948851996e-12,201,0.09516047505983315
proteomics,peebo_2015,rel0_abs0,all,unfiltered,460,ter,0.9682158877101275,78,-0.003695408246135923
proteomics,peebo_2015,rel0_abs0,all,unfiltered,472,oriC,6.933236631860673e-9,205,0.06827466909030483
proteomics,peebo_2015,rel0_abs0,all,unfiltered,472,ter,0.2793562894349643,82,-0.018717330333811018
proteomics,peebo_2015,rel0_abs0,all,unfiltered,477,oriC,8.617983110317324e-8,203,0.08711695964901103
proteomics,peebo_2015,rel0_abs0,all,unfiltered,477,ter,0.40053395132814307,84,-0.024474933582421646
proteomics,peebo_2015,rel0_abs0,all,unfiltered,460,oriC,1.4745255018085629e-9,198,0.16947410777615057
proteomics,peebo_2015,rel0_abs0,all,unfiltered,460,ter,0.00849621083540953,79,-0.14226657843217727
proteomics,peebo_2015,rel0_abs0,all,unfiltered,467,oriC,3.341045350612527e-10,203,0.17809428855634968
proteomics,peebo_2015,rel0_abs0,all,unfiltered,467,ter,0.31288838283095805,79,-0.06648276649106558
proteomics,peebo_2015,rel0_abs0,all,unfiltered,472,oriC,2.7212592172117743e-8,200,0.16847450671664047
proteomics,peebo_2015,rel0_abs0,all,unfiltered,472,ter,0.21536539897884688,82,-0.06700731291149986
proteomics,peebo_2015,rel0_abs0,all,unfiltered,478,oriC,1.7462371142715572e-8,209,0.17199971152432517
proteomics,peebo_2015,rel0_abs0,all,unfiltered,478,ter,0.08918935026803705,81,-0.0892790937053003
proteomics,peebo_2015,rel0_abs0,all,unfiltered,454,oriC,2.8844532905794205e-7,197,0.1435202591089726
proteomics,peebo_2015,rel0_abs0,all,unfiltered,454,ter,0.0012858732357325297,77,-0.25374163278809236
proteomics,peebo_2015,rel0_abs0,all,unfiltered,470,oriC,4.108563298859427e-10,203,0.19387695544534825
proteomics,peebo_2015,rel0_abs0,all,unfiltered,470,ter,0.329042440606018,80,-0.09569424285398001
proteomics,peebo_2015,rel0_abs0,all,unfiltered,483,oriC,8.855011796675993e-10,208,0.20237691058853421
proteomics,peebo_2015,rel0_abs0,all,unfiltered,483,ter,0.6078095801335033,81,-0.007716584741401598
proteomics,peebo_2015,rel0_abs0,all,unfiltered,465,oriC,2.730789051017736e-9,204,0.2126149056572204
proteomics,peebo_2015,rel0_abs0,all,unfiltered,465,ter,0.354394180590364,79,-0.12047263308145509
proteomics,peebo_2015,rel0_abs0,all,unfiltered,475,oriC,9.34650953015526e-9,208,0.2111272121055615
proteomics,peebo_2015,rel0_abs0,all,unfiltered,475,ter,0.002466471218023428,81,-0.2414563132342829
proteomics,peebo_2015,rel0_abs0,all,unfiltered,453,oriC,1.4078242167431425e-6,195,0.146658828982924
proteomics,peebo_2015,rel0_abs0,all,unfiltered,453,ter,4.336919430759124e-4,77,-0.3730892655110779
proteomics,peebo_2015,rel0_abs0,all,unfiltered,477,oriC,2.394464239033826e-7,205,0.17813716921815387
proteomics,peebo_2015,rel0_abs0,all,unfiltered,477,ter,0.00266753296143302,84,-0.2208748343127428
proteomics,peebo_2015,rel0_abs0,all,unfiltered,452,oriC,1.823824224554354e-6,196,0.14179089805653844
proteomics,peebo_2015,rel0_abs0,all,unfiltered,452,ter,1.5512830792976535e-4,77,-0.5241195045364562
proteomics,peebo_2015,rel0_abs0,all,unfiltered,472,oriC,1.2119277791941805e-6,204,0.16627971273273018
proteomics,peebo_2015,rel0_abs0,all,unfiltered,472,ter,0.001993445471881683,80,-0.35178500220742764
proteomics,peebo_2015,rel0_abs0,all,unfiltered,452,oriC,4.936236539371934e-6,193,0.14711101677884253
proteomics,peebo_2015,rel0_abs0,all,unfiltered,452,ter,0.001158975009700286,76,-0.5254100354196728
proteomics,peebo_2015,rel0_abs0,all,unfiltered,476,oriC,2.5253739537673055e-8,204,0.23546919727987456
proteomics,peebo_2015,rel0_abs0,all,unfiltered,476,ter,0.02876825252502248,82,-0.2501871758178651
proteomics,peebo_2015,rel0_abs0,all,unfiltered,452,oriC,4.503440677795191e-6,197,0.2504634233702706
proteomics,peebo_2015,rel0_abs0,all,unfiltered,452,ter,0.009189210032171321,78,-0.7647637433437909
proteomics,peebo_2015,rel0_abs0,all,unfiltered,460,oriC,1.1327860321176917e-10,204,0.08688231749579953
proteomics,peebo_2015,rel0_abs0,all,unfiltered,460,ter,0.9046944966245342,79,0.0025812903995650577
proteomics,peebo_2015,rel0_abs0,all,unfiltered,466,oriC,3.1732136091973256e-7,205,0.051461514974612106
proteomics,peebo_2015,rel0_abs0,all,unfiltered,466,ter,0.6890063476334369,81,-0.004681047831820848
proteomics,peebo_2015,rel0_abs0,all,unfiltered,484,oriC,1.289496387590464e-5,212,0.06969703758848753
proteomics,peebo_2015,rel0_abs0,all,unfiltered,484,ter,0.5147177972867583,83,-0.022821622710926193
proteomics,peebo_2015,rel0_abs0,all,unfiltered,462,oriC,9.895741310450732e-8,203,0.10536779328050448
proteomics,peebo_2015,rel0_abs0,all,unfiltered,462,ter,0.01615751273583614,80,-0.15538596101782354
proteomics,peebo_2015,rel0_abs0,all,unfiltered,468,oriC,2.6231050648575935e-8,206,0.10815128026016887
proteomics,peebo_2015,rel0_abs0,all,unfiltered,468,ter,0.6061437040237775,79,-0.05439965745430368
proteomics,peebo_2015,rel0_abs0,all,unfiltered,481,oriC,1.0224593966899827e-6,211,0.12686734509722813
proteomics,peebo_2015,rel0_abs0,all,unfiltered,481,ter,0.22221663830712787,80,-0.06297401953769928
proteomics,peebo_2015,rel0_abs0,all,unfiltered,476,oriC,7.290761941305721e-7,212,0.10295653044424515
proteomics,peebo_2015,rel0_abs0,all,unfiltered,476,ter,0.0951413405382342,82,-0.12497956037969198
proteomics,peebo_2015,rel0_abs0,all,unfiltered,456,oriC,6.337488311881831e-6,203,0.08377312299586616
proteomics,peebo_2015,rel0_abs0,all,unfiltered,456,ter,8.618605730922898e-4,78,-0.32261102691105137
proteomics,peebo_2015,rel0_abs0,all,unfiltered,472,oriC,1.4987768748341437e-8,209,0.1791830603298499
proteomics,peebo_2015,rel0_abs0,all,unfiltered,472,ter,0.2837334228544606,80,-0.0893996526023142
proteomics,peebo_2015,rel0_abs0,all,unfiltered,479,oriC,1.9677930432245565e-8,211,0.18327139798289646
proteomics,peebo_2015,rel0_abs0,all,unfiltered,479,ter,0.5947012260343014,81,-0.03812642314193171
proteomics,peebo_2015,rel0_abs0,all,unfiltered,462,oriC,8.130855910911385e-8,207,0.16811572505249825
proteomics,peebo_2015,rel0_abs0,all,unfiltered,462,ter,0.4531552297644625,79,-0.1535098441865685
proteomics,peebo_2015,rel0_abs0,all,unfiltered,476,oriC,9.704409235465452e-7,212,0.14938241384079676
proteomics,peebo_2015,rel0_abs0,all,unfiltered,476,ter,0.0030613573826317633,81,-0.24601471220434873
proteomics,peebo_2015,rel0_abs0,all,unfiltered,454,oriC,2.0605970370950144e-5,201,0.07951150423834284
proteomics,peebo_2015,rel0_abs0,all,unfiltered,454,ter,2.934586291621485e-4,78,-0.4130706707887766
proteomics,peebo_2015,rel0_abs0,all,unfiltered,485,oriC,4.24611714427136e-6,212,0.12508906659712216
proteomics,peebo_2015,rel0_abs0,all,unfiltered,485,ter,0.005730225676552273,84,-0.1578337630321951
proteomics,peebo_2015,rel0_abs0,all,unfiltered,452,oriC,1.1494771397560333e-5,199,0.1387339294930021
proteomics,peebo_2015,rel0_abs0,all,unfiltered,452,ter,1.0967969269508112e-4,79,-0.5845477801165966
proteomics,peebo_2015,rel0_abs0,all,unfiltered,478,oriC,9.808319981441715e-6,210,0.12435082889970744
proteomics,peebo_2015,rel0_abs0,all,unfiltered,478,ter,0.0064088597588665515,81,-0.25723338126361284
proteomics,peebo_2015,rel0_abs0,all,unfiltered,455,oriC,3.4801218518359394e-5,201,0.06045288336262132
proteomics,peebo_2015,rel0_abs0,all,unfiltered,455,ter,0.001205865794651187,78,-0.5863638696855509
proteomics,peebo_2015,rel0_abs0,all,unfiltered,488,oriC,5.615931003773384e-7,214,0.2110455850593777
proteomics,peebo_2015,rel0_abs0,all,unfiltered,488,ter,0.07171792328776166,85,-0.1685739278321027
proteomics,peebo_2015,rel0_abs0,all,unfiltered,454,oriC,3.573215480381634e-5,204,0.20305001755378332
proteomics,peebo_2015,rel0_abs0,all,unfiltered,454,ter,0.009189210032171321,78,-0.7777574483120148
proteomics,peebo_2015,rel0_abs0,all,unfiltered,466,oriC,1.263183847355047e-8,206,0.05745273472614183
proteomics,peebo_2015,rel0_abs0,all,unfiltered,466,ter,0.32649007587410955,78,0.0487418055284052
proteomics,peebo_2015,rel0_abs0,all,unfiltered,469,oriC,0.016337015098744197,206,0.013892280275788038
proteomics,peebo_2015,rel0_abs0,all,unfiltered,469,ter,0.5600623533571258,80,-0.04645680805187659
proteomics,peebo_2015,rel0_abs0,all,unfiltered,489,oriC,0.0017527151534480585,213,0.04683792980544591
proteomics,peebo_2015,rel0_abs0,all,unfiltered,489,ter,0.8815694620840349,85,-0.043908271119137574
proteomics,peebo_2015,rel0_abs0,all,unfiltered,469,oriC,3.7707973841389297e-6,207,0.08530467591384669
proteomics,peebo_2015,rel0_abs0,all,unfiltered,469,ter,0.07556422458252884,80,-0.1536177643067439
proteomics,peebo_2015,rel0_abs0,all,unfiltered,471,oriC,7.711384755824362e-6,208,0.12404629563273924
proteomics,peebo_2015,rel0_abs0,all,unfiltered,471,ter,0.8622655259678133,79,-0.0028138586897604235
proteomics,peebo_2015,rel0_abs0,all,unfiltered,486,oriC,6.497790477064408e-5,212,0.10481039753019938
proteomics,peebo_2015,rel0_abs0,all,unfiltered,486,ter,0.5447775260064837,82,-0.03717197353675341
proteomics,peebo_2015,rel0_abs0,all,unfiltered,483,oriC,3.463417690193579e-6,215,0.11485399635777845
proteomics,peebo_2015,rel0_abs0,all,unfiltered,483,ter,0.13781906663713064,82,-0.11160311746476549
proteomics,peebo_2015,rel0_abs0,all,unfiltered,462,oriC,2.6374634521111033e-5,205,0.07912000765325823
proteomics,peebo_2015,rel0_abs0,all,unfiltered,462,ter,0.03644599510876747,77,-0.3099885890322748
proteomics,peebo_2015,rel0_abs0,all,unfiltered,473,oriC,2.8345609761079055e-6,208,0.16185981649104808
proteomics,peebo_2015,rel0_abs0,all,unfiltered,473,ter,0.5493956212488185,79,-0.08816367102083952
proteomics,peebo_2015,rel0_abs0,all,unfiltered,480,oriC,3.7982879907822556e-6,209,0.19974330200321214
proteomics,peebo_2015,rel0_abs0,all,unfiltered,480,ter,0.5007665050758374,81,-0.1631596603611353
proteomics,peebo_2015,rel0_abs0,all,unfiltered,473,oriC,2.5113006631402684e-5,211,0.15490848074267743
proteomics,peebo_2015,rel0_abs0,all,unfiltered,473,ter,0.5016014817904586,79,-0.16016122723817214
proteomics,peebo_2015,rel0_abs0,all,unfiltered,479,oriC,7.366224741661131e-7,213,0.13483705540645316
proteomics,peebo_2015,rel0_abs0,all,unfiltered,479,ter,0.019377393711821164,80,-0.25212574106425645
proteomics,peebo_2015,rel0_abs0,all,unfiltered,465,oriC,2.053448947366289e-4,205,0.09341379615472391
proteomics,peebo_2015,rel0_abs0,all,unfiltered,465,ter,0.0158753439007092,79,-0.44776768972209385
proteomics,peebo_2015,rel0_abs0,all,unfiltered,485,oriC,6.900226765899671e-6,214,0.14686064404543875
proteomics,peebo_2015,rel0_abs0,all,unfiltered,485,ter,0.037374308297895856,83,-0.2764055235564245
proteomics,peebo_2015,rel0_abs0,all,unfiltered,460,oriC,9.421161547695077e-5,203,0.07219313306332255
proteomics,peebo_2015,rel0_abs0,all,unfiltered,460,ter,0.009898551298581047,77,-0.5398877605399639
proteomics,peebo_2015,rel0_abs0,all,unfiltered,478,oriC,8.730253729022968e-5,210,0.13805626434928114
proteomics,peebo_2015,rel0_abs0,all,unfiltered,478,ter,0.04960514601036609,81,-0.2888694625377723
proteomics,peebo_2015,rel0_abs0,all,unfiltered,461,oriC,3.756923550552843e-4,203,0.10435798157581164
proteomics,peebo_2015,rel0_abs0,all,unfiltered,461,ter,0.014391537252176791,77,-0.6045007574340144
proteomics,peebo_2015,rel0_abs0,all,unfiltered,488,oriC,3.749518871470269e-6,215,0.22669310881980023
proteomics,peebo_2015,rel0_abs0,all,unfiltered,488,ter,0.15202584346504253,83,-0.20718396522091032
proteomics,peebo_2015,rel0_abs0,all,unfiltered,464,oriC,1.2469648499182167e-4,207,0.1271188924902316
proteomics,peebo_2015,rel0_abs0,all,unfiltered,464,ter,0.013307438761423691,78,-0.8484910095979794
proteomics,peebo_2015,rel0_abs0,all,unfiltered,399,oriC,0.19959258564958063,179,0.006551112972507249
proteomics,peebo_2015,rel0_abs0,all,unfiltered,399,ter,0.8983376199405679,66,-0.03309388249767517
proteomics,peebo_2015,rel0_abs0,all,unfiltered,433,oriC,0.5399814897057602,192,0.01891232220010034
proteomics,peebo_2015,rel0_abs0,all,unfiltered,433,ter,0.5388987300988969,70,0.027934284450807232
proteomics,peebo_2015,rel0_abs0,all,unfiltered,464,oriC,0.0024117698903911747,202,0.13639973391902585
proteomics,peebo_2015,rel0_abs0,all,unfiltered,464,ter,0.41117699487243775,78,0.1028883136347474
proteomics,peebo_2015,rel0_abs0,all,unfiltered,396,oriC,5.342199227493799e-6,178,0.12998773256768556
proteomics,peebo_2015,rel0_abs0,all,unfiltered,396,ter,0.5139016764200929,67,-0.07026260725794982
proteomics,peebo_2015,rel0_abs0,all,unfiltered,441,oriC,7.799621004648307e-6,197,0.2688093541238038
proteomics,peebo_2015,rel0_abs0,all,unfiltered,441,ter,0.571225020492484,73,0.05002122444475947
proteomics,peebo_2015,rel0_abs0,all,unfiltered,461,oriC,1.648783016382935e-5,200,0.33582476598052435
proteomics,peebo_2015,rel0_abs0,all,unfiltered,461,ter,0.45721620768768645,74,0.07811504464652586
proteomics,peebo_2015,rel0_abs0,all,unfiltered,461,oriC,1.6893856669925811e-6,206,0.29253790816168923
proteomics,peebo_2015,rel0_abs0,all,unfiltered,461,ter,0.843102713718112,79,0.034083901940008064
proteomics,peebo_2015,rel0_abs0,all,unfiltered,383,oriC,3.3754888692872584e-6,169,0.1826980174382104
proteomics,peebo_2015,rel0_abs0,all,unfiltered,383,ter,0.09563205209233215,65,-0.10683869216870825
proteomics,peebo_2015,rel0_abs0,all,unfiltered,442,oriC,3.449406313679692e-7,198,0.3741057883059324
proteomics,peebo_2015,rel0_abs0,all,unfiltered,442,ter,0.360764760649286,71,0.1230906579362825
proteomics,peebo_2015,rel0_abs0,all,unfiltered,454,oriC,2.962777597491479e-7,199,0.5141012037979023
proteomics,peebo_2015,rel0_abs0,all,unfiltered,454,ter,0.3569369653754255,74,0.21356860948025258
proteomics,peebo_2015,rel0_abs0,all,unfiltered,424,oriC,4.17053411368818e-7,194,0.37539655211519096
proteomics,peebo_2015,rel0_abs0,all,unfiltered,424,ter,0.48798006620103346,68,0.14593253810129164
proteomics,peebo_2015,rel0_abs0,all,unfiltered,447,oriC,3.703401024352083e-8,201,0.384551061329943
proteomics,peebo_2015,rel0_abs0,all,unfiltered,447,ter,0.2035907640323833,74,-0.042699424218809456
proteomics,peebo_2015,rel0_abs0,all,unfiltered,392,oriC,3.076483305524436e-6,173,0.17015646041623872
proteomics,peebo_2015,rel0_abs0,all,unfiltered,392,ter,0.128419683538118,66,-0.12416419221420558
proteomics,peebo_2015,rel0_abs0,all,unfiltered,466,oriC,1.8151763396713692e-7,204,0.6220156251582163
proteomics,peebo_2015,rel0_abs0,all,unfiltered,466,ter,0.5109810586531027,79,0.0546425532298411
proteomics,peebo_2015,rel0_abs0,all,unfiltered,375,oriC,7.149051280616469e-6,168,0.19798450811665255
proteomics,peebo_2015,rel0_abs0,all,unfiltered,375,ter,0.11832340938298262,65,-0.1596342648901924
proteomics,peebo_2015,rel0_abs0,all,unfiltered,457,oriC,6.0096252331859055e-6,202,0.5721264199144286
proteomics,peebo_2015,rel0_abs0,all,unfiltered,457,ter,0.5293174057423964,76,0.03783192480627059
proteomics,peebo_2015,rel0_abs0,all,unfiltered,379,oriC,6.505726378459403e-6,170,0.20942070675840618
proteomics,peebo_2015,rel0_abs0,all,unfiltered,379,ter,0.185140368996953,62,-0.20909445577877106
proteomics,peebo_2015,rel0_abs0,all,unfiltered,466,oriC,3.0996938265212934e-8,206,0.8572321688971312
proteomics,peebo_2015,rel0_abs0,all,unfiltered,466,ter,0.9191143926033907,77,0.16961648106245092
proteomics,peebo_2015,rel0_abs0,all,unfiltered,375,oriC,2.130033507184966e-6,172,0.26724246918293915
proteomics,peebo_2015,rel0_abs0,all,unfiltered,375,ter,0.16722319240580183,62,-0.3291511487833177
proteomics,peebo_2015,rel0_abs0,all,unfiltered,450,oriC,0.24961220158499148,199,-7.201185165515847e-4
proteomics,peebo_2015,rel0_abs0,all,unfiltered,450,ter,0.6289743613791321,75,-0.02033325872248073
proteomics,peebo_2015,rel0_abs0,all,unfiltered,474,oriC,0.0465214414690397,210,0.07874779363836394
proteomics,peebo_2015,rel0_abs0,all,unfiltered,474,ter,0.8507573596103905,79,3.772434026412851e-4
proteomics,peebo_2015,rel0_abs0,all,unfiltered,413,oriC,2.210994193307209e-6,185,0.09834205010532365
proteomics,peebo_2015,rel0_abs0,all,unfiltered,413,ter,0.10500593240859145,70,-0.0696795359421126
proteomics,peebo_2015,rel0_abs0,all,unfiltered,454,oriC,1.6890384106451448e-4,202,0.1431028843736294
proteomics,peebo_2015,rel0_abs0,all,unfiltered,454,ter,0.9607719845338754,76,-0.007099861943019433
proteomics,peebo_2015,rel0_abs0,all,unfiltered,473,oriC,8.29533233273292e-5,208,0.17067247661120544
proteomics,peebo_2015,rel0_abs0,all,unfiltered,473,ter,0.6958231382627436,77,-0.01108476956059689
proteomics,peebo_2015,rel0_abs0,all,unfiltered,469,oriC,6.71324950192117e-7,211,0.14933776553741915
proteomics,peebo_2015,rel0_abs0,all,unfiltered,469,ter,0.4197345398208235,78,-0.1442825105029203
proteomics,peebo_2015,rel0_abs0,all,unfiltered,402,oriC,1.7040668187898286e-6,177,0.10687264603953847
proteomics,peebo_2015,rel0_abs0,all,unfiltered,402,ter,0.04946401611769319,67,-0.13768503758435788
proteomics,peebo_2015,rel0_abs0,all,unfiltered,456,oriC,1.1917607254515438e-5,205,0.23238238157886787
proteomics,peebo_2015,rel0_abs0,all,unfiltered,456,ter,0.8084503871034592,74,-0.031667017782463294
proteomics,peebo_2015,rel0_abs0,all,unfiltered,465,oriC,5.689764736941888e-6,206,0.27405359718687927
proteomics,peebo_2015,rel0_abs0,all,unfiltered,465,ter,0.9319224704424702,76,0.030715981003691377
proteomics,peebo_2015,rel0_abs0,all,unfiltered,443,oriC,2.6518378016804334e-5,202,0.2837684344585243
proteomics,peebo_2015,rel0_abs0,all,unfiltered,443,ter,0.9430251100474436,73,-0.02963425148945101
proteomics,peebo_2015,rel0_abs0,all,unfiltered,450,oriC,3.409830365387115e-8,201,0.1874553379975391
proteomics,peebo_2015,rel0_abs0,all,unfiltered,450,ter,0.12117910159760299,75,-0.23827323270259157
proteomics,peebo_2015,rel0_abs0,all,unfiltered,412,oriC,9.98306163727499e-6,182,0.13602634871067246
proteomics,peebo_2015,rel0_abs0,all,unfiltered,412,ter,0.0596505009334156,69,-0.2923095042697461
proteomics,peebo_2015,rel0_abs0,all,unfiltered,469,oriC,3.274634590153786e-7,207,0.2136599159882483
proteomics,peebo_2015,rel0_abs0,all,unfiltered,469,ter,0.17233914024648683,78,-0.12511370165438995
proteomics,peebo_2015,rel0_abs0,all,unfiltered,398,oriC,1.1423746280061054e-5,179,0.151646400674006
proteomics,peebo_2015,rel0_abs0,all,unfiltered,398,ter,0.037295500998014264,66,-0.36604366647689346
proteomics,peebo_2015,rel0_abs0,all,unfiltered,467,oriC,3.3121399268014365e-5,208,0.26353951154663263
proteomics,peebo_2015,rel0_abs0,all,unfiltered,467,ter,0.1919238314553516,77,-0.17520441529394123
proteomics,peebo_2015,rel0_abs0,all,unfiltered,403,oriC,3.725424831500209e-5,182,0.19616754636220296
proteomics,peebo_2015,rel0_abs0,all,unfiltered,403,ter,0.0378822615197496,66,-0.40983916624010486
proteomics,peebo_2015,rel0_abs0,all,unfiltered,475,oriC,1.521923429849405e-6,209,0.308115912369684
proteomics,peebo_2015,rel0_abs0,all,unfiltered,475,ter,0.38889917178763916,81,-0.013063518342401168
proteomics,peebo_2015,rel0_abs0,all,unfiltered,400,oriC,1.762867135605986e-5,185,0.16801003275127022
proteomics,peebo_2015,rel0_abs0,all,unfiltered,400,ter,0.0323971233935753,67,-0.5605743351242046
proteomics,peebo_2015,rel0_abs0,all,unfiltered,476,oriC,3.7128020030260543e-4,209,0.029659177296467727
proteomics,peebo_2015,rel0_abs0,all,unfiltered,476,ter,0.8950650514253047,80,0.004226135753492552
proteomics,peebo_2015,rel0_abs0,all,unfiltered,445,oriC,1.663334264722158e-8,197,0.11370190677300518
proteomics,peebo_2015,rel0_abs0,all,unfiltered,445,ter,0.0927983473650556,74,-0.07733985540501519
proteomics,peebo_2015,rel0_abs0,all,unfiltered,456,oriC,8.744620482873485e-9,203,0.09510072351755956
proteomics,peebo_2015,rel0_abs0,all,unfiltered,456,ter,0.8017355565347283,76,-0.025707592947727766
proteomics,peebo_2015,rel0_abs0,all,unfiltered,477,oriC,1.4709940730789857e-7,209,0.1311765867566761
proteomics,peebo_2015,rel0_abs0,all,unfiltered,477,ter,0.9642453863167574,78,0.024632673706480437
proteomics,peebo_2015,rel0_abs0,all,unfiltered,475,oriC,1.7831606448071405e-7,211,0.1408054492818466
proteomics,peebo_2015,rel0_abs0,all,unfiltered,475,ter,0.2937426264596658,81,-0.06707600319688835
proteomics,peebo_2015,rel0_abs0,all,unfiltered,438,oriC,3.910935980271865e-6,195,0.08269410562601287
proteomics,peebo_2015,rel0_abs0,all,unfiltered,438,ter,0.005599167913092632,71,-0.19417906698814424
proteomics,peebo_2015,rel0_abs0,all,unfiltered,462,oriC,2.6602541212448427e-9,206,0.16963459150027987
proteomics,peebo_2015,rel0_abs0,all,unfiltered,462,ter,0.821812145438507,76,-0.05660089895257395
proteomics,peebo_2015,rel0_abs0,all,unfiltered,472,oriC,8.268483761817699e-9,208,0.1814914526925008
proteomics,peebo_2015,rel0_abs0,all,unfiltered,472,ter,0.7600296544291925,79,0.009121304293234204
proteomics,peebo_2015,rel0_abs0,all,unfiltered,452,oriC,1.8571792746775658e-8,202,0.1726101667829019
proteomics,peebo_2015,rel0_abs0,all,unfiltered,452,ter,0.47820985024425505,73,-0.13465297005409313
proteomics,peebo_2015,rel0_abs0,all,unfiltered,469,oriC,3.029216834219122e-8,210,0.15326393616036646
proteomics,peebo_2015,rel0_abs0,all,unfiltered,469,ter,0.010045017695711922,77,-0.17845436858107858
proteomics,peebo_2015,rel0_abs0,all,unfiltered,440,oriC,4.007537772222453e-6,195,0.10598595744030485
proteomics,peebo_2015,rel0_abs0,all,unfiltered,440,ter,0.0018808093125347641,74,-0.34153681022524074
proteomics,peebo_2015,rel0_abs0,all,unfiltered,479,oriC,1.3546695577526304e-6,212,0.19952665302560732
proteomics,peebo_2015,rel0_abs0,all,unfiltered,479,ter,0.015518096565174529,81,-0.12931158073975896
proteomics,peebo_2015,rel0_abs0,all,unfiltered,435,oriC,1.2188248905572894e-5,192,0.09391863888963436
proteomics,peebo_2015,rel0_abs0,all,unfiltered,435,ter,0.001376291296244303,73,-0.3569446333089268
proteomics,peebo_2015,rel0_abs0,all,unfiltered,471,oriC,4.577302738717685e-6,209,0.16879695297923822
proteomics,peebo_2015,rel0_abs0,all,unfiltered,471,ter,0.019617949738747205,79,-0.24095611067455766
proteomics,peebo_2015,rel0_abs0,all,unfiltered,438,oriC,1.4557304524728772e-5,192,0.11782712797310943
proteomics,peebo_2015,rel0_abs0,all,unfiltered,438,ter,0.00420906513062998,71,-0.48162509168307727
proteomics,peebo_2015,rel0_abs0,all,unfiltered,478,oriC,2.804055143621483e-7,211,0.24774252640438926
proteomics,peebo_2015,rel0_abs0,all,unfiltered,478,ter,0.04539029236440388,81,-0.15416543695859902
proteomics,peebo_2015,rel0_abs0,all,unfiltered,439,oriC,1.423169121956845e-5,198,0.2148309447861194
proteomics,peebo_2015,rel0_abs0,all,unfiltered,439,ter,0.017548144081977687,71,-0.6477683001770891
proteomics,peebo_2015,rel0_abs0,all,unfiltered,472,oriC,2.026635689379026e-9,206,0.059473270419757536
proteomics,peebo_2015,rel0_abs0,all,unfiltered,472,ter,0.22807980723878504,81,-0.09030043604745772
proteomics,peebo_2015,rel0_abs0,all,unfiltered,473,oriC,3.77154289338972e-15,206,0.09354350724668117
proteomics,peebo_2015,rel0_abs0,all,unfiltered,473,ter,0.5727555435391709,82,0.022642616878101242
proteomics,peebo_2015,rel0_abs0,all,unfiltered,474,oriC,5.128896198229878e-9,203,0.11056147079756483
proteomics,peebo_2015,rel0_abs0,all,unfiltered,474,ter,0.42426961252869694,79,-0.05379486714564078
proteomics,peebo_2015,rel0_abs0,all,unfiltered,482,oriC,3.1150018920221084e-8,211,0.10401698251267523
proteomics,peebo_2015,rel0_abs0,all,unfiltered,482,ter,0.11691436799208484,81,-0.09027565649779598
proteomics,peebo_2015,rel0_abs0,all,unfiltered,466,oriC,2.0156064766773274e-6,205,0.07860975658957965
proteomics,peebo_2015,rel0_abs0,all,unfiltered,466,ter,5.76315679787002e-4,77,-0.21195242374837758
proteomics,peebo_2015,rel0_abs0,all,unfiltered,475,oriC,4.0259850541321704e-11,207,0.12641202408887686
proteomics,peebo_2015,rel0_abs0,all,unfiltered,475,ter,0.5095814935720284,80,-0.02483801126938752
proteomics,peebo_2015,rel0_abs0,all,unfiltered,487,oriC,5.318068024275203e-9,212,0.13845714694224315
proteomics,peebo_2015,rel0_abs0,all,unfiltered,487,ter,0.7779443054056636,82,0.016046589921914878
proteomics,peebo_2015,rel0_abs0,all,unfiltered,473,oriC,2.247993487403131e-8,206,0.14769752581058987
proteomics,peebo_2015,rel0_abs0,all,unfiltered,473,ter,0.4684058437331228,81,-0.13025101348155113
proteomics,peebo_2015,rel0_abs0,all,unfiltered,485,oriC,2.426355071079899e-8,214,0.15774931118797275
proteomics,peebo_2015,rel0_abs0,all,unfiltered,485,ter,0.005309529506239887,82,-0.2138771480987693
proteomics,peebo_2015,rel0_abs0,all,unfiltered,465,oriC,7.965575954336892e-6,205,0.1095034517391105
proteomics,peebo_2015,rel0_abs0,all,unfiltered,465,ter,4.0944960671391467e-4,77,-0.31556638587071445
proteomics,peebo_2015,rel0_abs0,all,unfiltered,485,oriC,7.961378684970132e-7,210,0.0967350461106086
proteomics,peebo_2015,rel0_abs0,all,unfiltered,485,ter,0.018344029066540903,83,-0.14249549850617504
proteomics,peebo_2015,rel0_abs0,all,unfiltered,466,oriC,5.589108720609485e-6,205,0.07473856360986986
proteomics,peebo_2015,rel0_abs0,all,unfiltered,466,ter,1.8729474627706907e-4,78,-0.432731741472535
proteomics,peebo_2015,rel0_abs0,all,unfiltered,473,oriC,5.956506186056219e-6,204,0.10271011200420185
proteomics,peebo_2015,rel0_abs0,all,unfiltered,473,ter,0.0077014173834122806,81,-0.24895470086394086
proteomics,peebo_2015,rel0_abs0,all,unfiltered,465,oriC,2.4096518921842848e-5,201,0.0939429503948538
proteomics,peebo_2015,rel0_abs0,all,unfiltered,465,ter,2.6133166456091884e-4,78,-0.5711315379616898
proteomics,peebo_2015,rel0_abs0,all,unfiltered,484,oriC,1.0433831987058509e-7,207,0.1651579990922632
proteomics,peebo_2015,rel0_abs0,all,unfiltered,484,ter,0.03574537378046498,83,-0.16662608486753258
proteomics,peebo_2015,rel0_abs0,all,unfiltered,464,oriC,2.2940768505855504e-5,204,0.17107583375693286
proteomics,peebo_2015,rel0_abs0,all,unfiltered,464,ter,0.004055062366611726,77,-0.6932645180826844
proteomics,peebo_2015,rel0_abs0,all,unfiltered,449,oriC,4.538074336070096e-4,202,0.05345795955916553
proteomics,peebo_2015,rel0_abs0,all,unfiltered,449,ter,0.17910268033365653,76,0.06584825102949088
proteomics,peebo_2015,rel0_abs0,all,unfiltered,470,oriC,1.4854676622774146e-4,205,0.11372844324059513
proteomics,peebo_2015,rel0_abs0,all,unfiltered,470,ter,0.3662881555762963,76,0.06595363352762847
proteomics,peebo_2015,rel0_abs0,all,unfiltered,470,oriC,8.1377728038958e-5,208,0.04264985499271113
proteomics,peebo_2015,rel0_abs0,all,unfiltered,470,ter,0.9962433490883481,81,0.0053043315302103485
proteomics,peebo_2015,rel0_abs0,all,unfiltered,403,oriC,2.0831733470914878e-5,179,0.061829066705451755
proteomics,peebo_2015,rel0_abs0,all,unfiltered,403,ter,0.050907588208095156,68,-0.048055728952730005
proteomics,peebo_2015,rel0_abs0,all,unfiltered,451,oriC,5.19608687193176e-7,202,0.18126092141369388
proteomics,peebo_2015,rel0_abs0,all,unfiltered,451,ter,0.8339152648162597,76,0.012511205126770493
proteomics,peebo_2015,rel0_abs0,all,unfiltered,464,oriC,2.944445855857962e-7,205,0.22723934690088082
proteomics,peebo_2015,rel0_abs0,all,unfiltered,464,ter,0.72673551105288825,76,0.05579428614270838
proteomics,peebo_2015,rel0_abs0,all,unfiltered,437,oriC,1.659535964230404e-6,200,0.20606148777185446
proteomics,peebo_2015,rel0_abs0,all,unfiltered,437,ter,0.9429019771162281,71,-5.91070779945327e-4
proteomics,peebo_2015,rel0_abs0,all,unfiltered,452,oriC,3.1158689467338347e-7,202,0.11424118618375013
proteomics,peebo_2015,rel0_abs0,all,unfiltered,452,ter,0.26454222348001366,76,-0.09387556729460303
proteomics,peebo_2015,rel0_abs0,all,unfiltered,410,oriC,9.111128635621381e-5,182,0.0725770490983079
proteomics,peebo_2015,rel0_abs0,all,unfiltered,410,ter,0.07522934911632195,70,-0.16913243822387658
proteomics,peebo_2015,rel0_abs0,all,unfiltered,469,oriC,9.235127336283825e-6,204,0.13058881844218784
proteomics,peebo_2015,rel0_abs0,all,unfiltered,469,ter,0.21387291575571798,81,-0.07611041575515026
proteomics,peebo_2015,rel0_abs0,all,unfiltered,399,oriC,1.1221238683940948e-4,179,0.08268408089493776
proteomics,peebo_2015,rel0_abs0,all,unfiltered,399,ter,0.038572798225856006,69,-0.2821691981329027
proteomics,peebo_2015,rel0_abs0,all,unfiltered,464,oriC,3.749308502203918e-4,205,0.16636140994754767
proteomics,peebo_2015,rel0_abs0,all,unfiltered,464,ter,0.23193837681352786,78,-0.12313864976854452
proteomics,peebo_2015,rel0_abs0,all,unfiltered,405,oriC,9.619451910367286e-5,179,0.10500849817605289
proteomics,peebo_2015,rel0_abs0,all,unfiltered,405,ter,0.044611781433036485,67,-0.26178319680974044
proteomics,peebo_2015,rel0_abs0,all,unfiltered,471,oriC,1.3421981402683058e-6,207,0.23983622283399528
proteomics,peebo_2015,rel0_abs0,all,unfiltered,471,ter,0.6434778286506566,80,0.06104435140295803
proteomics,peebo_2015,rel0_abs0,all,unfiltered,397,oriC,1.1583666439602055e-4,180,0.11522883388974005
proteomics,peebo_2015,rel0_abs0,all,unfiltered,397,ter,0.030771898550067296,68,-0.47616117005030656
proteomics,peebo_2015,rel0_abs0,all,unfiltered,472,oriC,9.113620940384282e-5,206,0.03791001885784719
proteomics,peebo_2015,rel0_abs0,all,unfiltered,472,ter,0.3888690535126559,78,-0.03499520742387237
proteomics,peebo_2015,rel0_abs0,all,unfiltered,475,oriC,0.07420785669711973,210,0.0044535164491956766
proteomics,peebo_2015,rel0_abs0,all,unfiltered,475,ter,0.12191084838053987,80,-0.08937326842419377
proteomics,peebo_2015,rel0_abs0,all,unfiltered,443,oriC,4.3516104224889345e-4,198,0.0067320765200532895
proteomics,peebo_2015,rel0_abs0,all,unfiltered,443,ter,7.668129365347933e-4,73,-0.11902908917792196
proteomics,peebo_2015,rel0_abs0,all,unfiltered,459,oriC,3.175273320711206e-8,203,0.07666735282629371
proteomics,peebo_2015,rel0_abs0,all,unfiltered,459,ter,0.2944479476639228,76,-0.03053068118624136
proteomics,peebo_2015,rel0_abs0,all,unfiltered,470,oriC,1.4128281086739766e-06,209,0.13681341844355593
proteomics,peebo_2015,rel0_abs0,all,unfiltered,470,ter,0.32711024372030584,77,-0.06021166583898439
proteomics,peebo_2015,rel0_abs0,all,unfiltered,452,oriC,9.064310863390764e-6,200,0.09415224903458458
proteomics,peebo_2015,rel0_abs0,all,unfiltered,452,ter,0.15624054811168947,75,-0.06526184125828212
proteomics,peebo_2015,rel0_abs0,all,unfiltered,469,oriC,3.4547360971472094e-6,211,0.09157203286365927
proteomics,peebo_2015,rel0_abs0,all,unfiltered,469,ter,0.0019943561114634397,79,-0.22220388523427662
proteomics,peebo_2015,rel0_abs0,all,unfiltered,445,oriC,1.1266989986675894e-4,197,0.07762321117842408
proteomics,peebo_2015,rel0_abs0,all,unfiltered,445,ter,5.851678380164096e-5,73,-0.24281911729058983
proteomics,peebo_2015,rel0_abs0,all,unfiltered,476,oriC,1.5727238416679547e-5,209,0.0664545379730276
proteomics,peebo_2015,rel0_abs0,all,unfiltered,476,ter,0.003510049929258641,81,-0.20674055537640856
proteomics,peebo_2015,rel0_abs0,all,unfiltered,441,oriC,1.3411272926570447e-4,198,0.03955344698280252
proteomics,peebo_2015,rel0_abs0,all,unfiltered,441,ter,7.733997238553388e-5,75,-0.3947161056879614
proteomics,peebo_2015,rel0_abs0,all,unfiltered,466,oriC,1.620721572808435e-4,207,0.07297112570366904
proteomics,peebo_2015,rel0_abs0,all,unfiltered,466,ter,0.0017314907547907976,77,-0.26412700448456206
proteomics,peebo_2015,rel0_abs0,all,unfiltered,443,oriC,3.4884860559798687e-4,196,0.013975367086984797
proteomics,peebo_2015,rel0_abs0,all,unfiltered,443,ter,2.055181180201169e-4,72,-0.39522838110798353
proteomics,peebo_2015,rel0_abs0,all,unfiltered,474,oriC,9.07144255086543e-6,209,0.1194710711461929
proteomics,peebo_2015,rel0_abs0,all,unfiltered,474,ter,0.027348177881240034,79,-0.19103028979370343
proteomics,peebo_2015,rel0_abs0,all,unfiltered,442,oriC,1.2340293946478098e-4,200,0.1033567719564226
proteomics,peebo_2015,rel0_abs0,all,unfiltered,442,ter,5.224814209159965e-4,73,-0.5746969367381173
proteomics,peebo_2015,rel0_abs0,all,unfiltered,484,oriC,3.031101247895962e-4,212,-0.08298288244242659
proteomics,peebo_2015,rel0_abs0,all,unfiltered,484,ter,0.4742021022776672,81,-0.06827602221640952
proteomics,peebo_2015,rel0_abs0,all,unfiltered,464,oriC,0.02798413804869435,202,-0.03659657727885601
proteomics,peebo_2015,rel0_abs0,all,unfiltered,464,ter,0.008701001331674561,74,-0.13619172399652552
proteomics,peebo_2015,rel0_abs0,all,unfiltered,473,oriC,8.836329609933982e-9,206,0.05264772091429646
proteomics,peebo_2015,rel0_abs0,all,unfiltered,473,ter,0.6550071277227086,77,-0.005491539389672532
proteomics,peebo_2015,rel0_abs0,all,unfiltered,479,oriC,5.849216537826779e-8,211,0.08517758089642362
proteomics,peebo_2015,rel0_abs0,all,unfiltered,479,ter,0.8623045537063926,76,0.04577248428580891
proteomics,peebo_2015,rel0_abs0,all,unfiltered,469,oriC,5.263960823559288e-7,205,0.0795298127607715
proteomics,peebo_2015,rel0_abs0,all,unfiltered,469,ter,0.6592662127702351,75,-0.0063377125753336615
proteomics,peebo_2015,rel0_abs0,all,unfiltered,479,oriC,6.19687397180233e-6,212,0.04668911628949174
proteomics,peebo_2015,rel0_abs0,all,unfiltered,479,ter,0.0040354895626771,80,-0.17175394597898438
proteomics,peebo_2015,rel0_abs0,all,unfiltered,463,oriC,2.5708717833209234e-4,201,0.026752196377418932
proteomics,peebo_2015,rel0_abs0,all,unfiltered,463,ter,4.262853610377043e-4,74,-0.19898546608441697
proteomics,peebo_2015,rel0_abs0,all,unfiltered,478,oriC,2.206304044810287e-5,208,0.0726258982031629
proteomics,peebo_2015,rel0_abs0,all,unfiltered,478,ter,0.005471383674764582,81,-0.18392960273773112
proteomics,peebo_2015,rel0_abs0,all,unfiltered,462,oriC,4.651290089134991e-4,201,0.014781432246989135
proteomics,peebo_2015,rel0_abs0,all,unfiltered,462,ter,1.430897780706738e-4,76,-0.2695191672124659
proteomics,peebo_2015,rel0_abs0,all,unfiltered,471,oriC,2.2935268107991192e-4,203,0.03345657623374269
proteomics,peebo_2015,rel0_abs0,all,unfiltered,471,ter,0.0059781650048915,79,-0.2020041646548416
proteomics,peebo_2015,rel0_abs0,all,unfiltered,463,oriC,2.440333674496335e-4,200,0.038750829158922924
proteomics,peebo_2015,rel0_abs0,all,unfiltered,463,ter,1.0731748698208606e-4,74,-0.3646055442572403
proteomics,peebo_2015,rel0_abs0,all,unfiltered,479,oriC,1.578977392165159e-6,208,0.10440101962067071
proteomics,peebo_2015,rel0_abs0,all,unfiltered,479,ter,0.07485743787970865,79,-0.1690157452703086
proteomics,peebo_2015,rel0_abs0,all,unfiltered,461,oriC,9.205328898523815e-5,201,0.06276114345470903
proteomics,peebo_2015,rel0_abs0,all,unfiltered,461,ter,1.360714141818761e-4,75,-0.46285534033156794
proteomics,peebo_2015,rel0_abs0,all,unfiltered,462,oriC,7.36459593375395e-5,207,0.026974783337230395
proteomics,peebo_2015,rel0_abs0,all,unfiltered,462,ter,0.018727306057548472,78,-0.04585959065000971
proteomics,peebo_2015,rel0_abs0,all,unfiltered,468,oriC,3.553239195014482e-5,208,0.11662560148778689
proteomics,peebo_2015,rel0_abs0,all,unfiltered,468,ter,0.7749596397891589,79,0.03845026479417283
proteomics,peebo_2015,rel0_abs0,all,unfiltered,482,oriC,3.931188798694329e-6,213,0.16256904543439635
proteomics,peebo_2015,rel0_abs0,all,unfiltered,482,ter,0.8243910895354953,82,0.022869165568754582
proteomics,peebo_2015,rel0_abs0,all,unfiltered,471,oriC,4.5488319310977116e-5,210,0.14126656747755195
proteomics,peebo_2015,rel0_abs0,all,unfiltered,471,ter,0.8212033706449888,81,0.006257172538458886
proteomics,peebo_2015,rel0_abs0,all,unfiltered,475,oriC,1.3305411347170064e-7,213,0.06999202261149637
proteomics,peebo_2015,rel0_abs0,all,unfiltered,475,ter,0.01680487947447882,80,-0.09856171803654132
proteomics,peebo_2015,rel0_abs0,all,unfiltered,462,oriC,4.575149850988046e-4,206,0.04034387246770135
proteomics,peebo_2015,rel0_abs0,all,unfiltered,462,ter,0.023133477713281947,78,-0.17079912394324764
proteomics,peebo_2015,rel0_abs0,all,unfiltered,483,oriC,3.020987219660127e-4,214,0.04283302947940524
proteomics,peebo_2015,rel0_abs0,all,unfiltered,483,ter,0.006032259157765607,82,-0.17981501267135624
proteomics,peebo_2015,rel0_abs0,all,unfiltered,459,oriC,5.662830227839128e-4,206,0.04146581594875484
proteomics,peebo_2015,rel0_abs0,all,unfiltered,459,ter,0.0012705642370187046,78,-0.2973965195467303
proteomics,peebo_2015,rel0_abs0,all,unfiltered,475,oriC,0.005491132665435436,211,0.040547269162250876
proteomics,peebo_2015,rel0_abs0,all,unfiltered,475,ter,0.015663817264779865,79,-0.2739727322921932
proteomics,peebo_2015,rel0_abs0,all,unfiltered,459,oriC,7.448623431757462e-4,205,0.04437983822211988
proteomics,peebo_2015,rel0_abs0,all,unfiltered,459,ter,0.004118846221930422,78,-0.3832772236009636
proteomics,peebo_2015,rel0_abs0,all,unfiltered,484,oriC,5.3501415579231775e-5,213,0.11285847338192234
proteomics,peebo_2015,rel0_abs0,all,unfiltered,484,ter,0.19490371988799837,83,-0.1444976339544188
proteomics,peebo_2015,rel0_abs0,all,unfiltered,462,oriC,0.001719300334992318,208,0.06551482480811772
proteomics,peebo_2015,rel0_abs0,all,unfiltered,462,ter,0.0023404584025364483,78,-0.5298656904129357
proteomics,peebo_2015,rel0_abs0,all,unfiltered,445,oriC,1.7932092452607074e-6,199,0.12324093339324972
proteomics,peebo_2015,rel0_abs0,all,unfiltered,445,ter,0.033201537930627655,72,0.12585997461487664
proteomics,peebo_2015,rel0_abs0,all,unfiltered,455,oriC,2.379180830214601e-8,199,0.190596827827216
proteomics,peebo_2015,rel0_abs0,all,unfiltered,455,ter,0.016515493869441504,74,0.16304353128589827
proteomics,peebo_2015,rel0_abs0,all,unfiltered,431,oriC,2.3146643024131605e-7,194,0.19152858859720281
proteomics,peebo_2015,rel0_abs0,all,unfiltered,431,ter,0.08219350520864027,70,0.10084602933365801
proteomics,peebo_2015,rel0_abs0,all,unfiltered,446,oriC,1.278626114282091e-6,199,0.07654102415500452
proteomics,peebo_2015,rel0_abs0,all,unfiltered,446,ter,0.8131262463804042,73,-0.0604514497508911
proteomics,peebo_2015,rel0_abs0,all,unfiltered,396,oriC,2.8095265638387038e-5,171,0.0726156510635968
proteomics,peebo_2015,rel0_abs0,all,unfiltered,396,ter,0.3252313117634285,66,-0.04477488603582523
proteomics,peebo_2015,rel0_abs0,all,unfiltered,462,oriC,1.5518389528353078e-5,201,0.15524670924305015
proteomics,peebo_2015,rel0_abs0,all,unfiltered,462,ter,0.9127452078636307,78,-0.006354354659184933
proteomics,peebo_2015,rel0_abs0,all,unfiltered,380,oriC,2.3779201850664324e-5,166,0.06597896288659545
proteomics,peebo_2015,rel0_abs0,all,unfiltered,380,ter,0.05622564666845861,64,-0.16488206410851267
proteomics,peebo_2015,rel0_abs0,all,unfiltered,455,oriC,1.1169506870798283e-4,202,0.23263372425236978
proteomics,peebo_2015,rel0_abs0,all,unfiltered,455,ter,0.717562668767211,75,0.0025325716032387037
proteomics,peebo_2015,rel0_abs0,all,unfiltered,385,oriC,4.598646213195845e-5,169,0.12195569931376712
proteomics,peebo_2015,rel0_abs0,all,unfiltered,385,ter,0.15149842025249702,63,-0.0863483490845967
proteomics,peebo_2015,rel0_abs0,all,unfiltered,462,oriC,4.80635828029539e-7,203,0.3169812162549356
proteomics,peebo_2015,rel0_abs0,all,unfiltered,462,ter,0.7567697202774717,77,0.1531165075231499
proteomics,peebo_2015,rel0_abs0,all,unfiltered,383,oriC,2.128599797170084e-5,170,0.1888482510977338
proteomics,peebo_2015,rel0_abs0,all,unfiltered,383,ter,0.10094927072511482,65,-0.2272773054671924
proteomics,peebo_2015,rel0_abs0,all,unfiltered,469,oriC,1.4495930639958908e-5,207,0.059350481715480005
proteomics,peebo_2015,rel0_abs0,all,unfiltered,469,ter,0.5389685399837448,77,0.047134534402915484
proteomics,peebo_2015,rel0_abs0,all,unfiltered,446,oriC,3.210285712579667e-5,203,0.04524204767401826
proteomics,peebo_2015,rel0_abs0,all,unfiltered,446,ter,0.9649199888894451,73,-0.002019390954428241
proteomics,peebo_2015,rel0_abs0,all,unfiltered,463,oriC,0.9457412395778322,210,-0.002976465049037548
proteomics,peebo_2015,rel0_abs0,all,unfiltered,463,ter,0.0073423890900035866,77,-0.16330020087890673
proteomics,peebo_2015,rel0_abs0,all,unfiltered,441,oriC,0.004759135002123087,198,0.022446570301358142
proteomics,peebo_2015,rel0_abs0,all,unfiltered,441,ter,0.0011018448661287241,71,-0.19488627866053432
proteomics,peebo_2015,rel0_abs0,all,unfiltered,474,oriC,0.0013969750486482406,209,0.04950400965212883
proteomics,peebo_2015,rel0_abs0,all,unfiltered,474,ter,0.015518096565174529,81,-0.1909612696072899
proteomics,peebo_2015,rel0_abs0,all,unfiltered,440,oriC,0.0020921794108429556,198,0.0034748425638171133
proteomics,peebo_2015,rel0_abs0,all,unfiltered,440,ter,9.285384107946629e-5,72,-0.2393531217081645
proteomics,peebo_2015,rel0_abs0,all,unfiltered,464,oriC,0.002121647300934754,205,0.043172330346326816
proteomics,peebo_2015,rel0_abs0,all,unfiltered,464,ter,0.0074545536030476,77,-0.20082786998799348
proteomics,peebo_2015,rel0_abs0,all,unfiltered,440,oriC,0.0038755680153962024,196,-0.010805881892781262
proteomics,peebo_2015,rel0_abs0,all,unfiltered,440,ter,3.422759941113292e-5,70,-0.29358827119352704
proteomics,peebo_2015,rel0_abs0,all,unfiltered,472,oriC,1.8358225578865045e-5,209,0.12336308033719459
proteomics,peebo_2015,rel0_abs0,all,unfiltered,472,ter,0.08854117257888226,79,-0.12629421356335713
proteomics,peebo_2015,rel0_abs0,all,unfiltered,440,oriC,1.5321390907357393e-4,199,0.0989257380245266
proteomics,peebo_2015,rel0_abs0,all,unfiltered,440,ter,7.703621285357133e-5,72,-0.3926558338801813
proteomics,peebo_2015,rel0_abs0,all,unfiltered,475,oriC,1.2251546368160082e-5,212,-0.07717301975803295
proteomics,peebo_2015,rel0_abs0,all,unfiltered,475,ter,0.04016286347669848,78,-0.12748738141759738
proteomics,peebo_2015,rel0_abs0,all,unfiltered,456,oriC,5.352852403956458e-6,199,-0.0598390882672436
proteomics,peebo_2015,rel0_abs0,all,unfiltered,456,ter,2.3370805886126575e-4,74,-0.17794187336043918
proteomics,peebo_2015,rel0_abs0,all,unfiltered,484,oriC,0.011171927526048467,214,0.015569575098599051
proteomics,peebo_2015,rel0_abs0,all,unfiltered,484,ter,0.016426331517545502,82,-0.1759360348202882
proteomics,peebo_2015,rel0_abs0,all,unfiltered,449,oriC,0.011370540391665294,197,-0.046001789834265915
proteomics,peebo_2015,rel0_abs0,all,unfiltered,449,ter,3.9128371695779264e-4,75,-0.29627337503199613
proteomics,peebo_2015,rel0_abs0,all,unfiltered,478,oriC,0.007612438810434977,212,-0.021374635132887114
proteomics,peebo_2015,rel0_abs0,all,unfiltered,478,ter,8.977148975933825e-4,79,-0.2358513201981717
proteomics,peebo_2015,rel0_abs0,all,unfiltered,447,oriC,0.014089737553930802,197,-0.02574685641915529
proteomics,peebo_2015,rel0_abs0,all,unfiltered,447,ter,6.343416656413929e-6,72,-0.2804838261830702
proteomics,peebo_2015,rel0_abs0,all,unfiltered,478,oriC,8.106332442558856e-5,211,0.08076712893698736
proteomics,peebo_2015,rel0_abs0,all,unfiltered,478,ter,0.026864120250280333,80,-0.16698591811036614
proteomics,peebo_2015,rel0_abs0,all,unfiltered,452,oriC,0.0012537301233292478,201,0.04198796605743454
proteomics,peebo_2015,rel0_abs0,all,unfiltered,452,ter,1.9365973163031542e-5,74,-0.4289734973901052
proteomics,peebo_2015,rel0_abs0,all,unfiltered,456,oriC,4.3805201906151715e-5,208,-0.08719254783032686
proteomics,peebo_2015,rel0_abs0,all,unfiltered,456,ter,0.0542590201279819,75,-0.1769701387147924
proteomics,peebo_2015,rel0_abs0,all,unfiltered,429,oriC,1.5291635636757522e-4,193,-0.05997447379648931
proteomics,peebo_2015,rel0_abs0,all,unfiltered,429,ter,0.004688752893118651,71,-0.2226298129288671
proteomics,peebo_2015,rel0_abs0,all,unfiltered,472,oriC,0.019558839527899687,207,0.007341544962593853
proteomics,peebo_2015,rel0_abs0,all,unfiltered,472,ter,0.02147213947394003,83,-0.13648858163625407
proteomics,peebo_2015,rel0_abs0,all,unfiltered,426,oriC,0.0034986328856848356,193,-0.026203124726265008
proteomics,peebo_2015,rel0_abs0,all,unfiltered,426,ter,5.559816410432239e-4,71,-0.24460547057948875
proteomics,peebo_2015,rel0_abs0,all,unfiltered,462,oriC,0.00309049838498373,205,0.014645895149091042
proteomics,peebo_2015,rel0_abs0,all,unfiltered,462,ter,0.008418241077974687,78,-0.21369378061358063
proteomics,peebo_2015,rel0_abs0,all,unfiltered,424,oriC,0.009140730293696341,189,-0.015265790285444765
proteomics,peebo_2015,rel0_abs0,all,unfiltered,424,ter,4.343032014763004e-5,67,-0.30217262179962806
proteomics,peebo_2015,rel0_abs0,all,unfiltered,465,oriC,9.937501216959887e-6,206,0.06984972516593539
proteomics,peebo_2015,rel0_abs0,all,unfiltered,465,ter,0.09036874216164568,78,-0.14014402570786214
proteomics,peebo_2015,rel0_abs0,all,unfiltered,422,oriC,1.6415535855592614e-4,194,0.07207360738760704
proteomics,peebo_2015,rel0_abs0,all,unfiltered,422,ter,3.6665863329906854e-5,68,-0.30675964131356553
proteomics,peebo_2015,rel0_abs0,all,unfiltered,449,oriC,0.00918548526561725,201,0.03538996949093428
proteomics,peebo_2015,rel0_abs0,all,unfiltered,449,ter,0.5849211094080369,76,-0.0017578554443330799
proteomics,peebo_2015,rel0_abs0,all,unfiltered,476,oriC,0.022818164023005558,210,-0.005262290080749963
proteomics,peebo_2015,rel0_abs0,all,unfiltered,476,ter,0.25159346020454465,82,-0.02352260670259871
proteomics,peebo_2015,rel0_abs0,all,unfiltered,440,oriC,0.004809436437479814,199,0.017808390332952426
proteomics,peebo_2015,rel0_abs0,all,unfiltered,440,ter,0.029522128043446852,74,-0.08354267571014028
proteomics,peebo_2015,rel0_abs0,all,unfiltered,470,oriC,0.016906016596955627,209,0.03371575304491032
proteomics,peebo_2015,rel0_abs0,all,unfiltered,470,ter,0.18456181986883174,79,-0.0448676759602502
proteomics,peebo_2015,rel0_abs0,all,unfiltered,447,oriC,0.004409634402616681,200,0.028244327514540216
proteomics,peebo_2015,rel0_abs0,all,unfiltered,447,ter,0.039716472237460186,72,-0.19147349463322572
proteomics,peebo_2015,rel0_abs0,all,unfiltered,476,oriC,1.1092531426368142e-4,212,0.06746735284349258
proteomics,peebo_2015,rel0_abs0,all,unfiltered,476,ter,0.8543092478781407,81,-0.02826651689289136
proteomics,peebo_2015,rel0_abs0,all,unfiltered,441,oriC,0.0030771476725074895,201,0.0256835608580945
proteomics,peebo_2015,rel0_abs0,all,unfiltered,441,ter,0.025614451094736104,73,-0.27919357278868523
proteomics,peebo_2015,rel0_abs0,all,unfiltered,463,oriC,4.433120518154468e-5,202,0.07089616184571398
proteomics,peebo_2015,rel0_abs0,all,unfiltered,463,ter,0.5172846403410999,79,0.009686844534545228
proteomics,peebo_2015,rel0_abs0,all,unfiltered,388,oriC,1.338485967654981e-4,169,0.026002747718859492
proteomics,peebo_2015,rel0_abs0,all,unfiltered,388,ter,0.06580239350186923,66,-0.04542630666953691
proteomics,peebo_2015,rel0_abs0,all,unfiltered,456,oriC,9.11006944780329e-5,204,0.0974759560026407
proteomics,peebo_2015,rel0_abs0,all,unfiltered,456,ter,0.5320239805121194,74,-0.057847709737369815
proteomics,peebo_2015,rel0_abs0,all,unfiltered,394,oriC,3.780270565489126e-5,171,0.07865220492464557
proteomics,peebo_2015,rel0_abs0,all,unfiltered,394,ter,0.08930348684085374,65,-0.11559218225185547
proteomics,peebo_2015,rel0_abs0,all,unfiltered,460,oriC,6.487588058411465e-8,202,0.18233570577230224
proteomics,peebo_2015,rel0_abs0,all,unfiltered,460,ter,0.3214595357408679,76,0.05816333187346964
proteomics,peebo_2015,rel0_abs0,all,unfiltered,389,oriC,7.175809749937751e-5,174,0.12967519748945228
proteomics,peebo_2015,rel0_abs0,all,unfiltered,389,ter,0.052918105430473435,66,-0.31717734395993014
proteomics,peebo_2015,rel0_abs0,all,unfiltered,460,oriC,2.409524629793814e-5,202,0.03152098492646299
proteomics,peebo_2015,rel0_abs0,all,unfiltered,460,ter,0.13906457556309063,78,-0.07206744727198389
proteomics,peebo_2015,rel0_abs0,all,unfiltered,473,oriC,0.008558066749055744,210,0.030383190714797535
proteomics,peebo_2015,rel0_abs0,all,unfiltered,473,ter,0.13896544765560434,80,-0.04473650916923845
proteomics,peebo_2015,rel0_abs0,all,unfiltered,461,oriC,5.049907159546998e-4,200,0.05390843832911395
proteomics,peebo_2015,rel0_abs0,all,unfiltered,461,ter,0.012234119572747173,78,-0.13065320854005608
proteomics,peebo_2015,rel0_abs0,all,unfiltered,478,oriC,1.313583049512606e-7,211,0.09126905919313504
proteomics,peebo_2015,rel0_abs0,all,unfiltered,478,ter,0.704628031870532,82,0.004387536058407353
proteomics,peebo_2015,rel0_abs0,all,unfiltered,460,oriC,0.002255188193132834,201,0.07111980616207159
proteomics,peebo_2015,rel0_abs0,all,unfiltered,460,ter,0.0076783341907950406,79,-0.2934507558744677
proteomics,peebo_2015,rel0_abs0,all,unfiltered,452,oriC,0.050189437660966306,201,-0.01047855995449176
proteomics,peebo_2015,rel0_abs0,all,unfiltered,452,ter,0.6862402246271451,75,0.0010723128800170353
proteomics,peebo_2015,rel0_abs0,all,unfiltered,380,oriC,1.501879757753886e-4,168,0.049567036961947336
proteomics,peebo_2015,rel0_abs0,all,unfiltered,380,ter,0.20745493209286048,64,-0.020381063605274516
proteomics,peebo_2015,rel0_abs0,all,unfiltered,461,oriC,6.26510245494033e-9,203,0.11117949984947603
proteomics,peebo_2015,rel0_abs0,all,unfiltered,461,ter,0.027701174641754422,78,0.10550558319421086
proteomics,peebo_2015,rel0_abs0,all,unfiltered,372,oriC,1.2045974841212828e-5,168,0.13271212695550805
proteomics,peebo_2015,rel0_abs0,all,unfiltered,372,ter,0.21679222118090197,65,-0.15101494000060006
proteomics,peebo_2015,rel0_abs0,all,unfiltered,455,oriC,8.564237574647954e-6,200,0.052371843824223434
proteomics,peebo_2015,rel0_abs0,all,unfiltered,455,ter,0.08970057108296497,74,-0.03720950189807233
proteomics,peebo_2015,rel0_abs0,all,unfiltered,472,oriC,4.515742937206392e-14,208,0.09089873969546805
proteomics,peebo_2015,rel0_abs0,all,unfiltered,472,ter,0.01789492208243383,79,0.06791588449150605
proteomics,peebo_2015,rel0_abs0,all,unfiltered,450,oriC,5.586898524365753e-5,200,0.09391776113932906
proteomics,peebo_2015,rel0_abs0,all,unfiltered,450,ter,0.03659556918059832,74,-0.1550853363733954
proteomics,peebo_2015,rel0_abs0,all,unfiltered,459,oriC,7.235564836883761e-8,200,0.04799072711836595
proteomics,peebo_2015,rel0_abs0,all,unfiltered,459,ter,9.128499910899413e-4,76,0.11601755527756133
proteomics,peebo_2015,rel0_abs0,all,unfiltered,374,oriC,6.386154560371827e-7,170,0.11708740361212021
proteomics,peebo_2015,rel0_abs0,all,unfiltered,374,ter,0.6303416925114325,61,0.08728884626232614
proteomics,peebo_2015,rel0_abs0,all,unfiltered,459,oriC,0.007165037122742651,203,0.04857105384362826
proteomics,peebo_2015,rel0_abs0,all,unfiltered,459,ter,0.005742349114480486,77,-0.20970137187795287
proteomics,li_2014_all,rel0_abs0,all,unfiltered,994,oriC,0.10936119191551981,376,-0.11350095538470018
proteomics,li_2014_all,rel0_abs0,all,unfiltered,994,ter,1.2304622084191913e-14,241,-0.7348575041042139
proteomics,li_2014_all,rel0_abs0,all,unfiltered,995,oriC,2.6741257530240026e-5,376,0.13673854561487991
proteomics,li_2014_all,rel0_abs0,all,unfiltered,995,ter,8.545008467256986e-10,241,-0.5147059803674432
proteomics,li_2014_all,rel0_abs0,all,unfiltered,985,oriC,6.563929009593653e-6,372,0.1608725526944936
proteomics,li_2014_all,rel0_abs0,all,unfiltered,985,ter,0.2179483687383065,236,0.16003835208237827
proteomics,valgepea_2013_prot,rel0_abs0,all,unfiltered,480,oriC,3.362189727115082e-11,210,0.10183372316947284
proteomics,valgepea_2013_prot,rel0_abs0,all,unfiltered,480,ter,0.13968516047626617,89,-0.010526641537571694
proteomics,valgepea_2013_prot,rel0_abs0,all,unfiltered,480,oriC,2.230258042553945e-7,210,0.14654346915471547
proteomics,valgepea_2013_prot,rel0_abs0,all,unfiltered,480,ter,0.1960610998986327,89,-0.06875513817600531
proteomics,valgepea_2013_prot,rel0_abs0,all,unfiltered,480,oriC,2.483748720647549e-6,210,0.15586427358763502
proteomics,valgepea_2013_prot,rel0_abs0,all,unfiltered,480,ter,0.05147893734518861,89,-0.20879927081172095
proteomics,valgepea_2013_prot,rel0_abs0,all,unfiltered,480,oriC,1.0035489460258823e-6,210,0.19785652606934057
proteomics,valgepea_2013_prot,rel0_abs0,all,unfiltered,480,ter,0.19890621199946884,89,-0.12372891028704973
proteomics,valgepea_2013_prot,rel0_abs0,all,unfiltered,446,oriC,1.9411905442321293e-4,201,0.05151114305381731
proteomics,valgepea_2013_prot,rel0_abs0,all,unfiltered,446,ter,0.670405434502378,74,-0.001339539574543335
proteomics,valgepea_2013_prot,rel0_abs0,all,unfiltered,448,oriC,0.0019968704438509148,202,0.026700369408741872
proteomics,valgepea_2013_prot,rel0_abs0,all,unfiltered,448,ter,0.3569369653754255,74,-0.09727443477323752
proteomics,valgepea_2013_prot,rel0_abs0,all,unfiltered,448,oriC,4.456764248359042e-4,202,0.10009877474076886
proteomics,valgepea_2013_prot,rel0_abs0,all,unfiltered,448,ter,0.5674941834786829,73,-0.12688255645628946
proteomics,valgepea_2013_prot,rel0_abs0,all,unfiltered,447,oriC,0.0998874227763858,200,-0.003941059156274794
proteomics,valgepea_2013_prot,rel0_abs0,all,unfiltered,447,ter,0.004535463403996454,75,-0.08185644747855646
proteomics,valgepea_2013_prot,rel0_abs0,all,unfiltered,446,oriC,4.2630288002616624e-4,200,0.07229794579249774
proteomics,valgepea_2013_prot,rel0_abs0,all,unfiltered,446,ter,0.3711714757378697,74,-0.04577165378605101
proteomics,valgepea_2013_prot,rel0_abs0,all,unfiltered,448,oriC,3.40736873415687e-5,201,0.08333586191765059
proteomics,valgepea_2013_prot,rel0_abs0,all,unfiltered,448,ter,0.3485636130603357,74,0.05638133639736622
proteomics,Goelzer_2015,rel0_abs0,all,unfiltered,898,oriC,0.0439576405170137,266,0.33574372992780455
proteomics,Goelzer_2015,rel0_abs0,all,unfiltered,898,ter,0.9556844428225674,307,0.23234119210667029
proteomics,Goelzer_2015,rel0_abs0,all,unfiltered,934,oriC,0.005853539518144022,283,0.681294473134376
proteomics,Goelzer_2015,rel0_abs0,all,unfiltered,934,ter,0.8249833480396396,321,0.6223252236894229
proteomics,Goelzer_2015,rel0_abs0,all,unfiltered,835,oriC,0.001059056584100037,252,0.475662978057382
proteomics,Goelzer_2015,rel0_abs0,all,unfiltered,835,ter,0.1379190478832896,285,0.2375933299054921
proteomics,Goelzer_2015,rel0_abs0,all,unfiltered,952,oriC,3.9765114348188263e-4,289,0.951571739762589
proteomics,Goelzer_2015,rel0_abs0,all,unfiltered,952,ter,0.1979790852243868,327,0.9051758628095287
proteomics,Goelzer_2015,rel0_abs0,all,unfiltered,957,oriC,0.0012675874907557554,288,0.12662200634903525
proteomics,Goelzer_2015,rel0_abs0,all,unfiltered,957,ter,0.02397662443805844,333,-0.08310215173519786
proteomics,Goelzer_2015,rel0_abs0,all,unfiltered,928,oriC,0.37442538739453085,281,0.01358813989438514
proteomics,Goelzer_2015,rel0_abs0,all,unfiltered,928,ter,0.01919091630282487,321,-0.26810696402474543
proteomics,Goelzer_2015,rel0_abs0,all,unfiltered,997,oriC,0.0020285825549759416,302,0.33317109368111397
proteomics,Goelzer_2015,rel0_abs0,all,unfiltered,997,ter,0.763972967506075,347,0.21484719286128187
proteomics,Goelzer_2015,rel0_abs0,all,unfiltered,951,oriC,0.8509720545000029,295,-0.07119380886511578
proteomics,Goelzer_2015,rel0_abs0,all,unfiltered,951,ter,0.0631944175584856,323,-0.16205725747145894
proteomics,Goelzer_2015,rel0_abs0,all,unfiltered,991,oriC,0.002956868376216338,307,0.25294733912557343
proteomics,Goelzer_2015,rel0_abs0,all,unfiltered,991,ter,0.12492444373205622,346,0.22664315067850999
proteomics,Goelzer_2015,rel0_abs0,all,unfiltered,935,oriC,0.007411241120318966,285,0.195434603544349
proteomics,Goelzer_2015,rel0_abs0,all,unfiltered,935,ter,2.1002429581043405e-6,323,0.3628440444636727
proteomics,zhu_B_subtilis,rel0_abs0,all,unfiltered,1388,oriC,0.839060220907005,434,-0.004071597391079174
proteomics,zhu_B_subtilis,rel0_abs0,all,unfiltered,1388,ter,0.1644776320338846,468,-0.03402440011900833
proteomics,zhu_B_subtilis,rel0_abs0,all,unfiltered,1374,oriC,0.3593996102698795,429,-0.5122735707891362
proteomics,zhu_B_subtilis,rel0_abs0,all,unfiltered,1374,ter,0.3414979544997643,460,-0.2486522543201531
proteomics,zhu_B_subtilis,rel0_abs0,all,unfiltered,1390,oriC,0.030227845434446437,435,-0.3108046518211772
proteomics,zhu_B_subtilis,rel0_abs0,all,unfiltered,1390,ter,3.9259604698488577e-7,466,-0.38220547264314875
proteomics,zhu_B_subtilis,rel0_abs0,all,unfiltered,1374,oriC,0.7811108199580792,429,-0.528359796673717
proteomics,zhu_B_subtilis,rel0_abs0,all,unfiltered,1374,ter,0.05400675990323657,460,-0.4748588719275799
proteomics,zhu_B_subtilis,rel0_abs0,all,unfiltered,1374,oriC,0.07442638589712217,429,-0.8474819929673995
proteomics,zhu_B_subtilis,rel0_abs0,all,unfiltered,1374,ter,7.7535353514884e-5,460,-0.8454888652431893
proteomics,zhu_B_subtilis,rel0_abs0,all,unfiltered,1393,oriC,0.7121172606193544,439,-0.09747031558193987
proteomics,zhu_B_subtilis,rel0_abs0,all,unfiltered,1393,ter,0.00804210494154549,467,-0.15123783526699908
proteomics,zhu_B_subtilis,rel0_abs0,all,unfiltered,1389,oriC,0.7936852261103126,436,-0.07456323663499373
proteomics,zhu_B_subtilis,rel0_abs0,all,unfiltered,1389,ter,0.002237558632729085,467,-0.22114983569746527
proteomics,zhu_B_subtilis,rel0_abs0,all,unfiltered,1374,oriC,0.0598284622340945,429,-2.6813142043094547
proteomics,zhu_B_subtilis,rel0_abs0,all,unfiltered,1374,ter,1.1707770060061661e-8,460,-1.9002404376491815
proteomics,zhu_B_subtilis,rel0_abs0,all,unfiltered,1373,oriC,0.005490176161252003,429,-10.417708317604019
proteomics,zhu_B_subtilis,rel0_abs0,all,unfiltered,1373,ter,2.2382466216202186e-14,460,-8.4947134505692
proteomics,zhu_B_subtilis,rel0_abs0,all,unfiltered,1367,oriC,0.12039917586778942,426,-0.9212119992475506
proteomics,zhu_B_subtilis,rel0_abs0,all,unfiltered,1367,ter,0.12669536747766091,461,-0.4200133352466723
proteomics,zhu_B_subtilis,rel0_abs0,all,unfiltered,1389,oriC,0.03768127678513736,438,-0.21846305419570972
proteomics,zhu_B_subtilis,rel0_abs0,all,unfiltered,1389,ter,1.412394536822865e-5,466,-0.29752240921214346
proteomics,zhu_B_subtilis,rel0_abs0,all,unfiltered,1367,oriC,0.41221118264616186,426,-0.2112972158589375
proteomics,zhu_B_subtilis,rel0_abs0,all,unfiltered,1367,ter,0.909865402868101,461,-0.14319262803588365
proteomics,zhu_B_subtilis,rel0_abs0,all,unfiltered,1367,oriC,0.284910100678806,426,-0.5396373809357097
proteomics,zhu_B_subtilis,rel0_abs0,all,unfiltered,1367,ter,0.0032903590548688457,461,-0.5144318089266797
proteomics,zhu_B_subtilis,rel0_abs0,all,unfiltered,1393,oriC,0.6560770695447544,439,-0.041843705442989154
proteomics,zhu_B_subtilis,rel0_abs0,all,unfiltered,1393,ter,0.06544556749220638,467,-0.0796597748798886
proteomics,zhu_B_subtilis,rel0_abs0,all,unfiltered,1388,oriC,0.12832562452886837,436,5.542941737909023e-4
proteomics,zhu_B_subtilis,rel0_abs0,all,unfiltered,1388,ter,0.01938063072326107,468,-0.11919528955029399
proteomics,zhu_B_subtilis,rel0_abs0,all,unfiltered,1367,oriC,0.2547171541169506,426,-2.1960401618570398
proteomics,zhu_B_subtilis,rel0_abs0,all,unfiltered,1367,ter,2.5151594658039627e-7,461,-2.1189502289995055
proteomics,zhu_B_subtilis,rel0_abs0,all,unfiltered,1366,oriC,0.04230028190572233,426,-9.793479171519932
proteomics,zhu_B_subtilis,rel0_abs0,all,unfiltered,1366,ter,1.1345776580544599e-11,461,-8.606196698467079
proteomics,zhu_B_subtilis,rel0_abs0,all,unfiltered,1369,oriC,0.004585987023166624,433,1.1989754504800083
proteomics,zhu_B_subtilis,rel0_abs0,all,unfiltered,1369,ter,0.06017785972970535,455,0.3998551927861959
proteomics,zhu_B_subtilis,rel0_abs0,all,unfiltered,735,oriC,0.5552932742491021,229,-0.019562976355100986
proteomics,zhu_B_subtilis,rel0_abs0,all,unfiltered,735,ter,0.8214150664334923,253,0.010307124936055298
proteomics,zhu_B_subtilis,rel0_abs0,all,unfiltered,737,oriC,0.5712477152496875,230,-0.08360592913253091
proteomics,zhu_B_subtilis,rel0_abs0,all,unfiltered,737,ter,0.053151877053664864,253,-0.05016816021246496
proteomics,zhu_B_subtilis,rel0_abs0,all,unfiltered,1379,oriC,4.7413532529789425e-6,437,2.3663999692488877
proteomics,zhu_B_subtilis,rel0_abs0,all,unfiltered,1379,ter,0.05399806755410303,463,0.8655963434568388
proteomics,zhu_B_subtilis,rel0_abs0,all,unfiltered,1336,oriC,2.253897311658983e-6,422,1.5712811215078097
proteomics,zhu_B_subtilis,rel0_abs0,all,unfiltered,1336,ter,0.12369577957009655,454,0.9132059339462631
proteomics,zhu_B_subtilis,rel0_abs0,all,unfiltered,736,oriC,0.23023954808031505,230,-0.03303528337188798
proteomics,zhu_B_subtilis,rel0_abs0,all,unfiltered,736,ter,0.007959701325789202,253,-0.13857582263985763
proteomics,zhu_B_subtilis,rel0_abs0,all,unfiltered,736,oriC,0.4359559142266627,230,-0.03390806859887694
proteomics,zhu_B_subtilis,rel0_abs0,all,unfiltered,736,ter,2.445791816886027e-5,252,-0.22135852216807533
proteomics,zhu_B_subtilis,rel0_abs0,all,unfiltered,1369,oriC,0.02380821230697806,433,-0.37237315954448386
proteomics,zhu_B_subtilis,rel0_abs0,all,unfiltered,1369,ter,0.4099257129213135,455,-0.09806617924591952
proteomics,zhu_B_subtilis,rel0_abs0,all,unfiltered,1369,oriC,0.021506407972208815,433,-0.3064240264270492
proteomics,zhu_B_subtilis,rel0_abs0,all,unfiltered,1369,ter,0.1076877026796127,455,-0.18115813472324171
proteomics,zhu_B_subtilis,rel0_abs0,all,unfiltered,1395,oriC,2.6130087870172245e-11,439,0.30867671663020996
proteomics,zhu_B_subtilis,rel0_abs0,all,unfiltered,1395,ter,0.0040126364577639725,467,0.244833698236264
proteomics,zhu_B_subtilis,rel0_abs0,all,unfiltered,1392,oriC,1.213855743756651e-7,438,0.3998588463821006
proteomics,zhu_B_subtilis,rel0_abs0,all,unfiltered,1392,ter,0.1966568122565652,467,0.1674401820497826
proteomics,zhu_B_subtilis,rel0_abs0,all,unfiltered,1369,oriC,0.7165475768634642,433,-1.9061126150741683
proteomics,zhu_B_subtilis,rel0_abs0,all,unfiltered,1369,ter,2.867839323998741e-4,455,-1.3762656257764077
proteomics,zhu_B_subtilis,rel0_abs0,all,unfiltered,1369,oriC,0.10747085726635125,433,-8.933998290047317
proteomics,zhu_B_subtilis,rel0_abs0,all,unfiltered,1369,ter,3.0369154170347223e-9,455,-6.687051561630581
proteomics,zhu_B_subtilis,rel0_abs0,all,unfiltered,737,oriC,0.577994837994019,230,-0.04538206868992188
proteomics,zhu_B_subtilis,rel0_abs0,all,unfiltered,737,ter,4.43173402932992e-6,253,-0.060630595942023725
proteomics,zhu_B_subtilis,rel0_abs0,all,unfiltered,1379,oriC,3.04480156342503e-7,437,1.2162703022415067
proteomics,zhu_B_subtilis,rel0_abs0,all,unfiltered,1379,ter,0.04766836176096569,463,0.546081563275183
proteomics,zhu_B_subtilis,rel0_abs0,all,unfiltered,1337,oriC,3.732608236991263e-8,422,1.1838208221472206
proteomics,zhu_B_subtilis,rel0_abs0,all,unfiltered,1337,ter,0.04516257362245671,454,0.8287996981040886
proteomics,zhu_B_subtilis,rel0_abs0,all,unfiltered,737,oriC,0.018674305831240672,230,0.07451206807231771
proteomics,zhu_B_subtilis,rel0_abs0,all,unfiltered,737,ter,0.03827788412270647,253,-0.057430582107912624
proteomics,zhu_B_subtilis,rel0_abs0,all,unfiltered,737,oriC,0.04375836420238816,230,0.07242166880754775
proteomics,zhu_B_subtilis,rel0_abs0,all,unfiltered,737,ter,8.373291010925169e-5,253,-0.21734369494607614
proteomics,zhu_B_subtilis,rel0_abs0,all,unfiltered,1379,oriC,1.0850431356796136e-8,437,0.9352648733192769
proteomics,zhu_B_subtilis,rel0_abs0,all,unfiltered,1379,ter,0.001954290169120398,463,0.45581717250595155
proteomics,zhu_B_subtilis,rel0_abs0,all,unfiltered,1337,oriC,1.242477876141956e-9,422,1.0815363721289035
proteomics,zhu_B_subtilis,rel0_abs0,all,unfiltered,1337,ter,0.013658764787762713,454,0.7480890769279857
proteomics,zhu_B_subtilis,rel0_abs0,all,unfiltered,736,oriC,1.3508361463628393e-4,230,0.1301247354484501
proteomics,zhu_B_subtilis,rel0_abs0,all,unfiltered,736,ter,0.9993151987719978,253,0.028130777999081792
proteomics,zhu_B_subtilis,rel0_abs0,all,unfiltered,737,oriC,0.009777430568763509,230,0.13991638316930233
proteomics,zhu_B_subtilis,rel0_abs0,all,unfiltered,737,ter,0.005379685450999461,253,-0.05473753395679061
proteomics,zhu_B_subtilis,rel0_abs0,all,unfiltered,1381,oriC,1.5934064203657655e-4,437,0.08834957738607724
proteomics,zhu_B_subtilis,rel0_abs0,all,unfiltered,1381,ter,0.7737585156517783,468,-0.0011704242575101618
proteomics,zhu_B_subtilis,rel0_abs0,all,unfiltered,1372,oriC,0.28663339966024026,435,-2.5355057864895967
proteomics,zhu_B_subtilis,rel0_abs0,all,unfiltered,1372,ter,0.08160046386286023,463,-0.4898953852446787
proteomics,zhu_B_subtilis,rel0_abs0,all,unfiltered,1371,oriC,0.3171375132134405,435,-9.40779920592498
proteomics,zhu_B_subtilis,rel0_abs0,all,unfiltered,1371,ter,3.06774497358207e-7,463,-8.101570408134185
proteomics,zhu_B_subtilis,rel0_abs0,all,unfiltered,1313,oriC,8.91025738058331e-6,415,-0.9382375527194559
proteomics,zhu_B_subtilis,rel0_abs0,all,unfiltered,1313,ter,0.04556041159117547,450,-0.5732150514936711
proteomics,zhu_B_subtilis,rel0_abs0,all,unfiltered,1287,oriC,0.039067583297817,412,-7.172917927369297
proteomics,zhu_B_subtilis,rel0_abs0,all,unfiltered,1287,ter,6.875786022810055e-5,442,-0.5730567462579403
proteomics,zhu_B_subtilis,rel0_abs0,all,unfiltered,696,oriC,0.010895363160988268,220,0.04914903144895754
proteomics,zhu_B_subtilis,rel0_abs0,all,unfiltered,696,ter,4.7436931420906316e-5,244,-0.08326133075844108
proteomics,zhu_E_coli,rel0_abs0,all,unfiltered,420,oriC,0.004837659251337907,191,0.034071788821470175
proteomics,zhu_E_coli,rel0_abs0,all,unfiltered,420,ter,0.47480538797800065,73,0.0032734224391875125
proteomics,zhu_E_coli,rel0_abs0,all,unfiltered,611,oriC,0.1086483676452701,256,-0.030125751046340733
proteomics,zhu_E_coli,rel0_abs0,all,unfiltered,611,ter,9.519436370704981e-7,124,0.6610327950256858
proteomics,zhu_E_coli,rel0_abs0,all,unfiltered,421,oriC,0.009962551679787877,191,0.05122320221055785
proteomics,zhu_E_coli,rel0_abs0,all,unfiltered,421,ter,0.8646765128645785,73,-0.02681878965346408
proteomics,zhu_E_coli,rel0_abs0,all,unfiltered,614,oriC,4.4046330079777556e-4,255,0.13385828291984142
proteomics,zhu_E_coli,rel0_abs0,all,unfiltered,614,ter,4.534518198683766e-5,124,0.5321482163783193
proteomics,zhu_E_coli,rel0_abs0,all,unfiltered,421,oriC,0.05743290660280012,191,0.016555951874028987
proteomics,zhu_E_coli,rel0_abs0,all,unfiltered,421,ter,0.2243813933538428,73,-0.27294030797866736
proteomics,zhu_E_coli,rel0_abs0,all,unfiltered,613,oriC,4.2296568475347397e-7,255,0.22377926793845934
proteomics,zhu_E_coli,rel0_abs0,all,unfiltered,613,ter,1.3536686967731065e-7,123,0.6236693257257174
proteomics,zhu_E_coli,rel0_abs0,all,unfiltered,613,oriC,5.511733626373235e-6,255,0.2215480922223931
proteomics,zhu_E_coli,rel0_abs0,all,unfiltered,613,ter,5.707744102758847e-6,123,0.5981737236269049
proteomics,zhu_E_coli,rel0_abs0,all,unfiltered,612,oriC,1.2975973462669996e-9,255,0.41794420066657534
proteomics,zhu_E_coli,rel0_abs0,all,unfiltered,612,ter,2.363277981741315e-4,122,0.7948484942696641
proteomics,zhu_E_coli,rel0_abs0,all,unfiltered,421,oriC,0.006134107467566932,191,0.06943348474242543
proteomics,zhu_E_coli,rel0_abs0,all,unfiltered,421,ter,0.07578063024249812,73,-0.3577902343832447
proteomics,zhu_E_coli,rel0_abs0,all,unfiltered,607,oriC,7.224867659413781e-10,254,0.6510369831800383
proteomics,zhu_E_coli,rel0_abs0,all,unfiltered,607,ter,0.013582270191793368,122,0.8088356569323111
proteomics,zhu_E_coli,rel0_abs0,all,unfiltered,611,oriC,0.1235090592756948,256,-0.01465078877202192
proteomics,zhu_E_coli,rel0_abs0,all,unfiltered,611,ter,6.570808998300135e-7,124,0.6532361232312164
proteomics,zhu_E_coli,rel0_abs0,all,unfiltered,421,oriC,0.051527483416199754,191,0.041948347241694675
proteomics,zhu_E_coli,rel0_abs0,all,unfiltered,421,ter,0.6600787214423965,73,-0.04540048585238026
proteomics,zhu_E_coli,rel0_abs0,all,unfiltered,614,oriC,0.023451264756819794,255,0.08041204733533538
proteomics,zhu_E_coli,rel0_abs0,all,unfiltered,614,ter,2.331495948603968e-5,124,0.47876545785402747
proteomics,zhu_E_coli,rel0_abs0,all,unfiltered,421,oriC,0.16092659978679452,191,-0.011401902160674115
proteomics,zhu_E_coli,rel0_abs0,all,unfiltered,421,ter,0.11975367106991022,73,-0.2808071738669727
proteomics,zhu_E_coli,rel0_abs0,all,unfiltered,613,oriC,8.71757764862949e-6,255,0.22108785861361915
proteomics,zhu_E_coli,rel0_abs0,all,unfiltered,613,ter,1.897000953395061e-6,123,0.6099942554796162
proteomics,zhu_E_coli,rel0_abs0,all,unfiltered,613,oriC,3.608382140517504e-5,255,0.21087233568152947
proteomics,zhu_E_coli,rel0_abs0,all,unfiltered,613,ter,1.8732599985447724e-5,123,0.52488170667103
proteomics,zhu_E_coli,rel0_abs0,all,unfiltered,612,oriC,7.968511758453821e-9,255,0.4117817600252679
proteomics,zhu_E_coli,rel0_abs0,all,unfiltered,612,ter,7.944855677095388e-4,122,0.779670255227387
proteomics,zhu_E_coli,rel0_abs0,all,unfiltered,421,oriC,0.02219990581598812,191,-0.015704266276102358
proteomics,zhu_E_coli,rel0_abs0,all,unfiltered,421,ter,0.045976081315534156,73,-0.42438639599210304
proteomics,zhu_E_coli,rel0_abs0,all,unfiltered,607,oriC,5.8619157619343644e-9,254,0.55669606143833394
proteomics,zhu_E_coli,rel0_abs0,all,unfiltered,607,ter,0.044348561061568266,122,0.8398352386348369
proteomics,zhu_E_coli,rel0_abs0,all,unfiltered,611,oriC,0.3049749390699837,256,-0.010730849393720914
proteomics,zhu_E_coli,rel0_abs0,all,unfiltered,611,ter,4.534518198683766e-5,124,-0.8064043712176616
proteomics,zhu_E_coli,rel0_abs0,all,unfiltered,609,oriC,0.001235597836690892,253,0.0385351866033952
proteomics,zhu_E_coli,rel0_abs0,all,unfiltered,609,ter,0.0239618208602453,123,-0.1005489822681574
proteomics,zhu_E_coli,rel0_abs0,all,unfiltered,610,oriC,0.4501665406520887,256,-0.23086323656718388
proteomics,zhu_E_coli,rel0_abs0,all,unfiltered,610,ter,2.0193504545397533e-6,123,-1.6715497297932451
proteomics,zhu_E_coli,rel0_abs0,all,unfiltered,615,oriC,0.02464894077014885,256,0.08069627592155004
proteomics,zhu_E_coli,rel0_abs0,all,unfiltered,615,ter,0.009606435948425638,124,-0.314048114579509
proteomics,zhu_E_coli,rel0_abs0,all,unfiltered,609,oriC,9.896398130650145e-5,253,0.16350313499740612
proteomics,zhu_E_coli,rel0_abs0,all,unfiltered,609,ter,0.14081335947811174,123,-0.07553864422342975
proteomics,zhu_E_coli,rel0_abs0,all,unfiltered,609,oriC,2.5168606853782083e-6,253,0.28133719352616926
proteomics,zhu_E_coli,rel0_abs0,all,unfiltered,609,ter,0.13878227155930256,123,-0.13288029266192836
proteomics,zhu_E_coli,rel0_abs0,all,unfiltered,610,oriC,0.5090394617669374,255,-0.2396707650447984
proteomics,zhu_E_coli,rel0_abs0,all,unfiltered,610,ter,1.0945457940492322e-7,124,-2.3193756203022167
proteomics,zhu_E_coli,rel0_abs0,all,unfiltered,609,oriC,3.5900340689504526e-6,253,0.3450187694564505
proteomics,zhu_E_coli,rel0_abs0,all,unfiltered,609,ter,0.0187165038276637,123,-0.4095672580692903
proteomics,zhu_E_coli,rel0_abs0,all,unfiltered,614,oriC,0.4649405492530871,255,0.12326172873583262
proteomics,zhu_E_coli,rel0_abs0,all,unfiltered,614,ter,3.156379552784374e-4,124,0.7835828566105376
proteomics,zhu_E_coli,rel0_abs0,all,unfiltered,421,oriC,0.07217055007930968,191,0.018682614383905328
proteomics,zhu_E_coli,rel0_abs0,all,unfiltered,421,ter,0.04905365063538119,73,-0.17740013684692868
proteomics,zhu_E_coli,rel0_abs0,all,unfiltered,613,oriC,0.3397475835374029,255,0.12980001586834125
proteomics,zhu_E_coli,rel0_abs0,all,unfiltered,613,ter,2.812038610474259e-10,123,0.5511584560285793
proteomics,zhu_E_coli,rel0_abs0,all,unfiltered,613,oriC,0.07438845016413281,255,0.07018526125356413
proteomics,zhu_E_coli,rel0_abs0,all,unfiltered,613,ter,9.165653022642736e-6,123,0.5051431645943381
proteomics,zhu_E_coli,rel0_abs0,all,unfiltered,612,oriC,2.72484130863464e-10,255,0.29752266189756726
proteomics,zhu_E_coli,rel0_abs0,all,unfiltered,612,ter,1.7880419821732728e-5,122,0.5690817604468296
proteomics,zhu_E_coli,rel0_abs0,all,unfiltered,420,oriC,5.819888905164841e-4,191,0.08419645226630389
proteomics,zhu_E_coli,rel0_abs0,all,unfiltered,420,ter,0.06633049095056986,73,-0.1774839443037909
proteomics,zhu_E_coli,rel0_abs0,all,unfiltered,607,oriC,1.371410528112863e-11,254,0.48831811264634484
proteomics,zhu_E_coli,rel0_abs0,all,unfiltered,607,ter,0.02020652653142129,122,0.6112402214069836
proteomics,zhu_E_coli,rel0_abs0,all,unfiltered,613,oriC,0.3765545772567395,255,-0.21409729400596725
proteomics,zhu_E_coli,rel0_abs0,all,unfiltered,613,ter,3.1705680927467225e-5,123,-1.8378879457556998
proteomics,zhu_E_coli,rel0_abs0,all,unfiltered,615,oriC,0.15158368428747054,256,0.04388068362302998
proteomics,zhu_E_coli,rel0_abs0,all,unfiltered,615,ter,0.506328911837244,124,-0.18914950432798838
proteomics,zhu_E_coli,rel0_abs0,all,unfiltered,609,oriC,3.966844243210645e-5,253,0.09255471028488
proteomics,zhu_E_coli,rel0_abs0,all,unfiltered,609,ter,0.40845340429419463,123,0.0485559656784426
proteomics,zhu_E_coli,rel0_abs0,all,unfiltered,608,oriC,3.649244694830211e-8,252,0.21963054644969868
proteomics,zhu_E_coli,rel0_abs0,all,unfiltered,608,ter,0.8212789751818246,123,0.0463000470419607
proteomics,zhu_E_coli,rel0_abs0,all,unfiltered,613,oriC,0.9360762416850573,254,-0.20030773300092458
proteomics,zhu_E_coli,rel0_abs0,all,unfiltered,613,ter,1.0649854174513618e-7,124,-2.1033753336089718
proteomics,zhu_E_coli,rel0_abs0,all,unfiltered,609,oriC,6.540286820014811e-7,253,0.2917610614829001
proteomics,zhu_E_coli,rel0_abs0,all,unfiltered,609,ter,0.029108050542191635,123,-0.1935940090398934
proteomics,zhu_E_coli,rel0_abs0,all,unfiltered,613,oriC,0.10806749319702422,255,0.28264406329256
proteomics,zhu_E_coli,rel0_abs0,all,unfiltered,613,ter,4.171208307257899e-8,123,1.1658926183201404
proteomics,zhu_E_coli,rel0_abs0,all,unfiltered,612,oriC,0.27854549965073844,255,0.2602256707303753
proteomics,zhu_E_coli,rel0_abs0,all,unfiltered,612,ter,1.4752232762483173e-7,122,1.204791290106775
proteomics,zhu_E_coli,rel0_abs0,all,unfiltered,609,oriC,3.0295462711551923e-6,254,0.3652528976128354
proteomics,zhu_E_coli,rel0_abs0,all,unfiltered,609,ter,1.0018870507026531e-6,121,0.975159495214694
proteomics,zhu_E_coli,rel0_abs0,all,unfiltered,412,oriC,9.836468706056335e-5,187,0.11115271084331202
proteomics,zhu_E_coli,rel0_abs0,all,unfiltered,412,ter,0.10187964096033955,72,-0.10735991334727585
proteomics,zhu_E_coli,rel0_abs0,all,unfiltered,603,oriC,3.9765615049378255e-9,253,0.46398725432895915
proteomics,zhu_E_coli,rel0_abs0,all,unfiltered,603,ter,0.004509041123841996,120,1.0660130595465085
proteomics,zhu_E_coli,rel0_abs0,all,unfiltered,615,oriC,0.007891340585399325,256,0.01877023559359909
proteomics,zhu_E_coli,rel0_abs0,all,unfiltered,615,ter,0.369998233941693,124,0.07693156549978744
proteomics,zhu_E_coli,rel0_abs0,all,unfiltered,615,oriC,1.0829713477849072e-13,256,0.23829463631594497
proteomics,zhu_E_coli,rel0_abs0,all,unfiltered,615,ter,0.03208782272776805,124,0.273166225561137
proteomics,zhu_E_coli,rel0_abs0,all,unfiltered,613,oriC,0.7004858152944393,255,-0.3011792654198936
proteomics,zhu_E_coli,rel0_abs0,all,unfiltered,613,ter,1.4574614659632166e-10,123,-1.4797733941087536
proteomics,zhu_E_coli,rel0_abs0,all,unfiltered,615,oriC,4.118306347308451e-11,256,0.38786348221190614
proteomics,zhu_E_coli,rel0_abs0,all,unfiltered,615,ter,0.9254961291653769,124,0.09189206981596036
proteomics,zhu_E_coli,rel0_abs0,all,unfiltered,609,oriC,1.9051372567951653e-12,253,0.13207649540550864
proteomics,zhu_E_coli,rel0_abs0,all,unfiltered,609,ter,0.9185796445900001,123,0.012010835392387545
proteomics,zhu_E_coli,rel0_abs0,all,unfiltered,612,oriC,0.7393193457096314,254,-0.21309200069527867
proteomics,zhu_E_coli,rel0_abs0,all,unfiltered,612,ter,1.962621944883539e-9,123,-1.3912878944099463
proteomics,zhu_E_coli,rel0_abs0,all,unfiltered,608,oriC,5.225894410188179e-10,253,0.2702283157136061
proteomics,zhu_E_coli,rel0_abs0,all,unfiltered,608,ter,0.06216086130277552,122,-0.23688413026557192
proteomics,zhu_E_coli,rel0_abs0,all,unfiltered,609,oriC,0.03315270921203476,253,-0.3150273285571001
proteomics,zhu_E_coli,rel0_abs0,all,unfiltered,609,ter,1.253674964167182e-9,122,-1.2629270975945608
proteomics,zhu_E_coli,rel0_abs0,all,unfiltered,606,oriC,1.513615292775025e-6,252,0.08577750401667708
proteomics,zhu_E_coli,rel0_abs0,all,unfiltered,606,ter,2.559833722989959e-4,122,-0.30553283554775684
proteomics,zhu_E_coli,rel0_abs0,all,unfiltered,595,oriC,4.2935093318329016e-7,246,0.3906271997684948
proteomics,zhu_E_coli,rel0_abs0,all,unfiltered,595,ter,2.5706396371051745e-6,121,0.6673450277370249
proteomics,zhu_V_natriegens,rel0_abs0,all,unfiltered,1336,oriC,0.06817219424154666,537,-0.030806173038950464
proteomics,zhu_V_natriegens,rel0_abs0,all,unfiltered,1336,ter,0.32219143824268553,308,-0.24175342540490402
proteomics,zhu_V_natriegens,rel0_abs0,all,unfiltered,1324,oriC,0.8898949883661209,537,-0.042176671640277934
proteomics,zhu_V_natriegens,rel0_abs0,all,unfiltered,1324,ter,0.938816824707681,301,-0.042157457513033146
proteomics,zhu_V_natriegens,rel0_abs0,all,unfiltered,1337,oriC,0.8749594737155255,536,-0.15411663832839934
proteomics,zhu_V_natriegens,rel0_abs0,all,unfiltered,1337,ter,0.024512439266161618,309,-0.44036916013063343
proteomics,zhu_V_natriegens,rel0_abs0,all,unfiltered,1324,oriC,0.5334889762261317,537,-0.026338582841650665
proteomics,zhu_V_natriegens,rel0_abs0,all,unfiltered,1324,ter,0.651976692300184,302,-0.06318339560127575
proteomics,zhu_V_natriegens,rel0_abs0,all,unfiltered,1338,oriC,0.0835474825025197,537,-0.3252746534613686
proteomics,zhu_V_natriegens,rel0_abs0,all,unfiltered,1338,ter,0.0011044088770703878,309,-0.6105149730960387
proteomics,zhu_V_natriegens,rel0_abs0,all,unfiltered,1335,oriC,0.0045562608637382315,536,-0.5242329475150489
proteomics,zhu_V_natriegens,rel0_abs0,all,unfiltered,1335,ter,1.3509867996554833e-4,308,-1.3101006258564238
proteomics,zhu_V_natriegens,rel0_abs0,all,unfiltered,1347,oriC,0.18252324257655717,540,-0.22143874593209847
proteomics,zhu_V_natriegens,rel0_abs0,all,unfiltered,1347,ter,0.06250537153274045,310,-0.23824413738686778
proteomics,zhu_V_natriegens,rel0_abs0,all,unfiltered,1325,oriC,0.34742632859470907,537,-0.08693925705747199
proteomics,zhu_V_natriegens,rel0_abs0,all,unfiltered,1325,ter,0.012395514936444156,302,-0.418765180567191
proteomics,zhu_V_natriegens,rel0_abs0,all,unfiltered,1332,oriC,2.137741628820958e-7,537,-1.0252704813096438
proteomics,zhu_V_natriegens,rel0_abs0,all,unfiltered,1332,ter,5.957372488353329e-9,305,-2.9237225017144532
proteomics,zhu_V_natriegens,rel0_abs0,all,unfiltered,1325,oriC,0.010662163632826769,537,-0.29671263715352153
proteomics,zhu_V_natriegens,rel0_abs0,all,unfiltered,1325,ter,3.470844953818137e-5,302,-0.867442832863885
proteomics,zhu_V_natriegens,rel0_abs0,all,unfiltered,1336,oriC,3.8676143299046464e-5,536,-0.09024440165138965
proteomics,zhu_V_natriegens,rel0_abs0,all,unfiltered,1336,ter,0.2957691692059392,307,0.1176940429453371
proteomics,zhu_V_natriegens,rel0_abs0,all,unfiltered,964,oriC,0.3644229607447525,412,-0.07375371840368311
proteomics,zhu_V_natriegens,rel0_abs0,all,unfiltered,964,ter,0.1200615848861541,198,-0.053659516154365046
proteomics,zhu_V_natriegens,rel0_abs0,all,unfiltered,1337,oriC,0.04806884630507646,537,-0.016501217147336735
proteomics,zhu_V_natriegens,rel0_abs0,all,unfiltered,1337,ter,0.019219226713106365,309,0.2017765523646939
proteomics,zhu_V_natriegens,rel0_abs0,all,unfiltered,966,oriC,0.008835220586709111,412,-0.1808118226933116
proteomics,zhu_V_natriegens,rel0_abs0,all,unfiltered,966,ter,0.005320186758968053,198,-0.13399113622730285
proteomics,zhu_V_natriegens,rel0_abs0,all,unfiltered,965,oriC,0.01363958525163436,412,-0.23647191751986074
proteomics,zhu_V_natriegens,rel0_abs0,all,unfiltered,965,ter,0.16123751148192172,198,-0.1224520969480409
proteomics,zhu_V_natriegens,rel0_abs0,all,unfiltered,1340,oriC,0.6540711978851734,537,0.06927761058177703
proteomics,zhu_V_natriegens,rel0_abs0,all,unfiltered,1340,ter,0.06872921827514514,309,0.35909804737573664
proteomics,zhu_V_natriegens,rel0_abs0,all,unfiltered,1319,oriC,0.6513470628714617,534,0.18959878609818892
proteomics,zhu_V_natriegens,rel0_abs0,all,unfiltered,1319,ter,0.5030592883398952,298,0.46832947324140645
proteomics,zhu_V_natriegens,rel0_abs0,all,unfiltered,963,oriC,1.1856745184455713e-5,412,-0.4807930624849239
proteomics,zhu_V_natriegens,rel0_abs0,all,unfiltered,963,ter,1.920475329799257e-4,197,-0.3930955315605395
proteomics,zhu_V_natriegens,rel0_abs0,all,unfiltered,1309,oriC,0.41506810171525066,528,0.11594200690890488
proteomics,zhu_V_natriegens,rel0_abs0,all,unfiltered,1309,ter,0.386055758247018,296,0.5154290395870006
proteomics,zhu_V_natriegens,rel0_abs0,all,unfiltered,1337,oriC,0.3877779789901047,535,-0.06925203480091661
proteomics,zhu_V_natriegens,rel0_abs0,all,unfiltered,1337,ter,0.0029237075935649687,308,-0.33557719720965973
proteomics,zhu_V_natriegens,rel0_abs0,all,unfiltered,1324,oriC,0.10150177766292266,537,0.033711621863136865
proteomics,zhu_V_natriegens,rel0_abs0,all,unfiltered,1324,ter,0.971496272333298,301,-0.010280511236098624
proteomics,zhu_V_natriegens,rel0_abs0,all,unfiltered,1338,oriC,0.38269113243497793,536,-0.18374454196737688
proteomics,zhu_V_natriegens,rel0_abs0,all,unfiltered,1338,ter,7.733690686792265e-5,308,-0.559634082624617
proteomics,zhu_V_natriegens,rel0_abs0,all,unfiltered,1335,oriC,0.015276747064678799,535,-0.47033271915511177
proteomics,zhu_V_natriegens,rel0_abs0,all,unfiltered,1335,ter,1.5741233188317714e-4,307,-1.2966917112731056
proteomics,zhu_V_natriegens,rel0_abs0,all,unfiltered,1347,oriC,0.8464519440233442,539,-0.10316027040459311
proteomics,zhu_V_natriegens,rel0_abs0,all,unfiltered,1347,ter,0.004198838206535732,311,-0.25778410770737614
proteomics,zhu_V_natriegens,rel0_abs0,all,unfiltered,1324,oriC,0.9587634201871266,537,-0.02167754992296594
proteomics,zhu_V_natriegens,rel0_abs0,all,unfiltered,1324,ter,0.0027161809960044056,301,-0.39637818859157276
proteomics,zhu_V_natriegens,rel0_abs0,all,unfiltered,1331,oriC,4.56489754089898e-6,536,-0.9135448699771074
proteomics,zhu_V_natriegens,rel0_abs0,all,unfiltered,1331,ter,5.696475365482602e-9,303,-3.0730449656591543
proteomics,zhu_V_natriegens,rel0_abs0,all,unfiltered,1325,oriC,0.16769594367510016,537,-0.1556773427327081
proteomics,zhu_V_natriegens,rel0_abs0,all,unfiltered,1325,ter,1.6568823100028244e-5,302,-0.8450368423987509
proteomics,zhu_V_natriegens,rel0_abs0,all,unfiltered,1338,oriC,0.09253015035875417,536,0.012547540349413442
proteomics,zhu_V_natriegens,rel0_abs0,all,unfiltered,1338,ter,9.103381464961127e-5,309,0.2603556270129029
proteomics,zhu_V_natriegens,rel0_abs0,all,unfiltered,965,oriC,2.7124624720929974e-4,411,-0.07670449389841616
proteomics,zhu_V_natriegens,rel0_abs0,all,unfiltered,965,ter,1.4530305531470928e-4,198,-0.08975955858369392
proteomics,zhu_V_natriegens,rel0_abs0,all,unfiltered,965,oriC,0.34761733420388063,412,-0.04531642810073462
proteomics,zhu_V_natriegens,rel0_abs0,all,unfiltered,965,ter,0.5099177393136771,198,0.00335470519247048
proteomics,zhu_V_natriegens,rel0_abs0,all,unfiltered,1340,oriC,0.5719746142967175,537,0.036500141916387334
proteomics,zhu_V_natriegens,rel0_abs0,all,unfiltered,1340,ter,0.00583885819622849,309,0.2845865614650087
proteomics,zhu_V_natriegens,rel0_abs0,all,unfiltered,1319,oriC,0.1822344949819755,533,0.12911883633335605
proteomics,zhu_V_natriegens,rel0_abs0,all,unfiltered,1319,ter,0.15444590189100404,298,0.3489591628916391
proteomics,zhu_V_natriegens,rel0_abs0,all,unfiltered,965,oriC,0.007518867339107577,412,-0.24237678837602966
proteomics,zhu_V_natriegens,rel0_abs0,all,unfiltered,965,ter,5.664630571693313e-4,198,-0.15042627285555737
proteomics,zhu_V_natriegens,rel0_abs0,all,unfiltered,1309,oriC,0.4748081876043376,527,0.21047002760695976
proteomics,zhu_V_natriegens,rel0_abs0,all,unfiltered,1309,ter,0.43862600960049886,296,0.38249080127822876
proteomics,zhu_V_natriegens,rel0_abs0,all,unfiltered,1339,oriC,0.14652343590457276,537,-0.17508560123187825
proteomics,zhu_V_natriegens,rel0_abs0,all,unfiltered,1339,ter,4.2539004624757606e-7,309,-0.5147791654015463
proteomics,zhu_V_natriegens,rel0_abs0,all,unfiltered,1336,oriC,0.0011793253323308598,536,-0.3664149585236812
proteomics,zhu_V_natriegens,rel0_abs0,all,unfiltered,1336,ter,1.8939365743975713e-6,308,-1.1712749827210638
proteomics,zhu_V_natriegens,rel0_abs0,all,unfiltered,1347,oriC,0.2575641497586355,539,-0.09958261899513784
proteomics,zhu_V_natriegens,rel0_abs0,all,unfiltered,1347,ter,2.4679659297989574e-4,311,-0.271688189128192
proteomics,zhu_V_natriegens,rel0_abs0,all,unfiltered,1325,oriC,0.5950657898566104,537,-0.036404929388816634
proteomics,zhu_V_natriegens,rel0_abs0,all,unfiltered,1325,ter,1.1664363104770172e-4,302,-0.4234648898623399
proteomics,zhu_V_natriegens,rel0_abs0,all,unfiltered,1333,oriC,4.176383775149305e-7,537,-0.8965910896459374
proteomics,zhu_V_natriegens,rel0_abs0,all,unfiltered,1333,ter,4.5559869923105243e-11,305,-2.8110862985129916
proteomics,zhu_V_natriegens,rel0_abs0,all,unfiltered,1325,oriC,0.03125300100227985,537,-0.17021995653448757
proteomics,zhu_V_natriegens,rel0_abs0,all,unfiltered,1325,ter,6.284407141070102e-7,302,-0.786915733282771
proteomics,zhu_V_natriegens,rel0_abs0,all,unfiltered,966,oriC,0.1195780112882954,412,0.0715869831617957
proteomics,zhu_V_natriegens,rel0_abs0,all,unfiltered,966,ter,0.7587009956501126,198,0.04014712865043438
proteomics,zhu_V_natriegens,rel0_abs0,all,unfiltered,1340,oriC,0.17767295820539375,537,0.07557279749665682
proteomics,zhu_V_natriegens,rel0_abs0,all,unfiltered,1340,ter,6.694494563391092e-9,309,0.2918248895004811
proteomics,zhu_V_natriegens,rel0_abs0,all,unfiltered,1320,oriC,0.005487214588440132,534,0.1676890243244995
proteomics,zhu_V_natriegens,rel0_abs0,all,unfiltered,1320,ter,0.0024235941917584362,298,0.37661620210815716
proteomics,zhu_V_natriegens,rel0_abs0,all,unfiltered,966,oriC,0.23380395716712057,412,-0.0702959051711178
proteomics,zhu_V_natriegens,rel0_abs0,all,unfiltered,966,ter,0.01929282898446242,198,-0.060253484429784565
proteomics,zhu_V_natriegens,rel0_abs0,all,unfiltered,1310,oriC,0.028680793187483213,528,0.2733921807481272
proteomics,zhu_V_natriegens,rel0_abs0,all,unfiltered,1310,ter,0.9310613131413751,296,0.4306368284177611
proteomics,zhu_V_natriegens,rel0_abs0,all,unfiltered,1340,oriC,0.11025896547821538,537,0.26760459737946674
proteomics,zhu_V_natriegens,rel0_abs0,all,unfiltered,1340,ter,1.8013108652973765e-4,309,0.9495671899310708
proteomics,zhu_V_natriegens,rel0_abs0,all,unfiltered,1310,oriC,8.163830412814842e-4,529,0.124597238801021
proteomics,zhu_V_natriegens,rel0_abs0,all,unfiltered,1310,ter,0.0022316162654502474,295,0.34959580430836906
proteomics,zhu_V_natriegens,rel0_abs0,all,unfiltered,941,oriC,0.0359663384138023,402,-0.06558406779518158
proteomics,zhu_V_natriegens,rel0_abs0,all,unfiltered,941,ter,0.0010446658176029538,192,-0.08990331910157857
proteomics,zhu_V_natriegens,rel0_abs0,all,unfiltered,1294,oriC,0.05816120031272495,523,0.13603297753800536
proteomics,zhu_V_natriegens,rel0_abs0,all,unfiltered,1294,ter,0.5385875809727434,291,0.23693191061263813
proteomics,zhu_V_natriegens,rel0_abs0,all,unfiltered,1348,oriC,0.009092036270497733,540,0.13403576011640433
proteomics,zhu_V_natriegens,rel0_abs0,all,unfiltered,1348,ter,0.9209480956387224,311,0.08401901778951973
proteomics,zhu_V_natriegens,rel0_abs0,all,unfiltered,1340,oriC,7.156205877169102e-5,537,-0.6551402272180531
proteomics,zhu_V_natriegens,rel0_abs0,all,unfiltered,1340,ter,8.617193448115726e-8,309,-2.9170925000780317
proteomics,zhu_V_natriegens,rel0_abs0,all,unfiltered,1346,oriC,0.39490852499338025,539,0.12221606360931475
proteomics,zhu_V_natriegens,rel0_abs0,all,unfiltered,1346,ter,0.028259429306324656,311,-0.08843412929726184
proteomics,zhu_V_natriegens,rel0_abs0,all,unfiltered,1308,oriC,5.9066161404783377e-8,531,-0.48240819676577007
proteomics,zhu_V_natriegens,rel0_abs0,all,unfiltered,1308,ter,9.000701968330222e-9,292,-1.2499500184867927
proteomics,zhu_V_natriegens,rel0_abs0,all,unfiltered,1302,oriC,0.6954962300805894,531,-0.0209781308596578
proteomics,zhu_V_natriegens,rel0_abs0,all,unfiltered,1302,ter,0.006728510791216715,292,-0.16622218939196087
proteomics,zhu_V_natriegens,rel0_abs0,all,unfiltered,1281,oriC,1.7968623402629515e-12,521,0.26939958672611275
proteomics,zhu_V_natriegens,rel0_abs0,all,unfiltered,1281,ter,1.7116509468513123e-9,284,0.42598224629261494
