assay,dataset,cutoff,gene_filter,fc_mode,n_total,group,p,n_genes,med_log2fc
proteomics,schmidt_2016,rel0_abs0,high,filtered,552,oriC,0.0022649242294171365,236,0.03718517448426366
proteomics,schmidt_2016,rel0_abs0,high,filtered,552,ter,0.052189905112097666,106,0.05786178506984505
proteomics,schmidt_2016,rel0_abs0,high,filtered,549,oriC,3.578974450875163e-4,236,0.13357110829226748
proteomics,schmidt_2016,rel0_abs0,high,filtered,549,ter,0.5010220206024636,104,0.08079908580286205
proteomics,schmidt_2016,rel0_abs0,high,filtered,551,oriC,0.4091995682888225,236,0.04593580272332605
proteomics,schmidt_2016,rel0_abs0,high,filtered,551,ter,0.8698112373956524,106,0.01716441560178954
proteomics,schmidt_2016,rel0_abs0,high,filtered,552,oriC,8.535095210982411e-6,236,0.09959460466111411
proteomics,schmidt_2016,rel0_abs0,high,filtered,552,ter,0.4900282937819992,106,0.06401036461652648
proteomics,schmidt_2016,rel0_abs0,high,filtered,550,oriC,4.602951008682527e-9,235,0.27850243743781655
proteomics,schmidt_2016,rel0_abs0,high,filtered,550,ter,0.4900282937819992,106,0.12864833195662184
proteomics,schmidt_2016,rel0_abs0,high,filtered,551,oriC,5.169332188417682e-7,236,0.2248902693822628
proteomics,schmidt_2016,rel0_abs0,high,filtered,551,ter,0.8500039579672225,106,0.09059090809976554
proteomics,schmidt_2016,rel0_abs0,high,filtered,549,oriC,6.187248390270788e-5,236,0.24315362677727434
proteomics,schmidt_2016,rel0_abs0,high,filtered,549,ter,0.9006438181917186,104,0.04952356165504854
proteomics,schmidt_2016,rel0_abs0,high,filtered,550,oriC,7.685427113629729e-9,236,0.2630949567722938
proteomics,schmidt_2016,rel0_abs0,high,filtered,550,ter,0.011038935530258405,105,0.1683252147490883
proteomics,schmidt_2016,rel0_abs0,high,filtered,549,oriC,1.031213460038115e-10,234,0.3234137822350974
proteomics,schmidt_2016,rel0_abs0,high,filtered,549,ter,0.5747727577320638,106,0.11797916216189405
proteomics,schmidt_2016,rel0_abs0,high,filtered,548,oriC,3.978333759743149e-5,235,0.19710066114939417
proteomics,schmidt_2016,rel0_abs0,high,filtered,548,ter,0.3445167812003851,104,0.1399957495830238
proteomics,schmidt_2016,rel0_abs0,high,filtered,552,oriC,1.114238328850046e-8,236,0.19814090754696218
proteomics,schmidt_2016,rel0_abs0,high,filtered,552,ter,0.5855630881218026,106,0.058807115527676854
proteomics,schmidt_2016,rel0_abs0,high,filtered,542,oriC,1.1361143694562513e-4,235,0.17621128569820488
proteomics,schmidt_2016,rel0_abs0,high,filtered,542,ter,0.00450015464326761,102,0.3368814308158654
proteomics,schmidt_2016,rel0_abs0,high,filtered,545,oriC,2.4307710100761172e-8,235,0.29105850814208495
proteomics,schmidt_2016,rel0_abs0,high,filtered,545,ter,0.02716209502795346,103,0.21731401983420007
proteomics,schmidt_2016,rel0_abs0,high,filtered,546,oriC,5.560786317742734e-10,232,0.36550660317009853
proteomics,schmidt_2016,rel0_abs0,high,filtered,546,ter,0.2910216639970268,106,0.3071942968969593
proteomics,schmidt_2016,rel0_abs0,high,filtered,543,oriC,7.603525032628381e-6,234,0.2294291511769938
proteomics,schmidt_2016,rel0_abs0,high,filtered,543,ter,0.0013680122595235,102,0.36318120598605247
proteomics,schmidt_2016,rel0_abs0,high,filtered,547,oriC,5.0450217324487236e-8,235,0.3008385104918122
proteomics,schmidt_2016,rel0_abs0,high,filtered,547,ter,0.8750272079311915,104,0.07426153698406505
proteomics,schmidt_2016,rel0_abs0,high,filtered,547,oriC,1.3775119324292122e-8,236,0.30678167792562316
proteomics,schmidt_2016,rel0_abs0,high,filtered,547,ter,0.009435248550444234,104,0.3678146722685121
proteomics,schmidt_2016,rel0_abs0,high,filtered,543,oriC,1.6930374040169737e-8,233,0.42608368098551813
proteomics,schmidt_2016,rel0_abs0,high,filtered,543,ter,0.08404297123559855,101,-0.1919305460320701
proteomics,schmidt_2016,rel0_abs0,high,filtered,538,oriC,1.0919829121059403e-8,232,0.417546937922036
proteomics,schmidt_2016,rel0_abs0,high,filtered,538,ter,0.03316812617865294,100,-0.2552736735855488
proteomics,schmidt_2016,rel0_abs0,high,filtered,550,oriC,0.002323109762645021,236,0.0941793575566131
proteomics,schmidt_2016,rel0_abs0,high,filtered,550,ter,0.6338430891748155,105,-0.003790575425554293
proteomics,schmidt_2016,rel0_abs0,high,filtered,551,oriC,0.7284634757234414,236,0.004526927604531627
proteomics,schmidt_2016,rel0_abs0,high,filtered,551,ter,0.12172398092200107,106,-0.059357501798544016
proteomics,schmidt_2016,rel0_abs0,high,filtered,552,oriC,0.0031558281933157842,236,0.019007939842056818
proteomics,schmidt_2016,rel0_abs0,high,filtered,552,ter,0.02462103415007752,106,-0.041497722853691965
proteomics,schmidt_2016,rel0_abs0,high,filtered,551,oriC,4.4981749379074064e-9,236,0.24246426344395672
proteomics,schmidt_2016,rel0_abs0,high,filtered,551,ter,0.9321810799753231,106,0.04646378313775576
proteomics,schmidt_2016,rel0_abs0,high,filtered,551,oriC,2.8332629027852616e-7,236,0.1941152421935522
proteomics,schmidt_2016,rel0_abs0,high,filtered,551,ter,0.2672295746705887,106,-0.014414440050103183
proteomics,schmidt_2016,rel0_abs0,high,filtered,549,oriC,1.848524914157055e-4,236,0.14089735084107252
proteomics,schmidt_2016,rel0_abs0,high,filtered,549,ter,0.2295727553957858,104,-0.04367481293359283
proteomics,schmidt_2016,rel0_abs0,high,filtered,551,oriC,8.153409598682412e-10,236,0.24196578117030598
proteomics,schmidt_2016,rel0_abs0,high,filtered,551,ter,0.11576677742369335,106,0.07034961587963873
proteomics,schmidt_2016,rel0_abs0,high,filtered,550,oriC,7.916369379005546e-11,235,0.28796469648955153
proteomics,schmidt_2016,rel0_abs0,high,filtered,550,ter,0.9397012553386545,106,0.06620197964935087
proteomics,schmidt_2016,rel0_abs0,high,filtered,548,oriC,3.9618568342176435e-5,235,0.14594889221414847
proteomics,schmidt_2016,rel0_abs0,high,filtered,548,ter,0.6072624942454847,104,0.03034999254300308
proteomics,schmidt_2016,rel0_abs0,high,filtered,552,oriC,7.2624178184892916e-09,236,0.16071918089116402
proteomics,schmidt_2016,rel0_abs0,high,filtered,552,ter,0.49201219472541835,106,-0.01612564112156788
proteomics,schmidt_2016,rel0_abs0,high,filtered,543,oriC,8.676428579475082e-4,236,0.11402634968077474
proteomics,schmidt_2016,rel0_abs0,high,filtered,543,ter,0.0014327853666013196,102,0.19659192060664593
proteomics,schmidt_2016,rel0_abs0,high,filtered,549,oriC,1.2390989181165804e-8,236,0.21718775337131074
proteomics,schmidt_2016,rel0_abs0,high,filtered,549,ter,0.17167441821601817,104,0.10448263778477809
proteomics,schmidt_2016,rel0_abs0,high,filtered,547,oriC,1.3929679481212466e-9,233,0.34083332580946296
proteomics,schmidt_2016,rel0_abs0,high,filtered,547,ter,0.40180461036783954,106,0.1944224268932036
proteomics,schmidt_2016,rel0_abs0,high,filtered,544,oriC,3.42427309911839e-5,234,0.19974170598220142
proteomics,schmidt_2016,rel0_abs0,high,filtered,544,ter,0.0019937858819342436,102,0.18459319721970938
proteomics,schmidt_2016,rel0_abs0,high,filtered,549,oriC,3.4669404211176503e-7,236,0.19374203003470486
proteomics,schmidt_2016,rel0_abs0,high,filtered,549,ter,0.5388770412899627,104,0.017360229114261494
proteomics,schmidt_2016,rel0_abs0,high,filtered,547,oriC,9.052167603965564e-9,236,0.25253018333250843
proteomics,schmidt_2016,rel0_abs0,high,filtered,547,ter,0.007429848686999566,104,0.29994335779327885
proteomics,schmidt_2016,rel0_abs0,high,filtered,547,oriC,2.995285189804704e-9,235,0.35523864013196177
proteomics,schmidt_2016,rel0_abs0,high,filtered,547,ter,0.02716209502795346,103,-0.16476037455333803
proteomics,schmidt_2016,rel0_abs0,high,filtered,541,oriC,1.2756048544372593e-8,233,0.3470837056827308
proteomics,schmidt_2016,rel0_abs0,high,filtered,541,ter,0.015655739686539872,102,-0.3048642867454495
proteomics,schmidt_2016,rel0_abs0,high,filtered,551,oriC,9.178429659946321e-7,236,-0.10998046383144161
proteomics,schmidt_2016,rel0_abs0,high,filtered,551,ter,0.931216915176093,105,0.05937416099972419
proteomics,schmidt_2016,rel0_abs0,high,filtered,550,oriC,0.021357193740982182,236,-0.06650269846186344
proteomics,schmidt_2016,rel0_abs0,high,filtered,550,ter,0.5978647219479563,105,-0.01429342842524263
proteomics,schmidt_2016,rel0_abs0,high,filtered,551,oriC,4.384587644393047e-6,236,0.17072203711447875
proteomics,schmidt_2016,rel0_abs0,high,filtered,551,ter,0.6777134950266404,105,0.08970148519146788
proteomics,schmidt_2016,rel0_abs0,high,filtered,551,oriC,4.04999813385916e-5,236,0.12751846631755426
proteomics,schmidt_2016,rel0_abs0,high,filtered,551,ter,0.9388435590485684,105,0.08602735804394318
proteomics,schmidt_2016,rel0_abs0,high,filtered,552,oriC,4.6064296902484136e-4,236,0.09838383390160339
proteomics,schmidt_2016,rel0_abs0,high,filtered,552,ter,0.47431314964000487,106,-0.0228711419302654
proteomics,schmidt_2016,rel0_abs0,high,filtered,551,oriC,1.0211026367674342e-6,236,0.18085145159024138
proteomics,schmidt_2016,rel0_abs0,high,filtered,551,ter,0.21131683754952368,105,0.18972280280512605
proteomics,schmidt_2016,rel0_abs0,high,filtered,550,oriC,5.187047242395258e-9,234,0.2585012280325223
proteomics,schmidt_2016,rel0_abs0,high,filtered,550,ter,0.7029223068513011,106,0.07629797408252921
proteomics,schmidt_2016,rel0_abs0,high,filtered,552,oriC,0.0015686326141421396,236,0.08025809042536042
proteomics,schmidt_2016,rel0_abs0,high,filtered,552,ter,0.8747763534131007,106,0.023511931216438738
proteomics,schmidt_2016,rel0_abs0,high,filtered,551,oriC,0.0017353046870049493,236,0.06332380980707286
proteomics,schmidt_2016,rel0_abs0,high,filtered,551,ter,0.9007803861401318,105,-0.028848508297803103
proteomics,schmidt_2016,rel0_abs0,high,filtered,547,oriC,0.0027273793997337078,236,0.0978627453226619
proteomics,schmidt_2016,rel0_abs0,high,filtered,547,ter,4.533587085697665e-4,105,0.2233047042740169
proteomics,schmidt_2016,rel0_abs0,high,filtered,551,oriC,3.446377883115317e-8,236,0.1908891865209329
proteomics,schmidt_2016,rel0_abs0,high,filtered,551,ter,0.15886632097861628,106,0.11881765297187655
proteomics,schmidt_2016,rel0_abs0,high,filtered,549,oriC,3.1288359098071627e-7,233,0.25345913996162084
proteomics,schmidt_2016,rel0_abs0,high,filtered,549,ter,0.41973346848750925,106,0.19853740721172466
proteomics,schmidt_2016,rel0_abs0,high,filtered,547,oriC,0.003850681102623477,234,0.08477095315540582
proteomics,schmidt_2016,rel0_abs0,high,filtered,547,ter,4.739765165452157e-5,104,0.19346318753862524
proteomics,schmidt_2016,rel0_abs0,high,filtered,552,oriC,1.1317071819385219e-5,236,0.15205472557789323
proteomics,schmidt_2016,rel0_abs0,high,filtered,552,ter,0.5986342372354823,106,-0.027008670784473075
proteomics,schmidt_2016,rel0_abs0,high,filtered,552,oriC,1.8301538449439752e-6,236,0.26201161824034525
proteomics,schmidt_2016,rel0_abs0,high,filtered,552,ter,0.0017679555786779418,106,0.21709750733840252
proteomics,schmidt_2016,rel0_abs0,high,filtered,546,oriC,3.156298039126864e-7,232,0.33688038777102847
proteomics,schmidt_2016,rel0_abs0,high,filtered,546,ter,0.021774061711567153,104,-0.21473748938895645
proteomics,schmidt_2016,rel0_abs0,high,filtered,545,oriC,1.001551516235976e-6,231,0.36285923697853933
proteomics,schmidt_2016,rel0_abs0,high,filtered,545,ter,0.01158545731637862,104,-0.24211975457685325
proteomics,schmidt_2016,rel0_abs0,high,filtered,551,oriC,0.0065711013324534885,236,0.04405848309015367
proteomics,schmidt_2016,rel0_abs0,high,filtered,551,ter,0.8180234351968332,106,-0.030765880856130585
proteomics,schmidt_2016,rel0_abs0,high,filtered,551,oriC,4.6860911161641904e-17,235,0.24816865557818346
proteomics,schmidt_2016,rel0_abs0,high,filtered,551,ter,0.1410391211519452,106,0.10745211350043661
proteomics,schmidt_2016,rel0_abs0,high,filtered,552,oriC,3.2965075703676305e-19,236,0.24768798277027232
proteomics,schmidt_2016,rel0_abs0,high,filtered,552,ter,0.18873249670824369,106,0.018471243505114164
proteomics,schmidt_2016,rel0_abs0,high,filtered,549,oriC,2.119028345841216e-9,235,0.21039583697406936
proteomics,schmidt_2016,rel0_abs0,high,filtered,549,ter,0.6533387254639562,104,-0.008727374392122834
proteomics,schmidt_2016,rel0_abs0,high,filtered,552,oriC,3.2576004241521973e-18,236,0.24600521630430922
proteomics,schmidt_2016,rel0_abs0,high,filtered,552,ter,0.004169201647370745,106,0.10806950643340255
proteomics,schmidt_2016,rel0_abs0,high,filtered,549,oriC,3.968743326658003e-19,233,0.3099649001265093
proteomics,schmidt_2016,rel0_abs0,high,filtered,549,ter,0.10864533961186945,106,0.08902953227705751
proteomics,schmidt_2016,rel0_abs0,high,filtered,550,oriC,8.062545875483068e-10,235,0.1649367491691379
proteomics,schmidt_2016,rel0_abs0,high,filtered,550,ter,0.4372621400862243,105,0.026860378155563375
proteomics,schmidt_2016,rel0_abs0,high,filtered,552,oriC,1.4787361231868346e-9,236,0.16378853425978984
proteomics,schmidt_2016,rel0_abs0,high,filtered,552,ter,0.8797464044139717,106,-0.002913966127925187
proteomics,schmidt_2016,rel0_abs0,high,filtered,545,oriC,4.2226484296137944e-7,235,0.1521993258823564
proteomics,schmidt_2016,rel0_abs0,high,filtered,545,ter,1.617913239801975e-4,105,0.25882339060923165
proteomics,schmidt_2016,rel0_abs0,high,filtered,551,oriC,3.051954024757099e-12,236,0.25273793030293734
proteomics,schmidt_2016,rel0_abs0,high,filtered,551,ter,0.02264772587791516,105,0.15622781056582344
proteomics,schmidt_2016,rel0_abs0,high,filtered,551,oriC,1.13389919269404e-13,235,0.2857695609208484
proteomics,schmidt_2016,rel0_abs0,high,filtered,551,ter,0.08816229914318985,106,0.20084053117378448
proteomics,schmidt_2016,rel0_abs0,high,filtered,546,oriC,1.350823554604011e-10,233,0.20760433712411464
proteomics,schmidt_2016,rel0_abs0,high,filtered,546,ter,2.300974420997539e-5,104,0.23695713968605098
proteomics,schmidt_2016,rel0_abs0,high,filtered,549,oriC,3.737016745329383e-9,235,0.1942046207147757
proteomics,schmidt_2016,rel0_abs0,high,filtered,549,ter,0.9754237206339261,104,-0.03365800589291863
proteomics,schmidt_2016,rel0_abs0,high,filtered,548,oriC,7.84153042090514e-13,236,0.30497048108752633
proteomics,schmidt_2016,rel0_abs0,high,filtered,548,ter,0.0011860455879087527,103,0.277907343508253
proteomics,schmidt_2016,rel0_abs0,high,filtered,546,oriC,1.1418489894273414e-10,234,0.3591280628030745
proteomics,schmidt_2016,rel0_abs0,high,filtered,546,ter,0.14927569919161426,102,-0.1394193628664076
proteomics,schmidt_2016,rel0_abs0,high,filtered,543,oriC,3.458842912949891e-10,233,0.3368092558273451
proteomics,schmidt_2016,rel0_abs0,high,filtered,543,ter,0.03721509063001237,101,-0.19087042177903105
proteomics,schmidt_2016,rel0_abs0,high,filtered,550,oriC,1.0238418727338356e-8,235,0.20164739046880337
proteomics,schmidt_2016,rel0_abs0,high,filtered,550,ter,0.06294003455928672,106,0.08857539173768036
proteomics,schmidt_2016,rel0_abs0,high,filtered,552,oriC,1.509756751145625e-7,236,0.17771457352493444
proteomics,schmidt_2016,rel0_abs0,high,filtered,552,ter,0.30269658265967214,106,0.0914146533170617
proteomics,schmidt_2016,rel0_abs0,high,filtered,548,oriC,6.287745196301994e-5,236,0.12946459382515108
proteomics,schmidt_2016,rel0_abs0,high,filtered,548,ter,0.6983746217506421,104,-0.0034296962495952185
proteomics,schmidt_2016,rel0_abs0,high,filtered,551,oriC,8.447082343164325e-11,236,0.2149776946449905
proteomics,schmidt_2016,rel0_abs0,high,filtered,551,ter,1.5540621002718986e-4,106,0.15639766126331855
proteomics,schmidt_2016,rel0_abs0,high,filtered,550,oriC,2.8595350787406545e-11,235,0.26096700614301865
proteomics,schmidt_2016,rel0_abs0,high,filtered,550,ter,0.1058956874201211,106,0.17038652370863225
proteomics,schmidt_2016,rel0_abs0,high,filtered,549,oriC,4.0785692017167104e-5,235,0.15471532578766564
proteomics,schmidt_2016,rel0_abs0,high,filtered,549,ter,0.13714252884806094,105,0.1005006458001909
proteomics,schmidt_2016,rel0_abs0,high,filtered,552,oriC,3.565748948305204e-12,236,0.11465109035711027
proteomics,schmidt_2016,rel0_abs0,high,filtered,552,ter,0.31619829099496327,106,0.05804668868838325
proteomics,schmidt_2016,rel0_abs0,high,filtered,545,oriC,0.0018573032208203952,236,0.15253997275658995
proteomics,schmidt_2016,rel0_abs0,high,filtered,545,ter,4.53025290171172e-4,104,0.26236713253545624
proteomics,schmidt_2016,rel0_abs0,high,filtered,550,oriC,2.73453626436526e-7,236,0.1508465237788305
proteomics,schmidt_2016,rel0_abs0,high,filtered,550,ter,0.053498737940029295,105,0.15729646839702108
proteomics,schmidt_2016,rel0_abs0,high,filtered,549,oriC,1.7252370746083528e-8,234,0.28258378764867753
proteomics,schmidt_2016,rel0_abs0,high,filtered,549,ter,0.10864533961186945,106,0.241393634056991
proteomics,schmidt_2016,rel0_abs0,high,filtered,544,oriC,8.254794460107994e-5,233,0.09522901774958738
proteomics,schmidt_2016,rel0_abs0,high,filtered,544,ter,7.492350673109298e-4,104,0.3441576502146956
proteomics,schmidt_2016,rel0_abs0,high,filtered,549,oriC,5.623235869949006e-7,236,0.1811934028132367
proteomics,schmidt_2016,rel0_abs0,high,filtered,549,ter,0.5324696994253468,104,0.0977965527353405
proteomics,schmidt_2016,rel0_abs0,high,filtered,549,oriC,3.182536750223673e-9,236,0.2282750188568492
proteomics,schmidt_2016,rel0_abs0,high,filtered,549,ter,2.9598506293241445e-4,105,0.3794221728447512
proteomics,schmidt_2016,rel0_abs0,high,filtered,547,oriC,3.716048262081908e-10,234,0.29368284699429986
proteomics,schmidt_2016,rel0_abs0,high,filtered,547,ter,0.03490608269517036,104,-0.17773486075189623
proteomics,schmidt_2016,rel0_abs0,high,filtered,545,oriC,6.276322991177431e-9,234,0.27584725596068205
proteomics,schmidt_2016,rel0_abs0,high,filtered,545,ter,0.023304902021112617,103,-0.2874560936397551
proteomics,schmidt_2016,rel0_abs0,high,filtered,552,oriC,0.614032732229791,236,-0.020617124526898192
proteomics,schmidt_2016,rel0_abs0,high,filtered,552,ter,0.5471668723908739,106,-0.03165699975707536
proteomics,schmidt_2016,rel0_abs0,high,filtered,551,oriC,0.1349458845095243,236,-0.08622032764197726
proteomics,schmidt_2016,rel0_abs0,high,filtered,551,ter,0.35388766270594235,105,-0.12151640755537349
proteomics,schmidt_2016,rel0_abs0,high,filtered,551,oriC,0.07283121769756427,235,0.011104205714153645
proteomics,schmidt_2016,rel0_abs0,high,filtered,551,ter,0.09991076871000212,106,0.021894330086882345
proteomics,schmidt_2016,rel0_abs0,high,filtered,550,oriC,0.026439251241645454,234,0.020145224417867796
proteomics,schmidt_2016,rel0_abs0,high,filtered,550,ter,0.5899054006275561,106,0.006261830649757818
proteomics,schmidt_2016,rel0_abs0,high,filtered,551,oriC,0.0037345802983480667,236,-0.06873272904314251
proteomics,schmidt_2016,rel0_abs0,high,filtered,551,ter,0.6847463793827436,105,-0.03832168070445231
proteomics,schmidt_2016,rel0_abs0,high,filtered,551,oriC,0.5310534820394943,235,-0.06118140351059399
proteomics,schmidt_2016,rel0_abs0,high,filtered,551,ter,0.25256727060061857,106,-0.039587559152238015
proteomics,schmidt_2016,rel0_abs0,high,filtered,547,oriC,0.8613902600947412,234,-0.04446629275861919
proteomics,schmidt_2016,rel0_abs0,high,filtered,547,ter,0.008045475418417448,105,0.18167207447058764
proteomics,schmidt_2016,rel0_abs0,high,filtered,551,oriC,0.045431888138430444,236,-0.017810896807675294
proteomics,schmidt_2016,rel0_abs0,high,filtered,551,ter,0.06191038898281366,105,0.07898562291250008
proteomics,schmidt_2016,rel0_abs0,high,filtered,552,oriC,0.017371047316982063,236,0.029747347129492334
proteomics,schmidt_2016,rel0_abs0,high,filtered,552,ter,0.07755398855916376,106,0.0824007318972668
proteomics,schmidt_2016,rel0_abs0,high,filtered,545,oriC,0.28972177521286174,232,-0.031671399678022835
proteomics,schmidt_2016,rel0_abs0,high,filtered,545,ter,0.0013482095461081198,104,0.2121961001118718
proteomics,schmidt_2016,rel0_abs0,high,filtered,551,oriC,0.34014206817433845,236,-0.04045890396388194
proteomics,schmidt_2016,rel0_abs0,high,filtered,551,ter,0.3327281332750322,105,-0.0898614701182321
proteomics,schmidt_2016,rel0_abs0,high,filtered,550,oriC,5.177612945297124e-5,236,0.10498253403845365
proteomics,schmidt_2016,rel0_abs0,high,filtered,550,ter,5.44458088873087e-5,104,0.28716427956216145
proteomics,schmidt_2016,rel0_abs0,high,filtered,547,oriC,0.00459735183315738,233,0.019211061460637103
proteomics,schmidt_2016,rel0_abs0,high,filtered,547,ter,0.006581922469315983,105,-0.29460271607769567
proteomics,schmidt_2016,rel0_abs0,high,filtered,545,oriC,8.279205028305338e-4,232,0.11475888429342244
proteomics,schmidt_2016,rel0_abs0,high,filtered,545,ter,0.003551297753618472,105,-0.29949126724355296
proteomics,schmidt_2016,rel0_abs0,high,filtered,551,oriC,0.9003272568915524,236,-0.029302903081111935
proteomics,schmidt_2016,rel0_abs0,high,filtered,551,ter,0.47789528006714316,105,-0.028646638892048132
proteomics,schmidt_2016,rel0_abs0,high,filtered,552,oriC,0.0017866582157433674,236,0.0454147860661986
proteomics,schmidt_2016,rel0_abs0,high,filtered,552,ter,0.0012624440355532452,106,0.10182278311563073
proteomics,schmidt_2016,rel0_abs0,high,filtered,550,oriC,3.912163727592737e-7,234,0.04661595497254847
proteomics,schmidt_2016,rel0_abs0,high,filtered,550,ter,0.3395662935769235,106,0.04224121097449871
proteomics,schmidt_2016,rel0_abs0,high,filtered,551,oriC,0.014544537302792518,236,-0.03886538586757689
proteomics,schmidt_2016,rel0_abs0,high,filtered,551,ter,0.40227551018278557,105,0.035816226518658505
proteomics,schmidt_2016,rel0_abs0,high,filtered,552,oriC,0.18160831087335727,236,-0.08249774360472331
proteomics,schmidt_2016,rel0_abs0,high,filtered,552,ter,0.526387720289226,106,-0.04714470736239068
proteomics,schmidt_2016,rel0_abs0,high,filtered,546,oriC,0.38910683050931644,235,0.0031632449513973805
proteomics,schmidt_2016,rel0_abs0,high,filtered,546,ter,0.0015770642640437873,104,0.14922558719325238
proteomics,schmidt_2016,rel0_abs0,high,filtered,551,oriC,1.487448723055332e-4,236,0.08207071172892064
proteomics,schmidt_2016,rel0_abs0,high,filtered,551,ter,0.0324627426104863,105,0.12463754098168485
proteomics,schmidt_2016,rel0_abs0,high,filtered,551,oriC,3.149035561622542e-5,235,0.13420950116417246
proteomics,schmidt_2016,rel0_abs0,high,filtered,551,ter,0.185571591172131,106,0.1179806003925758
proteomics,schmidt_2016,rel0_abs0,high,filtered,544,oriC,0.03352241295426011,232,0.04220737867629814
proteomics,schmidt_2016,rel0_abs0,high,filtered,544,ter,3.051762348005642e-4,104,0.21740855069502169
proteomics,schmidt_2016,rel0_abs0,high,filtered,551,oriC,0.03028361609933817,236,0.017262420552014247
proteomics,schmidt_2016,rel0_abs0,high,filtered,551,ter,0.27848960605795176,105,-0.06210883263683971
proteomics,schmidt_2016,rel0_abs0,high,filtered,549,oriC,2.3235968890658696e-5,236,0.14030200006507182
proteomics,schmidt_2016,rel0_abs0,high,filtered,549,ter,5.980181703330516e-4,104,0.280433789677492
proteomics,schmidt_2016,rel0_abs0,high,filtered,547,oriC,4.0009043034805473e-7,233,0.14000887794198505
proteomics,schmidt_2016,rel0_abs0,high,filtered,547,ter,0.002416174899204865,104,-0.23211809902972702
proteomics,schmidt_2016,rel0_abs0,high,filtered,545,oriC,1.567743246714372e-5,231,0.21063045217874599
proteomics,schmidt_2016,rel0_abs0,high,filtered,545,ter,0.0032372591277182896,105,-0.26872540950211005
proteomics,schmidt_2016,rel0_abs0,high,filtered,551,oriC,0.06924626813563524,236,0.04095551868187832
proteomics,schmidt_2016,rel0_abs0,high,filtered,551,ter,7.708807278424213e-4,105,0.14400566946221585
proteomics,schmidt_2016,rel0_abs0,high,filtered,550,oriC,3.427823110083909e-7,234,0.12705762611788893
proteomics,schmidt_2016,rel0_abs0,high,filtered,550,ter,0.11216149098814417,106,0.11270403275575938
proteomics,schmidt_2016,rel0_abs0,high,filtered,552,oriC,0.05070556028492752,236,-0.012463295547710742
proteomics,schmidt_2016,rel0_abs0,high,filtered,552,ter,0.06896632510463145,106,0.07067687704423245
proteomics,schmidt_2016,rel0_abs0,high,filtered,550,oriC,0.1565477999172088,236,-0.04648969407985505
proteomics,schmidt_2016,rel0_abs0,high,filtered,550,ter,0.21602567278528498,105,0.04267454149019177
proteomics,schmidt_2016,rel0_abs0,high,filtered,550,oriC,0.9244980229239607,236,-0.02699878945699828
proteomics,schmidt_2016,rel0_abs0,high,filtered,550,ter,1.2660279002155487e-4,105,0.24502848536096666
proteomics,schmidt_2016,rel0_abs0,high,filtered,552,oriC,9.217862350987539e-5,236,0.07890468619777918
proteomics,schmidt_2016,rel0_abs0,high,filtered,552,ter,6.413499638862152e-4,106,0.12597642014510652
proteomics,schmidt_2016,rel0_abs0,high,filtered,551,oriC,1.203178577700231e-5,236,0.11521320881054462
proteomics,schmidt_2016,rel0_abs0,high,filtered,551,ter,0.10167923302647049,105,0.20963900243206823
proteomics,schmidt_2016,rel0_abs0,high,filtered,546,oriC,0.3321400395812494,232,-9.553981974977449e-4
proteomics,schmidt_2016,rel0_abs0,high,filtered,546,ter,2.2787631102244804e-4,105,0.17941789614223264
proteomics,schmidt_2016,rel0_abs0,high,filtered,552,oriC,2.8944158462185205e-4,236,0.07593461110902035
proteomics,schmidt_2016,rel0_abs0,high,filtered,552,ter,0.6074211918722743,106,0.0571440402051179
proteomics,schmidt_2016,rel0_abs0,high,filtered,550,oriC,1.3423269856151416e-6,235,0.18323870748845825
proteomics,schmidt_2016,rel0_abs0,high,filtered,550,ter,3.3473431429155274e-4,105,0.3407805821050129
proteomics,schmidt_2016,rel0_abs0,high,filtered,548,oriC,1.7856552246051818e-7,233,0.21434837543361038
proteomics,schmidt_2016,rel0_abs0,high,filtered,548,ter,0.009144272555858465,106,-0.222191478528578
proteomics,schmidt_2016,rel0_abs0,high,filtered,547,oriC,1.991558127569462e-6,232,0.25545844774191107
proteomics,schmidt_2016,rel0_abs0,high,filtered,547,ter,0.00788294026876234,106,-0.18142588584014568
proteomics,schmidt_2016,rel0_abs0,high,filtered,550,oriC,0.0036657728373428833,234,0.05249500433838124
proteomics,schmidt_2016,rel0_abs0,high,filtered,550,ter,0.033638916368569784,106,-0.04134103201097557
proteomics,schmidt_2016,rel0_abs0,high,filtered,550,oriC,3.2293290940269175e-5,235,-0.07396163206163969
proteomics,schmidt_2016,rel0_abs0,high,filtered,550,ter,0.0324627426104863,105,-0.08890115278186013
proteomics,schmidt_2016,rel0_abs0,high,filtered,552,oriC,0.010191896340225652,236,-0.08129034329448669
proteomics,schmidt_2016,rel0_abs0,high,filtered,552,ter,0.012661724290482542,106,-0.09489265730347234
proteomics,schmidt_2016,rel0_abs0,high,filtered,549,oriC,0.7681580488073447,236,-0.052462764438200124
proteomics,schmidt_2016,rel0_abs0,high,filtered,549,ter,0.0837242683543114,105,0.01576637783578385
proteomics,schmidt_2016,rel0_abs0,high,filtered,551,oriC,0.01954626086266184,236,0.0180720108448076
proteomics,schmidt_2016,rel0_abs0,high,filtered,551,ter,0.580230465640302,105,0.05260946959275198
proteomics,schmidt_2016,rel0_abs0,high,filtered,551,oriC,0.0023211945854180313,235,0.10003686642696133
proteomics,schmidt_2016,rel0_abs0,high,filtered,551,ter,0.8722931665049305,106,0.03948480707409924
proteomics,schmidt_2016,rel0_abs0,high,filtered,547,oriC,0.852303061926298,234,-0.03551333806476814
proteomics,schmidt_2016,rel0_abs0,high,filtered,547,ter,0.01946817814290023,104,0.17026728967106594
proteomics,schmidt_2016,rel0_abs0,high,filtered,551,oriC,0.0626630121492783,236,-0.02435319388391611
proteomics,schmidt_2016,rel0_abs0,high,filtered,551,ter,0.13884042932585125,105,-0.1373673624285713
proteomics,schmidt_2016,rel0_abs0,high,filtered,551,oriC,2.4227657385424872e-4,236,0.12324018510007079
proteomics,schmidt_2016,rel0_abs0,high,filtered,551,ter,0.04676572768026491,105,0.16363092563545428
proteomics,schmidt_2016,rel0_abs0,high,filtered,547,oriC,1.2196976820086882e-6,233,0.12377336335194905
proteomics,schmidt_2016,rel0_abs0,high,filtered,547,ter,0.0026043456922297723,104,-0.2933888185532365
proteomics,schmidt_2016,rel0_abs0,high,filtered,544,oriC,6.977963565895769e-6,232,0.2019118911908927
proteomics,schmidt_2016,rel0_abs0,high,filtered,544,ter,0.005088680508898781,103,-0.3811633611073116
proteomics,schmidt_2016,rel0_abs0,high,filtered,550,oriC,1.3633467106854716e-5,234,-0.13186600827901412
proteomics,schmidt_2016,rel0_abs0,high,filtered,550,ter,0.08023939542975049,106,-0.08818785370254226
proteomics,schmidt_2016,rel0_abs0,high,filtered,545,oriC,0.021687746050530803,232,-0.14560747866059448
proteomics,schmidt_2016,rel0_abs0,high,filtered,545,ter,0.03771613551615733,105,0.11831333443259935
proteomics,schmidt_2016,rel0_abs0,high,filtered,550,oriC,0.4155425323229148,234,-0.014041721193075948
proteomics,schmidt_2016,rel0_abs0,high,filtered,550,ter,0.16073887490140387,106,0.05246632461181527
proteomics,schmidt_2016,rel0_abs0,high,filtered,550,oriC,0.030557873477288545,234,0.05862660500245234
proteomics,schmidt_2016,rel0_abs0,high,filtered,550,ter,0.3508409711803646,106,0.10771327700037903
proteomics,schmidt_2016,rel0_abs0,high,filtered,546,oriC,0.05742649559653386,232,-0.10405950807162642
proteomics,schmidt_2016,rel0_abs0,high,filtered,546,ter,0.012422649529332178,105,0.14775807804257338
proteomics,schmidt_2016,rel0_abs0,high,filtered,550,oriC,0.8086783707452518,234,-0.03755128822596502
proteomics,schmidt_2016,rel0_abs0,high,filtered,550,ter,0.18039068620950746,106,-0.09341125924267635
proteomics,schmidt_2016,rel0_abs0,high,filtered,551,oriC,0.008449533009061988,235,0.055965928066317505
proteomics,schmidt_2016,rel0_abs0,high,filtered,551,ter,2.0487684382746924e-4,106,0.2516882816533713
proteomics,schmidt_2016,rel0_abs0,high,filtered,549,oriC,7.703151063832165e-5,235,0.07423432624903775
proteomics,schmidt_2016,rel0_abs0,high,filtered,549,ter,1.1928497146226663e-4,104,-0.264501303349834
proteomics,schmidt_2016,rel0_abs0,high,filtered,545,oriC,2.1643654276737965e-4,233,0.0909125262821668
proteomics,schmidt_2016,rel0_abs0,high,filtered,545,ter,0.004085210604761725,104,-0.32490264991010753
proteomics,schmidt_2016,rel0_abs0,high,filtered,549,oriC,0.6091596192670431,234,-0.0045965001301461654
proteomics,schmidt_2016,rel0_abs0,high,filtered,549,ter,0.7083844086934536,105,-0.011004050179887995
proteomics,schmidt_2016,rel0_abs0,high,filtered,547,oriC,0.39290222137537545,233,0.02205024939814753
proteomics,schmidt_2016,rel0_abs0,high,filtered,547,ter,5.777218057106898e-4,106,0.2464781323650081
proteomics,schmidt_2016,rel0_abs0,high,filtered,552,oriC,1.5501176626396292e-6,236,0.12125194925596962
proteomics,schmidt_2016,rel0_abs0,high,filtered,552,ter,0.04048869596621915,106,0.06850333649645911
proteomics,schmidt_2016,rel0_abs0,high,filtered,551,oriC,1.952521575058286e-8,236,0.18439950197967783
proteomics,schmidt_2016,rel0_abs0,high,filtered,551,ter,0.24586889817769972,105,0.15334921866618317
proteomics,schmidt_2016,rel0_abs0,high,filtered,545,oriC,0.01599489113135599,231,0.0709671281344859
proteomics,schmidt_2016,rel0_abs0,high,filtered,545,ter,4.871586897691033e-4,105,0.19074637868236377
proteomics,schmidt_2016,rel0_abs0,high,filtered,552,oriC,1.716403800266313e-5,236,0.08221601060513586
proteomics,schmidt_2016,rel0_abs0,high,filtered,552,ter,0.5964465402677419,106,-0.023502130232298704
proteomics,schmidt_2016,rel0_abs0,high,filtered,551,oriC,5.133624519752997e-8,236,0.19042182821315978
proteomics,schmidt_2016,rel0_abs0,high,filtered,551,ter,1.5456022996967546e-5,105,0.30473147110848636
proteomics,schmidt_2016,rel0_abs0,high,filtered,546,oriC,8.466219199842618e-7,232,0.2587978113824341
proteomics,schmidt_2016,rel0_abs0,high,filtered,546,ter,0.0052112244187886335,104,-0.22778076257243568
proteomics,schmidt_2016,rel0_abs0,high,filtered,548,oriC,3.174292837738355e-6,233,0.25739773931291315
proteomics,schmidt_2016,rel0_abs0,high,filtered,548,ter,0.019781090746264753,105,-0.2725645256960539
proteomics,schmidt_2016,rel0_abs0,high,filtered,549,oriC,0.2958749357074305,236,0.02975975054847451
proteomics,schmidt_2016,rel0_abs0,high,filtered,549,ter,0.004483655444763744,105,0.2218015484322881
proteomics,schmidt_2016,rel0_abs0,high,filtered,550,oriC,0.019151683092800634,236,0.056975209127102355
proteomics,schmidt_2016,rel0_abs0,high,filtered,550,ter,0.008594465095400815,105,0.12111298899696356
proteomics,schmidt_2016,rel0_abs0,high,filtered,551,oriC,1.0176039795739492e-4,235,0.19092353265329592
proteomics,schmidt_2016,rel0_abs0,high,filtered,551,ter,0.13435486644920455,106,0.16065361420347246
proteomics,schmidt_2016,rel0_abs0,high,filtered,547,oriC,0.4512122957486803,233,0.031446147743665415
proteomics,schmidt_2016,rel0_abs0,high,filtered,547,ter,0.004085210604761725,104,0.21753089068662596
proteomics,schmidt_2016,rel0_abs0,high,filtered,551,oriC,0.009725436419232006,236,0.05202309256777378
proteomics,schmidt_2016,rel0_abs0,high,filtered,551,ter,0.7492101721991595,105,-0.005915176469880932
proteomics,schmidt_2016,rel0_abs0,high,filtered,550,oriC,4.98236827115451e-4,236,0.12827534227088463
proteomics,schmidt_2016,rel0_abs0,high,filtered,550,ter,1.5568210293750884e-4,105,0.28069041791699495
proteomics,schmidt_2016,rel0_abs0,high,filtered,548,oriC,1.2377432197180142e-6,233,0.17297517370046228
proteomics,schmidt_2016,rel0_abs0,high,filtered,548,ter,0.003551297753618472,105,-0.2500968293211905
proteomics,schmidt_2016,rel0_abs0,high,filtered,547,oriC,5.295001379894953e-7,234,0.2044233845960229
proteomics,schmidt_2016,rel0_abs0,high,filtered,547,ter,0.012932892411246816,104,-0.31556449414719145
proteomics,schmidt_2016,rel0_abs0,high,filtered,548,oriC,1.0804447777703167e-6,234,0.2270265000396705
proteomics,schmidt_2016,rel0_abs0,high,filtered,548,ter,0.12180152956652883,105,-8.345000406089062e-4
proteomics,schmidt_2016,rel0_abs0,high,filtered,551,oriC,0.6993331007441975,236,0.004763572032143393
proteomics,schmidt_2016,rel0_abs0,high,filtered,551,ter,0.656741533937766,106,-0.003765796548692188
proteomics,schmidt_2016,rel0_abs0,high,filtered,549,oriC,0.031823101298473766,235,0.1097876620066551
proteomics,schmidt_2016,rel0_abs0,high,filtered,549,ter,0.0030801438008287363,106,-0.24252176257418845
proteomics,schmidt_2016,rel0_abs0,high,filtered,551,oriC,4.266051888797549e-6,236,0.17912468991886077
proteomics,schmidt_2016,rel0_abs0,high,filtered,551,ter,0.5868147196416182,105,0.07299964052263973
proteomics,schmidt_2016,rel0_abs0,high,filtered,543,oriC,9.782473882970544e-7,232,0.20680169842876012
proteomics,schmidt_2016,rel0_abs0,high,filtered,543,ter,0.002383551734594604,102,-0.40865226955687084
proteomics,schmidt_2016,rel0_abs0,high,filtered,536,oriC,4.219234479333008e-8,231,0.26823981962782456
proteomics,schmidt_2016,rel0_abs0,high,filtered,536,ter,0.002383551734594604,102,-0.4319935344088406
proteomics,schmidt_2016,rel0_abs0,high,filtered,550,oriC,0.034512226701964924,235,0.06509192266868764
proteomics,schmidt_2016,rel0_abs0,high,filtered,550,ter,0.8030891515417167,105,0.0694262923649907
proteomics,schmidt_2016,rel0_abs0,high,filtered,551,oriC,0.01461211524755316,235,-0.07568107896089805
proteomics,schmidt_2016,rel0_abs0,high,filtered,551,ter,0.094198741223886,106,0.03826836544974671
proteomics,schmidt_2016,rel0_abs0,high,filtered,552,oriC,0.2958749357074305,236,0.004179777968798479
proteomics,schmidt_2016,rel0_abs0,high,filtered,552,ter,0.012110635003572857,106,-0.06055611264908288
proteomics,schmidt_2016,rel0_abs0,high,filtered,551,oriC,0.003678234422884092,236,0.0894170122108785
proteomics,schmidt_2016,rel0_abs0,high,filtered,551,ter,0.007385856165986791,105,0.18265990220666503
proteomics,schmidt_2016,rel0_abs0,high,filtered,547,oriC,1.2538298098937627e-5,234,0.1241404355678165
proteomics,schmidt_2016,rel0_abs0,high,filtered,547,ter,0.003322038582103287,103,-0.34063464436714636
proteomics,schmidt_2016,rel0_abs0,high,filtered,543,oriC,3.6210990016481513e-6,233,0.18407152726356896
proteomics,schmidt_2016,rel0_abs0,high,filtered,543,ter,0.001882109490787363,104,-0.32951182437961246
proteomics,schmidt_2016,rel0_abs0,high,filtered,548,oriC,1.3125275003026825e-6,233,-0.1611457711765926
proteomics,schmidt_2016,rel0_abs0,high,filtered,548,ter,0.33592917153681773,105,0.04467601704463358
proteomics,schmidt_2016,rel0_abs0,high,filtered,551,oriC,0.026829897656833652,236,-0.07050455207003425
proteomics,schmidt_2016,rel0_abs0,high,filtered,551,ter,0.012648640870714593,105,-0.1602609362108594
proteomics,schmidt_2016,rel0_abs0,high,filtered,551,oriC,0.8165978112157993,236,0.02052300864744967
proteomics,schmidt_2016,rel0_abs0,high,filtered,551,ter,0.01607545816844754,105,0.07631504400471198
proteomics,schmidt_2016,rel0_abs0,high,filtered,543,oriC,5.374430385383316e-4,229,0.02651040648093108
proteomics,schmidt_2016,rel0_abs0,high,filtered,543,ter,1.359971949322e-5,104,-0.22327544051960194
proteomics,schmidt_2016,rel0_abs0,high,filtered,540,oriC,9.046290194045048e-6,229,0.10648385394898284
proteomics,schmidt_2016,rel0_abs0,high,filtered,540,ter,2.9773173379322147e-4,103,-0.32750668123614746
proteomics,schmidt_2016,rel0_abs0,high,filtered,550,oriC,0.008004757350630897,234,0.07578502611914176
proteomics,schmidt_2016,rel0_abs0,high,filtered,550,ter,0.005331837321069672,106,-0.17406841810222579
proteomics,schmidt_2016,rel0_abs0,high,filtered,549,oriC,6.107003294277233e-8,234,0.19529048217469377
proteomics,schmidt_2016,rel0_abs0,high,filtered,549,ter,0.5693343141467877,105,0.09924304811437253
proteomics,schmidt_2016,rel0_abs0,high,filtered,537,oriC,2.9840052701476157e-8,230,0.24708410443522238
proteomics,schmidt_2016,rel0_abs0,high,filtered,537,ter,0.0012303799939781977,98,-0.3958003721111103
proteomics,schmidt_2016,rel0_abs0,high,filtered,536,oriC,5.347027725667266e-10,230,0.37700186516165585
proteomics,schmidt_2016,rel0_abs0,high,filtered,536,ter,0.0026092537985934615,99,-0.34398549100636444
proteomics,schmidt_2016,rel0_abs0,high,filtered,552,oriC,0.1441276843308316,236,0.08260817500559699
proteomics,schmidt_2016,rel0_abs0,high,filtered,552,ter,3.4020716412857094e-5,106,0.2682320110255947
proteomics,schmidt_2016,rel0_abs0,high,filtered,545,oriC,6.984529654844351e-6,233,0.11223365257306536
proteomics,schmidt_2016,rel0_abs0,high,filtered,545,ter,0.008829995096764909,104,-0.1825088031355238
proteomics,schmidt_2016,rel0_abs0,high,filtered,547,oriC,2.1929548879041346e-7,234,0.18097880542510508
proteomics,schmidt_2016,rel0_abs0,high,filtered,547,ter,0.001594707699182798,104,-0.25698313746480794
proteomics,schmidt_2016,rel0_abs0,high,filtered,542,oriC,0.030548765605068053,232,0.0010368321988421243
proteomics,schmidt_2016,rel0_abs0,high,filtered,542,ter,1.003515244962418e-5,102,-0.5653503544001052
proteomics,schmidt_2016,rel0_abs0,high,filtered,541,oriC,1.682360713385188e-4,232,0.1075354222708231
proteomics,schmidt_2016,rel0_abs0,high,filtered,541,ter,7.497786299202338e-4,101,-0.4580123485762586
proteomics,schmidt_2016,rel0_abs0,high,filtered,551,oriC,8.517337635928549e-5,236,0.13535581223977805
proteomics,schmidt_2016,rel0_abs0,high,filtered,551,ter,0.10101276111585188,105,-0.0631558675381228
proteomics,peebo_2015,rel0_abs0,high,filtered,342,oriC,0.29915003798657486,153,-0.004619801150526844
proteomics,peebo_2015,rel0_abs0,high,filtered,342,ter,0.021042575338013673,58,-0.017481291760169854
proteomics,peebo_2015,rel0_abs0,high,filtered,342,oriC,0.6954755590725459,154,0.01167689677433574
proteomics,peebo_2015,rel0_abs0,high,filtered,342,ter,0.9444474598243444,58,0.008941757649900135
proteomics,peebo_2015,rel0_abs0,high,filtered,317,oriC,1.3024524188363952e-16,143,0.12016417677353708
proteomics,peebo_2015,rel0_abs0,high,filtered,317,ter,0.10006230724665076,54,0.06063943626037157
proteomics,peebo_2015,rel0_abs0,high,filtered,329,oriC,7.203991908664915e-17,150,0.1056741592613428
proteomics,peebo_2015,rel0_abs0,high,filtered,329,ter,0.2333470440141289,57,0.06787862427728991
proteomics,peebo_2015,rel0_abs0,high,filtered,340,oriC,9.664508227978012e-11,152,0.07333134712259132
proteomics,peebo_2015,rel0_abs0,high,filtered,340,ter,0.6589858112930647,58,-0.004929972811979291
proteomics,peebo_2015,rel0_abs0,high,filtered,343,oriC,2.2455703886044562e-8,154,0.09368434618734839
proteomics,peebo_2015,rel0_abs0,high,filtered,343,ter,0.47150137562271566,58,-0.04072403524230231
proteomics,peebo_2015,rel0_abs0,high,filtered,339,oriC,2.6774068624667236e-13,153,0.22560862739546125
proteomics,peebo_2015,rel0_abs0,high,filtered,339,ter,0.05013456855592365,58,-0.08452772469626277
proteomics,peebo_2015,rel0_abs0,high,filtered,343,oriC,6.579900722224887e-11,154,0.20108248574784687
proteomics,peebo_2015,rel0_abs0,high,filtered,343,ter,0.7509125915212918,58,-0.05908918877664824
proteomics,peebo_2015,rel0_abs0,high,filtered,342,oriC,1.6368892147954989e-9,154,0.19402541620716895
proteomics,peebo_2015,rel0_abs0,high,filtered,342,ter,0.4526479886207934,58,-0.03002031734968374
proteomics,peebo_2015,rel0_abs0,high,filtered,343,oriC,6.656276181857999e-9,154,0.19765523191706613
proteomics,peebo_2015,rel0_abs0,high,filtered,343,ter,0.023773775013240038,58,-0.16066552931659853
proteomics,peebo_2015,rel0_abs0,high,filtered,332,oriC,1.631428909538161e-11,150,0.29387225389195976
proteomics,peebo_2015,rel0_abs0,high,filtered,332,ter,0.0866365661074558,55,-0.08348773841741539
proteomics,peebo_2015,rel0_abs0,high,filtered,342,oriC,3.189093775206098e-11,153,0.21762931758740325
proteomics,peebo_2015,rel0_abs0,high,filtered,342,ter,0.6872409678523115,58,-0.04671939790425292
proteomics,peebo_2015,rel0_abs0,high,filtered,338,oriC,1.1324045060451604e-10,153,0.2368512735043679
proteomics,peebo_2015,rel0_abs0,high,filtered,338,ter,0.8487723959230673,57,0.004140917194826323
proteomics,peebo_2015,rel0_abs0,high,filtered,336,oriC,5.1712621753626364e-11,152,0.2581708665419833
proteomics,peebo_2015,rel0_abs0,high,filtered,336,ter,0.8035223949952265,56,0.03689446558997965
proteomics,peebo_2015,rel0_abs0,high,filtered,339,oriC,9.652790904973095e-10,154,0.24323179761798086
proteomics,peebo_2015,rel0_abs0,high,filtered,339,ter,0.007242563684757719,57,-0.21466762581975496
proteomics,peebo_2015,rel0_abs0,high,filtered,332,oriC,3.4318247572648534e-10,150,0.32436943026987197
proteomics,peebo_2015,rel0_abs0,high,filtered,332,ter,0.014400125074786925,57,-0.1875434545575199
proteomics,peebo_2015,rel0_abs0,high,filtered,342,oriC,1.6765739645484057e-8,154,0.30903386811614086
proteomics,peebo_2015,rel0_abs0,high,filtered,342,ter,0.0072184471341447546,58,-0.27121649970480133
proteomics,peebo_2015,rel0_abs0,high,filtered,324,oriC,4.418295920939958e-11,147,0.3424493337674237
proteomics,peebo_2015,rel0_abs0,high,filtered,324,ter,0.01675339496192185,55,-0.22927375444810794
proteomics,peebo_2015,rel0_abs0,high,filtered,341,oriC,2.3161728225320477e-8,153,0.262885384232915
proteomics,peebo_2015,rel0_abs0,high,filtered,341,ter,0.011101417420237793,58,-0.29664108108975124
proteomics,peebo_2015,rel0_abs0,high,filtered,316,oriC,2.1641551835897607e-10,146,0.46104122988317886
proteomics,peebo_2015,rel0_abs0,high,filtered,316,ter,0.10333235011564074,53,-0.2545771348564752
proteomics,peebo_2015,rel0_abs0,high,filtered,341,oriC,1.3599721031889207e-9,153,0.3130654722295877
proteomics,peebo_2015,rel0_abs0,high,filtered,341,ter,0.058874021694887,58,-0.27921713730150155
proteomics,peebo_2015,rel0_abs0,high,filtered,308,oriC,8.997697702043255e-11,141,0.40436714476282554
proteomics,peebo_2015,rel0_abs0,high,filtered,308,ter,0.40679222805087845,51,-0.18742352233627682
proteomics,peebo_2015,rel0_abs0,high,filtered,330,oriC,2.0458442382957926e-16,151,0.10829601167453225
proteomics,peebo_2015,rel0_abs0,high,filtered,330,ter,0.20648566626584264,57,0.050260733111050664
proteomics,peebo_2015,rel0_abs0,high,filtered,340,oriC,7.387291834548456e-11,152,0.062194585101550466
proteomics,peebo_2015,rel0_abs0,high,filtered,340,ter,0.7567937270526052,58,0.006437929135792636
proteomics,peebo_2015,rel0_abs0,high,filtered,343,oriC,5.648512356174276e-8,154,0.09352249835749601
proteomics,peebo_2015,rel0_abs0,high,filtered,343,ter,0.5356608904171394,58,-0.03055799433409414
proteomics,peebo_2015,rel0_abs0,high,filtered,338,oriC,5.45691695343823e-13,152,0.22116431204023201
proteomics,peebo_2015,rel0_abs0,high,filtered,338,ter,0.09912302806471655,58,-0.10091262886395422
proteomics,peebo_2015,rel0_abs0,high,filtered,343,oriC,5.044452884680272e-11,154,0.17072292762265182
proteomics,peebo_2015,rel0_abs0,high,filtered,343,ter,0.8404631833482098,58,-0.046480512210378695
proteomics,peebo_2015,rel0_abs0,high,filtered,342,oriC,1.7115874478825586e-9,154,0.18917770847420162
proteomics,peebo_2015,rel0_abs0,high,filtered,342,ter,0.44338334189563605,58,-0.06297401953769928
proteomics,peebo_2015,rel0_abs0,high,filtered,343,oriC,5.364513122007171e-9,154,0.18195259815110457
proteomics,peebo_2015,rel0_abs0,high,filtered,343,ter,0.021920939167843243,58,-0.1782856451157227
proteomics,peebo_2015,rel0_abs0,high,filtered,332,oriC,4.094680907381055e-11,150,0.2674900310691398
proteomics,peebo_2015,rel0_abs0,high,filtered,332,ter,0.06467906932175727,55,-0.07540613129170141
proteomics,peebo_2015,rel0_abs0,high,filtered,342,oriC,4.785705634885147e-11,153,0.213055367621738
proteomics,peebo_2015,rel0_abs0,high,filtered,342,ter,0.6815532942773759,58,-0.05659248177572611
proteomics,peebo_2015,rel0_abs0,high,filtered,338,oriC,1.3077348323257786e-10,153,0.24433194537909964
proteomics,peebo_2015,rel0_abs0,high,filtered,338,ter,0.8925576856176717,57,-0.004351321703281555
proteomics,peebo_2015,rel0_abs0,high,filtered,336,oriC,6.615244064028285e-11,152,0.2517698840040903
proteomics,peebo_2015,rel0_abs0,high,filtered,336,ter,0.7783887301017243,56,0.015313912687019402
proteomics,peebo_2015,rel0_abs0,high,filtered,339,oriC,3.509363002361293e-9,154,0.24386314759107705
proteomics,peebo_2015,rel0_abs0,high,filtered,339,ter,0.013178642967389914,57,-0.2428429107952155
proteomics,peebo_2015,rel0_abs0,high,filtered,332,oriC,4.2109387345975293e-10,150,0.3119870657697185
proteomics,peebo_2015,rel0_abs0,high,filtered,332,ter,0.015047506311950686,57,-0.23472565196676998
proteomics,peebo_2015,rel0_abs0,high,filtered,342,oriC,2.1317895066980648e-8,154,0.29217015933366475
proteomics,peebo_2015,rel0_abs0,high,filtered,342,ter,0.009931595584126984,58,-0.3070862578507188
proteomics,peebo_2015,rel0_abs0,high,filtered,325,oriC,4.126885953494444e-11,148,0.38395669923716225
proteomics,peebo_2015,rel0_abs0,high,filtered,325,ter,0.014592121288594741,55,-0.21382797651840219
proteomics,peebo_2015,rel0_abs0,high,filtered,342,oriC,1.7992583319424215e-8,153,0.21755829930247098
proteomics,peebo_2015,rel0_abs0,high,filtered,342,ter,0.01134955930882849,58,-0.2719376380840852
proteomics,peebo_2015,rel0_abs0,high,filtered,316,oriC,1.8577879190915657e-10,146,0.4067823067303055
proteomics,peebo_2015,rel0_abs0,high,filtered,316,ter,0.13462311098437194,53,-0.22163191266930665
proteomics,peebo_2015,rel0_abs0,high,filtered,341,oriC,1.5227970434161153e-9,153,0.3229253235711869
proteomics,peebo_2015,rel0_abs0,high,filtered,341,ter,0.08015789779618195,58,-0.2769757071315868
proteomics,peebo_2015,rel0_abs0,high,filtered,308,oriC,1.5479180416651192e-10,141,0.36929199070200935
proteomics,peebo_2015,rel0_abs0,high,filtered,308,ter,0.45615649496401206,51,-0.23580005806614443
proteomics,peebo_2015,rel0_abs0,high,filtered,330,oriC,8.642781519811914e-16,151,0.10128807734163352
proteomics,peebo_2015,rel0_abs0,high,filtered,330,ter,0.0023422089288785623,57,0.07522419889939214
proteomics,peebo_2015,rel0_abs0,high,filtered,341,oriC,8.859356039138267e-5,153,0.07532792181837963
proteomics,peebo_2015,rel0_abs0,high,filtered,341,ter,0.5772206570931635,58,0.024389699914678306
proteomics,peebo_2015,rel0_abs0,high,filtered,344,oriC,2.5154993223821944e-5,155,0.07953411190950614
proteomics,peebo_2015,rel0_abs0,high,filtered,344,ter,0.6929463979634627,58,-0.03980782638900807
proteomics,peebo_2015,rel0_abs0,high,filtered,339,oriC,2.5837886570993774e-11,153,0.17621691109092152
proteomics,peebo_2015,rel0_abs0,high,filtered,339,ter,0.598554978301409,58,-0.04011161129041554
proteomics,peebo_2015,rel0_abs0,high,filtered,344,oriC,3.3346525299268835e-8,155,0.1539352171167957
proteomics,peebo_2015,rel0_abs0,high,filtered,344,ter,0.6312092073672557,58,-0.004328162097152209
proteomics,peebo_2015,rel0_abs0,high,filtered,343,oriC,2.4663739224562617e-7,155,0.20073323214005478
proteomics,peebo_2015,rel0_abs0,high,filtered,343,ter,0.8283753226279378,58,-0.01616239719445768
proteomics,peebo_2015,rel0_abs0,high,filtered,344,oriC,2.379798163436762e-8,155,0.15507052911099692
proteomics,peebo_2015,rel0_abs0,high,filtered,344,ter,0.16578346015058418,58,-0.14308909590718222
proteomics,peebo_2015,rel0_abs0,high,filtered,333,oriC,2.730218605531064e-10,151,0.22307654926812948
proteomics,peebo_2015,rel0_abs0,high,filtered,333,ter,0.6661083179524678,55,-0.0432362580008419
proteomics,peebo_2015,rel0_abs0,high,filtered,343,oriC,1.3876252610647233e-8,154,0.2368464273931894
proteomics,peebo_2015,rel0_abs0,high,filtered,343,ter,0.8586648576939273,58,-0.042968434594240344
proteomics,peebo_2015,rel0_abs0,high,filtered,339,oriC,2.0026272565200503e-8,154,0.28115056424874413
proteomics,peebo_2015,rel0_abs0,high,filtered,339,ter,0.7870548002777176,57,-0.10227178447506922
proteomics,peebo_2015,rel0_abs0,high,filtered,335,oriC,2.041894002266939e-8,153,0.2692011119060037
proteomics,peebo_2015,rel0_abs0,high,filtered,335,ter,0.5819057151868601,56,-0.018706235536972274
proteomics,peebo_2015,rel0_abs0,high,filtered,340,oriC,3.3363420623672914e-9,155,0.24593939309519122
proteomics,peebo_2015,rel0_abs0,high,filtered,340,ter,0.17426367893566883,57,-0.22638909241838387
proteomics,peebo_2015,rel0_abs0,high,filtered,333,oriC,6.905084403775953e-9,151,0.26008884901061513
proteomics,peebo_2015,rel0_abs0,high,filtered,333,ter,0.2942851537794848,57,-0.24937496854926802
proteomics,peebo_2015,rel0_abs0,high,filtered,343,oriC,2.103291983627261e-8,155,0.22567788928370153
proteomics,peebo_2015,rel0_abs0,high,filtered,343,ter,0.1433842765654334,58,-0.30569462651446033
proteomics,peebo_2015,rel0_abs0,high,filtered,326,oriC,4.838590562076449e-10,148,0.31023890333087567
proteomics,peebo_2015,rel0_abs0,high,filtered,326,ter,0.33318306846046686,55,-0.2610964982929324
proteomics,peebo_2015,rel0_abs0,high,filtered,342,oriC,2.1271343374178541e-7,154,0.24982444873229193
proteomics,peebo_2015,rel0_abs0,high,filtered,342,ter,0.21257427542095247,58,-0.2818070961496979
proteomics,peebo_2015,rel0_abs0,high,filtered,317,oriC,2.48556918526957e-9,146,0.33296562633387006
proteomics,peebo_2015,rel0_abs0,high,filtered,317,ter,0.5471821290195689,53,-0.240971320838773
proteomics,peebo_2015,rel0_abs0,high,filtered,340,oriC,5.126419135286365e-9,152,0.3262851036504437
proteomics,peebo_2015,rel0_abs0,high,filtered,340,ter,0.32929452931966374,58,-0.31921271415478675
proteomics,peebo_2015,rel0_abs0,high,filtered,309,oriC,4.272951512018032e-10,142,0.4230504225354965
proteomics,peebo_2015,rel0_abs0,high,filtered,309,ter,0.5770347251282728,51,-0.1537224094150039
proteomics,peebo_2015,rel0_abs0,high,filtered,311,oriC,0.886645116900176,142,-0.020221508269692295
proteomics,peebo_2015,rel0_abs0,high,filtered,311,ter,0.1764379520534722,54,-0.036120115105903475
proteomics,peebo_2015,rel0_abs0,high,filtered,316,oriC,0.16799716631809092,142,-0.040865666729405864
proteomics,peebo_2015,rel0_abs0,high,filtered,316,ter,0.28567073497085554,54,-0.07539131612036654
proteomics,peebo_2015,rel0_abs0,high,filtered,319,oriC,0.18116352468445612,144,-0.03704627339993921
proteomics,peebo_2015,rel0_abs0,high,filtered,319,ter,0.32208855577974893,54,-0.11333545304586683
proteomics,peebo_2015,rel0_abs0,high,filtered,318,oriC,9.846265368901903e-5,143,0.06118578417268657
proteomics,peebo_2015,rel0_abs0,high,filtered,318,ter,0.034901152056391084,54,-0.1508966157254366
proteomics,peebo_2015,rel0_abs0,high,filtered,319,oriC,0.0024915757151873726,144,0.04034519581404085
proteomics,peebo_2015,rel0_abs0,high,filtered,319,ter,0.31374475026045606,54,-0.08898613497762084
proteomics,peebo_2015,rel0_abs0,high,filtered,319,oriC,0.0014331226034504717,144,0.062277967715581764
proteomics,peebo_2015,rel0_abs0,high,filtered,319,ter,0.47482651890697447,54,-0.07453082759671753
proteomics,peebo_2015,rel0_abs0,high,filtered,319,oriC,8.700480316140152e-4,144,0.0503283914679942
proteomics,peebo_2015,rel0_abs0,high,filtered,319,ter,0.006180480582114421,54,-0.17487324751885247
proteomics,peebo_2015,rel0_abs0,high,filtered,312,oriC,4.696433252424476e-6,142,0.16794660532459643
proteomics,peebo_2015,rel0_abs0,high,filtered,312,ter,0.0601926106029891,51,-0.1387557536888948
proteomics,peebo_2015,rel0_abs0,high,filtered,318,oriC,9.366569656675135e-5,143,0.13244400291510583
proteomics,peebo_2015,rel0_abs0,high,filtered,318,ter,0.8362869326367368,54,-0.09307609399111069
proteomics,peebo_2015,rel0_abs0,high,filtered,314,oriC,4.5084820614864165e-5,143,0.19492749117473526
proteomics,peebo_2015,rel0_abs0,high,filtered,314,ter,0.8943583011021247,53,-0.09942816332541746
proteomics,peebo_2015,rel0_abs0,high,filtered,314,oriC,1.9511517696945527e-5,142,0.18592591200884068
proteomics,peebo_2015,rel0_abs0,high,filtered,314,ter,0.8873610255193849,53,0.004626243410136384
proteomics,peebo_2015,rel0_abs0,high,filtered,316,oriC,1.598359804725804e-5,144,0.1256277449381687
proteomics,peebo_2015,rel0_abs0,high,filtered,316,ter,0.008556811774702883,53,-0.24269738814895314
proteomics,peebo_2015,rel0_abs0,high,filtered,312,oriC,4.017140301541832e-6,142,0.1361675242364976
proteomics,peebo_2015,rel0_abs0,high,filtered,312,ter,0.055850910476752696,53,-0.3480042661427122
proteomics,peebo_2015,rel0_abs0,high,filtered,318,oriC,2.7284829098740707e-5,144,0.10932982864851473
proteomics,peebo_2015,rel0_abs0,high,filtered,318,ter,0.02690964229635221,54,-0.32707993836892346
proteomics,peebo_2015,rel0_abs0,high,filtered,307,oriC,1.4209714752016146e-6,139,0.1906017099261439
proteomics,peebo_2015,rel0_abs0,high,filtered,307,ter,0.08772045142970347,52,-0.19690796588673215
proteomics,peebo_2015,rel0_abs0,high,filtered,318,oriC,8.761234130307226e-5,143,0.13582423823629014
proteomics,peebo_2015,rel0_abs0,high,filtered,318,ter,0.05166563954866711,54,-0.23883238709800886
proteomics,peebo_2015,rel0_abs0,high,filtered,302,oriC,1.5621369798966905e-6,139,0.18950946501579397
proteomics,peebo_2015,rel0_abs0,high,filtered,302,ter,0.30470561197544793,51,-0.20048390544923947
proteomics,peebo_2015,rel0_abs0,high,filtered,316,oriC,1.9860921863548663e-6,143,0.18281117574358785
proteomics,peebo_2015,rel0_abs0,high,filtered,316,ter,0.23815939644801595,54,-0.3323088093393406
proteomics,peebo_2015,rel0_abs0,high,filtered,294,oriC,1.2549174621568323e-7,135,0.2502985534229535
proteomics,peebo_2015,rel0_abs0,high,filtered,294,ter,0.40901659139449337,49,-0.2566782269923811
proteomics,peebo_2015,rel0_abs0,high,filtered,327,oriC,0.03727759841723052,149,-0.02676341496939227
proteomics,peebo_2015,rel0_abs0,high,filtered,327,ter,0.15963451647004193,57,-0.04248199054379996
proteomics,peebo_2015,rel0_abs0,high,filtered,330,oriC,0.19763794286885308,151,0.011768517288861493
proteomics,peebo_2015,rel0_abs0,high,filtered,330,ter,0.15728938081913288,57,-0.0792217955360813
proteomics,peebo_2015,rel0_abs0,high,filtered,327,oriC,1.1663710272135565e-7,149,0.10349644750038559
proteomics,peebo_2015,rel0_abs0,high,filtered,327,ter,0.04115961845589008,57,-0.07557518364994019
proteomics,peebo_2015,rel0_abs0,high,filtered,330,oriC,5.748001951524662e-4,151,0.10385119428559485
proteomics,peebo_2015,rel0_abs0,high,filtered,330,ter,0.40863300273136816,57,-0.06785729400208572
proteomics,peebo_2015,rel0_abs0,high,filtered,329,oriC,1.1719183189687511e-4,151,0.1279310030774057
proteomics,peebo_2015,rel0_abs0,high,filtered,329,ter,0.23647798649955357,57,-0.060583787386028605
proteomics,peebo_2015,rel0_abs0,high,filtered,330,oriC,1.495470522273721e-5,151,0.08047503167743486
proteomics,peebo_2015,rel0_abs0,high,filtered,330,ter,0.020340836123237376,57,-0.18545592676262587
proteomics,peebo_2015,rel0_abs0,high,filtered,321,oriC,1.677801712510812e-8,148,0.11643439355844798
proteomics,peebo_2015,rel0_abs0,high,filtered,321,ter,0.15291912134489619,54,-0.09409864495139991
proteomics,peebo_2015,rel0_abs0,high,filtered,329,oriC,3.0342514094950477e-5,150,0.17998067101553097
proteomics,peebo_2015,rel0_abs0,high,filtered,329,ter,0.5302191990655184,57,-0.10009616552880095
proteomics,peebo_2015,rel0_abs0,high,filtered,326,oriC,8.95173088569252e-6,150,0.23738894636388475
proteomics,peebo_2015,rel0_abs0,high,filtered,326,ter,0.9772236531120231,56,-0.11531755415844253
proteomics,peebo_2015,rel0_abs0,high,filtered,326,oriC,1.4140675770694088e-5,149,0.2025422584546471
proteomics,peebo_2015,rel0_abs0,high,filtered,326,ter,0.9447227935086666,56,-0.07002454511029521
proteomics,peebo_2015,rel0_abs0,high,filtered,327,oriC,2.0467626401806814e-7,151,0.13554248838891583
proteomics,peebo_2015,rel0_abs0,high,filtered,327,ter,0.05171908177280821,56,-0.25657200705377026
proteomics,peebo_2015,rel0_abs0,high,filtered,320,oriC,1.3431455171813603e-7,148,0.15234705216238995
proteomics,peebo_2015,rel0_abs0,high,filtered,320,ter,0.1344388010244005,56,-0.26331043171019375
proteomics,peebo_2015,rel0_abs0,high,filtered,330,oriC,9.331344113255985e-7,151,0.1430264911898004
proteomics,peebo_2015,rel0_abs0,high,filtered,330,ter,0.05451266575184794,57,-0.3655843432888962
proteomics,peebo_2015,rel0_abs0,high,filtered,316,oriC,2.3528814521342852e-8,145,0.2226929530141043
proteomics,peebo_2015,rel0_abs0,high,filtered,316,ter,0.16567207514067495,54,-0.21234855861470242
proteomics,peebo_2015,rel0_abs0,high,filtered,328,oriC,1.4886528248664264e-5,150,0.14826936035657035
proteomics,peebo_2015,rel0_abs0,high,filtered,328,ter,0.09365225344439865,57,-0.3089274844736268
proteomics,peebo_2015,rel0_abs0,high,filtered,310,oriC,7.381416809261893e-8,144,0.22995186050831884
proteomics,peebo_2015,rel0_abs0,high,filtered,310,ter,0.2534512612518256,53,-0.214440663580652
proteomics,peebo_2015,rel0_abs0,high,filtered,328,oriC,1.8306158565505085e-6,150,0.20302431519035036
proteomics,peebo_2015,rel0_abs0,high,filtered,328,ter,0.20083420436183652,57,-0.32919632492082784
proteomics,peebo_2015,rel0_abs0,high,filtered,300,oriC,1.1538288418328712e-8,138,0.27524942291728205
proteomics,peebo_2015,rel0_abs0,high,filtered,300,ter,0.3509955678056245,51,-0.2717670502121915
proteomics,peebo_2015,rel0_abs0,high,filtered,342,oriC,1.5478396941339352e-4,153,0.029659177296467727
proteomics,peebo_2015,rel0_abs0,high,filtered,342,ter,0.7044093743081604,58,-0.002564267490435862
proteomics,peebo_2015,rel0_abs0,high,filtered,337,oriC,1.416216326087348e-12,151,0.14528258379310974
proteomics,peebo_2015,rel0_abs0,high,filtered,337,ter,0.09144350946825124,58,-0.07119127302526998
proteomics,peebo_2015,rel0_abs0,high,filtered,342,oriC,7.95826795242722e-10,153,0.10736991829002927
proteomics,peebo_2015,rel0_abs0,high,filtered,342,ter,0.7159398868186392,58,-0.02834751014816108
proteomics,peebo_2015,rel0_abs0,high,filtered,341,oriC,7.168816695087736e-9,153,0.15182297648852272
proteomics,peebo_2015,rel0_abs0,high,filtered,341,ter,0.9629483270659001,58,-0.006656676111621505
proteomics,peebo_2015,rel0_abs0,high,filtered,342,oriC,4.3194910500757966e-8,153,0.15933100593698943
proteomics,peebo_2015,rel0_abs0,high,filtered,342,ter,0.014421800147423133,58,-0.18261034693927508
proteomics,peebo_2015,rel0_abs0,high,filtered,331,oriC,3.4614885865496796e-10,149,0.2185435581946294
proteomics,peebo_2015,rel0_abs0,high,filtered,331,ter,0.07500373584340547,55,-0.11517140913637104
proteomics,peebo_2015,rel0_abs0,high,filtered,341,oriC,1.9475641715103961e-10,152,0.19256136841851035
proteomics,peebo_2015,rel0_abs0,high,filtered,341,ter,0.9567786602267981,58,-0.048271284643692694
proteomics,peebo_2015,rel0_abs0,high,filtered,337,oriC,3.8357032944919374e-10,152,0.20643723057338875
proteomics,peebo_2015,rel0_abs0,high,filtered,337,ter,0.9556473543092129,57,-0.042736906336140745
proteomics,peebo_2015,rel0_abs0,high,filtered,334,oriC,2.2792842996729627e-10,151,0.2201278193349279
proteomics,peebo_2015,rel0_abs0,high,filtered,334,ter,0.9902376259910655,56,-0.026228866259696955
proteomics,peebo_2015,rel0_abs0,high,filtered,338,oriC,2.4399252836768835e-9,153,0.19212948266056065
proteomics,peebo_2015,rel0_abs0,high,filtered,338,ter,0.00874362941123958,57,-0.17845436858107858
proteomics,peebo_2015,rel0_abs0,high,filtered,332,oriC,1.1099820135866378e-9,149,0.2830161351754434
proteomics,peebo_2015,rel0_abs0,high,filtered,332,ter,0.01408574314485198,57,-0.248014430884645
proteomics,peebo_2015,rel0_abs0,high,filtered,341,oriC,7.343913324234777e-8,153,0.23219797360053088
proteomics,peebo_2015,rel0_abs0,high,filtered,341,ter,0.005575402747546345,58,-0.27864089807453624
proteomics,peebo_2015,rel0_abs0,high,filtered,325,oriC,4.0303133040139527e-10,147,0.3024579099057275
proteomics,peebo_2015,rel0_abs0,high,filtered,325,ter,0.01876419455625536,55,-0.26361709386916954
proteomics,peebo_2015,rel0_abs0,high,filtered,341,oriC,7.025770743571742e-8,152,0.20870375478987557
proteomics,peebo_2015,rel0_abs0,high,filtered,341,ter,0.011860660715567538,58,-0.2670956059578503
proteomics,peebo_2015,rel0_abs0,high,filtered,316,oriC,7.750838607159822e-10,146,0.341834500218908
proteomics,peebo_2015,rel0_abs0,high,filtered,316,ter,0.1110485991515698,53,-0.20747654247127506
proteomics,peebo_2015,rel0_abs0,high,filtered,340,oriC,7.867298074863445e-9,152,0.2989278367636437
proteomics,peebo_2015,rel0_abs0,high,filtered,340,ter,0.03260709856806005,58,-0.36408946420758315
proteomics,peebo_2015,rel0_abs0,high,filtered,306,oriC,3.699072064128033e-10,140,0.3464423124457717
proteomics,peebo_2015,rel0_abs0,high,filtered,306,ter,0.35585792828293233,51,-0.23792348695833682
proteomics,peebo_2015,rel0_abs0,high,filtered,340,oriC,8.642236250436704e-15,153,0.0711524433259001
proteomics,peebo_2015,rel0_abs0,high,filtered,340,ter,0.5204740233147656,58,-0.07092478573104276
proteomics,peebo_2015,rel0_abs0,high,filtered,345,oriC,6.90463256914157e-16,155,0.10172197711655381
proteomics,peebo_2015,rel0_abs0,high,filtered,345,ter,0.3254705389037359,58,0.028701480423399074
proteomics,peebo_2015,rel0_abs0,high,filtered,344,oriC,8.722083764428953e-11,155,0.13249079635156458
proteomics,peebo_2015,rel0_abs0,high,filtered,344,ter,0.8223464108095183,58,-0.030180549428532884
proteomics,peebo_2015,rel0_abs0,high,filtered,345,oriC,2.2776343261010744e-9,155,0.1161060383358612
proteomics,peebo_2015,rel0_abs0,high,filtered,345,ter,0.01858891619893266,58,-0.11810122844893778
proteomics,peebo_2015,rel0_abs0,high,filtered,334,oriC,5.1855530593292665e-12,151,0.20218858806902917
proteomics,peebo_2015,rel0_abs0,high,filtered,334,ter,0.04568590628865261,55,-0.09840032593333722
proteomics,peebo_2015,rel0_abs0,high,filtered,344,oriC,9.606749243685318e-13,154,0.16448091139959414
proteomics,peebo_2015,rel0_abs0,high,filtered,344,ter,1,58,-0.0036456198931313025
proteomics,peebo_2015,rel0_abs0,high,filtered,340,oriC,8.071186139807539e-11,154,0.19596548743630082
proteomics,peebo_2015,rel0_abs0,high,filtered,340,ter,0.6563691471685101,57,0.025398749787158427
proteomics,peebo_2015,rel0_abs0,high,filtered,337,oriC,4.233412090423917e-11,153,0.22087250964153937
proteomics,peebo_2015,rel0_abs0,high,filtered,337,ter,0.6390465092727797,56,0.04449261435012428
proteomics,peebo_2015,rel0_abs0,high,filtered,341,oriC,7.002880603206803e-10,155,0.18256636183830668
proteomics,peebo_2015,rel0_abs0,high,filtered,341,ter,0.009159890564730546,57,-0.20905067138558334
proteomics,peebo_2015,rel0_abs0,high,filtered,333,oriC,1.1426738143612191e-10,150,0.2261763861765682
proteomics,peebo_2015,rel0_abs0,high,filtered,333,ter,0.023550488424058862,57,-0.22896161398202347
proteomics,peebo_2015,rel0_abs0,high,filtered,344,oriC,6.569214244902896e-9,155,0.2087729937924792
proteomics,peebo_2015,rel0_abs0,high,filtered,344,ter,0.016389345236193925,58,-0.29792515669430414
proteomics,peebo_2015,rel0_abs0,high,filtered,326,oriC,1.3240013817079133e-11,148,0.30779936837791766
proteomics,peebo_2015,rel0_abs0,high,filtered,326,ter,0.012094494741949194,55,-0.22733442415032298
proteomics,peebo_2015,rel0_abs0,high,filtered,344,oriC,1.981852264224734e-8,154,0.17701109418088157
proteomics,peebo_2015,rel0_abs0,high,filtered,344,ter,0.011602613152898364,58,-0.27153784622204846
proteomics,peebo_2015,rel0_abs0,high,filtered,318,oriC,1.2066694853380406e-10,147,0.3194480192966225
proteomics,peebo_2015,rel0_abs0,high,filtered,318,ter,0.03668500419470901,53,-0.1428885241583739
proteomics,peebo_2015,rel0_abs0,high,filtered,344,oriC,1.2794867088996735e-9,154,0.21971775388659626
proteomics,peebo_2015,rel0_abs0,high,filtered,344,ter,0.03454423164745777,58,-0.19861329656018695
proteomics,peebo_2015,rel0_abs0,high,filtered,310,oriC,1.3548331332269755e-10,142,0.3343473319897967
proteomics,peebo_2015,rel0_abs0,high,filtered,310,ter,0.2547547834550038,51,-0.1882824279293888
proteomics,peebo_2015,rel0_abs0,high,filtered,340,oriC,0.010768988088916465,153,0.043294164311078936
proteomics,peebo_2015,rel0_abs0,high,filtered,340,ter,0.33702947194198213,58,0.043324115100529
proteomics,peebo_2015,rel0_abs0,high,filtered,339,oriC,0.001381144942403691,153,0.08389839219389483
proteomics,peebo_2015,rel0_abs0,high,filtered,339,ter,0.6478158614416047,58,0.02092665715995985
proteomics,peebo_2015,rel0_abs0,high,filtered,340,oriC,0.006466270888613096,153,0.02028244879319365
proteomics,peebo_2015,rel0_abs0,high,filtered,340,ter,0.07123646757405518,58,-0.08412651071111393
proteomics,peebo_2015,rel0_abs0,high,filtered,330,oriC,1.0403276516240557e-7,149,0.07928141595972556
proteomics,peebo_2015,rel0_abs0,high,filtered,330,ter,0.34162203046816286,55,0.02282216485670838
proteomics,peebo_2015,rel0_abs0,high,filtered,339,oriC,1.797383532636389e-5,152,0.13057912684894424
proteomics,peebo_2015,rel0_abs0,high,filtered,339,ter,0.8952849320144012,58,-0.05458123092757809
proteomics,peebo_2015,rel0_abs0,high,filtered,335,oriC,4.196881509957095e-6,152,0.1692917255933854
proteomics,peebo_2015,rel0_abs0,high,filtered,335,ter,0.8116048027334541,57,-0.0012370296678083687
proteomics,peebo_2015,rel0_abs0,high,filtered,333,oriC,3.0495399093821423e-6,151,0.1698728073143849
proteomics,peebo_2015,rel0_abs0,high,filtered,333,ter,0.8352245533616198,56,-0.013576087181196886
proteomics,peebo_2015,rel0_abs0,high,filtered,336,oriC,5.17894034667184e-6,153,0.07374492343689927
proteomics,peebo_2015,rel0_abs0,high,filtered,336,ter,0.07129996066408266,57,-0.11654550444774754
proteomics,peebo_2015,rel0_abs0,high,filtered,330,oriC,1.5111602246775679e-6,149,0.1178087391625767
proteomics,peebo_2015,rel0_abs0,high,filtered,330,ter,0.21517798334920082,57,-0.15303375426273208
proteomics,peebo_2015,rel0_abs0,high,filtered,339,oriC,8.595312978170956e-5,153,0.05141465224250001
proteomics,peebo_2015,rel0_abs0,high,filtered,339,ter,0.06205453680739489,58,-0.19487862949432486
proteomics,peebo_2015,rel0_abs0,high,filtered,323,oriC,3.2548912098429794e-7,147,0.13873522181340625
proteomics,peebo_2015,rel0_abs0,high,filtered,323,ter,0.20431624123231845,55,-0.14176206413534684
proteomics,peebo_2015,rel0_abs0,high,filtered,339,oriC,4.533372094900163e-4,152,0.08030038006796153
proteomics,peebo_2015,rel0_abs0,high,filtered,339,ter,0.11247158016093148,58,-0.29483317274532506
proteomics,peebo_2015,rel0_abs0,high,filtered,315,oriC,2.806073021369062e-7,146,0.15438175782073116
proteomics,peebo_2015,rel0_abs0,high,filtered,315,ter,0.3856292646408875,53,-0.15511050511746216
proteomics,peebo_2015,rel0_abs0,high,filtered,338,oriC,3.4223481063532636e-6,152,0.16019578700779702
proteomics,peebo_2015,rel0_abs0,high,filtered,338,ter,0.33702947194198213,58,-0.23649600329034012
proteomics,peebo_2015,rel0_abs0,high,filtered,307,oriC,2.421412752597661e-7,141,0.2706951366035651
proteomics,peebo_2015,rel0_abs0,high,filtered,307,ter,0.37572928792195426,51,-0.15049724405555
proteomics,peebo_2015,rel0_abs0,high,filtered,344,oriC,3.7587623422247194e-6,155,0.04370741105965623
proteomics,peebo_2015,rel0_abs0,high,filtered,344,ter,0.3609286103086415,58,-0.03499520742387237
proteomics,peebo_2015,rel0_abs0,high,filtered,345,oriC,0.06510493906893182,155,0.004973962832698777
proteomics,peebo_2015,rel0_abs0,high,filtered,345,ter,0.005315822723400844,58,-0.1076431177716061
proteomics,peebo_2015,rel0_abs0,high,filtered,334,oriC,2.653843890947077e-8,151,0.07601610380611167
proteomics,peebo_2015,rel0_abs0,high,filtered,334,ter,0.028452490176060732,55,-0.07697294875296018
proteomics,peebo_2015,rel0_abs0,high,filtered,344,oriC,1.0330074642186856e-9,154,0.08818765298226867
proteomics,peebo_2015,rel0_abs0,high,filtered,344,ter,0.4573210107911582,58,-0.024421523007313137
proteomics,peebo_2015,rel0_abs0,high,filtered,340,oriC,1.1830170501790379e-7,154,0.15459662461704465
proteomics,peebo_2015,rel0_abs0,high,filtered,340,ter,0.6055481640366693,57,-0.06021166583898439
proteomics,peebo_2015,rel0_abs0,high,filtered,337,oriC,3.816838259326847e-8,153,0.1424064219610108
proteomics,peebo_2015,rel0_abs0,high,filtered,337,ter,0.5166692322880738,56,-0.03393536128091246
proteomics,peebo_2015,rel0_abs0,high,filtered,341,oriC,9.444590480465817e-8,155,0.10875100075120109
proteomics,peebo_2015,rel0_abs0,high,filtered,341,ter,0.0018424348449944236,57,-0.22220388523427662
proteomics,peebo_2015,rel0_abs0,high,filtered,334,oriC,9.5044115591201e-9,151,0.178054422070703
proteomics,peebo_2015,rel0_abs0,high,filtered,334,ter,0.0024689242603549108,57,-0.20529380864487273
proteomics,peebo_2015,rel0_abs0,high,filtered,344,oriC,2.1163011067072582e-7,155,0.1357193898672971
proteomics,peebo_2015,rel0_abs0,high,filtered,344,ter,0.0011159756606758712,58,-0.3222380677044948
proteomics,peebo_2015,rel0_abs0,high,filtered,326,oriC,1.878961394817634e-9,148,0.1915285268973645
proteomics,peebo_2015,rel0_abs0,high,filtered,326,ter,0.002594572990958635,55,-0.22116609758008798
proteomics,peebo_2015,rel0_abs0,high,filtered,344,oriC,1.5579923264222053e-6,154,0.13326549691727352
proteomics,peebo_2015,rel0_abs0,high,filtered,344,ter,0.0029484524410345507,58,-0.27702725529833855
proteomics,peebo_2015,rel0_abs0,high,filtered,318,oriC,6.5419009283264e-9,147,0.24928007857698775
proteomics,peebo_2015,rel0_abs0,high,filtered,318,ter,0.02237075093465202,53,-0.16761934345860088
proteomics,peebo_2015,rel0_abs0,high,filtered,344,oriC,1.114908453798042e-7,154,0.1796278329567338
proteomics,peebo_2015,rel0_abs0,high,filtered,344,ter,0.019377441058951252,58,-0.2530737157565424
proteomics,peebo_2015,rel0_abs0,high,filtered,310,oriC,2.1092563225008585e-9,142,0.28876646062901734
proteomics,peebo_2015,rel0_abs0,high,filtered,310,ter,0.056455805367702186,51,-0.18399502406199333
proteomics,peebo_2015,rel0_abs0,high,filtered,344,oriC,1.607285279929305e-5,155,-0.09175907419618382
proteomics,peebo_2015,rel0_abs0,high,filtered,344,ter,0.06205453680739489,58,-0.09906226587977984
proteomics,peebo_2015,rel0_abs0,high,filtered,333,oriC,0.6456747738004749,151,-0.011944489796497237
proteomics,peebo_2015,rel0_abs0,high,filtered,333,ter,0.20431624123231845,55,-0.04743734397775596
proteomics,peebo_2015,rel0_abs0,high,filtered,343,oriC,1.0330074642186856e-9,154,0.057607991672472686
proteomics,peebo_2015,rel0_abs0,high,filtered,343,ter,0.9814691664543683,58,2.835318357904891e-4
proteomics,peebo_2015,rel0_abs0,high,filtered,339,oriC,5.66248702762935e-9,154,0.10603039968617808
proteomics,peebo_2015,rel0_abs0,high,filtered,339,ter,0.5406826470310392,57,0.049354677167387485
proteomics,peebo_2015,rel0_abs0,high,filtered,336,oriC,5.5822057632875334e-9,153,0.1256497475169671
proteomics,peebo_2015,rel0_abs0,high,filtered,336,ter,0.5326164474207179,56,0.05940337002645023
proteomics,peebo_2015,rel0_abs0,high,filtered,341,oriC,9.43914735676091e-7,155,0.048280728885458195
proteomics,peebo_2015,rel0_abs0,high,filtered,341,ter,0.0030410018432096516,57,-0.16844001763743655
proteomics,peebo_2015,rel0_abs0,high,filtered,333,oriC,3.0148770073374256e-8,151,0.11324996905321782
proteomics,peebo_2015,rel0_abs0,high,filtered,333,ter,0.01408574314485198,57,-0.11770260778260362
proteomics,peebo_2015,rel0_abs0,high,filtered,343,oriC,1.0336606035305605e-6,155,0.10725506672558534
proteomics,peebo_2015,rel0_abs0,high,filtered,343,ter,0.002467831747130779,58,-0.24274406588923586
proteomics,peebo_2015,rel0_abs0,high,filtered,326,oriC,8.267459614435246e-9,148,0.18846117608941038
proteomics,peebo_2015,rel0_abs0,high,filtered,326,ter,0.004219419266570657,55,-0.20852453220545977
proteomics,peebo_2015,rel0_abs0,high,filtered,343,oriC,2.829937562422634e-6,154,0.1144682913777803
proteomics,peebo_2015,rel0_abs0,high,filtered,343,ter,0.005846366225916569,58,-0.2648598473991647
proteomics,peebo_2015,rel0_abs0,high,filtered,317,oriC,5.07105802086302e-9,147,0.18695816193736875
proteomics,peebo_2015,rel0_abs0,high,filtered,317,ter,0.016042291074141186,53,-0.1564857006364162
proteomics,peebo_2015,rel0_abs0,high,filtered,343,oriC,4.0810393073178666e-8,154,0.1606752223269137
proteomics,peebo_2015,rel0_abs0,high,filtered,343,ter,0.058874021694887,58,-0.22003822896737257
proteomics,peebo_2015,rel0_abs0,high,filtered,310,oriC,1.357523824800615e-9,142,0.26142817793940754
proteomics,peebo_2015,rel0_abs0,high,filtered,310,ter,0.02359304957563172,51,-0.16414614170905958
proteomics,peebo_2015,rel0_abs0,high,filtered,334,oriC,1.3603529111562057e-12,151,0.07449255934347497
proteomics,peebo_2015,rel0_abs0,high,filtered,334,ter,0.8242893402488288,55,0.014650353732535159
proteomics,peebo_2015,rel0_abs0,high,filtered,344,oriC,1.1551657174929618e-6,154,0.15775885253701832
proteomics,peebo_2015,rel0_abs0,high,filtered,344,ter,0.15652688052550365,58,0.07641990481715269
proteomics,peebo_2015,rel0_abs0,high,filtered,340,oriC,5.7058819183164655e-8,154,0.18482706341956295
proteomics,peebo_2015,rel0_abs0,high,filtered,340,ter,0.2592272100672785,57,0.06252714870312205
proteomics,peebo_2015,rel0_abs0,high,filtered,337,oriC,1.3138763755932316e-7,153,0.1696299664968841
proteomics,peebo_2015,rel0_abs0,high,filtered,337,ter,0.12020240664265028,56,0.06357320860502592
proteomics,peebo_2015,rel0_abs0,high,filtered,341,oriC,7.664159513605184e-10,155,0.07556413215536412
proteomics,peebo_2015,rel0_abs0,high,filtered,341,ter,0.1415987278012883,57,-0.08155576352909094
proteomics,peebo_2015,rel0_abs0,high,filtered,334,oriC,8.31744639578299e-10,151,0.11728978154489322
proteomics,peebo_2015,rel0_abs0,high,filtered,334,ter,0.6279191814250158,57,-0.058770294045836384
proteomics,peebo_2015,rel0_abs0,high,filtered,344,oriC,1.06214892161805e-6,155,0.06255145951236543
proteomics,peebo_2015,rel0_abs0,high,filtered,344,ter,0.07752086133423904,58,-0.14544662937903055
proteomics,peebo_2015,rel0_abs0,high,filtered,326,oriC,4.2296334650580095e-10,148,0.14620175920235629
proteomics,peebo_2015,rel0_abs0,high,filtered,326,ter,0.17870372431131418,55,-0.06910914927730592
proteomics,peebo_2015,rel0_abs0,high,filtered,344,oriC,4.428341431980077e-5,154,0.08990799208227594
proteomics,peebo_2015,rel0_abs0,high,filtered,344,ter,0.16343158862047633,58,-0.18852938984140627
proteomics,peebo_2015,rel0_abs0,high,filtered,318,oriC,1.6545593323192356e-9,147,0.1873032869319479
proteomics,peebo_2015,rel0_abs0,high,filtered,318,ter,0.484321827602139,53,-0.040312725285995464
proteomics,peebo_2015,rel0_abs0,high,filtered,344,oriC,1.8568717481884706e-7,154,0.15647162069129716
proteomics,peebo_2015,rel0_abs0,high,filtered,344,ter,0.4907798652571994,58,-0.15093647157272025
proteomics,peebo_2015,rel0_abs0,high,filtered,310,oriC,7.587638365592328e-9,142,0.23998939289002297
proteomics,peebo_2015,rel0_abs0,high,filtered,310,ter,0.3509955678056245,51,-0.13444442217780816
proteomics,peebo_2015,rel0_abs0,high,filtered,333,oriC,4.8337234034655013e-4,150,0.06655460663071584
proteomics,peebo_2015,rel0_abs0,high,filtered,333,ter,0.2779119142082005,55,0.07050462055028739
proteomics,peebo_2015,rel0_abs0,high,filtered,329,oriC,1.0023412632576583e-5,150,0.11417509063767642
proteomics,peebo_2015,rel0_abs0,high,filtered,329,ter,0.11118479612200131,54,0.07543562169366662
proteomics,peebo_2015,rel0_abs0,high,filtered,326,oriC,1.138506521730805e-5,149,0.12545672156449159
proteomics,peebo_2015,rel0_abs0,high,filtered,326,ter,0.14654237272543014,53,0.07655984165870595
proteomics,peebo_2015,rel0_abs0,high,filtered,331,oriC,0.0012805136700139,151,0.017546265800230977
proteomics,peebo_2015,rel0_abs0,high,filtered,331,ter,0.06840428634998086,55,-0.10698494113326376
proteomics,peebo_2015,rel0_abs0,high,filtered,322,oriC,9.824168149876555e-6,146,0.07048150783159643
proteomics,peebo_2015,rel0_abs0,high,filtered,322,ter,0.21822519838103893,54,-0.062423218323082515
proteomics,peebo_2015,rel0_abs0,high,filtered,333,oriC,0.003766622632769762,151,0.0197869467080863
proteomics,peebo_2015,rel0_abs0,high,filtered,333,ter,0.043900369473847886,55,-0.17370815916718854
proteomics,peebo_2015,rel0_abs0,high,filtered,318,oriC,3.9742709160143955e-6,145,0.10521346577705057
proteomics,peebo_2015,rel0_abs0,high,filtered,318,ter,0.06177136369605406,53,-0.14814566342508775
proteomics,peebo_2015,rel0_abs0,high,filtered,333,oriC,0.0025059521372760405,150,0.03537928962651288
proteomics,peebo_2015,rel0_abs0,high,filtered,333,ter,0.07778512911285489,55,-0.15439302894019946
proteomics,peebo_2015,rel0_abs0,high,filtered,313,oriC,4.0890897357567546e-6,145,0.12563650266231408
proteomics,peebo_2015,rel0_abs0,high,filtered,313,ter,0.37572928792195426,51,-0.07655084934790093
proteomics,peebo_2015,rel0_abs0,high,filtered,333,oriC,2.702976467139355e-5,150,0.11680698411250598
proteomics,peebo_2015,rel0_abs0,high,filtered,333,ter,0.39045020977841016,55,-0.11027300560566665
proteomics,peebo_2015,rel0_abs0,high,filtered,301,oriC,1.1498456813658666e-6,139,0.2040627072208232
proteomics,peebo_2015,rel0_abs0,high,filtered,301,ter,0.3749759946529827,48,-0.1216978981534286
proteomics,peebo_2015,rel0_abs0,high,filtered,339,oriC,1.4117039096530892e-6,153,0.059350481715480005
proteomics,peebo_2015,rel0_abs0,high,filtered,339,ter,0.5944981904174236,57,0.0050126723043662095
proteomics,peebo_2015,rel0_abs0,high,filtered,337,oriC,1.554923316539382e-7,153,0.05397246826089527
proteomics,peebo_2015,rel0_abs0,high,filtered,337,ter,0.29832676888165455,56,0.02020202548242684
proteomics,peebo_2015,rel0_abs0,high,filtered,340,oriC,0.765981697897823,154,-0.002976465049037548
proteomics,peebo_2015,rel0_abs0,high,filtered,340,ter,0.004127882342428973,57,-0.16330020087890673
proteomics,peebo_2015,rel0_abs0,high,filtered,333,oriC,1.2696267107812653e-6,150,0.04422084282908996
proteomics,peebo_2015,rel0_abs0,high,filtered,333,ter,0.01472067928092839,57,-0.17309046534036973
proteomics,peebo_2015,rel0_abs0,high,filtered,343,oriC,6.705337260940959e-5,154,0.0690741161204029
proteomics,peebo_2015,rel0_abs0,high,filtered,343,ter,0.001423479504515854,58,-0.23675743268949415
proteomics,peebo_2015,rel0_abs0,high,filtered,326,oriC,3.622855215326043e-8,148,0.1467275182090318
proteomics,peebo_2015,rel0_abs0,high,filtered,326,ter,0.0021353048746686064,55,-0.1993256217475838
proteomics,peebo_2015,rel0_abs0,high,filtered,344,oriC,2.2089307613121348e-5,154,0.08370727002832587
proteomics,peebo_2015,rel0_abs0,high,filtered,344,ter,0.002405353581456474,58,-0.263961521107841
proteomics,peebo_2015,rel0_abs0,high,filtered,318,oriC,1.3749837616741163e-7,147,0.10853537019946129
proteomics,peebo_2015,rel0_abs0,high,filtered,318,ter,0.0040128669878380365,53,-0.18670394951679795
proteomics,peebo_2015,rel0_abs0,high,filtered,344,oriC,3.247259415733579e-7,154,0.13417869033921823
proteomics,peebo_2015,rel0_abs0,high,filtered,344,ter,0.02958519941608003,58,-0.26867208766963213
proteomics,peebo_2015,rel0_abs0,high,filtered,310,oriC,2.0314661141477144e-9,142,0.21232288217839526
proteomics,peebo_2015,rel0_abs0,high,filtered,310,ter,0.009291532479923524,51,-0.1750301963020436
proteomics,peebo_2015,rel0_abs0,high,filtered,336,oriC,5.156287552814847e-6,154,-0.07505198994170104
proteomics,peebo_2015,rel0_abs0,high,filtered,336,ter,0.01158242343483162,56,-0.1452711990798658
proteomics,peebo_2015,rel0_abs0,high,filtered,330,oriC,0.0037002470581069527,151,-0.030057267611352884
proteomics,peebo_2015,rel0_abs0,high,filtered,330,ter,0.0043595539351216845,56,-0.15610888564990866
proteomics,peebo_2015,rel0_abs0,high,filtered,340,oriC,0.0011017621780564674,154,0.021568637513250243
proteomics,peebo_2015,rel0_abs0,high,filtered,340,ter,6.72506664413582e-4,57,-0.23771028363957142
proteomics,peebo_2015,rel0_abs0,high,filtered,323,oriC,1.0083336952396757e-6,148,0.0903416652856048
proteomics,peebo_2015,rel0_abs0,high,filtered,323,ter,0.0044919888903370234,54,-0.20923051022063516
proteomics,peebo_2015,rel0_abs0,high,filtered,339,oriC,1.8038357997679136e-4,153,0.016207706041632443
proteomics,peebo_2015,rel0_abs0,high,filtered,339,ter,1.2427526960752212e-4,57,-0.2483785701187097
proteomics,peebo_2015,rel0_abs0,high,filtered,316,oriC,1.2412840846132615e-6,147,0.13495772189337313
proteomics,peebo_2015,rel0_abs0,high,filtered,316,ter,9.317464329679767e-4,52,-0.20322359093536407
proteomics,peebo_2015,rel0_abs0,high,filtered,339,oriC,1.2882365232728135e-6,153,0.12477905330413924
proteomics,peebo_2015,rel0_abs0,high,filtered,339,ter,0.005162532992301666,57,-0.22038566075553695
proteomics,peebo_2015,rel0_abs0,high,filtered,307,oriC,1.9951571879705064e-8,142,0.1872296347385195
proteomics,peebo_2015,rel0_abs0,high,filtered,307,ter,0.0034451883661316602,50,-0.13079560593145015
proteomics,peebo_2015,rel0_abs0,high,filtered,334,oriC,2.6789008918686406e-6,153,-0.0881927328980815
proteomics,peebo_2015,rel0_abs0,high,filtered,334,ter,0.0076175446188604945,55,-0.20670607773950306
proteomics,peebo_2015,rel0_abs0,high,filtered,328,oriC,0.0057810514160155395,150,-0.04095934193966026
proteomics,peebo_2015,rel0_abs0,high,filtered,328,ter,0.0074296574005824545,55,-0.2165692418813703
proteomics,peebo_2015,rel0_abs0,high,filtered,336,oriC,0.015643124854962373,153,0.006193137353398938
proteomics,peebo_2015,rel0_abs0,high,filtered,336,ter,1.3259182353991697e-4,56,-0.2583478689911358
proteomics,peebo_2015,rel0_abs0,high,filtered,320,oriC,1.7254085380303971e-6,147,0.08649419698803844
proteomics,peebo_2015,rel0_abs0,high,filtered,320,ter,9.298514745447793e-4,53,-0.22661697820972496
proteomics,peebo_2015,rel0_abs0,high,filtered,337,oriC,3.080896585932559e-4,153,0.027170716898755574
proteomics,peebo_2015,rel0_abs0,high,filtered,337,ter,3.587234760910879e-4,56,-0.29430064942903467
proteomics,peebo_2015,rel0_abs0,high,filtered,313,oriC,3.931994913656594e-6,147,0.08006673964566613
proteomics,peebo_2015,rel0_abs0,high,filtered,313,ter,8.447947014614999e-4,52,-0.24320919670093893
proteomics,peebo_2015,rel0_abs0,high,filtered,337,oriC,1.0328391554533902e-6,153,0.09437264896115989
proteomics,peebo_2015,rel0_abs0,high,filtered,337,ter,0.004828278743471786,56,-0.2581335384960371
proteomics,peebo_2015,rel0_abs0,high,filtered,308,oriC,1.2870990273208841e-8,142,0.17953305736206504
proteomics,peebo_2015,rel0_abs0,high,filtered,308,ter,0.0013693302751966567,51,-0.19816915890274006
proteomics,peebo_2015,rel0_abs0,high,filtered,330,oriC,5.901629719543186e-7,151,0.046621292914195485
proteomics,peebo_2015,rel0_abs0,high,filtered,330,ter,0.3296735724901848,56,0.017609671249885057
proteomics,peebo_2015,rel0_abs0,high,filtered,340,oriC,0.0031923826439678193,155,-0.001648037153258494
proteomics,peebo_2015,rel0_abs0,high,filtered,340,ter,0.08047341664858373,57,-0.0667232180339247
proteomics,peebo_2015,rel0_abs0,high,filtered,323,oriC,7.936214517837586e-8,148,0.08033682658953514
proteomics,peebo_2015,rel0_abs0,high,filtered,323,ter,0.3987804133577456,54,-0.027852599166612833
proteomics,peebo_2015,rel0_abs0,high,filtered,340,oriC,0.0010878183705539711,154,0.04381696519734068
proteomics,peebo_2015,rel0_abs0,high,filtered,340,ter,0.13525427848733035,57,-0.05175083282088354
proteomics,peebo_2015,rel0_abs0,high,filtered,314,oriC,6.380676281166323e-8,147,0.1183779761450147
proteomics,peebo_2015,rel0_abs0,high,filtered,314,ter,0.7395853812628459,52,-0.06176589054604825
proteomics,peebo_2015,rel0_abs0,high,filtered,340,oriC,2.780531076501283e-6,154,0.11092697765501702
proteomics,peebo_2015,rel0_abs0,high,filtered,340,ter,0.8800080949721598,57,-0.04982155585477561
proteomics,peebo_2015,rel0_abs0,high,filtered,307,oriC,9.85616943386557e-8,142,0.20156423855972436
proteomics,peebo_2015,rel0_abs0,high,filtered,307,ter,0.5559619018881657,50,-0.03838160818863229
proteomics,peebo_2015,rel0_abs0,high,filtered,333,oriC,0.015299165533608057,151,0.014976079808871619
proteomics,peebo_2015,rel0_abs0,high,filtered,333,ter,0.11940858178149832,57,-0.06606066391277028
proteomics,peebo_2015,rel0_abs0,high,filtered,318,oriC,3.796386340527871e-6,146,0.057215750616039784
proteomics,peebo_2015,rel0_abs0,high,filtered,318,ter,0.08822741009218725,54,-0.039583347636395455
proteomics,peebo_2015,rel0_abs0,high,filtered,333,oriC,0.005649615100908831,150,0.030080896656738656
proteomics,peebo_2015,rel0_abs0,high,filtered,333,ter,0.014400125074786925,57,-0.09962736177354006
proteomics,peebo_2015,rel0_abs0,high,filtered,309,oriC,1.818631860387391e-6,145,0.08896156917779831
proteomics,peebo_2015,rel0_abs0,high,filtered,309,ter,0.29706781707492463,52,-0.08504993018129373
proteomics,peebo_2015,rel0_abs0,high,filtered,333,oriC,8.95173088569252e-6,150,0.09737003966811916
proteomics,peebo_2015,rel0_abs0,high,filtered,333,ter,0.6506374136317046,57,-0.050912027779896424
proteomics,peebo_2015,rel0_abs0,high,filtered,304,oriC,2.0994299995686503e-6,140,0.16420212691661207
proteomics,peebo_2015,rel0_abs0,high,filtered,304,ter,0.23891622760192224,50,-0.19920657484632848
proteomics,peebo_2015,rel0_abs0,high,filtered,326,oriC,3.268599641761547e-14,148,0.06774006073937022
proteomics,peebo_2015,rel0_abs0,high,filtered,326,ter,0.4236231101872048,55,0.02153847336583151
proteomics,peebo_2015,rel0_abs0,high,filtered,343,oriC,8.800794375153752e-4,154,0.04325567525508234
proteomics,peebo_2015,rel0_abs0,high,filtered,343,ter,0.38586367650229264,58,-0.03359615549504218
proteomics,peebo_2015,rel0_abs0,high,filtered,318,oriC,2.4793107600768194e-10,147,0.10038279004840106
proteomics,peebo_2015,rel0_abs0,high,filtered,318,ter,0.9646941083727572,53,-0.013598356673530468
proteomics,peebo_2015,rel0_abs0,high,filtered,343,oriC,5.249644637677209e-9,154,0.10362747657489386
proteomics,peebo_2015,rel0_abs0,high,filtered,343,ter,0.5154614968015898,58,0.025908051785341626
proteomics,peebo_2015,rel0_abs0,high,filtered,310,oriC,2.3243017408781817e-8,142,0.19558304524374467
proteomics,peebo_2015,rel0_abs0,high,filtered,310,ter,0.5208196305552419,51,-0.03664688590100895
proteomics,peebo_2015,rel0_abs0,high,filtered,326,oriC,2.7197809161531533e-6,148,-0.03438303026600728
proteomics,peebo_2015,rel0_abs0,high,filtered,326,ter,0.09461893883683928,55,-0.05164225959571674
proteomics,peebo_2015,rel0_abs0,high,filtered,307,oriC,7.724528957152275e-5,143,0.048287427385193114
proteomics,peebo_2015,rel0_abs0,high,filtered,307,ter,0.45615649496401206,51,0.013372553312754791
proteomics,peebo_2015,rel0_abs0,high,filtered,326,oriC,3.1731827803731505e-5,148,0.054094765175268754
proteomics,peebo_2015,rel0_abs0,high,filtered,326,ter,0.4583894122698346,55,0.015733339295657733
proteomics,peebo_2015,rel0_abs0,high,filtered,302,oriC,2.6560667677265443e-6,140,0.13271212695550805
proteomics,peebo_2015,rel0_abs0,high,filtered,302,ter,0.5774942933654206,49,0.0015293139182561372
proteomics,peebo_2015,rel0_abs0,high,filtered,318,oriC,2.608470680791912e-12,147,0.0820924436709664
proteomics,peebo_2015,rel0_abs0,high,filtered,318,ter,0.33015381281832495,53,0.015060355951912237
proteomics,peebo_2015,rel0_abs0,high,filtered,344,oriC,5.688657183294232e-15,154,0.10263826869075127
proteomics,peebo_2015,rel0_abs0,high,filtered,344,ter,0.024257682088651953,58,0.06773832451610953
proteomics,peebo_2015,rel0_abs0,high,filtered,310,oriC,3.7016237420448166e-10,142,0.21270063074348652
proteomics,peebo_2015,rel0_abs0,high,filtered,310,ter,0.8918882641115201,51,0.03294311328961532
proteomics,peebo_2015,rel0_abs0,high,filtered,318,oriC,5.201631001149695e-4,147,0.027125521443430962
proteomics,peebo_2015,rel0_abs0,high,filtered,318,ter,0.20553265192539524,53,0.05164155938689092
proteomics,peebo_2015,rel0_abs0,high,filtered,297,oriC,7.754890641976737e-8,138,0.13118788091072764
proteomics,peebo_2015,rel0_abs0,high,filtered,297,ter,0.8578974183519076,49,0.08728884626232614
proteomics,peebo_2015,rel0_abs0,high,filtered,310,oriC,1.4556673292473263e-7,142,0.10389372147402197
proteomics,peebo_2015,rel0_abs0,high,filtered,310,ter,0.5706498126450514,51,0.011331834932032131
proteomics,li_2014_all,rel0_abs0,high,filtered,757,oriC,2.048570994179288e-4,299,0.1071508341220565
proteomics,li_2014_all,rel0_abs0,high,filtered,757,ter,6.70185476756445e-8,159,-0.36730966733569737
proteomics,li_2014_all,rel0_abs0,high,filtered,744,oriC,1.0996341196678222e-10,293,0.296283136618675
proteomics,li_2014_all,rel0_abs0,high,filtered,744,ter,1.919765598588472e-5,158,-0.383600863042492
proteomics,li_2014_all,rel0_abs0,high,filtered,774,oriC,7.72991817540924e-6,306,0.13492722316934136
proteomics,li_2014_all,rel0_abs0,high,filtered,774,ter,0.6868967372681001,168,-3.3755377382445285e-4
proteomics,valgepea_2013_prot,rel0_abs0,high,filtered,431,oriC,6.75562843510583e-14,194,0.11500710456199079
proteomics,valgepea_2013_prot,rel0_abs0,high,filtered,431,ter,0.43500663721675437,73,0.050828309669220785
proteomics,valgepea_2013_prot,rel0_abs0,high,filtered,433,oriC,2.0366250993532543e-9,195,0.17644219316443602
proteomics,valgepea_2013_prot,rel0_abs0,high,filtered,433,ter,0.5563722227748185,73,0.0992545020313434
proteomics,valgepea_2013_prot,rel0_abs0,high,filtered,430,oriC,2.7622042499641566e-8,193,0.1964140465447672
proteomics,valgepea_2013_prot,rel0_abs0,high,filtered,430,ter,0.9664287845582363,72,-0.007439367234625635
proteomics,valgepea_2013_prot,rel0_abs0,high,filtered,426,oriC,1.228629629593091e-8,194,0.22876869493744667
proteomics,valgepea_2013_prot,rel0_abs0,high,filtered,426,ter,0.5569967526743381,71,0.015089670089537459
proteomics,valgepea_2013_prot,rel0_abs0,high,filtered,431,oriC,9.76644655778368e-5,194,0.054190190020925066
proteomics,valgepea_2013_prot,rel0_abs0,high,filtered,431,ter,0.8003550896803098,73,-0.003701190007581708
proteomics,valgepea_2013_prot,rel0_abs0,high,filtered,429,oriC,7.299297747852446e-4,192,0.04464678240019193
proteomics,valgepea_2013_prot,rel0_abs0,high,filtered,429,ter,0.3223891884384486,73,-0.0995202420594583
proteomics,valgepea_2013_prot,rel0_abs0,high,filtered,424,oriC,2.520566441655178e-4,193,0.11597201797171591
proteomics,valgepea_2013_prot,rel0_abs0,high,filtered,424,ter,0.75048046977698335,71,-0.1262453478597401
proteomics,valgepea_2013_prot,rel0_abs0,high,filtered,431,oriC,0.07896501600781615,193,-0.003446138495230573
proteomics,valgepea_2013_prot,rel0_abs0,high,filtered,431,ter,0.004798681083958136,73,-0.08185644747855646
proteomics,valgepea_2013_prot,rel0_abs0,high,filtered,429,oriC,5.421137643615985e-4,195,0.06133253588800789
proteomics,valgepea_2013_prot,rel0_abs0,high,filtered,429,ter,0.6405130275483968,71,-0.03887114290492879
proteomics,valgepea_2013_prot,rel0_abs0,high,filtered,427,oriC,5.712669717181728e-5,193,0.07563949157522343
proteomics,valgepea_2013_prot,rel0_abs0,high,filtered,427,ter,0.18092360286616577,71,0.08767678976910791
proteomics,Goelzer_2015,rel0_abs0,high,filtered,480,oriC,0.9011862698984892,152,-0.1651488799343918
proteomics,Goelzer_2015,rel0_abs0,high,filtered,480,ter,1.7168909023116611e-4,160,-0.3692372362639954
proteomics,Goelzer_2015,rel0_abs0,high,filtered,472,oriC,0.9757871715849737,152,-0.21548132666098388
proteomics,Goelzer_2015,rel0_abs0,high,filtered,472,ter,0.0012378815183323947,156,-0.6041593976472079
proteomics,Goelzer_2015,rel0_abs0,high,filtered,470,oriC,0.16047155668125923,151,0.013689077514821964
proteomics,Goelzer_2015,rel0_abs0,high,filtered,470,ter,1.338805116375848e-4,156,-0.5445573963715098
proteomics,Goelzer_2015,rel0_abs0,high,filtered,437,oriC,0.05097962971235929,146,-0.06253155575758014
proteomics,Goelzer_2015,rel0_abs0,high,filtered,437,ter,0.057696131110598646,148,-0.2559090797883775
proteomics,Goelzer_2015,rel0_abs0,high,filtered,624,oriC,0.014943309418730313,197,0.06696408025784921
proteomics,Goelzer_2015,rel0_abs0,high,filtered,624,ter,0.052845015859733335,216,-0.09276613767957005
proteomics,Goelzer_2015,rel0_abs0,high,filtered,607,oriC,0.24050616547875045,193,0.05450725826036419
proteomics,Goelzer_2015,rel0_abs0,high,filtered,607,ter,0.43697718447908157,213,-0.016458432034338718
proteomics,Goelzer_2015,rel0_abs0,high,filtered,592,oriC,7.476684290569854e-4,190,0.2950618050850907
proteomics,Goelzer_2015,rel0_abs0,high,filtered,592,ter,0.6633795078051076,209,0.1461945147015406
proteomics,Goelzer_2015,rel0_abs0,high,filtered,610,oriC,0.2732009425090898,194,0.09054424487587959
proteomics,Goelzer_2015,rel0_abs0,high,filtered,610,ter,0.5726837732289234,213,0.012703999942834708
proteomics,Goelzer_2015,rel0_abs0,high,filtered,605,oriC,6.941746682808665e-4,195,0.25294733912557343
proteomics,Goelzer_2015,rel0_abs0,high,filtered,605,ter,0.3418397595468489,213,0.1422607396506567
proteomics,Goelzer_2015,rel0_abs0,high,filtered,599,oriC,0.0109153332122626,192,0.0802543880764322
proteomics,Goelzer_2015,rel0_abs0,high,filtered,599,ter,5.345900059438076e-4,208,0.22494494996862668
proteomics,zhu_B_subtilis,rel0_abs0,high,filtered,721,oriC,0.060072963779333265,225,0.03620267848448637
proteomics,zhu_B_subtilis,rel0_abs0,high,filtered,721,ter,0.6985906603158619,252,0.001387142016106538
proteomics,zhu_B_subtilis,rel0_abs0,high,filtered,712,oriC,4.707322460899536e-21,220,0.36741234215833035
proteomics,zhu_B_subtilis,rel0_abs0,high,filtered,712,ter,5.906728187174857e-23,249,0.3304409520853143
proteomics,zhu_B_subtilis,rel0_abs0,high,filtered,717,oriC,3.182768018193475e-7,222,0.16635430062000234
proteomics,zhu_B_subtilis,rel0_abs0,high,filtered,717,ter,0.016252121159631126,252,0.11634796881585396
proteomics,zhu_B_subtilis,rel0_abs0,high,filtered,714,oriC,2.5966696610100623e-19,222,0.296152367097943
proteomics,zhu_B_subtilis,rel0_abs0,high,filtered,714,ter,2.3971238846578192e-15,249,0.35005472216613076
proteomics,zhu_B_subtilis,rel0_abs0,high,filtered,713,oriC,1.152303734515741e-11,223,0.28501843286628253
proteomics,zhu_B_subtilis,rel0_abs0,high,filtered,713,ter,1.0453980539123119e-7,248,0.3045448947464948
proteomics,zhu_B_subtilis,rel0_abs0,high,filtered,678,oriC,5.28004511741722e-4,212,0.14093368652417415
proteomics,zhu_B_subtilis,rel0_abs0,high,filtered,678,ter,0.6659203809640628,244,0.03355681517697816
proteomics,zhu_B_subtilis,rel0_abs0,high,filtered,610,oriC,1.092425096679084e-5,199,0.30949918559356504
proteomics,zhu_B_subtilis,rel0_abs0,high,filtered,610,ter,0.8868440213882962,220,0.03628739554569006
proteomics,zhu_B_subtilis,rel0_abs0,high,filtered,667,oriC,1.0735645697871695e-10,214,0.3903613098340446
proteomics,zhu_B_subtilis,rel0_abs0,high,filtered,667,ter,0.007128694864704109,238,0.23021768930902942
proteomics,zhu_B_subtilis,rel0_abs0,high,filtered,607,oriC,4.774889563417655e-9,196,0.4953474527893696
proteomics,zhu_B_subtilis,rel0_abs0,high,filtered,607,ter,0.29466968589390774,220,0.1484705074725743
proteomics,zhu_B_subtilis,rel0_abs0,high,filtered,709,oriC,2.6475198278638507e-8,218,0.29745379348070455
proteomics,zhu_B_subtilis,rel0_abs0,high,filtered,709,ter,3.2863704855214664e-18,248,0.29026124865546865
proteomics,zhu_B_subtilis,rel0_abs0,high,filtered,720,oriC,2.5446644490954797e-8,225,0.08899120046240849
proteomics,zhu_B_subtilis,rel0_abs0,high,filtered,720,ter,7.817449483492284e-6,252,0.11393117217368087
proteomics,zhu_B_subtilis,rel0_abs0,high,filtered,715,oriC,4.598361533200442e-22,223,0.25816615843725754
proteomics,zhu_B_subtilis,rel0_abs0,high,filtered,715,ter,1.1699210648345817e-27,249,0.3400309271722098
proteomics,zhu_B_subtilis,rel0_abs0,high,filtered,717,oriC,6.763210453509996e-14,225,0.21880961525807346
proteomics,zhu_B_subtilis,rel0_abs0,high,filtered,717,ter,1.660968918955212e-11,249,0.265096020490826
proteomics,zhu_B_subtilis,rel0_abs0,high,filtered,683,oriC,1.8171024682098896e-4,218,0.12839920226661483
proteomics,zhu_B_subtilis,rel0_abs0,high,filtered,683,ter,0.6398015758251338,241,0.039866514154921866
proteomics,zhu_B_subtilis,rel0_abs0,high,filtered,604,oriC,5.864164690648723e-8,197,0.38379721074980455
proteomics,zhu_B_subtilis,rel0_abs0,high,filtered,604,ter,0.1980998187840388,216,0.11908612911709404
proteomics,zhu_B_subtilis,rel0_abs0,high,filtered,670,oriC,1.1956643193182642e-12,216,0.397239199685939
proteomics,zhu_B_subtilis,rel0_abs0,high,filtered,670,ter,7.482977487328449e-4,237,0.307512383023794
proteomics,zhu_B_subtilis,rel0_abs0,high,filtered,609,oriC,2.3114543590139358e-11,196,0.5326841468123628
proteomics,zhu_B_subtilis,rel0_abs0,high,filtered,609,ter,0.03576827654464064,221,0.22669767125340629
proteomics,zhu_B_subtilis,rel0_abs0,high,filtered,707,oriC,0.012416532833699657,217,-0.1985083761470677
proteomics,zhu_B_subtilis,rel0_abs0,high,filtered,707,ter,1.305602683253107e-8,249,-0.22870691967313844
proteomics,zhu_B_subtilis,rel0_abs0,high,filtered,707,oriC,0.5509522883918063,218,-0.021339372050313277
proteomics,zhu_B_subtilis,rel0_abs0,high,filtered,707,ter,0.7775830949981142,247,0.010307124936055298
proteomics,zhu_B_subtilis,rel0_abs0,high,filtered,704,oriC,0.6910571094101021,217,-0.08850357741429288
proteomics,zhu_B_subtilis,rel0_abs0,high,filtered,704,ter,0.04004022019587171,246,-0.05367056095400914
proteomics,zhu_B_subtilis,rel0_abs0,high,filtered,671,oriC,0.9299050356015881,209,-0.16344455101371705
proteomics,zhu_B_subtilis,rel0_abs0,high,filtered,671,ter,4.520773490423758e-8,240,-0.2949545957292066
proteomics,zhu_B_subtilis,rel0_abs0,high,filtered,601,oriC,0.19154077595480348,196,0.03294496637833846
proteomics,zhu_B_subtilis,rel0_abs0,high,filtered,601,ter,7.070545204238885e-4,216,-0.2519272082951357
proteomics,zhu_B_subtilis,rel0_abs0,high,filtered,656,oriC,0.03949054211969968,208,0.01224898306162834
proteomics,zhu_B_subtilis,rel0_abs0,high,filtered,656,ter,0.0776936183437849,232,-0.08501877588767076
proteomics,zhu_B_subtilis,rel0_abs0,high,filtered,601,oriC,0.019772259089862906,194,0.08150986050907341
proteomics,zhu_B_subtilis,rel0_abs0,high,filtered,601,ter,0.02356564839486317,218,-0.10487557121415
proteomics,zhu_B_subtilis,rel0_abs0,high,filtered,714,oriC,2.4340537629387627e-6,222,0.17247554994503322
proteomics,zhu_B_subtilis,rel0_abs0,high,filtered,714,ter,8.432301635207628e-24,250,0.21913681946564895
proteomics,zhu_B_subtilis,rel0_abs0,high,filtered,718,oriC,1.6728807778721337e-8,225,0.12561784270547163
proteomics,zhu_B_subtilis,rel0_abs0,high,filtered,718,ter,3.195631393640023e-14,250,0.16433629998614824
proteomics,zhu_B_subtilis,rel0_abs0,high,filtered,687,oriC,2.1744483351396685e-4,216,0.09491154579048615
proteomics,zhu_B_subtilis,rel0_abs0,high,filtered,687,ter,0.2146442889540858,244,-0.0305490781525037
proteomics,zhu_B_subtilis,rel0_abs0,high,filtered,611,oriC,7.998082376573399e-7,195,0.2948072038075893
proteomics,zhu_B_subtilis,rel0_abs0,high,filtered,611,ter,0.8207887685978443,223,-0.0035018623718387804
proteomics,zhu_B_subtilis,rel0_abs0,high,filtered,672,oriC,5.28055260033759e-13,216,0.3115114194426175
proteomics,zhu_B_subtilis,rel0_abs0,high,filtered,672,ter,4.326845891577604e-5,238,0.22200247078997146
proteomics,zhu_B_subtilis,rel0_abs0,high,filtered,612,oriC,2.762988534588222e-10,197,0.4006669944518656
proteomics,zhu_B_subtilis,rel0_abs0,high,filtered,612,ter,0.026273520487237915,222,0.17429230442197427
proteomics,zhu_B_subtilis,rel0_abs0,high,filtered,712,oriC,0.44822051985449585,223,-0.04570594371479598
proteomics,zhu_B_subtilis,rel0_abs0,high,filtered,712,ter,2.1685673026697875e-6,247,-0.060630595942023725
proteomics,zhu_B_subtilis,rel0_abs0,high,filtered,673,oriC,0.9123703453935127,215,-0.09662258273001438
proteomics,zhu_B_subtilis,rel0_abs0,high,filtered,673,ter,1.0895553841038098e-8,236,-0.2410603602636993
proteomics,zhu_B_subtilis,rel0_abs0,high,filtered,600,oriC,0.013230489376623918,194,0.12747574634740003
proteomics,zhu_B_subtilis,rel0_abs0,high,filtered,600,ter,0.0031471593901769364,214,-0.16833481198883626
proteomics,zhu_B_subtilis,rel0_abs0,high,filtered,666,oriC,0.001120306659455931,214,0.10396937862878927
proteomics,zhu_B_subtilis,rel0_abs0,high,filtered,666,ter,0.23104086888885905,235,-0.007674211058264371
proteomics,zhu_B_subtilis,rel0_abs0,high,filtered,603,oriC,4.059272490110759e-5,195,0.23949025778513774
proteomics,zhu_B_subtilis,rel0_abs0,high,filtered,603,ter,0.054741288814126605,218,-0.04724888060561906
proteomics,zhu_B_subtilis,rel0_abs0,high,filtered,684,oriC,0.7095594111470727,216,-0.038731110282011594
proteomics,zhu_B_subtilis,rel0_abs0,high,filtered,684,ter,8.492298193984634e-8,241,-0.1987443397261919
proteomics,zhu_B_subtilis,rel0_abs0,high,filtered,608,oriC,0.0015653220525356781,198,0.17087939268914148
proteomics,zhu_B_subtilis,rel0_abs0,high,filtered,608,ter,0.0035794477513754978,218,-0.13781218684426313
proteomics,zhu_B_subtilis,rel0_abs0,high,filtered,669,oriC,4.429139276323282e-7,216,0.156283207717704
proteomics,zhu_B_subtilis,rel0_abs0,high,filtered,669,ter,0.21871575727941883,234,0.061073980493802416
proteomics,zhu_B_subtilis,rel0_abs0,high,filtered,610,oriC,2.057584200893091e-6,197,0.24160053283034089
proteomics,zhu_B_subtilis,rel0_abs0,high,filtered,610,ter,0.5286755401149683,220,0.0031011355656281585
proteomics,zhu_B_subtilis,rel0_abs0,high,filtered,635,oriC,5.430073017903881e-8,201,0.1745126636402132
proteomics,zhu_B_subtilis,rel0_abs0,high,filtered,635,ter,0.27878771769493665,229,0.04019214621601305
proteomics,zhu_B_subtilis,rel0_abs0,high,filtered,674,oriC,2.5866377849888722e-14,215,0.24591486625431405
proteomics,zhu_B_subtilis,rel0_abs0,high,filtered,674,ter,5.393158370534304e-18,239,0.24128714242712881
proteomics,zhu_B_subtilis,rel0_abs0,high,filtered,617,oriC,6.0291405932016755e-15,199,0.34834817374017457
proteomics,zhu_B_subtilis,rel0_abs0,high,filtered,617,ter,1.7470585962124712e-7,225,0.2135988521117946
proteomics,zhu_B_subtilis,rel0_abs0,high,filtered,613,oriC,0.20470660747080485,202,0.10799376160560889
proteomics,zhu_B_subtilis,rel0_abs0,high,filtered,613,ter,7.836389817252365e-9,222,0.25461164547955356
proteomics,zhu_B_subtilis,rel0_abs0,high,filtered,616,oriC,2.9104538827677722e-12,201,0.22867298535144345
proteomics,zhu_B_subtilis,rel0_abs0,high,filtered,616,ter,1.5594266426820219e-9,222,0.1835607947132129
proteomics,zhu_B_subtilis,rel0_abs0,high,filtered,605,oriC,2.9893550460651853e-5,198,0.09563417482411278
proteomics,zhu_B_subtilis,rel0_abs0,high,filtered,605,ter,0.0019118531610321347,220,-0.05544425367152006
proteomics,zhu_E_coli,rel0_abs0,high,filtered,406,oriC,0.014496792371014002,185,0.0319289446016207
proteomics,zhu_E_coli,rel0_abs0,high,filtered,406,ter,0.4644598663629616,70,0.0013862352255295583
proteomics,zhu_E_coli,rel0_abs0,high,filtered,407,oriC,2.152723751056628e-9,186,-0.18488647802672808
proteomics,zhu_E_coli,rel0_abs0,high,filtered,407,ter,0.2750380994690361,71,0.07802039951183742
proteomics,zhu_E_coli,rel0_abs0,high,filtered,403,oriC,0.004172910052073961,184,0.07138871513478609
proteomics,zhu_E_coli,rel0_abs0,high,filtered,403,ter,0.976656500363868,70,0.013534591098443703
proteomics,zhu_E_coli,rel0_abs0,high,filtered,405,oriC,0.974842223931347,185,-0.015624936419201941
proteomics,zhu_E_coli,rel0_abs0,high,filtered,405,ter,0.7211044276537755,70,0.026901317952412337
proteomics,zhu_E_coli,rel0_abs0,high,filtered,390,oriC,0.006581550759343285,177,0.06467197572311037
proteomics,zhu_E_coli,rel0_abs0,high,filtered,390,ter,0.3698032594449494,69,-0.15603236976858798
proteomics,zhu_E_coli,rel0_abs0,high,filtered,407,oriC,0.005635011485177756,185,0.09926300003479217
proteomics,zhu_E_coli,rel0_abs0,high,filtered,407,ter,0.017822411742412173,71,0.23050641780153988
proteomics,zhu_E_coli,rel0_abs0,high,filtered,405,oriC,0.071793321245988,184,0.03424330576914869
proteomics,zhu_E_coli,rel0_abs0,high,filtered,405,ter,0.3037120894039364,71,0.1573727007883337
proteomics,zhu_E_coli,rel0_abs0,high,filtered,399,oriC,1.1767723331733097e-5,181,0.2669687264789014
proteomics,zhu_E_coli,rel0_abs0,high,filtered,399,ter,0.5623421868775422,70,0.09169998450237965
proteomics,zhu_E_coli,rel0_abs0,high,filtered,380,oriC,1.614013924830389e-4,173,0.0930975955465349
proteomics,zhu_E_coli,rel0_abs0,high,filtered,380,ter,0.24149987734736986,67,-0.2971938928770756
proteomics,zhu_E_coli,rel0_abs0,high,filtered,386,oriC,3.685691250170371e-7,177,0.3616112757873617
proteomics,zhu_E_coli,rel0_abs0,high,filtered,386,ter,0.6358191290530131,68,-0.08133397598914438
proteomics,zhu_E_coli,rel0_abs0,high,filtered,406,oriC,2.1307405430902647e-8,185,-0.19506133244136714
proteomics,zhu_E_coli,rel0_abs0,high,filtered,406,ter,0.289488191076469,70,0.0553665629106344
proteomics,zhu_E_coli,rel0_abs0,high,filtered,402,oriC,0.011403627219446707,183,0.048637227152956285
proteomics,zhu_E_coli,rel0_abs0,high,filtered,402,ter,0.742275078893359,69,-0.005713243881662085
proteomics,zhu_E_coli,rel0_abs0,high,filtered,406,oriC,0.20688338426522773,186,-0.0443573942585796
proteomics,zhu_E_coli,rel0_abs0,high,filtered,406,ter,0.6931303941869522,69,0.026112157630428866
proteomics,zhu_E_coli,rel0_abs0,high,filtered,390,oriC,0.01864477864828099,177,0.02337322865059305
proteomics,zhu_E_coli,rel0_abs0,high,filtered,390,ter,0.1682388855708094,68,-0.2097740968553567
proteomics,zhu_E_coli,rel0_abs0,high,filtered,406,oriC,0.03167014324391412,185,0.045613372363366454
proteomics,zhu_E_coli,rel0_abs0,high,filtered,406,ter,0.07522934911632195,70,0.17221280066889413
proteomics,zhu_E_coli,rel0_abs0,high,filtered,405,oriC,0.18082610585257608,185,0.025494364887060788
proteomics,zhu_E_coli,rel0_abs0,high,filtered,405,ter,0.6065585609182266,70,0.053468427377015196
proteomics,zhu_E_coli,rel0_abs0,high,filtered,399,oriC,4.082544807558998e-5,181,0.19594303623300868
proteomics,zhu_E_coli,rel0_abs0,high,filtered,399,ter,0.85295661210801,69,0.0424463293803837
proteomics,zhu_E_coli,rel0_abs0,high,filtered,378,oriC,0.0013196393359513503,172,0.09140787091568364
proteomics,zhu_E_coli,rel0_abs0,high,filtered,378,ter,0.16001794723172175,65,-0.31364297658886575
proteomics,zhu_E_coli,rel0_abs0,high,filtered,385,oriC,6.936042358805262e-6,177,0.27610999685811877
proteomics,zhu_E_coli,rel0_abs0,high,filtered,385,ter,0.2983089967222386,67,-0.14163407667101016
proteomics,zhu_E_coli,rel0_abs0,high,filtered,402,oriC,1.711078334263505e-7,182,0.24022818691891012
proteomics,zhu_E_coli,rel0_abs0,high,filtered,402,ter,0.7298848019606825,70,-0.06185065583256659
proteomics,zhu_E_coli,rel0_abs0,high,filtered,410,oriC,1.380685128817629e-5,186,0.084451885896936
proteomics,zhu_E_coli,rel0_abs0,high,filtered,410,ter,0.6273844860749268,72,-0.076088247239716
proteomics,zhu_E_coli,rel0_abs0,high,filtered,390,oriC,4.668948720999416e-6,177,0.2247473493953974
proteomics,zhu_E_coli,rel0_abs0,high,filtered,390,ter,0.26479064164520916,68,-0.17887332198396794
proteomics,zhu_E_coli,rel0_abs0,high,filtered,409,oriC,4.310473994264447e-8,185,0.2632247667253767
proteomics,zhu_E_coli,rel0_abs0,high,filtered,409,ter,0.53150922490881,72,0.06555291996122423
proteomics,zhu_E_coli,rel0_abs0,high,filtered,408,oriC,7.555676607568411e-7,184,0.22388361874990886
proteomics,zhu_E_coli,rel0_abs0,high,filtered,408,ter,0.6194465563120257,72,-0.06299939922822065
proteomics,zhu_E_coli,rel0_abs0,high,filtered,404,oriC,1.409013170642901e-9,182,0.37318909575198156
proteomics,zhu_E_coli,rel0_abs0,high,filtered,404,ter,0.7811821450238166,72,-0.08738084678112631
proteomics,zhu_E_coli,rel0_abs0,high,filtered,378,oriC,1.5842020339645777e-6,172,0.35937965750996537
proteomics,zhu_E_coli,rel0_abs0,high,filtered,378,ter,0.08082181410415204,67,-0.3080829090071571
proteomics,zhu_E_coli,rel0_abs0,high,filtered,391,oriC,1.4693397564140688e-9,179,0.4414221049312743
proteomics,zhu_E_coli,rel0_abs0,high,filtered,391,ter,0.8330377235122982,68,-0.051265847206668755
proteomics,zhu_E_coli,rel0_abs0,high,filtered,401,oriC,0.0017788026935645137,182,-0.1029834931781782
proteomics,zhu_E_coli,rel0_abs0,high,filtered,401,ter,0.7377601221923904,69,-0.0572263087486568
proteomics,zhu_E_coli,rel0_abs0,high,filtered,388,oriC,0.011726168200140474,175,0.03058337169198296
proteomics,zhu_E_coli,rel0_abs0,high,filtered,388,ter,0.08107090962995508,68,-0.15881797491194166
proteomics,zhu_E_coli,rel0_abs0,high,filtered,405,oriC,0.014172347257057126,184,-0.04228398854222623
proteomics,zhu_E_coli,rel0_abs0,high,filtered,405,ter,0.0021234790164765473,70,0.07551188291375882
proteomics,zhu_E_coli,rel0_abs0,high,filtered,404,oriC,0.019668818179350327,184,-0.049072861714387475
proteomics,zhu_E_coli,rel0_abs0,high,filtered,404,ter,0.8883025723941192,70,-0.03578922182787403
proteomics,zhu_E_coli,rel0_abs0,high,filtered,399,oriC,4.9018751458167675e-5,181,0.13967124026418018
proteomics,zhu_E_coli,rel0_abs0,high,filtered,399,ter,0.3509668135785825,69,0.10986396120322606
proteomics,zhu_E_coli,rel0_abs0,high,filtered,380,oriC,1.5696975804301508e-5,172,0.10277591842258263
proteomics,zhu_E_coli,rel0_abs0,high,filtered,380,ter,0.22919767210311878,65,-0.15643189896725157
proteomics,zhu_E_coli,rel0_abs0,high,filtered,382,oriC,1.0380841557903523e-7,175,0.2770477223663484
proteomics,zhu_E_coli,rel0_abs0,high,filtered,382,ter,0.8960136477444156,65,0.04460689043113525
proteomics,zhu_E_coli,rel0_abs0,high,filtered,390,oriC,0.0019555794201030277,175,0.11446034340851785
proteomics,zhu_E_coli,rel0_abs0,high,filtered,390,ter,0.7242699978352607,69,-0.03610396956807819
proteomics,zhu_E_coli,rel0_abs0,high,filtered,410,oriC,1.3031676232114002e-6,186,0.11377187123902176
proteomics,zhu_E_coli,rel0_abs0,high,filtered,410,ter,0.009920929047809323,72,0.16938277086855325
proteomics,zhu_E_coli,rel0_abs0,high,filtered,410,oriC,1.5527550325328303e-5,186,0.10241807167570832
proteomics,zhu_E_coli,rel0_abs0,high,filtered,410,ter,0.44367858667277116,72,0.046559618982689094
proteomics,zhu_E_coli,rel0_abs0,high,filtered,404,oriC,3.344946590648556e-11,182,0.2851478174208667
proteomics,zhu_E_coli,rel0_abs0,high,filtered,404,ter,0.7640050781835908,72,0.048343652217725505
proteomics,zhu_E_coli,rel0_abs0,high,filtered,379,oriC,2.476087982737569e-5,173,0.2826200809511237
proteomics,zhu_E_coli,rel0_abs0,high,filtered,379,ter,0.19914043998092446,66,-0.11926995906890306
proteomics,zhu_E_coli,rel0_abs0,high,filtered,391,oriC,1.3003318643465814e-9,178,0.3812127218270246
proteomics,zhu_E_coli,rel0_abs0,high,filtered,391,ter,0.9725928296996523,67,-0.10609189789390053
proteomics,zhu_E_coli,rel0_abs0,high,filtered,392,oriC,0.06931394560748184,176,0.00683971673242446
proteomics,zhu_E_coli,rel0_abs0,high,filtered,392,ter,0.025737686596613348,69,0.25239498051549275
proteomics,zhu_E_coli,rel0_abs0,high,filtered,392,oriC,0.00412831154020433,177,-0.08700467849489499
proteomics,zhu_E_coli,rel0_abs0,high,filtered,392,ter,0.14133958621083242,69,0.21462837195462006
proteomics,zhu_E_coli,rel0_abs0,high,filtered,393,oriC,0.11489605809984589,179,0.12757253757537532
proteomics,zhu_E_coli,rel0_abs0,high,filtered,393,ter,0.29266442909005974,69,0.17159168976381323
proteomics,zhu_E_coli,rel0_abs0,high,filtered,375,oriC,7.631622879886887e-6,171,0.11666397527169041
proteomics,zhu_E_coli,rel0_abs0,high,filtered,375,ter,0.11026117951162817,66,-0.10735991334727585
proteomics,zhu_E_coli,rel0_abs0,high,filtered,378,oriC,1.5557778000340714e-4,172,0.22391157267155842
proteomics,zhu_E_coli,rel0_abs0,high,filtered,378,ter,0.719458842813654,67,-0.020331128225828148
proteomics,zhu_E_coli,rel0_abs0,high,filtered,411,oriC,0.29915708109430256,187,-0.03974900360964204
proteomics,zhu_E_coli,rel0_abs0,high,filtered,411,ter,3.115368175910197e-4,72,-0.11284682189439021
proteomics,zhu_E_coli,rel0_abs0,high,filtered,408,oriC,1.393321967353373e-9,185,0.1626892221368484
proteomics,zhu_E_coli,rel0_abs0,high,filtered,408,ter,0.5689579232685903,72,-0.03877666018235784
proteomics,zhu_E_coli,rel0_abs0,high,filtered,383,oriC,6.83324406089795e-5,173,0.12457366195858881
proteomics,zhu_E_coli,rel0_abs0,high,filtered,383,ter,0.0011999759661416728,67,-0.32098066997908614
proteomics,zhu_E_coli,rel0_abs0,high,filtered,389,oriC,5.508189987965615e-10,178,0.29716993418115367
proteomics,zhu_E_coli,rel0_abs0,high,filtered,389,ter,0.5549841600966938,67,-0.06525783630756972
proteomics,zhu_E_coli,rel0_abs0,high,filtered,407,oriC,3.2094273680280835e-15,184,0.17059151458081195
proteomics,zhu_E_coli,rel0_abs0,high,filtered,407,ter,0.5959004568112332,72,0.010922742465531415
proteomics,zhu_E_coli,rel0_abs0,high,filtered,381,oriC,7.707954896497456e-6,173,0.15052367078486623
proteomics,zhu_E_coli,rel0_abs0,high,filtered,381,ter,0.023548965342918386,67,-0.2619113778548894
proteomics,zhu_E_coli,rel0_abs0,high,filtered,390,oriC,2.3583965034498645e-13,178,0.31659487805284525
proteomics,zhu_E_coli,rel0_abs0,high,filtered,390,ter,0.698010522740065,68,0.04755089349487954
proteomics,zhu_E_coli,rel0_abs0,high,filtered,382,oriC,0.16864873006880282,174,-0.04951251491711503
proteomics,zhu_E_coli,rel0_abs0,high,filtered,382,ter,0.0076493128108159145,68,-0.22435699077651244
proteomics,zhu_E_coli,rel0_abs0,high,filtered,394,oriC,9.880210610504535e-8,179,0.11895901512823151
proteomics,zhu_E_coli,rel0_abs0,high,filtered,394,ter,0.08748108660519378,70,-0.11393144063276872
proteomics,zhu_E_coli,rel0_abs0,high,filtered,386,oriC,0.04038542422411632,176,0.16025797604137393
proteomics,zhu_E_coli,rel0_abs0,high,filtered,386,ter,0.23899889859215911,67,0.14480670946318178
proteomics,zhu_V_natriegens,rel0_abs0,high,filtered,899,oriC,1.3066817881880073e-9,397,0.19751657569205835
proteomics,zhu_V_natriegens,rel0_abs0,high,filtered,899,ter,2.5590500671431825e-5,178,0.20351214703283133
proteomics,zhu_V_natriegens,rel0_abs0,high,filtered,914,oriC,0.15712931177168957,402,0.002051571201130929
proteomics,zhu_V_natriegens,rel0_abs0,high,filtered,914,ter,0.09118367481435911,180,0.04324783664664411
proteomics,zhu_V_natriegens,rel0_abs0,high,filtered,900,oriC,5.7941870869091094e-5,398,0.17885828677594878
proteomics,zhu_V_natriegens,rel0_abs0,high,filtered,900,ter,0.0432652239519825,175,0.10625405241659124
proteomics,zhu_V_natriegens,rel0_abs0,high,filtered,915,oriC,0.06159700021986623,401,0.05909637470438882
proteomics,zhu_V_natriegens,rel0_abs0,high,filtered,915,ter,0.006783092213804974,179,0.1505644993505461
proteomics,zhu_V_natriegens,rel0_abs0,high,filtered,891,oriC,0.019847957571332554,392,0.032341935254671786
proteomics,zhu_V_natriegens,rel0_abs0,high,filtered,891,ter,0.38096017449399183,174,-0.05022655344748847
proteomics,zhu_V_natriegens,rel0_abs0,high,filtered,848,oriC,0.054567600643217945,379,0.08591817207514289
proteomics,zhu_V_natriegens,rel0_abs0,high,filtered,848,ter,0.652237485459022,161,0.029232838942022294
proteomics,zhu_V_natriegens,rel0_abs0,high,filtered,906,oriC,0.06461950334123097,400,-0.0041745933608135985
proteomics,zhu_V_natriegens,rel0_abs0,high,filtered,906,ter,0.02479153745582212,175,0.09844050229608721
proteomics,zhu_V_natriegens,rel0_abs0,high,filtered,860,oriC,0.14397542468393243,381,0.014465303852421804
proteomics,zhu_V_natriegens,rel0_abs0,high,filtered,860,ter,0.9073297926074781,168,-0.013443542704972408
proteomics,zhu_V_natriegens,rel0_abs0,high,filtered,759,oriC,0.25968783062485895,335,-0.009269507792193236
proteomics,zhu_V_natriegens,rel0_abs0,high,filtered,759,ter,0.9676455153383249,140,0.008496564759092025
proteomics,zhu_V_natriegens,rel0_abs0,high,filtered,792,oriC,0.17386088422395532,349,-0.09640782994452199
proteomics,zhu_V_natriegens,rel0_abs0,high,filtered,792,ter,0.5267545676710488,146,0.13651072502797168
proteomics,zhu_V_natriegens,rel0_abs0,high,filtered,908,oriC,3.2738826439064765e-20,400,-0.2462088413657004
proteomics,zhu_V_natriegens,rel0_abs0,high,filtered,908,ter,7.29725480748491e-7,180,-0.18475221039551865
proteomics,zhu_V_natriegens,rel0_abs0,high,filtered,904,oriC,0.3271865814270002,399,-0.0754598252800035
proteomics,zhu_V_natriegens,rel0_abs0,high,filtered,904,ter,0.13581002298486766,179,-0.05122519574052792
proteomics,zhu_V_natriegens,rel0_abs0,high,filtered,909,oriC,5.177802504040713e-12,401,-0.1676307944296285
proteomics,zhu_V_natriegens,rel0_abs0,high,filtered,909,ter,0.007447490433323763,181,-0.10732793612048946
proteomics,zhu_V_natriegens,rel0_abs0,high,filtered,899,oriC,0.015060467544023685,395,-0.16959994116024932
proteomics,zhu_V_natriegens,rel0_abs0,high,filtered,899,ter,0.0023094245841773853,179,-0.14302298670733138
proteomics,zhu_V_natriegens,rel0_abs0,high,filtered,860,oriC,0.20405931888123008,383,-0.20192307322736763
proteomics,zhu_V_natriegens,rel0_abs0,high,filtered,860,ter,0.7786187139392124,168,-0.05346347109436912
proteomics,zhu_V_natriegens,rel0_abs0,high,filtered,906,oriC,0.07741437374392143,399,-0.17792258775127168
proteomics,zhu_V_natriegens,rel0_abs0,high,filtered,906,ter,0.17544288605745853,180,-0.10815222503772041
proteomics,zhu_V_natriegens,rel0_abs0,high,filtered,870,oriC,0.11777727042934528,389,-0.14978987914577585
proteomics,zhu_V_natriegens,rel0_abs0,high,filtered,870,ter,0.30979812836781256,169,-0.14532014592891163
proteomics,zhu_V_natriegens,rel0_abs0,high,filtered,768,oriC,0.3612982659318973,339,-0.19362171594441055
proteomics,zhu_V_natriegens,rel0_abs0,high,filtered,768,ter,0.7732151963933506,145,-0.04987587517567099
proteomics,zhu_V_natriegens,rel0_abs0,high,filtered,791,oriC,0.8937153859346478,349,-0.14070135828750868
proteomics,zhu_V_natriegens,rel0_abs0,high,filtered,791,ter,0.54206367430953994,148,-0.09190223624599718
proteomics,zhu_V_natriegens,rel0_abs0,high,filtered,911,oriC,8.897483218488588e-8,401,0.14448840294859155
proteomics,zhu_V_natriegens,rel0_abs0,high,filtered,911,ter,0.06932099169907645,180,0.054839261536597884
proteomics,zhu_V_natriegens,rel0_abs0,high,filtered,923,oriC,0.009080458515810323,403,0.049567749677799394
proteomics,zhu_V_natriegens,rel0_abs0,high,filtered,923,ter,0.05039160664945327,184,0.12590436359416948
proteomics,zhu_V_natriegens,rel0_abs0,high,filtered,909,oriC,4.571155555710089e-4,397,0.10574850897839481
proteomics,zhu_V_natriegens,rel0_abs0,high,filtered,909,ter,0.6370977594265378,181,0.0012027832034127198
proteomics,zhu_V_natriegens,rel0_abs0,high,filtered,864,oriC,0.030022479092189237,384,0.13115290617954511
proteomics,zhu_V_natriegens,rel0_abs0,high,filtered,864,ter,0.33997094352615387,168,0.08497513228650024
proteomics,zhu_V_natriegens,rel0_abs0,high,filtered,921,oriC,5.337992095896882e-4,402,0.06809489798745433
proteomics,zhu_V_natriegens,rel0_abs0,high,filtered,921,ter,0.12753329838136684,183,0.0672612897525871
proteomics,zhu_V_natriegens,rel0_abs0,high,filtered,882,oriC,0.08064553626031783,391,0.05339735653266191
proteomics,zhu_V_natriegens,rel0_abs0,high,filtered,882,ter,0.8224934741759765,173,0.03380068018314382
proteomics,zhu_V_natriegens,rel0_abs0,high,filtered,776,oriC,0.05877926074020835,342,0.09685116611449197
proteomics,zhu_V_natriegens,rel0_abs0,high,filtered,776,ter,0.6966204661865261,144,0.08862566800490246
proteomics,zhu_V_natriegens,rel0_abs0,high,filtered,807,oriC,0.013606751437306249,358,0.06959588191225721
proteomics,zhu_V_natriegens,rel0_abs0,high,filtered,807,ter,0.3538002309924845,147,0.18136141414753823
proteomics,zhu_V_natriegens,rel0_abs0,high,filtered,916,oriC,1.876390602415652e-11,402,-0.13199848527303415
proteomics,zhu_V_natriegens,rel0_abs0,high,filtered,916,ter,0.236225490781606,182,-0.03483655575791712
proteomics,zhu_V_natriegens,rel0_abs0,high,filtered,912,oriC,5.163499264716322e-4,399,-0.0758464647433533
proteomics,zhu_V_natriegens,rel0_abs0,high,filtered,912,ter,2.7222354619723737e-5,182,-0.09778739576195945
proteomics,zhu_V_natriegens,rel0_abs0,high,filtered,876,oriC,0.7387108764956181,387,0.012234035311840925
proteomics,zhu_V_natriegens,rel0_abs0,high,filtered,876,ter,0.6441185975612169,171,0.07968482455415667
proteomics,zhu_V_natriegens,rel0_abs0,high,filtered,915,oriC,8.915747699916184e-5,402,-0.10179018333039203
proteomics,zhu_V_natriegens,rel0_abs0,high,filtered,915,ter,0.4358713439804872,181,-0.02241751294333038
proteomics,zhu_V_natriegens,rel0_abs0,high,filtered,888,oriC,0.14402568636005825,392,-0.08023930516232908
proteomics,zhu_V_natriegens,rel0_abs0,high,filtered,888,ter,0.3227424033527173,174,-0.10519446568447896
proteomics,zhu_V_natriegens,rel0_abs0,high,filtered,780,oriC,0.32364173017435244,342,-0.041248840356083664
proteomics,zhu_V_natriegens,rel0_abs0,high,filtered,780,ter,0.933546024918009,149,0.09927831524336939
proteomics,zhu_V_natriegens,rel0_abs0,high,filtered,812,oriC,0.267006088549372,358,-0.004644000464101617
proteomics,zhu_V_natriegens,rel0_abs0,high,filtered,812,ter,0.3515009619981168,152,-0.07806905890886234
proteomics,zhu_V_natriegens,rel0_abs0,high,filtered,917,oriC,0.0022554618906814035,399,0.026362609640367917
proteomics,zhu_V_natriegens,rel0_abs0,high,filtered,917,ter,0.3595137687110384,183,-0.09048671665608948
proteomics,zhu_V_natriegens,rel0_abs0,high,filtered,878,oriC,0.11251964447033169,387,0.04322428378198262
proteomics,zhu_V_natriegens,rel0_abs0,high,filtered,878,ter,0.7286025411638426,170,-0.02914589985019368
proteomics,zhu_V_natriegens,rel0_abs0,high,filtered,928,oriC,0.0029024601358139087,404,0.008245838309170033
proteomics,zhu_V_natriegens,rel0_abs0,high,filtered,928,ter,0.33148936834084924,186,0.04051154340796249
proteomics,zhu_V_natriegens,rel0_abs0,high,filtered,898,oriC,0.35045088251699286,394,0.005628033638963535
proteomics,zhu_V_natriegens,rel0_abs0,high,filtered,898,ter,0.31621392561145856,178,-0.04118865681190735
proteomics,zhu_V_natriegens,rel0_abs0,high,filtered,788,oriC,0.23295475048064804,347,0.03035037825295259
proteomics,zhu_V_natriegens,rel0_abs0,high,filtered,788,ter,0.5495049006016266,147,0.016350780600158557
proteomics,zhu_V_natriegens,rel0_abs0,high,filtered,822,oriC,0.10847524892276333,360,0.00206267772598564
proteomics,zhu_V_natriegens,rel0_abs0,high,filtered,822,ter,0.5178686797018395,153,0.07892429230086018
proteomics,zhu_V_natriegens,rel0_abs0,high,filtered,881,oriC,0.008568852294445577,384,0.09025792588845936
proteomics,zhu_V_natriegens,rel0_abs0,high,filtered,881,ter,0.10711429809164959,173,0.13784416449912326
proteomics,zhu_V_natriegens,rel0_abs0,high,filtered,916,oriC,0.012528896018979819,399,-0.060300493005051144
proteomics,zhu_V_natriegens,rel0_abs0,high,filtered,916,ter,0.006674910196037021,183,0.07818695323722567
proteomics,zhu_V_natriegens,rel0_abs0,high,filtered,891,oriC,0.838596301715355,389,-2.6875315329413252e-5
proteomics,zhu_V_natriegens,rel0_abs0,high,filtered,891,ter,0.5041500966827974,177,0.059798999357967876
proteomics,zhu_V_natriegens,rel0_abs0,high,filtered,788,oriC,0.008185091754534333,337,0.05644166243036283
proteomics,zhu_V_natriegens,rel0_abs0,high,filtered,788,ter,0.230702868385133,153,0.1810991707258554
proteomics,zhu_V_natriegens,rel0_abs0,high,filtered,816,oriC,0.004656492953735894,352,0.07319503239785405
proteomics,zhu_V_natriegens,rel0_abs0,high,filtered,816,ter,0.8337371566926247,155,0.06675793909303829
proteomics,zhu_V_natriegens,rel0_abs0,high,filtered,882,oriC,0.01286743107680323,388,-0.11603830549255748
proteomics,zhu_V_natriegens,rel0_abs0,high,filtered,882,ter,0.9628044225467753,172,-0.029262406814869992
proteomics,zhu_V_natriegens,rel0_abs0,high,filtered,895,oriC,0.22784467173770193,396,-0.011091981779476776
proteomics,zhu_V_natriegens,rel0_abs0,high,filtered,895,ter,0.1620127307233959,175,-0.012670467081648198
proteomics,zhu_V_natriegens,rel0_abs0,high,filtered,815,oriC,0.8693327437339213,357,-0.013249771078516347
proteomics,zhu_V_natriegens,rel0_abs0,high,filtered,815,ter,0.17446374279040688,156,-0.03641898719387618
proteomics,zhu_V_natriegens,rel0_abs0,high,filtered,862,oriC,0.369609374584635,386,-0.08324436523841455
proteomics,zhu_V_natriegens,rel0_abs0,high,filtered,862,ter,0.0711824212905743,161,-0.11486582326073186
proteomics,zhu_V_natriegens,rel0_abs0,high,filtered,902,oriC,0.20466058804602286,394,0.04345691858310891
proteomics,zhu_V_natriegens,rel0_abs0,high,filtered,902,ter,0.31712343800215187,179,-0.05756022750759149
proteomics,zhu_V_natriegens,rel0_abs0,high,filtered,796,oriC,0.03655019399326381,345,0.07578910114267855
proteomics,zhu_V_natriegens,rel0_abs0,high,filtered,796,ter,0.8968185890874276,152,0.08154761479763137
proteomics,zhu_V_natriegens,rel0_abs0,high,filtered,830,oriC,0.010043872944094707,362,0.0977964154838161
proteomics,zhu_V_natriegens,rel0_abs0,high,filtered,830,ter,0.9337949642419698,155,0.044168896757650254
proteomics,zhu_V_natriegens,rel0_abs0,high,filtered,821,oriC,0.8952157500637558,357,-0.0038662709571512686
proteomics,zhu_V_natriegens,rel0_abs0,high,filtered,821,ter,0.4748062783202744,160,-0.07060130149446932
proteomics,zhu_V_natriegens,rel0_abs0,high,filtered,883,oriC,0.49587358339169735,390,0.018235661920316545
proteomics,zhu_V_natriegens,rel0_abs0,high,filtered,883,ter,0.35272950190976954,169,-0.01667890688034222
proteomics,zhu_V_natriegens,rel0_abs0,high,filtered,834,oriC,0.016346667162790932,364,0.06841160532408387
proteomics,zhu_V_natriegens,rel0_abs0,high,filtered,834,ter,0.07887993592250687,163,0.08616132495435568
