assay,dataset,cutoff,gene_filter,fc_mode,n_total,group,p,n_genes,med_log2fc
proteomics,schmidt_2016,rel0_abs0,high,unfiltered,552,oriC,0.0022649242294171365,236,0.03718517448426366
proteomics,schmidt_2016,rel0_abs0,high,unfiltered,552,ter,0.052189905112097666,106,0.05786178506984505
proteomics,schmidt_2016,rel0_abs0,high,unfiltered,552,oriC,3.578974450875163e-4,236,0.13357110829226748
proteomics,schmidt_2016,rel0_abs0,high,unfiltered,552,ter,0.5120860065385653,106,0.08079908580286205
proteomics,schmidt_2016,rel0_abs0,high,unfiltered,552,oriC,0.4091995682888225,236,0.04593580272332605
proteomics,schmidt_2016,rel0_abs0,high,unfiltered,552,ter,0.8698112373956524,106,0.01716441560178954
proteomics,schmidt_2016,rel0_abs0,high,unfiltered,552,oriC,8.535095210982411e-6,236,0.09959460466111411
proteomics,schmidt_2016,rel0_abs0,high,unfiltered,552,ter,0.4900282937819992,106,0.06401036461652648
proteomics,schmidt_2016,rel0_abs0,high,unfiltered,552,oriC,8.132356283807237e-9,236,0.2764810038884566
proteomics,schmidt_2016,rel0_abs0,high,unfiltered,552,ter,0.4900282937819992,106,0.12864833195662184
proteomics,schmidt_2016,rel0_abs0,high,unfiltered,552,oriC,5.169332188417682e-7,236,0.2248902693822628
proteomics,schmidt_2016,rel0_abs0,high,unfiltered,552,ter,0.8500039579672225,106,0.09059090809976554
proteomics,schmidt_2016,rel0_abs0,high,unfiltered,552,oriC,6.187248390270788e-5,236,0.24315362677727434
proteomics,schmidt_2016,rel0_abs0,high,unfiltered,552,ter,0.914658679199122,106,0.04952356165504854
proteomics,schmidt_2016,rel0_abs0,high,unfiltered,552,oriC,7.685427113629729e-9,236,0.2630949567722938
proteomics,schmidt_2016,rel0_abs0,high,unfiltered,552,ter,0.0093139872436988555,106,0.16942333303977705
proteomics,schmidt_2016,rel0_abs0,high,unfiltered,552,oriC,1.217190209244664e-10,236,0.3234137822350974
proteomics,schmidt_2016,rel0_abs0,high,unfiltered,552,ter,0.5747727577320638,106,0.11797916216189405
proteomics,schmidt_2016,rel0_abs0,high,unfiltered,552,oriC,5.7535374980421806e-05,236,0.19685425814505092
proteomics,schmidt_2016,rel0_abs0,high,unfiltered,552,ter,0.3557447971947565,106,0.1399957495830238
proteomics,schmidt_2016,rel0_abs0,high,unfiltered,552,oriC,1.114238328850046e-8,236,0.19814090754696218
proteomics,schmidt_2016,rel0_abs0,high,unfiltered,552,ter,0.5855630881218026,106,0.058807115527676854
proteomics,schmidt_2016,rel0_abs0,high,unfiltered,552,oriC,1.6556079779281654e-4,236,0.17020379973162997
proteomics,schmidt_2016,rel0_abs0,high,unfiltered,552,ter,0.007312702711998825,106,0.3368814308158654
proteomics,schmidt_2016,rel0_abs0,high,unfiltered,552,oriC,3.840104046016907e-8,236,0.28066157298146766
proteomics,schmidt_2016,rel0_abs0,high,unfiltered,552,ter,0.024221276201555734,106,0.2212827868451699
proteomics,schmidt_2016,rel0_abs0,high,unfiltered,552,oriC,5.161242357802361e-9,236,0.34970735917101614
proteomics,schmidt_2016,rel0_abs0,high,unfiltered,552,ter,0.2910216639970268,106,0.3071942968969593
proteomics,schmidt_2016,rel0_abs0,high,unfiltered,552,oriC,1.6091095257069772e-5,236,0.21872334392741544
proteomics,schmidt_2016,rel0_abs0,high,unfiltered,552,ter,0.0025850298637585685,106,0.36318120598605247
proteomics,schmidt_2016,rel0_abs0,high,unfiltered,552,oriC,8.065360899833784e-8,236,0.28486466312156944
proteomics,schmidt_2016,rel0_abs0,high,unfiltered,552,ter,0.8648512485629392,106,0.07426153698406505
proteomics,schmidt_2016,rel0_abs0,high,unfiltered,552,oriC,1.3775119324292122e-8,236,0.30678167792562316
proteomics,schmidt_2016,rel0_abs0,high,unfiltered,552,ter,0.010205427356460295,106,0.3678146722685121
proteomics,schmidt_2016,rel0_abs0,high,unfiltered,552,oriC,1.3546998821863472e-8,236,0.42845073868791156
proteomics,schmidt_2016,rel0_abs0,high,unfiltered,552,ter,0.11359283397484757,106,-0.17564416736812727
proteomics,schmidt_2016,rel0_abs0,high,unfiltered,552,oriC,1.9850533726596416e-8,236,0.417546937922036
proteomics,schmidt_2016,rel0_abs0,high,unfiltered,552,ter,0.02122088663495855,106,-0.26790222520446655
proteomics,schmidt_2016,rel0_abs0,high,unfiltered,552,oriC,0.002323109762645021,236,0.0941793575566131
proteomics,schmidt_2016,rel0_abs0,high,unfiltered,552,ter,0.7454500459908215,106,0.0022629959335540273
proteomics,schmidt_2016,rel0_abs0,high,unfiltered,552,oriC,0.7284634757234414,236,0.004526927604531627
proteomics,schmidt_2016,rel0_abs0,high,unfiltered,552,ter,0.12172398092200107,106,-0.059357501798544016
proteomics,schmidt_2016,rel0_abs0,high,unfiltered,552,oriC,0.0031558281933157842,236,0.019007939842056818
proteomics,schmidt_2016,rel0_abs0,high,unfiltered,552,ter,0.02462103415007752,106,-0.041497722853691965
proteomics,schmidt_2016,rel0_abs0,high,unfiltered,552,oriC,4.4981749379074064e-9,236,0.24246426344395672
proteomics,schmidt_2016,rel0_abs0,high,unfiltered,552,ter,0.9321810799753231,106,0.04646378313775576
proteomics,schmidt_2016,rel0_abs0,high,unfiltered,552,oriC,2.8332629027852616e-7,236,0.1941152421935522
proteomics,schmidt_2016,rel0_abs0,high,unfiltered,552,ter,0.2672295746705887,106,-0.014414440050103183
proteomics,schmidt_2016,rel0_abs0,high,unfiltered,552,oriC,1.848524914157055e-4,236,0.14089735084107252
proteomics,schmidt_2016,rel0_abs0,high,unfiltered,552,ter,0.24866764595107585,106,-0.04367481293359283
proteomics,schmidt_2016,rel0_abs0,high,unfiltered,552,oriC,8.153409598682412e-10,236,0.24196578117030598
proteomics,schmidt_2016,rel0_abs0,high,unfiltered,552,ter,0.11576677742369335,106,0.07034961587963873
proteomics,schmidt_2016,rel0_abs0,high,unfiltered,552,oriC,4.950334437304058e-11,236,0.2891655424904709
proteomics,schmidt_2016,rel0_abs0,high,unfiltered,552,ter,0.9397012553386545,106,0.06620197964935087
proteomics,schmidt_2016,rel0_abs0,high,unfiltered,552,oriC,4.9710081278771355e-5,236,0.1449437924455889
proteomics,schmidt_2016,rel0_abs0,high,unfiltered,552,ter,0.6207083594875438,106,0.03034999254300308
proteomics,schmidt_2016,rel0_abs0,high,unfiltered,552,oriC,7.2624178184892916e-09,236,0.16071918089116402
proteomics,schmidt_2016,rel0_abs0,high,unfiltered,552,ter,0.49201219472541835,106,-0.01612564112156788
proteomics,schmidt_2016,rel0_abs0,high,unfiltered,552,oriC,8.676428579475082e-4,236,0.11402634968077474
proteomics,schmidt_2016,rel0_abs0,high,unfiltered,552,ter,0.0024032069028543774,106,0.19659192060664593
proteomics,schmidt_2016,rel0_abs0,high,unfiltered,552,oriC,1.2390989181165804e-8,236,0.21718775337131074
proteomics,schmidt_2016,rel0_abs0,high,unfiltered,552,ter,0.1703525194974512,106,0.10448263778477809
proteomics,schmidt_2016,rel0_abs0,high,unfiltered,552,oriC,6.979874987287207e-9,236,0.32739973572832504
proteomics,schmidt_2016,rel0_abs0,high,unfiltered,552,ter,0.40180461036783954,106,0.1944224268932036
proteomics,schmidt_2016,rel0_abs0,high,unfiltered,552,oriC,5.502838416542796e-5,236,0.1878074765212127
proteomics,schmidt_2016,rel0_abs0,high,unfiltered,552,ter,0.003341832921976758,106,0.18459319721970938
proteomics,schmidt_2016,rel0_abs0,high,unfiltered,552,oriC,3.4669404211176503e-7,236,0.19374203003470486
proteomics,schmidt_2016,rel0_abs0,high,unfiltered,552,ter,0.5662087929913459,106,0.017360229114261494
proteomics,schmidt_2016,rel0_abs0,high,unfiltered,552,oriC,9.052167603965564e-9,236,0.25253018333250843
proteomics,schmidt_2016,rel0_abs0,high,unfiltered,552,ter,0.007956951444771362,106,0.29994335779327885
proteomics,schmidt_2016,rel0_abs0,high,unfiltered,552,oriC,1.9049563182939414e-9,236,0.3648503952303415
proteomics,schmidt_2016,rel0_abs0,high,unfiltered,552,ter,0.021757456146559048,106,-0.19286703353144075
proteomics,schmidt_2016,rel0_abs0,high,unfiltered,552,oriC,3.48391699204725e-8,236,0.3411242203898857
proteomics,schmidt_2016,rel0_abs0,high,unfiltered,552,ter,0.010112985692959403,106,-0.342891111822631
proteomics,schmidt_2016,rel0_abs0,high,unfiltered,552,oriC,9.178429659946321e-7,236,-0.10998046383144161
proteomics,schmidt_2016,rel0_abs0,high,unfiltered,552,ter,0.9547570792979475,106,0.04755548097744841
proteomics,schmidt_2016,rel0_abs0,high,unfiltered,552,oriC,0.021357193740982182,236,-0.06650269846186344
proteomics,schmidt_2016,rel0_abs0,high,unfiltered,552,ter,0.5060193407838924,106,-0.018566454082378298
proteomics,schmidt_2016,rel0_abs0,high,unfiltered,552,oriC,4.384587644393047e-6,236,0.17072203711447875
proteomics,schmidt_2016,rel0_abs0,high,unfiltered,552,ter,0.8033613393975633,106,0.08933075440703608
proteomics,schmidt_2016,rel0_abs0,high,unfiltered,552,oriC,4.04999813385916e-5,236,0.12751846631755426
proteomics,schmidt_2016,rel0_abs0,high,unfiltered,552,ter,0.9422092092458196,106,0.06348070278442042
proteomics,schmidt_2016,rel0_abs0,high,unfiltered,552,oriC,4.6064296902484136e-4,236,0.09838383390160339
proteomics,schmidt_2016,rel0_abs0,high,unfiltered,552,ter,0.47431314964000487,106,-0.0228711419302654
proteomics,schmidt_2016,rel0_abs0,high,unfiltered,552,oriC,1.0211026367674342e-6,236,0.18085145159024138
proteomics,schmidt_2016,rel0_abs0,high,unfiltered,552,ter,0.27825395747534554,106,0.179865894564193
proteomics,schmidt_2016,rel0_abs0,high,unfiltered,552,oriC,2.2314534252122298e-9,236,0.2666280245022416
proteomics,schmidt_2016,rel0_abs0,high,unfiltered,552,ter,0.7029223068513011,106,0.07629797408252921
proteomics,schmidt_2016,rel0_abs0,high,unfiltered,552,oriC,0.0015686326141421396,236,0.08025809042536042
proteomics,schmidt_2016,rel0_abs0,high,unfiltered,552,ter,0.8747763534131007,106,0.023511931216438738
proteomics,schmidt_2016,rel0_abs0,high,unfiltered,552,oriC,0.0017353046870049493,236,0.06332380980707286
proteomics,schmidt_2016,rel0_abs0,high,unfiltered,552,ter,0.9798833793069818,106,-0.0335195570246439
proteomics,schmidt_2016,rel0_abs0,high,unfiltered,552,oriC,0.0027273793997337078,236,0.0978627453226619
proteomics,schmidt_2016,rel0_abs0,high,unfiltered,552,ter,3.3469625235737604e-4,106,0.2326727171688623
proteomics,schmidt_2016,rel0_abs0,high,unfiltered,552,oriC,3.446377883115317e-8,236,0.1908891865209329
proteomics,schmidt_2016,rel0_abs0,high,unfiltered,552,ter,0.15886632097861628,106,0.11881765297187655
proteomics,schmidt_2016,rel0_abs0,high,unfiltered,552,oriC,1.343303960191668e-6,236,0.24375808891062278
proteomics,schmidt_2016,rel0_abs0,high,unfiltered,552,ter,0.41973346848750925,106,0.19853740721172466
proteomics,schmidt_2016,rel0_abs0,high,unfiltered,552,oriC,0.006329306444446171,236,0.07773844677615795
proteomics,schmidt_2016,rel0_abs0,high,unfiltered,552,ter,8.369755259178118e-5,106,0.19346318753862524
proteomics,schmidt_2016,rel0_abs0,high,unfiltered,552,oriC,1.1317071819385219e-5,236,0.15205472557789323
proteomics,schmidt_2016,rel0_abs0,high,unfiltered,552,ter,0.5986342372354823,106,-0.027008670784473075
proteomics,schmidt_2016,rel0_abs0,high,unfiltered,552,oriC,1.8301538449439752e-6,236,0.26201161824034525
proteomics,schmidt_2016,rel0_abs0,high,unfiltered,552,ter,0.0017679555786779418,106,0.21709750733840252
proteomics,schmidt_2016,rel0_abs0,high,unfiltered,552,oriC,2.2539278565270914e-7,236,0.3371837173810224
proteomics,schmidt_2016,rel0_abs0,high,unfiltered,552,ter,0.03779276904639495,106,-0.1853929823576076
proteomics,schmidt_2016,rel0_abs0,high,unfiltered,552,oriC,2.804327868602842e-6,236,0.35686683768767324
proteomics,schmidt_2016,rel0_abs0,high,unfiltered,552,ter,0.018237267840239338,106,-0.21357951951965443
proteomics,schmidt_2016,rel0_abs0,high,unfiltered,552,oriC,0.0065711013324534885,236,0.04405848309015367
proteomics,schmidt_2016,rel0_abs0,high,unfiltered,552,ter,0.8180234351968332,106,-0.030765880856130585
proteomics,schmidt_2016,rel0_abs0,high,unfiltered,552,oriC,1.4088996779663703e-16,236,0.24543634912133813
proteomics,schmidt_2016,rel0_abs0,high,unfiltered,552,ter,0.1410391211519452,106,0.10745211350043661
proteomics,schmidt_2016,rel0_abs0,high,unfiltered,552,oriC,3.2965075703676305e-19,236,0.24768798277027232
proteomics,schmidt_2016,rel0_abs0,high,unfiltered,552,ter,0.18873249670824369,106,0.018471243505114164
proteomics,schmidt_2016,rel0_abs0,high,unfiltered,552,oriC,4.07945626033689e-9,236,0.20695745065234883
proteomics,schmidt_2016,rel0_abs0,high,unfiltered,552,ter,0.6229351303184154,106,-0.008727374392122834
proteomics,schmidt_2016,rel0_abs0,high,unfiltered,552,oriC,3.2576004241521973e-18,236,0.24600521630430922
proteomics,schmidt_2016,rel0_abs0,high,unfiltered,552,ter,0.004169201647370745,106,0.10806950643340255
proteomics,schmidt_2016,rel0_abs0,high,unfiltered,552,oriC,4.495994592530838e-19,236,0.3127501120132734
proteomics,schmidt_2016,rel0_abs0,high,unfiltered,552,ter,0.10864533961186945,106,0.08902953227705751
proteomics,schmidt_2016,rel0_abs0,high,unfiltered,552,oriC,1.6639462696348245e-9,236,0.16429747215854096
proteomics,schmidt_2016,rel0_abs0,high,unfiltered,552,ter,0.3590379125618119,106,0.03456361440858056
proteomics,schmidt_2016,rel0_abs0,high,unfiltered,552,oriC,1.4787361231868346e-9,236,0.16378853425978984
proteomics,schmidt_2016,rel0_abs0,high,unfiltered,552,ter,0.8797464044139717,106,-0.002913966127925187
proteomics,schmidt_2016,rel0_abs0,high,unfiltered,552,oriC,6.455788151083485e-7,236,0.15132084904221782
proteomics,schmidt_2016,rel0_abs0,high,unfiltered,552,ter,1.0582876102259647e-4,106,0.26390434282574193
proteomics,schmidt_2016,rel0_abs0,high,unfiltered,552,oriC,3.051954024757099e-12,236,0.25273793030293734
proteomics,schmidt_2016,rel0_abs0,high,unfiltered,552,ter,0.01590032082106435,106,0.15662556476280057
proteomics,schmidt_2016,rel0_abs0,high,unfiltered,552,oriC,2.6789333591061334e-13,236,0.2817330845865365
proteomics,schmidt_2016,rel0_abs0,high,unfiltered,552,ter,0.08816229914318985,106,0.20084053117378448
proteomics,schmidt_2016,rel0_abs0,high,unfiltered,552,oriC,4.88139918395356e-10,236,0.19761233963355834
proteomics,schmidt_2016,rel0_abs0,high,unfiltered,552,ter,3.5942130585639947e-5,106,0.23695713968605098
proteomics,schmidt_2016,rel0_abs0,high,unfiltered,552,oriC,6.9403946705292485e-9,236,0.1930873937826405
proteomics,schmidt_2016,rel0_abs0,high,unfiltered,552,ter,0.9296756661127406,106,-0.03365800589291863
proteomics,schmidt_2016,rel0_abs0,high,unfiltered,552,oriC,7.84153042090514e-13,236,0.30497048108752633
proteomics,schmidt_2016,rel0_abs0,high,unfiltered,552,ter,0.0020742067589764276,106,0.2671738546632374
proteomics,schmidt_2016,rel0_abs0,high,unfiltered,552,oriC,4.673133350843105e-11,236,0.37204694145453276
proteomics,schmidt_2016,rel0_abs0,high,unfiltered,552,ter,0.1093415038446126,106,-0.16422364805585016
proteomics,schmidt_2016,rel0_abs0,high,unfiltered,552,oriC,3.621140427686724e-10,236,0.36589196877852703
proteomics,schmidt_2016,rel0_abs0,high,unfiltered,552,ter,0.016600607600716053,106,-0.20735010288520261
proteomics,schmidt_2016,rel0_abs0,high,unfiltered,552,oriC,7.139991777241262e-9,236,0.20407338106714745
proteomics,schmidt_2016,rel0_abs0,high,unfiltered,552,ter,0.06294003455928672,106,0.08857539173768036
proteomics,schmidt_2016,rel0_abs0,high,unfiltered,552,oriC,1.509756751145625e-7,236,0.17771457352493444
proteomics,schmidt_2016,rel0_abs0,high,unfiltered,552,ter,0.30269658265967214,106,0.0914146533170617
proteomics,schmidt_2016,rel0_abs0,high,unfiltered,552,oriC,6.287745196301994e-5,236,0.12946459382515108
proteomics,schmidt_2016,rel0_abs0,high,unfiltered,552,ter,0.7311802444938906,106,-0.0034296962495952185
proteomics,schmidt_2016,rel0_abs0,high,unfiltered,552,oriC,8.447082343164325e-11,236,0.2149776946449905
proteomics,schmidt_2016,rel0_abs0,high,unfiltered,552,ter,1.5540621002718986e-4,106,0.15639766126331855
proteomics,schmidt_2016,rel0_abs0,high,unfiltered,552,oriC,1.7696953939662005e-11,236,0.2610085268317466
proteomics,schmidt_2016,rel0_abs0,high,unfiltered,552,ter,0.1058956874201211,106,0.17038652370863225
proteomics,schmidt_2016,rel0_abs0,high,unfiltered,552,oriC,5.198715180277965e-5,236,0.15382862992456492
proteomics,schmidt_2016,rel0_abs0,high,unfiltered,552,ter,0.1058956874201211,106,0.10173434884298523
proteomics,schmidt_2016,rel0_abs0,high,unfiltered,552,oriC,3.565748948305204e-12,236,0.11465109035711027
proteomics,schmidt_2016,rel0_abs0,high,unfiltered,552,ter,0.31619829099496327,106,0.05804668868838325
proteomics,schmidt_2016,rel0_abs0,high,unfiltered,552,oriC,0.0018573032208203952,236,0.15253997275658995
proteomics,schmidt_2016,rel0_abs0,high,unfiltered,552,ter,6.639684201099958e-4,106,0.26236713253545624
proteomics,schmidt_2016,rel0_abs0,high,unfiltered,552,oriC,2.73453626436526e-7,236,0.1508465237788305
proteomics,schmidt_2016,rel0_abs0,high,unfiltered,552,ter,0.03987591195191657,106,0.17183708126120262
proteomics,schmidt_2016,rel0_abs0,high,unfiltered,552,oriC,5.106218697875887e-8,236,0.28097511715088075
proteomics,schmidt_2016,rel0_abs0,high,unfiltered,552,ter,0.10864533961186945,106,0.241393634056991
proteomics,schmidt_2016,rel0_abs0,high,unfiltered,552,oriC,9.290831941844075e-5,236,0.09406454517427743
proteomics,schmidt_2016,rel0_abs0,high,unfiltered,552,ter,0.0010811554086480263,106,0.3441576502146956
proteomics,schmidt_2016,rel0_abs0,high,unfiltered,552,oriC,5.623235869949006e-7,236,0.1811934028132367
proteomics,schmidt_2016,rel0_abs0,high,unfiltered,552,ter,0.5080373520607278,106,0.0977965527353405
proteomics,schmidt_2016,rel0_abs0,high,unfiltered,552,oriC,3.182536750223673e-9,236,0.2282750188568492
proteomics,schmidt_2016,rel0_abs0,high,unfiltered,552,ter,1.973524422365094e-4,106,0.3796029469022725
proteomics,schmidt_2016,rel0_abs0,high,unfiltered,552,oriC,1.5534905656011e-10,236,0.3057184528304504
proteomics,schmidt_2016,rel0_abs0,high,unfiltered,552,ter,0.02442044629186732,106,-0.20484196937419702
proteomics,schmidt_2016,rel0_abs0,high,unfiltered,552,oriC,9.960308414810105e-9,236,0.27584725596068205
proteomics,schmidt_2016,rel0_abs0,high,unfiltered,552,ter,0.013470513451913697,106,-0.3238359480091456
proteomics,schmidt_2016,rel0_abs0,high,unfiltered,552,oriC,0.614032732229791,236,-0.020617124526898192
proteomics,schmidt_2016,rel0_abs0,high,unfiltered,552,ter,0.5471668723908739,106,-0.03165699975707536
proteomics,schmidt_2016,rel0_abs0,high,unfiltered,552,oriC,0.1349458845095243,236,-0.08622032764197726
proteomics,schmidt_2016,rel0_abs0,high,unfiltered,552,ter,0.45316453387577554,106,-0.11809969416040994
proteomics,schmidt_2016,rel0_abs0,high,unfiltered,552,oriC,0.08955445792974177,236,0.008221124280641052
proteomics,schmidt_2016,rel0_abs0,high,unfiltered,552,ter,0.09991076871000212,106,0.021894330086882345
proteomics,schmidt_2016,rel0_abs0,high,unfiltered,552,oriC,0.01615356241719973,236,0.021516054722729563
proteomics,schmidt_2016,rel0_abs0,high,unfiltered,552,ter,0.5899054006275561,106,0.006261830649757818
proteomics,schmidt_2016,rel0_abs0,high,unfiltered,552,oriC,0.0037345802983480667,236,-0.06873272904314251
proteomics,schmidt_2016,rel0_abs0,high,unfiltered,552,ter,0.8106840847857665,106,-0.034542924216245795
proteomics,schmidt_2016,rel0_abs0,high,unfiltered,552,oriC,0.47944312742010414,236,-0.069648559136348
proteomics,schmidt_2016,rel0_abs0,high,unfiltered,552,ter,0.25256727060061857,106,-0.039587559152238015
proteomics,schmidt_2016,rel0_abs0,high,unfiltered,552,oriC,0.8612559164169702,236,-0.04446629275861919
proteomics,schmidt_2016,rel0_abs0,high,unfiltered,552,ter,0.005651247303063745,106,0.18463258217793665
proteomics,schmidt_2016,rel0_abs0,high,unfiltered,552,oriC,0.045431888138430444,236,-0.017810896807675294
proteomics,schmidt_2016,rel0_abs0,high,unfiltered,552,ter,0.04534392794024375,106,0.08519378543613929
proteomics,schmidt_2016,rel0_abs0,high,unfiltered,552,oriC,0.017371047316982063,236,0.029747347129492334
proteomics,schmidt_2016,rel0_abs0,high,unfiltered,552,ter,0.07755398855916376,106,0.0824007318972668
proteomics,schmidt_2016,rel0_abs0,high,unfiltered,552,oriC,0.328696141601215,236,-0.037659556773827596
proteomics,schmidt_2016,rel0_abs0,high,unfiltered,552,ter,0.0017679555786779418,106,0.2121961001118718
proteomics,schmidt_2016,rel0_abs0,high,unfiltered,552,oriC,0.34014206817433845,236,-0.04045890396388194
proteomics,schmidt_2016,rel0_abs0,high,unfiltered,552,ter,0.42703466792983935,106,-0.08757134161749237
proteomics,schmidt_2016,rel0_abs0,high,unfiltered,552,oriC,5.177612945297124e-5,236,0.10498253403845365
proteomics,schmidt_2016,rel0_abs0,high,unfiltered,552,ter,6.687446929273897e-5,106,0.28716427956216145
proteomics,schmidt_2016,rel0_abs0,high,unfiltered,552,oriC,0.0033975027999339725,236,0.01950566641565281
proteomics,schmidt_2016,rel0_abs0,high,unfiltered,552,ter,0.00554290899491058,106,-0.29633512989506694
proteomics,schmidt_2016,rel0_abs0,high,unfiltered,552,oriC,4.381159150981166e-4,236,0.12579155644423146
proteomics,schmidt_2016,rel0_abs0,high,unfiltered,552,ter,0.00304878121233191,106,-0.3005306343781942
proteomics,schmidt_2016,rel0_abs0,high,unfiltered,552,oriC,0.9003272568915524,236,-0.029302903081111935
proteomics,schmidt_2016,rel0_abs0,high,unfiltered,552,ter,0.587732389429577,106,-0.024099648276614136
proteomics,schmidt_2016,rel0_abs0,high,unfiltered,552,oriC,0.0017866582157433674,236,0.0454147860661986
proteomics,schmidt_2016,rel0_abs0,high,unfiltered,552,ter,0.0012624440355532452,106,0.10182278311563073
proteomics,schmidt_2016,rel0_abs0,high,unfiltered,552,oriC,1.6913306710882347e-7,236,0.04952751299876054
proteomics,schmidt_2016,rel0_abs0,high,unfiltered,552,ter,0.3395662935769235,106,0.04224121097449871
proteomics,schmidt_2016,rel0_abs0,high,unfiltered,552,oriC,0.014544537302792518,236,-0.03886538586757689
proteomics,schmidt_2016,rel0_abs0,high,unfiltered,552,ter,0.32852668852129163,106,0.038305543126672933
proteomics,schmidt_2016,rel0_abs0,high,unfiltered,552,oriC,0.18160831087335727,236,-0.08249774360472331
proteomics,schmidt_2016,rel0_abs0,high,unfiltered,552,ter,0.526387720289226,106,-0.04714470736239068
proteomics,schmidt_2016,rel0_abs0,high,unfiltered,552,oriC,0.4339545527363693,236,-7.203263399998541e-6
proteomics,schmidt_2016,rel0_abs0,high,unfiltered,552,ter,0.002096260472389608,106,0.14922558719325238
proteomics,schmidt_2016,rel0_abs0,high,unfiltered,552,oriC,1.487448723055332e-4,236,0.08207071172892064
proteomics,schmidt_2016,rel0_abs0,high,unfiltered,552,ter,0.023246411319840572,106,0.12611510090997827
proteomics,schmidt_2016,rel0_abs0,high,unfiltered,552,oriC,4.675696479689302e-5,236,0.13318559032803085
proteomics,schmidt_2016,rel0_abs0,high,unfiltered,552,ter,0.185571591172131,106,0.1179806003925758
proteomics,schmidt_2016,rel0_abs0,high,unfiltered,552,oriC,0.04371374079085414,236,0.02629041483842435
proteomics,schmidt_2016,rel0_abs0,high,unfiltered,552,ter,4.408200966646352e-4,106,0.21740855069502169
proteomics,schmidt_2016,rel0_abs0,high,unfiltered,552,oriC,0.03028361609933817,236,0.017262420552014247
proteomics,schmidt_2016,rel0_abs0,high,unfiltered,552,ter,0.36069163229957596,106,-0.05337252823108223
proteomics,schmidt_2016,rel0_abs0,high,unfiltered,552,oriC,2.3235968890658696e-5,236,0.14030200006507182
proteomics,schmidt_2016,rel0_abs0,high,unfiltered,552,ter,6.873267453618605e-4,106,0.280433789677492
proteomics,schmidt_2016,rel0_abs0,high,unfiltered,552,oriC,3.7008738229601936e-7,236,0.14480629970340833
proteomics,schmidt_2016,rel0_abs0,high,unfiltered,552,ter,0.0032745777953540286,106,-0.23211809902972702
proteomics,schmidt_2016,rel0_abs0,high,unfiltered,552,oriC,3.3477535384494806e-5,236,0.20063598661986787
proteomics,schmidt_2016,rel0_abs0,high,unfiltered,552,ter,0.0025056182312751473,106,-0.27604810682291203
proteomics,schmidt_2016,rel0_abs0,high,unfiltered,552,oriC,0.06924626813563524,236,0.04095551868187832
proteomics,schmidt_2016,rel0_abs0,high,unfiltered,552,ter,0.0015704222699572886,106,0.13257485434982866
proteomics,schmidt_2016,rel0_abs0,high,unfiltered,552,oriC,1.5413039401763667e-7,236,0.12888230794915573
proteomics,schmidt_2016,rel0_abs0,high,unfiltered,552,ter,0.11216149098814417,106,0.11270403275575938
proteomics,schmidt_2016,rel0_abs0,high,unfiltered,552,oriC,0.05070556028492752,236,-0.012463295547710742
proteomics,schmidt_2016,rel0_abs0,high,unfiltered,552,ter,0.06896632510463145,106,0.07067687704423245
proteomics,schmidt_2016,rel0_abs0,high,unfiltered,552,oriC,0.1565477999172088,236,-0.04648969407985505
proteomics,schmidt_2016,rel0_abs0,high,unfiltered,552,ter,0.2867226922771903,106,0.039405553125529555
proteomics,schmidt_2016,rel0_abs0,high,unfiltered,552,oriC,0.9244980229239607,236,-0.02699878945699828
proteomics,schmidt_2016,rel0_abs0,high,unfiltered,552,ter,2.8235054246916573e-4,106,0.2394879760073284
proteomics,schmidt_2016,rel0_abs0,high,unfiltered,552,oriC,9.217862350987539e-5,236,0.07890468619777918
proteomics,schmidt_2016,rel0_abs0,high,unfiltered,552,ter,6.413499638862152e-4,106,0.12597642014510652
proteomics,schmidt_2016,rel0_abs0,high,unfiltered,552,oriC,1.203178577700231e-5,236,0.11521320881054462
proteomics,schmidt_2016,rel0_abs0,high,unfiltered,552,ter,0.14361060394039726,106,0.20553962527113834
proteomics,schmidt_2016,rel0_abs0,high,unfiltered,552,oriC,0.36278474475480393,236,-0.009712068398890434
proteomics,schmidt_2016,rel0_abs0,high,unfiltered,552,ter,5.139426431423699e-4,106,0.17408635774614672
proteomics,schmidt_2016,rel0_abs0,high,unfiltered,552,oriC,2.8944158462185205e-4,236,0.07593461110902035
proteomics,schmidt_2016,rel0_abs0,high,unfiltered,552,ter,0.6074211918722743,106,0.0571440402051179
proteomics,schmidt_2016,rel0_abs0,high,unfiltered,552,oriC,9.449616961883267e-7,236,0.18510694543147707
proteomics,schmidt_2016,rel0_abs0,high,unfiltered,552,ter,5.449636220263e-4,106,0.32524476024683513
proteomics,schmidt_2016,rel0_abs0,high,unfiltered,552,oriC,1.7354502888280273e-7,236,0.2157368473028215
proteomics,schmidt_2016,rel0_abs0,high,unfiltered,552,ter,0.009144272555858465,106,-0.222191478528578
proteomics,schmidt_2016,rel0_abs0,high,unfiltered,552,oriC,1.2263375088062582e-6,236,0.2589711515913485
proteomics,schmidt_2016,rel0_abs0,high,unfiltered,552,ter,0.00788294026876234,106,-0.18142588584014568
proteomics,schmidt_2016,rel0_abs0,high,unfiltered,552,oriC,0.002038751242113598,236,0.05615504060713579
proteomics,schmidt_2016,rel0_abs0,high,unfiltered,552,ter,0.033638916368569784,106,-0.04134103201097557
proteomics,schmidt_2016,rel0_abs0,high,unfiltered,552,oriC,2.2366178978661358e-5,236,-0.07445477810855813
proteomics,schmidt_2016,rel0_abs0,high,unfiltered,552,ter,0.05030945291724252,106,-0.0861716809598991
proteomics,schmidt_2016,rel0_abs0,high,unfiltered,552,oriC,0.010191896340225652,236,-0.08129034329448669
proteomics,schmidt_2016,rel0_abs0,high,unfiltered,552,ter,0.012661724290482542,106,-0.09489265730347234
proteomics,schmidt_2016,rel0_abs0,high,unfiltered,552,oriC,0.7681580488073447,236,-0.052462764438200124
proteomics,schmidt_2016,rel0_abs0,high,unfiltered,552,ter,0.06249508920449413,106,0.017756811987782284
proteomics,schmidt_2016,rel0_abs0,high,unfiltered,552,oriC,0.01954626086266184,236,0.0180720108448076
proteomics,schmidt_2016,rel0_abs0,high,unfiltered,552,ter,0.48213590749394564,106,0.053025542947297305
proteomics,schmidt_2016,rel0_abs0,high,unfiltered,552,oriC,0.0032847172051042994,236,0.09859589761754584
proteomics,schmidt_2016,rel0_abs0,high,unfiltered,552,ter,0.8722931665049305,106,0.03948480707409924
proteomics,schmidt_2016,rel0_abs0,high,unfiltered,552,oriC,0.8973119337117681,236,-0.03551333806476814
proteomics,schmidt_2016,rel0_abs0,high,unfiltered,552,ter,0.02286611001882985,106,0.17026728967106594
proteomics,schmidt_2016,rel0_abs0,high,unfiltered,552,oriC,0.0626630121492783,236,-0.02435319388391611
proteomics,schmidt_2016,rel0_abs0,high,unfiltered,552,ter,0.1919329306279065,106,-0.1142028207663078
proteomics,schmidt_2016,rel0_abs0,high,unfiltered,552,oriC,2.4227657385424872e-4,236,0.12324018510007079
proteomics,schmidt_2016,rel0_abs0,high,unfiltered,552,ter,0.03416915560370025,106,0.16547140200965976
proteomics,schmidt_2016,rel0_abs0,high,unfiltered,552,oriC,1.1084632028502123e-6,236,0.12938289423231686
proteomics,schmidt_2016,rel0_abs0,high,unfiltered,552,ter,0.00137824853610165,106,-0.31385561612795454
proteomics,schmidt_2016,rel0_abs0,high,unfiltered,552,oriC,1.1120430479352623e-5,236,0.2019118911908927
proteomics,schmidt_2016,rel0_abs0,high,unfiltered,552,ter,0.00242844414093971,106,-0.41167694696783885
proteomics,schmidt_2016,rel0_abs0,high,unfiltered,552,oriC,6.829780420431198e-6,236,-0.13741586644363418
proteomics,schmidt_2016,rel0_abs0,high,unfiltered,552,ter,0.08023939542975049,106,-0.08818785370254226
proteomics,schmidt_2016,rel0_abs0,high,unfiltered,552,oriC,0.014277973971892398,236,-0.15600812260738017
proteomics,schmidt_2016,rel0_abs0,high,unfiltered,552,ter,0.027361411529753684,106,0.12440012504978804
proteomics,schmidt_2016,rel0_abs0,high,unfiltered,552,oriC,0.545622092466846,236,-0.017121867330171438
proteomics,schmidt_2016,rel0_abs0,high,unfiltered,552,ter,0.16073887490140387,106,0.05246632461181527
proteomics,schmidt_2016,rel0_abs0,high,unfiltered,552,oriC,0.05184256866372119,236,0.056648453090929654
proteomics,schmidt_2016,rel0_abs0,high,unfiltered,552,ter,0.3508409711803646,106,0.10771327700037903
proteomics,schmidt_2016,rel0_abs0,high,unfiltered,552,oriC,0.04522684370863169,236,-0.10586328669555221
proteomics,schmidt_2016,rel0_abs0,high,unfiltered,552,ter,0.020523412749300855,106,0.13972086931877586
proteomics,schmidt_2016,rel0_abs0,high,unfiltered,552,oriC,0.9623964134734775,236,-0.03910492805341415
proteomics,schmidt_2016,rel0_abs0,high,unfiltered,552,ter,0.18039068620950746,106,-0.09341125924267635
proteomics,schmidt_2016,rel0_abs0,high,unfiltered,552,oriC,0.0122630572199914,236,0.0543371813108366
proteomics,schmidt_2016,rel0_abs0,high,unfiltered,552,ter,2.0487684382746924e-4,106,0.2516882816533713
proteomics,schmidt_2016,rel0_abs0,high,unfiltered,552,oriC,1.3406333904538134e-4,236,0.06923627032958055
proteomics,schmidt_2016,rel0_abs0,high,unfiltered,552,ter,1.785369880064283e-4,106,-0.264501303349834
proteomics,schmidt_2016,rel0_abs0,high,unfiltered,552,oriC,3.291147496546172e-4,236,0.08461094667928507
proteomics,schmidt_2016,rel0_abs0,high,unfiltered,552,ter,0.0028962931112297722,106,-0.3374214115424228
proteomics,schmidt_2016,rel0_abs0,high,unfiltered,552,oriC,0.5070836684804079,236,-0.003111050289149517
proteomics,schmidt_2016,rel0_abs0,high,unfiltered,552,ter,0.6030205128957489,106,-0.01807916745334699
proteomics,schmidt_2016,rel0_abs0,high,unfiltered,552,oriC,0.2837249214727972,236,0.033597986348554335
proteomics,schmidt_2016,rel0_abs0,high,unfiltered,552,ter,5.777218057106898e-4,106,0.2464781323650081
proteomics,schmidt_2016,rel0_abs0,high,unfiltered,552,oriC,1.5501176626396292e-6,236,0.12125194925596962
proteomics,schmidt_2016,rel0_abs0,high,unfiltered,552,ter,0.04048869596621915,106,0.06850333649645911
proteomics,schmidt_2016,rel0_abs0,high,unfiltered,552,oriC,1.952521575058286e-8,236,0.18439950197967783
proteomics,schmidt_2016,rel0_abs0,high,unfiltered,552,ter,0.32541574840524656,106,0.14970979015195662
proteomics,schmidt_2016,rel0_abs0,high,unfiltered,552,oriC,0.01615356241719973,236,0.07073186665562384
proteomics,schmidt_2016,rel0_abs0,high,unfiltered,552,ter,0.0010224729127469591,106,0.1848853678290865
proteomics,schmidt_2016,rel0_abs0,high,unfiltered,552,oriC,1.716403800266313e-5,236,0.08221601060513586
proteomics,schmidt_2016,rel0_abs0,high,unfiltered,552,ter,0.5964465402677419,106,-0.023502130232298704
proteomics,schmidt_2016,rel0_abs0,high,unfiltered,552,oriC,5.133624519752997e-8,236,0.19042182821315978
proteomics,schmidt_2016,rel0_abs0,high,unfiltered,552,ter,3.132053639620311e-5,106,0.3042859856046193
proteomics,schmidt_2016,rel0_abs0,high,unfiltered,552,oriC,2.045320770815674e-7,236,0.2738667127775015
proteomics,schmidt_2016,rel0_abs0,high,unfiltered,552,ter,0.006342344757616361,106,-0.22778076257243568
proteomics,schmidt_2016,rel0_abs0,high,unfiltered,552,oriC,1.262172843488584e-6,236,0.2613682438557536
proteomics,schmidt_2016,rel0_abs0,high,unfiltered,552,ter,0.017626459714700043,106,-0.284627260331598
proteomics,schmidt_2016,rel0_abs0,high,unfiltered,552,oriC,0.2958749357074305,236,0.02975975054847451
proteomics,schmidt_2016,rel0_abs0,high,unfiltered,552,ter,0.0031437532100517503,106,0.22272311739193007
proteomics,schmidt_2016,rel0_abs0,high,unfiltered,552,oriC,0.019151683092800634,236,0.056975209127102355
proteomics,schmidt_2016,rel0_abs0,high,unfiltered,552,ter,0.005987818056465686,106,0.12148234869009178
proteomics,schmidt_2016,rel0_abs0,high,unfiltered,552,oriC,1.61196689146654e-4,236,0.18833030617720303
proteomics,schmidt_2016,rel0_abs0,high,unfiltered,552,ter,0.13435486644920455,106,0.16065361420347246
proteomics,schmidt_2016,rel0_abs0,high,unfiltered,552,oriC,0.4497848541606028,236,0.0291069084490836
proteomics,schmidt_2016,rel0_abs0,high,unfiltered,552,ter,0.00517832696084535,106,0.21753089068662596
proteomics,schmidt_2016,rel0_abs0,high,unfiltered,552,oriC,0.009725436419232006,236,0.05202309256777378
proteomics,schmidt_2016,rel0_abs0,high,unfiltered,552,ter,0.8747763534131007,106,-6.864263040384537e-4
proteomics,schmidt_2016,rel0_abs0,high,unfiltered,552,oriC,4.98236827115451e-4,236,0.12827534227088463
proteomics,schmidt_2016,rel0_abs0,high,unfiltered,552,ter,1.0312125141179089e-4,106,0.28508146965007286
proteomics,schmidt_2016,rel0_abs0,high,unfiltered,552,oriC,1.1575807158423922e-6,236,0.17921606793630002
proteomics,schmidt_2016,rel0_abs0,high,unfiltered,552,ter,0.0029869281650374384,106,-0.2517974524543277
proteomics,schmidt_2016,rel0_abs0,high,unfiltered,552,oriC,7.052436010563631e-7,236,0.2044233845960229
proteomics,schmidt_2016,rel0_abs0,high,unfiltered,552,ter,0.009144272555858465,106,-0.3524628161670399
proteomics,schmidt_2016,rel0_abs0,high,unfiltered,552,oriC,3.193185812572787e-6,236,0.2173973395649647
proteomics,schmidt_2016,rel0_abs0,high,unfiltered,552,ter,0.09053835180106548,106,-0.010827610106292433
proteomics,schmidt_2016,rel0_abs0,high,unfiltered,552,oriC,0.6993331007441975,236,0.004763572032143393
proteomics,schmidt_2016,rel0_abs0,high,unfiltered,552,ter,0.656741533937766,106,-0.003765796548692188
proteomics,schmidt_2016,rel0_abs0,high,unfiltered,552,oriC,0.03861577031776576,236,0.10831800282596701
proteomics,schmidt_2016,rel0_abs0,high,unfiltered,552,ter,0.0030801438008287363,106,-0.24252176257418845
proteomics,schmidt_2016,rel0_abs0,high,unfiltered,552,oriC,4.266051888797549e-6,236,0.17912468991886077
proteomics,schmidt_2016,rel0_abs0,high,unfiltered,552,ter,0.7029223068513011,106,0.07094359697201215
proteomics,schmidt_2016,rel0_abs0,high,unfiltered,552,oriC,6.949433633742063e-7,236,0.2142838307933838
proteomics,schmidt_2016,rel0_abs0,high,unfiltered,552,ter,0.0012079738119516357,106,-0.4150821808581864
proteomics,schmidt_2016,rel0_abs0,high,unfiltered,552,oriC,6.560637203566247e-8,236,0.2806987243434638
proteomics,schmidt_2016,rel0_abs0,high,unfiltered,552,ter,0.00048457403780380993,106,-0.527079744079876
proteomics,schmidt_2016,rel0_abs0,high,unfiltered,552,oriC,0.044515321440766115,236,0.06328901055275996
proteomics,schmidt_2016,rel0_abs0,high,unfiltered,552,ter,0.6819925402661551,106,0.0680819048043932
proteomics,schmidt_2016,rel0_abs0,high,unfiltered,552,oriC,0.02015144023296192,236,-0.07555881743179757
proteomics,schmidt_2016,rel0_abs0,high,unfiltered,552,ter,0.094198741223886,106,0.03826836544974671
proteomics,schmidt_2016,rel0_abs0,high,unfiltered,552,oriC,0.2958749357074305,236,0.004179777968798479
proteomics,schmidt_2016,rel0_abs0,high,unfiltered,552,ter,0.012110635003572857,106,-0.06055611264908288
proteomics,schmidt_2016,rel0_abs0,high,unfiltered,552,oriC,0.003678234422884092,236,0.0894170122108785
proteomics,schmidt_2016,rel0_abs0,high,unfiltered,552,ter,0.012003003522500529,106,0.18192552172923354
proteomics,schmidt_2016,rel0_abs0,high,unfiltered,552,oriC,5.941749490296448e-6,236,0.12537065630017988
proteomics,schmidt_2016,rel0_abs0,high,unfiltered,552,ter,0.0012624440355532452,106,-0.3428144508599077
proteomics,schmidt_2016,rel0_abs0,high,unfiltered,552,oriC,1.2561311326209431e-6,236,0.20068826541261825
proteomics,schmidt_2016,rel0_abs0,high,unfiltered,552,ter,8.442898337927805e-4,106,-0.3755812001996408
proteomics,schmidt_2016,rel0_abs0,high,unfiltered,552,oriC,3.6670570216454898e-6,236,-0.157715623871428
proteomics,schmidt_2016,rel0_abs0,high,unfiltered,552,ter,0.2658729432304054,106,0.05128094600123556
proteomics,schmidt_2016,rel0_abs0,high,unfiltered,552,oriC,0.026829897656833652,236,-0.07050455207003425
proteomics,schmidt_2016,rel0_abs0,high,unfiltered,552,ter,0.0215773021877559,106,-0.15905110023908053
proteomics,schmidt_2016,rel0_abs0,high,unfiltered,552,oriC,0.8165978112157993,236,0.02052300864744967
proteomics,schmidt_2016,rel0_abs0,high,unfiltered,552,ter,0.01127303642140397,106,0.10073926483776194
proteomics,schmidt_2016,rel0_abs0,high,unfiltered,552,oriC,2.9699881781149537e-4,236,0.03278804909988327
proteomics,schmidt_2016,rel0_abs0,high,unfiltered,552,ter,2.2739540633544565e-5,106,-0.22327544051960194
proteomics,schmidt_2016,rel0_abs0,high,unfiltered,552,oriC,9.243263401673842e-6,236,0.10973491134341451
proteomics,schmidt_2016,rel0_abs0,high,unfiltered,552,ter,1.3003411638377147e-4,106,-0.3428205369748596
proteomics,schmidt_2016,rel0_abs0,high,unfiltered,552,oriC,0.009591912231539703,236,0.07578502611914176
proteomics,schmidt_2016,rel0_abs0,high,unfiltered,552,ter,0.005331837321069672,106,-0.17406841810222579
proteomics,schmidt_2016,rel0_abs0,high,unfiltered,552,oriC,9.696354422553465e-8,236,0.19529048217469377
proteomics,schmidt_2016,rel0_abs0,high,unfiltered,552,ter,0.6819925402661551,106,0.08323538637793959
proteomics,schmidt_2016,rel0_abs0,high,unfiltered,552,oriC,3.2117643012647074e-8,236,0.25071715430823305
proteomics,schmidt_2016,rel0_abs0,high,unfiltered,552,ter,0.0011054887876709159,106,-0.42736786563278445
proteomics,schmidt_2016,rel0_abs0,high,unfiltered,552,oriC,1.9848321043388348e-9,236,0.37700186516165585
proteomics,schmidt_2016,rel0_abs0,high,unfiltered,552,ter,5.513735007031476e-4,106,-0.3702635730150964
proteomics,schmidt_2016,rel0_abs0,high,unfiltered,552,oriC,0.1441276843308316,236,0.08260817500559699
proteomics,schmidt_2016,rel0_abs0,high,unfiltered,552,ter,3.4020716412857094e-5,106,0.2682320110255947
proteomics,schmidt_2016,rel0_abs0,high,unfiltered,552,oriC,6.356679381455703e-6,236,0.11359223013327596
proteomics,schmidt_2016,rel0_abs0,high,unfiltered,552,ter,0.005078217356439431,106,-0.19402546076236094
proteomics,schmidt_2016,rel0_abs0,high,unfiltered,552,oriC,9.953976684507368e-8,236,0.18540705584406786
proteomics,schmidt_2016,rel0_abs0,high,unfiltered,552,ter,9.035992259808135e-4,106,-0.2628639038343097
proteomics,schmidt_2016,rel0_abs0,high,unfiltered,552,oriC,0.013360812681667035,236,0.017456595560486073
proteomics,schmidt_2016,rel0_abs0,high,unfiltered,552,ter,1.6901186439368568e-5,106,-0.5653503544001052
proteomics,schmidt_2016,rel0_abs0,high,unfiltered,552,oriC,9.702014517081099e-5,236,0.1134879769419105
proteomics,schmidt_2016,rel0_abs0,high,unfiltered,552,ter,3.0748199241152673e-4,106,-0.5476138294596706
proteomics,schmidt_2016,rel0_abs0,high,unfiltered,552,oriC,8.517337635928549e-5,236,0.13535581223977805
proteomics,schmidt_2016,rel0_abs0,high,unfiltered,552,ter,0.07545877031457353,106,-0.06603385803747798
proteomics,peebo_2015,rel0_abs0,high,unfiltered,344,oriC,0.31408884585016283,155,-0.004619801150526844
proteomics,peebo_2015,rel0_abs0,high,unfiltered,344,ter,0.021042575338013673,58,-0.017481291760169854
proteomics,peebo_2015,rel0_abs0,high,unfiltered,345,oriC,0.644221779055421,155,0.01324220872737816
proteomics,peebo_2015,rel0_abs0,high,unfiltered,345,ter,0.9444474598243444,58,0.008941757649900135
proteomics,peebo_2015,rel0_abs0,high,unfiltered,345,oriC,6.494611685123335e-13,155,0.11391023432566727
proteomics,peebo_2015,rel0_abs0,high,unfiltered,345,ter,0.3609286103086415,58,0.05295397839246414
proteomics,peebo_2015,rel0_abs0,high,unfiltered,344,oriC,9.945335332458222e-16,155,0.10458392193108666
proteomics,peebo_2015,rel0_abs0,high,unfiltered,344,ter,0.32929452931966374,58,0.04949121341393566
proteomics,peebo_2015,rel0_abs0,high,unfiltered,345,oriC,2.1032891263837623e-10,155,0.07291820976782323
proteomics,peebo_2015,rel0_abs0,high,unfiltered,345,ter,0.6589858112930647,58,-0.004929972811979291
proteomics,peebo_2015,rel0_abs0,high,unfiltered,345,oriC,1.5903700876068534e-8,155,0.09711421894209592
proteomics,peebo_2015,rel0_abs0,high,unfiltered,345,ter,0.47150137562271566,58,-0.04072403524230231
proteomics,peebo_2015,rel0_abs0,high,unfiltered,344,oriC,5.822612172471843e-13,154,0.22117445944857567
proteomics,peebo_2015,rel0_abs0,high,unfiltered,344,ter,0.05013456855592365,58,-0.08452772469626277
proteomics,peebo_2015,rel0_abs0,high,unfiltered,345,oriC,4.68913809755038e-11,155,0.207217202045258
proteomics,peebo_2015,rel0_abs0,high,unfiltered,345,ter,0.7509125915212918,58,-0.05908918877664824
proteomics,peebo_2015,rel0_abs0,high,unfiltered,345,oriC,1.254435989173233e-9,155,0.1977242603668898
proteomics,peebo_2015,rel0_abs0,high,unfiltered,345,ter,0.4526479886207934,58,-0.03002031734968374
proteomics,peebo_2015,rel0_abs0,high,unfiltered,345,oriC,5.13704117004111e-9,155,0.20313976122113347
proteomics,peebo_2015,rel0_abs0,high,unfiltered,345,ter,0.023773775013240038,58,-0.16066552931659853
proteomics,peebo_2015,rel0_abs0,high,unfiltered,345,oriC,1.1857897309253707e-10,155,0.2825212808672604
proteomics,peebo_2015,rel0_abs0,high,unfiltered,345,ter,0.04172651021439482,58,-0.17146352880852342
proteomics,peebo_2015,rel0_abs0,high,unfiltered,345,oriC,5.2870115307049775e-11,155,0.21762931758740325
proteomics,peebo_2015,rel0_abs0,high,unfiltered,345,ter,0.6872409678523115,58,-0.04671939790425292
proteomics,peebo_2015,rel0_abs0,high,unfiltered,345,oriC,1.8722735714376368e-10,155,0.2368512735043679
proteomics,peebo_2015,rel0_abs0,high,unfiltered,345,ter,0.9567786602267981,58,-0.0017878337732876379
proteomics,peebo_2015,rel0_abs0,high,unfiltered,344,oriC,1.1581896433416366e-10,155,0.24784492940070207
proteomics,peebo_2015,rel0_abs0,high,unfiltered,344,ter,0.9938225617908328,58,-0.008101300422931208
proteomics,peebo_2015,rel0_abs0,high,unfiltered,345,oriC,7.750985378022948e-10,155,0.24373380120730107
proteomics,peebo_2015,rel0_abs0,high,unfiltered,345,ter,0.005575402747546345,58,-0.22806196952701893
proteomics,peebo_2015,rel0_abs0,high,unfiltered,345,oriC,1.4654963034673724e-9,155,0.2507231215616629
proteomics,peebo_2015,rel0_abs0,high,unfiltered,345,ter,0.01134955930882849,58,-0.20830304258245969
proteomics,peebo_2015,rel0_abs0,high,unfiltered,345,oriC,1.4182618643643428e-8,155,0.3149335025553289
proteomics,peebo_2015,rel0_abs0,high,unfiltered,345,ter,0.0072184471341447546,58,-0.27121649970480133
proteomics,peebo_2015,rel0_abs0,high,unfiltered,345,oriC,1.2826636222096234e-9,155,0.2933330466499123
proteomics,peebo_2015,rel0_abs0,high,unfiltered,345,ter,0.007387494932260939,58,-0.24424614904597505
proteomics,peebo_2015,rel0_abs0,high,unfiltered,345,oriC,3.4379292325532e-8,155,0.262885384232915
proteomics,peebo_2015,rel0_abs0,high,unfiltered,345,ter,0.011101417420237793,58,-0.29664108108975124
proteomics,peebo_2015,rel0_abs0,high,unfiltered,345,oriC,5.596829373131535e-9,155,0.3027637483300977
proteomics,peebo_2015,rel0_abs0,high,unfiltered,345,ter,0.0313680088329625,58,-0.3221964657607259
proteomics,peebo_2015,rel0_abs0,high,unfiltered,345,oriC,2.17987442378218e-9,155,0.3130654722295877
proteomics,peebo_2015,rel0_abs0,high,unfiltered,345,ter,0.058874021694887,58,-0.27921713730150155
proteomics,peebo_2015,rel0_abs0,high,unfiltered,344,oriC,1.9975240588468175e-8,155,0.3327068268614824
proteomics,peebo_2015,rel0_abs0,high,unfiltered,344,ter,0.10900840630354457,58,-0.45989109155136115
proteomics,peebo_2015,rel0_abs0,high,unfiltered,343,oriC,1.899163590120124e-15,154,0.10786490429353011
proteomics,peebo_2015,rel0_abs0,high,unfiltered,343,ter,0.2888254986727738,58,0.04046257408252154
proteomics,peebo_2015,rel0_abs0,high,unfiltered,345,oriC,1.6661113582762754e-10,155,0.06085468360105101
proteomics,peebo_2015,rel0_abs0,high,unfiltered,345,ter,0.7567937270526052,58,0.006437929135792636
proteomics,peebo_2015,rel0_abs0,high,unfiltered,345,oriC,3.922451806477788e-8,155,0.0946294979507078
proteomics,peebo_2015,rel0_abs0,high,unfiltered,345,ter,0.5356608904171394,58,-0.03055799433409414
proteomics,peebo_2015,rel0_abs0,high,unfiltered,345,oriC,1.2284250418649612e-12,155,0.21988493157006492
proteomics,peebo_2015,rel0_abs0,high,unfiltered,345,ter,0.09912302806471655,58,-0.10091262886395422
proteomics,peebo_2015,rel0_abs0,high,unfiltered,345,oriC,3.469012598787942e-11,155,0.17267565931915457
proteomics,peebo_2015,rel0_abs0,high,unfiltered,345,ter,0.8404631833482098,58,-0.046480512210378695
proteomics,peebo_2015,rel0_abs0,high,unfiltered,345,oriC,1.1997858009799548e-9,155,0.18967493498567406
proteomics,peebo_2015,rel0_abs0,high,unfiltered,345,ter,0.44338334189563605,58,-0.06297401953769928
proteomics,peebo_2015,rel0_abs0,high,unfiltered,345,oriC,3.799534481790996e-9,155,0.18807412673042087
proteomics,peebo_2015,rel0_abs0,high,unfiltered,345,ter,0.021920939167843243,58,-0.1782856451157227
proteomics,peebo_2015,rel0_abs0,high,unfiltered,345,oriC,2.7772627877641645e-10,155,0.22668127363654145
proteomics,peebo_2015,rel0_abs0,high,unfiltered,345,ter,0.03076376118349567,58,-0.11172278217048237
proteomics,peebo_2015,rel0_abs0,high,unfiltered,345,oriC,7.654396610911501e-11,155,0.213055367621738
proteomics,peebo_2015,rel0_abs0,high,unfiltered,345,ter,0.6815532942773759,58,-0.05659248177572611
proteomics,peebo_2015,rel0_abs0,high,unfiltered,345,oriC,1.9163996787446325e-10,155,0.24433194537909964
proteomics,peebo_2015,rel0_abs0,high,unfiltered,345,ter,1,58,-0.021238872422606633
proteomics,peebo_2015,rel0_abs0,high,unfiltered,344,oriC,1.4649255894075294e-10,155,0.2485226910835262
proteomics,peebo_2015,rel0_abs0,high,unfiltered,344,ter,0.9814691664543683,58,-0.03279604857339614
proteomics,peebo_2015,rel0_abs0,high,unfiltered,345,oriC,2.569016271479469e-9,155,0.24645199995001735
proteomics,peebo_2015,rel0_abs0,high,unfiltered,345,ter,0.010156369187088954,58,-0.24442881149978213
proteomics,peebo_2015,rel0_abs0,high,unfiltered,344,oriC,3.2148718601175247e-9,154,0.2887008572178721
proteomics,peebo_2015,rel0_abs0,high,unfiltered,344,ter,0.011860660715567538,58,-0.23887673138042942
proteomics,peebo_2015,rel0_abs0,high,unfiltered,345,oriC,1.5415174731597046e-8,155,0.295647510297545
proteomics,peebo_2015,rel0_abs0,high,unfiltered,345,ter,0.009931595584126984,58,-0.3070862578507188
proteomics,peebo_2015,rel0_abs0,high,unfiltered,344,oriC,1.1563180636110855e-9,154,0.3044833861305188
proteomics,peebo_2015,rel0_abs0,high,unfiltered,344,ter,0.006576440651155222,58,-0.2395827935099989
proteomics,peebo_2015,rel0_abs0,high,unfiltered,345,oriC,2.454256356153886e-8,155,0.21755829930247098
proteomics,peebo_2015,rel0_abs0,high,unfiltered,345,ter,0.01134955930882849,58,-0.2719376380840852
proteomics,peebo_2015,rel0_abs0,high,unfiltered,345,oriC,4.816532881263797e-9,155,0.279691936800243
proteomics,peebo_2015,rel0_abs0,high,unfiltered,345,ter,0.04095553588416506,58,-0.2694090484972894
proteomics,peebo_2015,rel0_abs0,high,unfiltered,345,oriC,2.2039241088139135e-9,155,0.3229253235711869
proteomics,peebo_2015,rel0_abs0,high,unfiltered,345,ter,0.08015789779618195,58,-0.2769757071315868
proteomics,peebo_2015,rel0_abs0,high,unfiltered,344,oriC,2.9208522429763643e-8,155,0.33948237580933577
proteomics,peebo_2015,rel0_abs0,high,unfiltered,344,ter,0.11423540009248347,58,-0.46354180269188516
proteomics,peebo_2015,rel0_abs0,high,unfiltered,344,oriC,1.4933479664679315e-14,155,0.08696769018820712
proteomics,peebo_2015,rel0_abs0,high,unfiltered,344,ter,0.005315822723400844,58,0.072729789875892
proteomics,peebo_2015,rel0_abs0,high,unfiltered,345,oriC,1.6069499829755152e-4,155,0.07249485301490013
proteomics,peebo_2015,rel0_abs0,high,unfiltered,345,ter,0.5772206570931635,58,0.024389699914678306
proteomics,peebo_2015,rel0_abs0,high,unfiltered,345,oriC,2.5154993223821944e-5,155,0.07953411190950614
proteomics,peebo_2015,rel0_abs0,high,unfiltered,345,ter,0.6929463979634627,58,-0.03980782638900807
proteomics,peebo_2015,rel0_abs0,high,unfiltered,345,oriC,7.74592231944597e-11,155,0.16822847444374717
proteomics,peebo_2015,rel0_abs0,high,unfiltered,345,ter,0.598554978301409,58,-0.04011161129041554
proteomics,peebo_2015,rel0_abs0,high,unfiltered,345,oriC,3.3346525299268835e-8,155,0.1539352171167957
proteomics,peebo_2015,rel0_abs0,high,unfiltered,345,ter,0.6312092073672557,58,-0.004328162097152209
proteomics,peebo_2015,rel0_abs0,high,unfiltered,345,oriC,2.4663739224562617e-7,155,0.20073323214005478
proteomics,peebo_2015,rel0_abs0,high,unfiltered,345,ter,0.8283753226279378,58,-0.01616239719445768
proteomics,peebo_2015,rel0_abs0,high,unfiltered,345,oriC,2.379798163436762e-8,155,0.15507052911099692
proteomics,peebo_2015,rel0_abs0,high,unfiltered,345,ter,0.16578346015058418,58,-0.14308909590718222
proteomics,peebo_2015,rel0_abs0,high,unfiltered,345,oriC,2.3281027597689115e-9,155,0.2026340763798601
proteomics,peebo_2015,rel0_abs0,high,unfiltered,345,ter,0.4526479886207934,58,-0.09783681029592803
proteomics,peebo_2015,rel0_abs0,high,unfiltered,345,oriC,2.479574496917459e-8,155,0.23513987359975522
proteomics,peebo_2015,rel0_abs0,high,unfiltered,345,ter,0.8586648576939273,58,-0.042968434594240344
proteomics,peebo_2015,rel0_abs0,high,unfiltered,344,oriC,3.6911178026929926e-8,155,0.277311574047925
proteomics,peebo_2015,rel0_abs0,high,unfiltered,344,ter,0.9136840552495856,58,-0.11038768493987716
proteomics,peebo_2015,rel0_abs0,high,unfiltered,345,oriC,4.70398290865281e-8,155,0.2647997126269235
proteomics,peebo_2015,rel0_abs0,high,unfiltered,345,ter,0.7567937270526052,58,-0.049824788943606924
proteomics,peebo_2015,rel0_abs0,high,unfiltered,345,oriC,3.3363420623672914e-9,155,0.24593939309519122
proteomics,peebo_2015,rel0_abs0,high,unfiltered,345,ter,0.14766765681781283,58,-0.23027342991810573
proteomics,peebo_2015,rel0_abs0,high,unfiltered,345,oriC,3.011677733313942e-8,155,0.2498036767732164
proteomics,peebo_2015,rel0_abs0,high,unfiltered,345,ter,0.2615902250109733,58,-0.25702198209508503
proteomics,peebo_2015,rel0_abs0,high,unfiltered,344,oriC,2.103291983627261e-8,155,0.22567788928370153
proteomics,peebo_2015,rel0_abs0,high,unfiltered,344,ter,0.1433842765654334,58,-0.30569462651446033
proteomics,peebo_2015,rel0_abs0,high,unfiltered,344,oriC,1.5415174731597046e-8,155,0.2916645567924763
proteomics,peebo_2015,rel0_abs0,high,unfiltered,344,ter,0.18296409696571644,58,-0.2716695648669324
proteomics,peebo_2015,rel0_abs0,high,unfiltered,345,oriC,3.3735814021830556e-7,155,0.24731069314455828
proteomics,peebo_2015,rel0_abs0,high,unfiltered,345,ter,0.21257427542095247,58,-0.2818070961496979
proteomics,peebo_2015,rel0_abs0,high,unfiltered,344,oriC,9.72768180142779e-8,155,0.3057995262012385
proteomics,peebo_2015,rel0_abs0,high,unfiltered,344,ter,0.23011450946102802,58,-0.3397131847414785
proteomics,peebo_2015,rel0_abs0,high,unfiltered,345,oriC,2.2374025004034528e-8,155,0.29099905662919867
proteomics,peebo_2015,rel0_abs0,high,unfiltered,345,ter,0.32929452931966374,58,-0.31921271415478675
proteomics,peebo_2015,rel0_abs0,high,unfiltered,344,oriC,1.0837653441250372e-7,155,0.2924175363696359
proteomics,peebo_2015,rel0_abs0,high,unfiltered,344,ter,0.15652688052550365,58,-0.37070462456777986
proteomics,peebo_2015,rel0_abs0,high,unfiltered,338,oriC,0.5061468806510834,153,-0.008166060602375453
proteomics,peebo_2015,rel0_abs0,high,unfiltered,338,ter,0.4503721333909254,57,-0.03469787289198152
proteomics,peebo_2015,rel0_abs0,high,unfiltered,345,oriC,0.6429410758770411,155,-0.023401805760342186
proteomics,peebo_2015,rel0_abs0,high,unfiltered,345,ter,0.7044093743081604,58,-0.04460155651429692
proteomics,peebo_2015,rel0_abs0,high,unfiltered,345,oriC,0.0351046757708936,155,0.002661617646637636
proteomics,peebo_2015,rel0_abs0,high,unfiltered,345,ter,0.7391939445983656,58,-0.07602652084389845
proteomics,peebo_2015,rel0_abs0,high,unfiltered,341,oriC,7.500864688719838e-6,154,0.10247683002940042
proteomics,peebo_2015,rel0_abs0,high,unfiltered,341,ter,0.1520481489048691,58,-0.09923005223232463
proteomics,peebo_2015,rel0_abs0,high,unfiltered,345,oriC,2.2428318058787948e-4,155,0.06459651633608322
proteomics,peebo_2015,rel0_abs0,high,unfiltered,345,ter,0.7159398868186392,58,-0.05899097692403146
proteomics,peebo_2015,rel0_abs0,high,unfiltered,344,oriC,1.4848921066401438e-4,155,0.12000969333202054
proteomics,peebo_2015,rel0_abs0,high,unfiltered,344,ter,0.8647493172824716,58,-0.04140632591949639
proteomics,peebo_2015,rel0_abs0,high,unfiltered,345,oriC,6.312500271362379e-5,155,0.08847770523147491
proteomics,peebo_2015,rel0_abs0,high,unfiltered,345,ter,0.033242207991985975,58,-0.1421518873779788
proteomics,peebo_2015,rel0_abs0,high,unfiltered,341,oriC,1.1120118065391462e-6,153,0.20055170318144644
proteomics,peebo_2015,rel0_abs0,high,unfiltered,341,ter,0.08996654534004964,58,-0.12279722292880153
proteomics,peebo_2015,rel0_abs0,high,unfiltered,345,oriC,1.3226576769711935e-5,155,0.15943087851397691
proteomics,peebo_2015,rel0_abs0,high,unfiltered,345,ter,0.8163279703418782,58,-0.04118127681117459
proteomics,peebo_2015,rel0_abs0,high,unfiltered,345,oriC,6.216409295231889e-6,155,0.23084405295926042
proteomics,peebo_2015,rel0_abs0,high,unfiltered,345,ter,0.7101663363966366,58,0.044811851327178916
proteomics,peebo_2015,rel0_abs0,high,unfiltered,342,oriC,3.890494408576813e-6,155,0.21272147407946684
proteomics,peebo_2015,rel0_abs0,high,unfiltered,342,ter,0.7506303365283437,57,0.009534101586449871
proteomics,peebo_2015,rel0_abs0,high,unfiltered,344,oriC,1.052569872858813e-6,155,0.16785883432729126
proteomics,peebo_2015,rel0_abs0,high,unfiltered,344,ter,0.023773775013240038,58,-0.1961708619223328
proteomics,peebo_2015,rel0_abs0,high,unfiltered,341,oriC,1.0916880924035532e-6,153,0.16507167595308406
proteomics,peebo_2015,rel0_abs0,high,unfiltered,341,ter,0.11072930221055621,58,-0.20985864492022754
proteomics,peebo_2015,rel0_abs0,high,unfiltered,345,oriC,2.5204056227023727e-6,155,0.17169947993402607
proteomics,peebo_2015,rel0_abs0,high,unfiltered,345,ter,0.07495492914757243,58,-0.19559430297614522
proteomics,peebo_2015,rel0_abs0,high,unfiltered,338,oriC,1.5893080668013211e-6,153,0.21210009919253958
proteomics,peebo_2015,rel0_abs0,high,unfiltered,338,ter,0.09521776179878184,57,-0.18562215120354428
proteomics,peebo_2015,rel0_abs0,high,unfiltered,345,oriC,1.903399934859159e-5,155,0.16897086377820308
proteomics,peebo_2015,rel0_abs0,high,unfiltered,345,ter,0.11602092132204002,58,-0.140127807864877
proteomics,peebo_2015,rel0_abs0,high,unfiltered,335,oriC,1.4873846646349516e-6,152,0.20942070675840618
proteomics,peebo_2015,rel0_abs0,high,unfiltered,335,ter,0.22577008997365763,56,-0.20909445577877106
proteomics,peebo_2015,rel0_abs0,high,unfiltered,345,oriC,3.0983928400614917e-7,155,0.22039897291931418
proteomics,peebo_2015,rel0_abs0,high,unfiltered,345,ter,0.37743747295999097,58,-0.19170840061869435
proteomics,peebo_2015,rel0_abs0,high,unfiltered,334,oriC,9.331344113255985e-7,151,0.24917543311553828
proteomics,peebo_2015,rel0_abs0,high,unfiltered,334,ter,0.19323964051029272,56,-0.42622241443302544
proteomics,peebo_2015,rel0_abs0,high,unfiltered,345,oriC,0.06279854413510474,155,-0.02545643445055235
proteomics,peebo_2015,rel0_abs0,high,unfiltered,345,ter,0.23011450946102802,58,-0.034184077152575085
proteomics,peebo_2015,rel0_abs0,high,unfiltered,345,oriC,0.11489555849438308,155,0.012991719433984618
proteomics,peebo_2015,rel0_abs0,high,unfiltered,345,ter,0.22415691135119795,58,-0.07493790929077199
proteomics,peebo_2015,rel0_abs0,high,unfiltered,343,oriC,8.225594625389886e-8,155,0.10531339042030792
proteomics,peebo_2015,rel0_abs0,high,unfiltered,343,ter,0.06767058678787756,58,-0.0696795359421126
proteomics,peebo_2015,rel0_abs0,high,unfiltered,345,oriC,2.4056344002921237e-4,155,0.11122440316547548
proteomics,peebo_2015,rel0_abs0,high,unfiltered,345,ter,0.5204740233147656,58,-0.06650023602949941
proteomics,peebo_2015,rel0_abs0,high,unfiltered,345,oriC,4.691507452179619e-5,155,0.1463545061621302
proteomics,peebo_2015,rel0_abs0,high,unfiltered,345,ter,0.31790956662156267,58,-0.05078181464175678
proteomics,peebo_2015,rel0_abs0,high,unfiltered,345,oriC,4.98684513592008e-6,155,0.09503747275747224
proteomics,peebo_2015,rel0_abs0,high,unfiltered,345,ter,0.03521141906210567,58,-0.1803444467404232
proteomics,peebo_2015,rel0_abs0,high,unfiltered,343,oriC,3.6844173683044174e-8,154,0.11643439355844798
proteomics,peebo_2015,rel0_abs0,high,unfiltered,343,ter,0.12150927588403898,58,-0.13625376280730062
proteomics,peebo_2015,rel0_abs0,high,unfiltered,345,oriC,1.8881927515471526e-5,155,0.18298398321882575
proteomics,peebo_2015,rel0_abs0,high,unfiltered,345,ter,0.6478158614416047,58,-0.09287523892235591
proteomics,peebo_2015,rel0_abs0,high,unfiltered,344,oriC,5.7125928672249286e-6,155,0.24039911198375993
proteomics,peebo_2015,rel0_abs0,high,unfiltered,344,ter,0.9567786602267981,58,-0.11531755415844253
proteomics,peebo_2015,rel0_abs0,high,unfiltered,341,oriC,1.1795526241663652e-5,155,0.2077047574939491
proteomics,peebo_2015,rel0_abs0,high,unfiltered,341,ter,0.9873218158212407,57,-0.11041483873113941
proteomics,peebo_2015,rel0_abs0,high,unfiltered,344,oriC,7.159582705358648e-8,155,0.14022849735857082
proteomics,peebo_2015,rel0_abs0,high,unfiltered,344,ter,0.0642528701517779,58,-0.25657200705377026
proteomics,peebo_2015,rel0_abs0,high,unfiltered,344,oriC,2.3205454895604365e-7,154,0.15234705216238995
proteomics,peebo_2015,rel0_abs0,high,unfiltered,344,ter,0.14551389903074807,58,-0.26331043171019375
proteomics,peebo_2015,rel0_abs0,high,unfiltered,344,oriC,3.503326484064815e-7,155,0.1647324438596698
proteomics,peebo_2015,rel0_abs0,high,unfiltered,344,ter,0.07883040902690579,58,-0.3485193470110397
proteomics,peebo_2015,rel0_abs0,high,unfiltered,340,oriC,2.2761493077746153e-7,154,0.21814136134697554
proteomics,peebo_2015,rel0_abs0,high,unfiltered,340,ter,0.11072930221055621,58,-0.2527626178673967
proteomics,peebo_2015,rel0_abs0,high,unfiltered,345,oriC,8.835911656217739e-6,155,0.14988173038423488
proteomics,peebo_2015,rel0_abs0,high,unfiltered,345,ter,0.11602092132204002,58,-0.30076430022785333
proteomics,peebo_2015,rel0_abs0,high,unfiltered,338,oriC,5.020618190263376e-7,154,0.22081866105848297
proteomics,peebo_2015,rel0_abs0,high,unfiltered,338,ter,0.11753461666179751,57,-0.3520828808034859
proteomics,peebo_2015,rel0_abs0,high,unfiltered,345,oriC,1.205389835198575e-6,155,0.20695050773646365
proteomics,peebo_2015,rel0_abs0,high,unfiltered,345,ter,0.22415691135119795,58,-0.3248460857912002
proteomics,peebo_2015,rel0_abs0,high,unfiltered,339,oriC,8.856078229184167e-7,155,0.2055665479705327
proteomics,peebo_2015,rel0_abs0,high,unfiltered,339,ter,0.09058319989489395,57,-0.41470176903753114
proteomics,peebo_2015,rel0_abs0,high,unfiltered,345,oriC,9.10521719431964e-5,155,0.03782867083017986
proteomics,peebo_2015,rel0_abs0,high,unfiltered,345,ter,0.7044093743081604,58,-0.002564267490435862
proteomics,peebo_2015,rel0_abs0,high,unfiltered,345,oriC,2.5540098526092668e-12,155,0.14528258379310974
proteomics,peebo_2015,rel0_abs0,high,unfiltered,345,ter,0.09144350946825124,58,-0.07119127302526998
proteomics,peebo_2015,rel0_abs0,high,unfiltered,345,oriC,4.104852499048555e-10,155,0.111944521682027
proteomics,peebo_2015,rel0_abs0,high,unfiltered,345,ter,0.7159398868186392,58,-0.02834751014816108
proteomics,peebo_2015,rel0_abs0,high,unfiltered,345,oriC,4.142496292221669e-9,155,0.15389515805436516
proteomics,peebo_2015,rel0_abs0,high,unfiltered,345,ter,0.9629483270659001,58,-0.006656676111621505
proteomics,peebo_2015,rel0_abs0,high,unfiltered,345,oriC,2.404370586903529e-8,155,0.1601858468599383
proteomics,peebo_2015,rel0_abs0,high,unfiltered,345,ter,0.014421800147423133,58,-0.18261034693927508
proteomics,peebo_2015,rel0_abs0,high,unfiltered,345,oriC,1.4818307173869602e-9,155,0.20758189287122153
proteomics,peebo_2015,rel0_abs0,high,unfiltered,345,ter,0.03521141906210567,58,-0.17682764894171737
proteomics,peebo_2015,rel0_abs0,high,unfiltered,345,oriC,2.3895988406256663e-10,155,0.19921521128806927
proteomics,peebo_2015,rel0_abs0,high,unfiltered,345,ter,0.9567786602267981,58,-0.048271284643692694
proteomics,peebo_2015,rel0_abs0,high,unfiltered,345,oriC,4.871453979345301e-10,155,0.21681373910253107
proteomics,peebo_2015,rel0_abs0,high,unfiltered,345,ter,0.8465214393431857,58,-0.059278675818890784
proteomics,peebo_2015,rel0_abs0,high,unfiltered,345,oriC,4.152067874264532e-10,155,0.2201278193349279
proteomics,peebo_2015,rel0_abs0,high,unfiltered,345,ter,0.8344143620030767,58,-0.043376635948421435
proteomics,peebo_2015,rel0_abs0,high,unfiltered,345,oriC,1.5319058384381817e-9,155,0.1982313925202955
proteomics,peebo_2015,rel0_abs0,high,unfiltered,345,ter,0.006576440651155222,58,-0.21833163882080797
proteomics,peebo_2015,rel0_abs0,high,unfiltered,344,oriC,4.054033226293265e-9,155,0.25748988140601625
proteomics,peebo_2015,rel0_abs0,high,unfiltered,344,ter,0.01085810672793823,58,-0.2721631258380735
proteomics,peebo_2015,rel0_abs0,high,unfiltered,345,oriC,5.306750679745371e-8,155,0.26404619492546866
proteomics,peebo_2015,rel0_abs0,high,unfiltered,345,ter,0.005575402747546345,58,-0.27864089807453624
proteomics,peebo_2015,rel0_abs0,high,unfiltered,343,oriC,6.800974319465141e-9,154,0.2763212308171965
proteomics,peebo_2015,rel0_abs0,high,unfiltered,343,ter,0.008099754922823525,58,-0.2950107795146383
proteomics,peebo_2015,rel0_abs0,high,unfiltered,345,oriC,9.260311337064855e-8,155,0.21232513185636795
proteomics,peebo_2015,rel0_abs0,high,unfiltered,345,ter,0.011860660715567538,58,-0.2670956059578503
proteomics,peebo_2015,rel0_abs0,high,unfiltered,344,oriC,1.4781048011365062e-8,154,0.3194085257971012
proteomics,peebo_2015,rel0_abs0,high,unfiltered,344,ter,0.03198241023580289,58,-0.28391715930550687
proteomics,peebo_2015,rel0_abs0,high,unfiltered,345,oriC,1.0249354578199683e-8,155,0.3132475721592197
proteomics,peebo_2015,rel0_abs0,high,unfiltered,345,ter,0.03260709856806005,58,-0.36408946420758315
proteomics,peebo_2015,rel0_abs0,high,unfiltered,345,oriC,5.6355646180188616e-8,155,0.3163576350979521
proteomics,peebo_2015,rel0_abs0,high,unfiltered,345,ter,0.07622908967947346,58,-0.44485350637037924
proteomics,peebo_2015,rel0_abs0,high,unfiltered,345,oriC,4.455030023251216e-14,155,0.06970298686724943
proteomics,peebo_2015,rel0_abs0,high,unfiltered,345,ter,0.5204740233147656,58,-0.07092478573104276
proteomics,peebo_2015,rel0_abs0,high,unfiltered,345,oriC,6.90463256914157e-16,155,0.10172197711655381
proteomics,peebo_2015,rel0_abs0,high,unfiltered,345,ter,0.3254705389037359,58,0.028701480423399074
proteomics,peebo_2015,rel0_abs0,high,unfiltered,345,oriC,8.722083764428953e-11,155,0.13249079635156458
proteomics,peebo_2015,rel0_abs0,high,unfiltered,345,ter,0.8223464108095183,58,-0.030180549428532884
proteomics,peebo_2015,rel0_abs0,high,unfiltered,345,oriC,2.2776343261010744e-9,155,0.1161060383358612
proteomics,peebo_2015,rel0_abs0,high,unfiltered,345,ter,0.01858891619893266,58,-0.11810122844893778
proteomics,peebo_2015,rel0_abs0,high,unfiltered,345,oriC,6.103398558597648e-11,155,0.19222006450629095
proteomics,peebo_2015,rel0_abs0,high,unfiltered,345,ter,0.021920939167843243,58,-0.1175978957529937
proteomics,peebo_2015,rel0_abs0,high,unfiltered,345,oriC,2.9009083774706535e-12,155,0.16197083452583022
proteomics,peebo_2015,rel0_abs0,high,unfiltered,345,ter,1,58,-0.0036456198931313025
proteomics,peebo_2015,rel0_abs0,high,unfiltered,345,oriC,1.7255114671302355e-10,155,0.19583720023036583
proteomics,peebo_2015,rel0_abs0,high,unfiltered,345,ter,0.7685980329552415,58,0.02197579183824957
proteomics,peebo_2015,rel0_abs0,high,unfiltered,345,oriC,1.5715222164202035e-10,155,0.21517446048293995
proteomics,peebo_2015,rel0_abs0,high,unfiltered,345,ter,0.8465214393431857,58,0.024718644006454807
proteomics,peebo_2015,rel0_abs0,high,unfiltered,345,oriC,7.002880603206803e-10,155,0.18256636183830668
proteomics,peebo_2015,rel0_abs0,high,unfiltered,345,ter,0.007052879288142608,58,-0.2138771480987693
proteomics,peebo_2015,rel0_abs0,high,unfiltered,345,oriC,1.8688618685846e-9,155,0.2177343258937907
proteomics,peebo_2015,rel0_abs0,high,unfiltered,345,ter,0.018205289023466076,58,-0.23717466704415074
proteomics,peebo_2015,rel0_abs0,high,unfiltered,345,oriC,6.569214244902896e-9,155,0.2087729937924792
proteomics,peebo_2015,rel0_abs0,high,unfiltered,345,ter,0.016389345236193925,58,-0.29792515669430414
proteomics,peebo_2015,rel0_abs0,high,unfiltered,345,oriC,6.470178798399074e-10,155,0.2238137257776969
proteomics,peebo_2015,rel0_abs0,high,unfiltered,345,ter,0.0054442162636695116,58,-0.27847805337575215
proteomics,peebo_2015,rel0_abs0,high,unfiltered,345,oriC,3.805080285093614e-8,155,0.1698605237899264
proteomics,peebo_2015,rel0_abs0,high,unfiltered,345,ter,0.011602613152898364,58,-0.27153784622204846
proteomics,peebo_2015,rel0_abs0,high,unfiltered,345,oriC,4.51551577863603e-9,155,0.26144388590317885
proteomics,peebo_2015,rel0_abs0,high,unfiltered,345,ter,0.008872879173350365,58,-0.20474097697978583
proteomics,peebo_2015,rel0_abs0,high,unfiltered,345,oriC,2.625761323572712e-9,155,0.21337843305739732
proteomics,peebo_2015,rel0_abs0,high,unfiltered,345,ter,0.03454423164745777,58,-0.19861329656018695
proteomics,peebo_2015,rel0_abs0,high,unfiltered,345,oriC,3.403163635511985e-8,155,0.276971518450445
proteomics,peebo_2015,rel0_abs0,high,unfiltered,345,ter,0.044113527114545505,58,-0.4169558249107566
proteomics,peebo_2015,rel0_abs0,high,unfiltered,345,oriC,0.0071168470830321635,155,0.045378572621886486
proteomics,peebo_2015,rel0_abs0,high,unfiltered,345,ter,0.33702947194198213,58,0.043324115100529
proteomics,peebo_2015,rel0_abs0,high,unfiltered,345,oriC,9.170644408568996e-4,155,0.08982811357095563
proteomics,peebo_2015,rel0_abs0,high,unfiltered,345,ter,0.6478158614416047,58,0.02092665715995985
proteomics,peebo_2015,rel0_abs0,high,unfiltered,345,oriC,0.0039905639385009635,155,0.020906271106412817
proteomics,peebo_2015,rel0_abs0,high,unfiltered,345,ter,0.07123646757405518,58,-0.08412651071111393
proteomics,peebo_2015,rel0_abs0,high,unfiltered,344,oriC,4.30763218625143e-7,155,0.07699021774617743
proteomics,peebo_2015,rel0_abs0,high,unfiltered,344,ter,0.1520481489048691,58,-0.02405234139103436
proteomics,peebo_2015,rel0_abs0,high,unfiltered,345,oriC,1.9187237283507785e-5,155,0.1312195221728864
proteomics,peebo_2015,rel0_abs0,high,unfiltered,345,ter,0.8952849320144012,58,-0.05458123092757809
proteomics,peebo_2015,rel0_abs0,high,unfiltered,345,oriC,4.778769358971033e-6,155,0.17287139015676412
proteomics,peebo_2015,rel0_abs0,high,unfiltered,345,ter,0.9444474598243444,58,-0.010045493418790533
proteomics,peebo_2015,rel0_abs0,high,unfiltered,344,oriC,4.778769358971033e-6,155,0.1698728073143849
proteomics,peebo_2015,rel0_abs0,high,unfiltered,344,ter,0.9506115816712045,58,-0.03804325786454555
proteomics,peebo_2015,rel0_abs0,high,unfiltered,345,oriC,3.2170730163217324e-6,155,0.08098546300847981
proteomics,peebo_2015,rel0_abs0,high,unfiltered,345,ter,0.056829796351606766,58,-0.1257232504995857
proteomics,peebo_2015,rel0_abs0,high,unfiltered,344,oriC,4.657943111965505e-6,155,0.11410346324436169
proteomics,peebo_2015,rel0_abs0,high,unfiltered,344,ter,0.1754459469644024,58,-0.1537036780613884
proteomics,peebo_2015,rel0_abs0,high,unfiltered,345,oriC,5.8083356734861844e-5,155,0.0522267221751898
proteomics,peebo_2015,rel0_abs0,high,unfiltered,345,ter,0.06205453680739489,58,-0.19487862949432486
proteomics,peebo_2015,rel0_abs0,high,unfiltered,343,oriC,3.6801022919693116e-6,154,0.1298185556988557
proteomics,peebo_2015,rel0_abs0,high,unfiltered,343,ter,0.10397240290756714,58,-0.2298365244455581
proteomics,peebo_2015,rel0_abs0,high,unfiltered,345,oriC,4.8323458420790056e-4,155,0.08403128467668103
proteomics,peebo_2015,rel0_abs0,high,unfiltered,345,ter,0.11247158016093148,58,-0.29483317274532506
proteomics,peebo_2015,rel0_abs0,high,unfiltered,343,oriC,3.5851448781370124e-6,154,0.12831753694544293
proteomics,peebo_2015,rel0_abs0,high,unfiltered,343,ter,0.14551389903074807,58,-0.21625120138284873
proteomics,peebo_2015,rel0_abs0,high,unfiltered,345,oriC,4.0613898724271785e-6,155,0.1745209253916581
proteomics,peebo_2015,rel0_abs0,high,unfiltered,345,ter,0.33702947194198213,58,-0.23649600329034012
proteomics,peebo_2015,rel0_abs0,high,unfiltered,343,oriC,1.4127868329911813e-5,154,0.1484762611233027
proteomics,peebo_2015,rel0_abs0,high,unfiltered,343,ter,0.08565056715235839,58,-0.3946337554505487
proteomics,peebo_2015,rel0_abs0,high,unfiltered,345,oriC,3.7587623422247194e-6,155,0.04370741105965623
proteomics,peebo_2015,rel0_abs0,high,unfiltered,345,ter,0.3609286103086415,58,-0.03499520742387237
proteomics,peebo_2015,rel0_abs0,high,unfiltered,345,oriC,0.06510493906893182,155,0.004973962832698777
proteomics,peebo_2015,rel0_abs0,high,unfiltered,345,ter,0.005315822723400844,58,-0.1076431177716061
proteomics,peebo_2015,rel0_abs0,high,unfiltered,345,oriC,1.832055985347608e-7,155,0.07437713232824372
proteomics,peebo_2015,rel0_abs0,high,unfiltered,345,ter,0.012392069098662887,58,-0.08444001433051204
proteomics,peebo_2015,rel0_abs0,high,unfiltered,345,oriC,2.0185405682268707e-9,155,0.08786813448885485
proteomics,peebo_2015,rel0_abs0,high,unfiltered,345,ter,0.4573210107911582,58,-0.024421523007313137
proteomics,peebo_2015,rel0_abs0,high,unfiltered,345,oriC,2.157279655313784e-7,155,0.1504728229832613
proteomics,peebo_2015,rel0_abs0,high,unfiltered,345,ter,0.5154614968015898,58,-0.06305973299256477
proteomics,peebo_2015,rel0_abs0,high,unfiltered,345,oriC,9.72768180142779e-8,155,0.14116744000358775
proteomics,peebo_2015,rel0_abs0,high,unfiltered,345,ter,0.3609286103086415,58,-0.04014430360755451
proteomics,peebo_2015,rel0_abs0,high,unfiltered,345,oriC,9.444590480465817e-8,155,0.10875100075120109
proteomics,peebo_2015,rel0_abs0,high,unfiltered,345,ter,0.0013490674274846122,58,-0.22494852081293984
proteomics,peebo_2015,rel0_abs0,high,unfiltered,345,oriC,6.166087245746304e-8,155,0.1343153739251453
proteomics,peebo_2015,rel0_abs0,high,unfiltered,345,ter,0.0018555785192008222,58,-0.20952848148771666
proteomics,peebo_2015,rel0_abs0,high,unfiltered,345,oriC,2.1163011067072582e-7,155,0.1357193898672971
proteomics,peebo_2015,rel0_abs0,high,unfiltered,345,ter,0.0011159756606758712,58,-0.3222380677044948
proteomics,peebo_2015,rel0_abs0,high,unfiltered,345,oriC,5.0979540554906943e-8,155,0.1634884574835454
proteomics,peebo_2015,rel0_abs0,high,unfiltered,345,ter,0.0010279776528096445,58,-0.2584079910565889
proteomics,peebo_2015,rel0_abs0,high,unfiltered,345,oriC,2.268429821044206e-6,155,0.11731633030074663
proteomics,peebo_2015,rel0_abs0,high,unfiltered,345,ter,0.0029484524410345507,58,-0.27702725529833855
proteomics,peebo_2015,rel0_abs0,high,unfiltered,345,oriC,1.5246224281550568e-7,155,0.20930246093098334
proteomics,peebo_2015,rel0_abs0,high,unfiltered,345,ter,0.00519017019762219,58,-0.248902176253544
proteomics,peebo_2015,rel0_abs0,high,unfiltered,345,oriC,1.647447262880666e-7,155,0.1697482880629597
proteomics,peebo_2015,rel0_abs0,high,unfiltered,345,ter,0.019377441058951252,58,-0.2530737157565424
proteomics,peebo_2015,rel0_abs0,high,unfiltered,345,oriC,2.9550109848537977e-7,155,0.22855755531581515
proteomics,peebo_2015,rel0_abs0,high,unfiltered,345,ter,0.006890729477459334,58,-0.38021762705362794
proteomics,peebo_2015,rel0_abs0,high,unfiltered,345,oriC,1.607285279929305e-5,155,-0.09175907419618382
proteomics,peebo_2015,rel0_abs0,high,unfiltered,345,ter,0.06205453680739489,58,-0.09906226587977984
proteomics,peebo_2015,rel0_abs0,high,unfiltered,345,oriC,0.4229958119119629,155,-0.012257911111929488
proteomics,peebo_2015,rel0_abs0,high,unfiltered,345,ter,0.11247158016093148,58,-0.07278518815435575
proteomics,peebo_2015,rel0_abs0,high,unfiltered,345,oriC,2.3537438049230342e-9,155,0.05667810042197569
proteomics,peebo_2015,rel0_abs0,high,unfiltered,345,ter,0.9814691664543683,58,2.835318357904891e-4
proteomics,peebo_2015,rel0_abs0,high,unfiltered,345,oriC,1.1385220255909301e-8,155,0.10331041630780884
proteomics,peebo_2015,rel0_abs0,high,unfiltered,345,ter,0.6478158614416047,58,0.04775794172255102
proteomics,peebo_2015,rel0_abs0,high,unfiltered,345,oriC,1.8580816923808656e-8,155,0.12420921305444795
proteomics,peebo_2015,rel0_abs0,high,unfiltered,345,ter,0.7685980329552415,58,0.03540181354533388
proteomics,peebo_2015,rel0_abs0,high,unfiltered,344,oriC,9.43914735676091e-7,155,0.048280728885458195
proteomics,peebo_2015,rel0_abs0,high,unfiltered,344,ter,0.0022847201015116503,58,-0.17175394597898438
proteomics,peebo_2015,rel0_abs0,high,unfiltered,345,oriC,2.0562404585491368e-7,155,0.10640783606791158
proteomics,peebo_2015,rel0_abs0,high,unfiltered,345,ter,0.010619547471538517,58,-0.12390569446695684
proteomics,peebo_2015,rel0_abs0,high,unfiltered,345,oriC,1.0336606035305605e-6,155,0.10725506672558534
proteomics,peebo_2015,rel0_abs0,high,unfiltered,345,ter,0.002467831747130779,58,-0.24274406588923586
proteomics,peebo_2015,rel0_abs0,high,unfiltered,344,oriC,2.0365888421563925e-7,155,0.14924145458805319
proteomics,peebo_2015,rel0_abs0,high,unfiltered,344,ter,0.0018555785192008222,58,-0.21515836243324338
proteomics,peebo_2015,rel0_abs0,high,unfiltered,345,oriC,4.275968668596962e-6,155,0.10307606502253779
proteomics,peebo_2015,rel0_abs0,high,unfiltered,345,ter,0.005846366225916569,58,-0.2648598473991647
proteomics,peebo_2015,rel0_abs0,high,unfiltered,345,oriC,1.5544711762835334e-7,155,0.16219045382020864
proteomics,peebo_2015,rel0_abs0,high,unfiltered,345,ter,0.003426810089793128,58,-0.18551403191694976
proteomics,peebo_2015,rel0_abs0,high,unfiltered,345,oriC,7.01866969489685e-8,155,0.15934914328838912
proteomics,peebo_2015,rel0_abs0,high,unfiltered,345,ter,0.058874021694887,58,-0.22003822896737257
proteomics,peebo_2015,rel0_abs0,high,unfiltered,344,oriC,2.419733527196935e-7,155,0.21829634104527598
proteomics,peebo_2015,rel0_abs0,high,unfiltered,344,ter,0.002344326407813926,58,-0.2878337747896982
proteomics,peebo_2015,rel0_abs0,high,unfiltered,345,oriC,3.386087986661473e-11,155,0.07201123161694985
proteomics,peebo_2015,rel0_abs0,high,unfiltered,345,ter,0.7333570613702305,58,0.00423288565801091
proteomics,peebo_2015,rel0_abs0,high,unfiltered,345,oriC,2.0955124466756216e-6,155,0.15152742974565317
proteomics,peebo_2015,rel0_abs0,high,unfiltered,345,ter,0.15652688052550365,58,0.07641990481715269
proteomics,peebo_2015,rel0_abs0,high,unfiltered,345,oriC,1.0837653441250372e-7,155,0.1829809442325153
proteomics,peebo_2015,rel0_abs0,high,unfiltered,345,ter,0.33702947194198213,58,0.049602645792065164
proteomics,peebo_2015,rel0_abs0,high,unfiltered,345,oriC,3.4378631698039613e-7,155,0.16560401505240918
proteomics,peebo_2015,rel0_abs0,high,unfiltered,345,ter,0.22121981185476203,58,0.05330857675385198
proteomics,peebo_2015,rel0_abs0,high,unfiltered,345,oriC,7.664159513605184e-10,155,0.07556413215536412
proteomics,peebo_2015,rel0_abs0,high,unfiltered,345,ter,0.11072930221055621,58,-0.08260262040573457
proteomics,peebo_2015,rel0_abs0,high,unfiltered,345,oriC,8.21112639755178e-9,155,0.11650194068976914
proteomics,peebo_2015,rel0_abs0,high,unfiltered,345,ter,0.5356608904171394,58,-0.06960094648708864
proteomics,peebo_2015,rel0_abs0,high,unfiltered,345,oriC,1.06214892161805e-6,155,0.06255145951236543
proteomics,peebo_2015,rel0_abs0,high,unfiltered,345,ter,0.07752086133423904,58,-0.14544662937903055
proteomics,peebo_2015,rel0_abs0,high,unfiltered,345,oriC,2.3313824174706236e-8,155,0.12695660981246745
proteomics,peebo_2015,rel0_abs0,high,unfiltered,345,ter,0.08424966221111443,58,-0.11216096703405243
proteomics,peebo_2015,rel0_abs0,high,unfiltered,345,oriC,6.654608578453662e-5,155,0.08838615713992148
proteomics,peebo_2015,rel0_abs0,high,unfiltered,345,ter,0.16343158862047633,58,-0.18852938984140627
proteomics,peebo_2015,rel0_abs0,high,unfiltered,345,oriC,7.751138425672215e-8,155,0.1591344891336207
proteomics,peebo_2015,rel0_abs0,high,unfiltered,345,ter,0.19335621004899545,58,-0.15716017950446728
proteomics,peebo_2015,rel0_abs0,high,unfiltered,345,oriC,3.2793293568358397e-7,155,0.1484324514175218
proteomics,peebo_2015,rel0_abs0,high,unfiltered,345,ter,0.4907798652571994,58,-0.15093647157272025
proteomics,peebo_2015,rel0_abs0,high,unfiltered,345,oriC,1.2496174543012819e-6,155,0.1865562074637707
proteomics,peebo_2015,rel0_abs0,high,unfiltered,345,ter,0.07752086133423904,58,-0.2048285564272158
proteomics,peebo_2015,rel0_abs0,high,unfiltered,345,oriC,3.045931514574987e-4,155,0.0699953302679668
proteomics,peebo_2015,rel0_abs0,high,unfiltered,345,ter,0.14766765681781283,58,0.08739781625101176
proteomics,peebo_2015,rel0_abs0,high,unfiltered,345,oriC,5.859481212074625e-6,155,0.12067697243845345
proteomics,peebo_2015,rel0_abs0,high,unfiltered,345,ter,0.07883040902690579,58,0.08177071134874592
proteomics,peebo_2015,rel0_abs0,high,unfiltered,345,oriC,9.210323295969182e-6,155,0.12862267809874461
proteomics,peebo_2015,rel0_abs0,high,unfiltered,345,ter,0.15427516514981898,58,0.08106783453225863
proteomics,peebo_2015,rel0_abs0,high,unfiltered,344,oriC,3.664630832652983e-4,155,0.02585886913712823
proteomics,peebo_2015,rel0_abs0,high,unfiltered,344,ter,0.14376360276376643,57,-0.08384188270642702
proteomics,peebo_2015,rel0_abs0,high,unfiltered,345,oriC,2.215483826341196e-5,155,0.06937719059673977
proteomics,peebo_2015,rel0_abs0,high,unfiltered,345,ter,0.3650127561898677,58,-0.04477488603582523
proteomics,peebo_2015,rel0_abs0,high,unfiltered,345,oriC,0.0015426976129432057,155,0.035787483505366334
proteomics,peebo_2015,rel0_abs0,high,unfiltered,345,ter,0.11965770161835501,58,-0.11890409260047763
proteomics,peebo_2015,rel0_abs0,high,unfiltered,342,oriC,1.6639274403327617e-5,154,0.06597896288659545
proteomics,peebo_2015,rel0_abs0,high,unfiltered,342,ter,0.06300181394714126,57,-0.14814566342508775
proteomics,peebo_2015,rel0_abs0,high,unfiltered,345,oriC,0.0015907530423285414,155,0.0423441042666914
proteomics,peebo_2015,rel0_abs0,high,unfiltered,345,ter,0.15880343249321605,58,-0.14866692868199158
proteomics,peebo_2015,rel0_abs0,high,unfiltered,339,oriC,2.0901577750220504e-5,153,0.12144942712606388
proteomics,peebo_2015,rel0_abs0,high,unfiltered,339,ter,0.2460486510079109,57,-0.0863483490845967
proteomics,peebo_2015,rel0_abs0,high,unfiltered,345,oriC,1.7283739898600867e-5,155,0.1376984498488727
proteomics,peebo_2015,rel0_abs0,high,unfiltered,345,ter,0.5666895509543759,58,-0.09040926167063987
proteomics,peebo_2015,rel0_abs0,high,unfiltered,343,oriC,2.741398303472895e-5,154,0.16234878498709937
proteomics,peebo_2015,rel0_abs0,high,unfiltered,343,ter,0.12914044149229018,58,-0.2161107967727166
proteomics,peebo_2015,rel0_abs0,high,unfiltered,345,oriC,1.6059222167231007e-6,155,0.059350481715480005
proteomics,peebo_2015,rel0_abs0,high,unfiltered,345,ter,0.7217297262979039,58,-0.001440086665724006
proteomics,peebo_2015,rel0_abs0,high,unfiltered,344,oriC,2.6555965403232915e-7,154,0.053733291831815425
proteomics,peebo_2015,rel0_abs0,high,unfiltered,344,ter,0.5255115509100328,58,0.015058372516623075
proteomics,peebo_2015,rel0_abs0,high,unfiltered,345,oriC,0.6661527995329167,155,-0.0013758278209221651
proteomics,peebo_2015,rel0_abs0,high,unfiltered,345,ter,0.0028749275422404923,58,-0.16938896961007577
proteomics,peebo_2015,rel0_abs0,high,unfiltered,345,oriC,6.322151143921705e-6,155,0.04135440489443823
proteomics,peebo_2015,rel0_abs0,high,unfiltered,345,ter,0.01085810672793823,58,-0.17457814443410358
proteomics,peebo_2015,rel0_abs0,high,unfiltered,345,oriC,4.445959957755614e-5,155,0.07615809561077673
proteomics,peebo_2015,rel0_abs0,high,unfiltered,345,ter,0.001423479504515854,58,-0.23675743268949415
proteomics,peebo_2015,rel0_abs0,high,unfiltered,344,oriC,4.835221988073538e-7,154,0.10593156369855475
proteomics,peebo_2015,rel0_abs0,high,unfiltered,344,ter,8.470258018478591e-4,58,-0.20619161683236797
proteomics,peebo_2015,rel0_abs0,high,unfiltered,344,oriC,2.2089307613121348e-5,154,0.08370727002832587
proteomics,peebo_2015,rel0_abs0,high,unfiltered,344,ter,0.002405353581456474,58,-0.263961521107841
proteomics,peebo_2015,rel0_abs0,high,unfiltered,344,oriC,1.7829094914443193e-6,154,0.08243111487265102
proteomics,peebo_2015,rel0_abs0,high,unfiltered,344,ter,8.010356266532762e-4,58,-0.23660124209768624
proteomics,peebo_2015,rel0_abs0,high,unfiltered,344,oriC,3.247259415733579e-7,154,0.13417869033921823
proteomics,peebo_2015,rel0_abs0,high,unfiltered,344,ter,0.02958519941608003,58,-0.26867208766963213
proteomics,peebo_2015,rel0_abs0,high,unfiltered,344,oriC,2.006949778372413e-7,154,0.15329232918195157
proteomics,peebo_2015,rel0_abs0,high,unfiltered,344,ter,7.159269180170994e-4,58,-0.26893315076371094
proteomics,peebo_2015,rel0_abs0,high,unfiltered,345,oriC,9.134248761860596e-6,155,-0.07504779851581013
proteomics,peebo_2015,rel0_abs0,high,unfiltered,345,ter,0.015053172760197188,58,-0.1452711990798658
proteomics,peebo_2015,rel0_abs0,high,unfiltered,344,oriC,0.0017715922204146323,154,-0.03213105280470191
proteomics,peebo_2015,rel0_abs0,high,unfiltered,344,ter,0.0050672075407308306,58,-0.15610888564990866
proteomics,peebo_2015,rel0_abs0,high,unfiltered,344,oriC,7.758907106898604e-4,155,0.02208803153907866
proteomics,peebo_2015,rel0_abs0,high,unfiltered,344,ter,0.0011468226938535614,58,-0.23475804055736516
proteomics,peebo_2015,rel0_abs0,high,unfiltered,343,oriC,8.440179487596724e-6,154,0.0791101212179745
proteomics,peebo_2015,rel0_abs0,high,unfiltered,343,ter,0.0028030800433645735,58,-0.2183642288307113
proteomics,peebo_2015,rel0_abs0,high,unfiltered,345,oriC,1.989570718953597e-4,155,0.016207706041632443
proteomics,peebo_2015,rel0_abs0,high,unfiltered,345,ter,2.0842095445693407e-4,58,-0.2324901722155495
proteomics,peebo_2015,rel0_abs0,high,unfiltered,342,oriC,1.333762149445232e-5,154,0.10222969910875002
proteomics,peebo_2015,rel0_abs0,high,unfiltered,342,ter,2.4267105272023068e-4,58,-0.2315730314363852
proteomics,peebo_2015,rel0_abs0,high,unfiltered,345,oriC,1.4426507138716897e-6,155,0.12477905330413924
proteomics,peebo_2015,rel0_abs0,high,unfiltered,345,ter,0.007387494932260939,58,-0.21350905144340931
proteomics,peebo_2015,rel0_abs0,high,unfiltered,343,oriC,1.7829094914443193e-6,154,0.14565284979668788
proteomics,peebo_2015,rel0_abs0,high,unfiltered,343,ter,3.374566767676557e-4,58,-0.26144946703031324
proteomics,peebo_2015,rel0_abs0,high,unfiltered,344,oriC,7.733079530861252e-6,155,-0.08808743322682237
proteomics,peebo_2015,rel0_abs0,high,unfiltered,344,ter,0.016739248832156144,58,-0.20159685399200622
proteomics,peebo_2015,rel0_abs0,high,unfiltered,343,oriC,0.003475288554796032,154,-0.04168342321182021
proteomics,peebo_2015,rel0_abs0,high,unfiltered,343,ter,0.01604588369492767,58,-0.21655019941453615
proteomics,peebo_2015,rel0_abs0,high,unfiltered,345,oriC,0.00956185496157325,155,0.009693590497578697
proteomics,peebo_2015,rel0_abs0,high,unfiltered,345,ter,5.232324956255343e-4,58,-0.23432461126921558
proteomics,peebo_2015,rel0_abs0,high,unfiltered,343,oriC,9.8138908595231e-6,154,0.07795957764986297
proteomics,peebo_2015,rel0_abs0,high,unfiltered,343,ter,0.0012782584599013518,58,-0.2354873329010112
proteomics,peebo_2015,rel0_abs0,high,unfiltered,344,oriC,2.539871666238252e-4,154,0.03111288136996184
proteomics,peebo_2015,rel0_abs0,high,unfiltered,344,ter,0.0012782584599013518,58,-0.28390351116455415
proteomics,peebo_2015,rel0_abs0,high,unfiltered,342,oriC,2.7516271757400395e-5,153,0.062168771160881646
proteomics,peebo_2015,rel0_abs0,high,unfiltered,342,ter,3.7162771504518525e-4,57,-0.2563737396995453
proteomics,peebo_2015,rel0_abs0,high,unfiltered,344,oriC,8.150741624200665e-7,154,0.09853732182338332
proteomics,peebo_2015,rel0_abs0,high,unfiltered,344,ter,0.011602613152898364,58,-0.2295820406155463
proteomics,peebo_2015,rel0_abs0,high,unfiltered,339,oriC,8.740461442378411e-7,153,0.12696397042201682
proteomics,peebo_2015,rel0_abs0,high,unfiltered,339,ter,1.7812219617091248e-4,56,-0.23360996599358874
proteomics,peebo_2015,rel0_abs0,high,unfiltered,345,oriC,6.112361021331862e-6,155,0.04600786654289662
proteomics,peebo_2015,rel0_abs0,high,unfiltered,345,ter,0.3488490428491787,58,0.017609671249885057
proteomics,peebo_2015,rel0_abs0,high,unfiltered,345,oriC,0.0031923826439678193,155,-0.001648037153258494
proteomics,peebo_2015,rel0_abs0,high,unfiltered,345,ter,0.11602092132204002,58,-0.0609262446512556
proteomics,peebo_2015,rel0_abs0,high,unfiltered,344,oriC,2.3086754895780097e-6,155,0.06710091316326336
proteomics,peebo_2015,rel0_abs0,high,unfiltered,344,ter,0.255068225791555,58,-0.029270364120922335
proteomics,peebo_2015,rel0_abs0,high,unfiltered,345,oriC,0.0015332484394047616,155,0.04229032674037995
proteomics,peebo_2015,rel0_abs0,high,unfiltered,345,ter,0.17792595435404382,58,-0.048309254390566866
proteomics,peebo_2015,rel0_abs0,high,unfiltered,345,oriC,2.4335678235530275e-6,155,0.10542279870238175
proteomics,peebo_2015,rel0_abs0,high,unfiltered,345,ter,0.37743747295999097,58,-0.09872883663115435
proteomics,peebo_2015,rel0_abs0,high,unfiltered,345,oriC,4.618322067047178e-6,155,0.10304608552098951
proteomics,peebo_2015,rel0_abs0,high,unfiltered,345,ter,0.9752939496349758,58,-0.047240840723593046
proteomics,peebo_2015,rel0_abs0,high,unfiltered,344,oriC,1.060000182850257e-5,155,0.1529177553898096
proteomics,peebo_2015,rel0_abs0,high,unfiltered,344,ter,0.15427516514981898,58,-0.17354882872761443
proteomics,peebo_2015,rel0_abs0,high,unfiltered,345,oriC,0.0051908980063913686,155,0.025704057476387987
proteomics,peebo_2015,rel0_abs0,high,unfiltered,345,ter,0.17056344662802514,58,-0.05994074274959571
proteomics,peebo_2015,rel0_abs0,high,unfiltered,342,oriC,1.517902609637321e-5,153,0.05165936131383478
proteomics,peebo_2015,rel0_abs0,high,unfiltered,342,ter,0.05013456855592365,58,-0.04207039842462601
proteomics,peebo_2015,rel0_abs0,high,unfiltered,345,oriC,0.002696367120373129,155,0.04759011539037676
proteomics,peebo_2015,rel0_abs0,high,unfiltered,345,ter,0.024257682088651953,58,-0.09880321050383117
proteomics,peebo_2015,rel0_abs0,high,unfiltered,343,oriC,9.917194132781582e-6,153,0.079303230313299
proteomics,peebo_2015,rel0_abs0,high,unfiltered,343,ter,0.12914044149229018,58,-0.10151107409352106
proteomics,peebo_2015,rel0_abs0,high,unfiltered,345,oriC,3.694510420004582e-6,155,0.10476807866494862
proteomics,peebo_2015,rel0_abs0,high,unfiltered,345,ter,0.7509125915212918,58,-0.04978038067797132
proteomics,peebo_2015,rel0_abs0,high,unfiltered,340,oriC,4.1932642694817183e-5,153,0.13075743888536545
proteomics,peebo_2015,rel0_abs0,high,unfiltered,340,ter,0.06097892804474902,58,-0.31717734395993014
proteomics,peebo_2015,rel0_abs0,high,unfiltered,344,oriC,1.3543759356394812e-11,155,0.06317090585629778
proteomics,peebo_2015,rel0_abs0,high,unfiltered,344,ter,0.8223464108095183,58,0.015714416680516874
proteomics,peebo_2015,rel0_abs0,high,unfiltered,345,oriC,0.0013977610058497957,155,0.04173154971447117
proteomics,peebo_2015,rel0_abs0,high,unfiltered,345,ter,0.38586367650229264,58,-0.03359615549504218
proteomics,peebo_2015,rel0_abs0,high,unfiltered,344,oriC,2.66403584754614e-8,155,0.09349352837736583
proteomics,peebo_2015,rel0_abs0,high,unfiltered,344,ter,0.39871638525569825,58,-0.04154159155777973
proteomics,peebo_2015,rel0_abs0,high,unfiltered,345,oriC,1.0578014737845138e-8,155,0.10069441961684782
proteomics,peebo_2015,rel0_abs0,high,unfiltered,345,ter,0.5154614968015898,58,0.025908051785341626
proteomics,peebo_2015,rel0_abs0,high,unfiltered,344,oriC,3.359523017783591e-6,155,0.13038582948273347
proteomics,peebo_2015,rel0_abs0,high,unfiltered,344,ter,0.12150927588403898,58,-0.07775010524956766
proteomics,peebo_2015,rel0_abs0,high,unfiltered,344,oriC,5.0511270798115294e-5,154,-0.03306970261215754
proteomics,peebo_2015,rel0_abs0,high,unfiltered,344,ter,0.2959226979750263,58,-0.04042622855342523
proteomics,peebo_2015,rel0_abs0,high,unfiltered,337,oriC,1.2876071491087088e-4,152,0.047531870795731096
proteomics,peebo_2015,rel0_abs0,high,unfiltered,337,ter,0.3284401560414944,57,-0.01148443330326577
proteomics,peebo_2015,rel0_abs0,high,unfiltered,344,oriC,5.8630535116485454e-6,154,0.0588874752421456
proteomics,peebo_2015,rel0_abs0,high,unfiltered,344,ter,0.2423655408609403,58,0.032229041100901704
proteomics,peebo_2015,rel0_abs0,high,unfiltered,334,oriC,2.4877284735195158e-5,150,0.12133955028601293
proteomics,peebo_2015,rel0_abs0,high,unfiltered,334,ter,0.23963851685243076,57,-0.15101494000060006
proteomics,peebo_2015,rel0_abs0,high,unfiltered,344,oriC,2.2107044077736078e-10,154,0.07784645295374523
proteomics,peebo_2015,rel0_abs0,high,unfiltered,344,ter,0.9752939496349758,58,-0.004268452660967849
proteomics,peebo_2015,rel0_abs0,high,unfiltered,344,oriC,5.688657183294232e-15,154,0.10263826869075127
proteomics,peebo_2015,rel0_abs0,high,unfiltered,344,ter,0.024257682088651953,58,0.06773832451610953
proteomics,peebo_2015,rel0_abs0,high,unfiltered,344,oriC,8.03011487358996e-8,154,0.18857518391221723
proteomics,peebo_2015,rel0_abs0,high,unfiltered,344,ter,0.2615902250109733,58,-0.1011766150029854
proteomics,peebo_2015,rel0_abs0,high,unfiltered,344,oriC,6.964743843955972e-5,154,0.03313825702157649
proteomics,peebo_2015,rel0_abs0,high,unfiltered,344,ter,0.05197637801622434,58,0.06259845759084513
proteomics,peebo_2015,rel0_abs0,high,unfiltered,331,oriC,1.1482184195721325e-6,151,0.1188370052748488
proteomics,peebo_2015,rel0_abs0,high,unfiltered,331,ter,0.5161202607028108,55,0.0552309231851315
proteomics,peebo_2015,rel0_abs0,high,unfiltered,344,oriC,1.7614754573330077e-5,154,0.08842500283207401
proteomics,peebo_2015,rel0_abs0,high,unfiltered,344,ter,0.10397240290756714,58,-0.07443939371000866
proteomics,li_2014_all,rel0_abs0,high,unfiltered,781,oriC,0.003190138391511621,308,0.07858117403273471
proteomics,li_2014_all,rel0_abs0,high,unfiltered,781,ter,3.1656618313554034e-9,169,-0.37826861186339783
proteomics,li_2014_all,rel0_abs0,high,unfiltered,781,oriC,2.0578162203702142e-7,308,0.2335749374170935
proteomics,li_2014_all,rel0_abs0,high,unfiltered,781,ter,6.918596776701638e-7,169,-0.4117074175753683
proteomics,li_2014_all,rel0_abs0,high,unfiltered,781,oriC,2.0914456132125435e-5,308,0.13096727835364896
proteomics,li_2014_all,rel0_abs0,high,unfiltered,781,ter,0.7895753475475258,169,-0.006958918241387937
proteomics,valgepea_2013_prot,rel0_abs0,high,unfiltered,433,oriC,1.188914547763519e-13,195,0.11312118251426342
proteomics,valgepea_2013_prot,rel0_abs0,high,unfiltered,433,ter,0.43500663721675437,73,0.050828309669220785
proteomics,valgepea_2013_prot,rel0_abs0,high,unfiltered,433,oriC,2.0366250993532543e-9,195,0.17644219316443602
proteomics,valgepea_2013_prot,rel0_abs0,high,unfiltered,433,ter,0.5563722227748185,73,0.0992545020313434
proteomics,valgepea_2013_prot,rel0_abs0,high,unfiltered,433,oriC,6.061415982833484e-8,195,0.18791232532219476
proteomics,valgepea_2013_prot,rel0_abs0,high,unfiltered,433,ter,0.8088634889194722,73,-0.010047244308515453
proteomics,valgepea_2013_prot,rel0_abs0,high,unfiltered,433,oriC,2.181765277120042e-8,195,0.22833135937934498
proteomics,valgepea_2013_prot,rel0_abs0,high,unfiltered,433,ter,0.7665672685265743,73,-0.004518458443920636
proteomics,valgepea_2013_prot,rel0_abs0,high,unfiltered,433,oriC,7.547156233533518e-5,195,0.056378374262441903
proteomics,valgepea_2013_prot,rel0_abs0,high,unfiltered,433,ter,0.8003550896803098,73,-0.003701190007581708
proteomics,valgepea_2013_prot,rel0_abs0,high,unfiltered,433,oriC,0.0010183108601160354,195,0.04337774559425818
proteomics,valgepea_2013_prot,rel0_abs0,high,unfiltered,433,ter,0.3223891884384486,73,-0.0995202420594583
proteomics,valgepea_2013_prot,rel0_abs0,high,unfiltered,433,oriC,3.0489082701897765e-4,195,0.11597201797171591
proteomics,valgepea_2013_prot,rel0_abs0,high,unfiltered,433,ter,0.5674941834786829,73,-0.12688255645628946
proteomics,valgepea_2013_prot,rel0_abs0,high,unfiltered,433,oriC,0.10573146000136399,195,-0.004435979817319014
proteomics,valgepea_2013_prot,rel0_abs0,high,unfiltered,433,ter,0.004798681083958136,73,-0.08185644747855646
proteomics,valgepea_2013_prot,rel0_abs0,high,unfiltered,433,oriC,5.421137643615985e-4,195,0.06133253588800789
proteomics,valgepea_2013_prot,rel0_abs0,high,unfiltered,433,ter,0.47141427558736215,73,-0.04299002480354632
proteomics,valgepea_2013_prot,rel0_abs0,high,unfiltered,433,oriC,3.1847049437996796e-5,195,0.08046611907517769
proteomics,valgepea_2013_prot,rel0_abs0,high,unfiltered,433,ter,0.3065228270890542,73,0.08659190832785794
proteomics,Goelzer_2015,rel0_abs0,high,unfiltered,638,oriC,0.07687392753769749,204,0.12875426186730907
proteomics,Goelzer_2015,rel0_abs0,high,unfiltered,638,ter,0.5204026155231734,220,0.0200427744606424
proteomics,Goelzer_2015,rel0_abs0,high,unfiltered,638,oriC,0.03207809728089654,204,0.20395563285143814
proteomics,Goelzer_2015,rel0_abs0,high,unfiltered,638,ter,0.352114132273283,220,0.05724972716522633
proteomics,Goelzer_2015,rel0_abs0,high,unfiltered,637,oriC,8.359453859115403e-4,203,0.2909616645961784
proteomics,Goelzer_2015,rel0_abs0,high,unfiltered,637,ter,0.22879986806465288,220,0.06357600317957551
proteomics,Goelzer_2015,rel0_abs0,high,unfiltered,638,oriC,9.562000070812636e-4,204,0.41218039362290854
proteomics,Goelzer_2015,rel0_abs0,high,unfiltered,638,ter,0.9666658327833196,220,0.18471307788674085
proteomics,Goelzer_2015,rel0_abs0,high,unfiltered,638,oriC,0.008651003170597376,204,0.07493747602110594
proteomics,Goelzer_2015,rel0_abs0,high,unfiltered,638,ter,0.030456290240308236,220,-0.1011293669110932
proteomics,Goelzer_2015,rel0_abs0,high,unfiltered,638,oriC,0.1299137387497495,204,0.05765854393919005
proteomics,Goelzer_2015,rel0_abs0,high,unfiltered,638,ter,0.3243728724724328,220,-0.044804231340063005
proteomics,Goelzer_2015,rel0_abs0,high,unfiltered,638,oriC,0.0020919465587661756,204,0.2890469300920172
proteomics,Goelzer_2015,rel0_abs0,high,unfiltered,638,ter,0.6927271755100967,220,0.039938608989645644
proteomics,Goelzer_2015,rel0_abs0,high,unfiltered,638,oriC,0.23131287150121743,204,0.09054424487587959
proteomics,Goelzer_2015,rel0_abs0,high,unfiltered,638,ter,0.5811276398993181,220,0.012526760331023012
proteomics,Goelzer_2015,rel0_abs0,high,unfiltered,638,oriC,0.001437462506231055,204,0.24618712913960888
proteomics,Goelzer_2015,rel0_abs0,high,unfiltered,638,ter,0.5162913162529115,220,0.09913690115782581
proteomics,Goelzer_2015,rel0_abs0,high,unfiltered,637,oriC,0.03703361098345923,204,0.05758502907062185
proteomics,Goelzer_2015,rel0_abs0,high,unfiltered,637,ter,0.00550966611126231,220,0.20913656711912015
proteomics,zhu_B_subtilis,rel0_abs0,high,unfiltered,722,oriC,0.060072963779333265,225,0.03620267848448637
proteomics,zhu_B_subtilis,rel0_abs0,high,unfiltered,722,ter,0.7684621920189361,253,8.71701450210296e-4
proteomics,zhu_B_subtilis,rel0_abs0,high,unfiltered,722,oriC,9.334363931742851e-20,225,0.35760803763526433
proteomics,zhu_B_subtilis,rel0_abs0,high,unfiltered,722,ter,9.307399024503725e-22,253,0.3270489871677754
proteomics,zhu_B_subtilis,rel0_abs0,high,unfiltered,722,oriC,1.8876682690209703e-6,225,0.15169953493673152
proteomics,zhu_B_subtilis,rel0_abs0,high,unfiltered,722,ter,0.012779894182335553,253,0.11711013915002189
proteomics,zhu_B_subtilis,rel0_abs0,high,unfiltered,722,oriC,5.040144871754997e-18,225,0.2939079904907769
proteomics,zhu_B_subtilis,rel0_abs0,high,unfiltered,722,ter,2.39431766297753e-14,253,0.34676075217425384
proteomics,zhu_B_subtilis,rel0_abs0,high,unfiltered,722,oriC,6.110665224734962e-11,225,0.27174984265735147
proteomics,zhu_B_subtilis,rel0_abs0,high,unfiltered,722,ter,5.029666617353494e-7,253,0.2952980301836305
proteomics,zhu_B_subtilis,rel0_abs0,high,unfiltered,722,oriC,0.005513809789164243,225,0.08823545856341572
proteomics,zhu_B_subtilis,rel0_abs0,high,unfiltered,722,ter,0.2891605727193648,253,0.008445459964303858
proteomics,zhu_B_subtilis,rel0_abs0,high,unfiltered,722,oriC,0.007005038517940019,225,0.12432327406881154
proteomics,zhu_B_subtilis,rel0_abs0,high,unfiltered,722,ter,0.021005190614819133,253,-0.13856893018544394
proteomics,zhu_B_subtilis,rel0_abs0,high,unfiltered,722,oriC,3.6337829774758974e-8,225,0.3517731716028192
proteomics,zhu_B_subtilis,rel0_abs0,high,unfiltered,722,ter,0.07633980121984202,253,0.1795802499095769
proteomics,zhu_B_subtilis,rel0_abs0,high,unfiltered,722,oriC,1.9371802661322527e-5,225,0.34925603940327477
proteomics,zhu_B_subtilis,rel0_abs0,high,unfiltered,722,ter,0.33469670341779506,253,-9.440966442055185e-4
proteomics,zhu_B_subtilis,rel0_abs0,high,unfiltered,722,oriC,5.538150759071983e-8,225,0.2894938708047738
proteomics,zhu_B_subtilis,rel0_abs0,high,unfiltered,722,ter,4.534387819587002e-17,253,0.28578567562207025
proteomics,zhu_B_subtilis,rel0_abs0,high,unfiltered,722,oriC,2.5446644490954797e-8,225,0.08899120046240849
proteomics,zhu_B_subtilis,rel0_abs0,high,unfiltered,722,ter,5.5958097056326225e-6,253,0.11399340415185023
proteomics,zhu_B_subtilis,rel0_abs0,high,unfiltered,722,oriC,4.02426163565677e-21,225,0.2559464256165232
proteomics,zhu_B_subtilis,rel0_abs0,high,unfiltered,722,ter,3.866229740392668e-26,253,0.33835990888224415
proteomics,zhu_B_subtilis,rel0_abs0,high,unfiltered,722,oriC,6.763210453509996e-14,225,0.21880961525807346
proteomics,zhu_B_subtilis,rel0_abs0,high,unfiltered,722,ter,4.858278501280651e-11,253,0.257386718751764
proteomics,zhu_B_subtilis,rel0_abs0,high,unfiltered,722,oriC,9.014449691777103e-4,225,0.11502307674975057
proteomics,zhu_B_subtilis,rel0_abs0,high,unfiltered,722,ter,0.5958265986488392,253,0.015580254403472629
proteomics,zhu_B_subtilis,rel0_abs0,high,unfiltered,722,oriC,0.0015230807700274723,225,0.2894141842710973
proteomics,zhu_B_subtilis,rel0_abs0,high,unfiltered,722,ter,0.06909190426124624,253,-0.01455108687594422
proteomics,zhu_B_subtilis,rel0_abs0,high,unfiltered,722,oriC,3.3604399149189303e-10,225,0.3615342011743274
proteomics,zhu_B_subtilis,rel0_abs0,high,unfiltered,722,ter,0.028130786188421745,253,0.2328689674641472
proteomics,zhu_B_subtilis,rel0_abs0,high,unfiltered,722,oriC,3.975348402964033e-6,225,0.3886004020952861
proteomics,zhu_B_subtilis,rel0_abs0,high,unfiltered,722,ter,0.7954825574561059,253,0.07466935602024735
proteomics,zhu_B_subtilis,rel0_abs0,high,unfiltered,722,oriC,0.011989057782616814,225,-0.1984438855907478
proteomics,zhu_B_subtilis,rel0_abs0,high,unfiltered,722,ter,9.112039548588372e-8,253,-0.21067911571697487
proteomics,zhu_B_subtilis,rel0_abs0,high,unfiltered,722,oriC,0.6719171271638746,225,-0.015764926608530155
proteomics,zhu_B_subtilis,rel0_abs0,high,unfiltered,722,ter,0.8214150664334923,253,0.010307124936055298
proteomics,zhu_B_subtilis,rel0_abs0,high,unfiltered,722,oriC,0.6592787473371563,225,-0.07870828085076895
proteomics,zhu_B_subtilis,rel0_abs0,high,unfiltered,722,ter,0.053151877053664864,253,-0.05016816021246496
proteomics,zhu_B_subtilis,rel0_abs0,high,unfiltered,722,oriC,0.5536417697244322,225,-0.19092761125456617
proteomics,zhu_B_subtilis,rel0_abs0,high,unfiltered,722,ter,8.041684892862327e-9,253,-0.30278977847664584
proteomics,zhu_B_subtilis,rel0_abs0,high,unfiltered,722,oriC,0.8506960667112502,225,-0.08753954122600982
proteomics,zhu_B_subtilis,rel0_abs0,high,unfiltered,722,ter,3.0075154426274604e-8,253,-0.3736669261616398
proteomics,zhu_B_subtilis,rel0_abs0,high,unfiltered,722,oriC,0.15092280872747257,225,-0.019296845166593298
proteomics,zhu_B_subtilis,rel0_abs0,high,unfiltered,722,ter,0.007959701325789202,253,-0.13857582263985763
proteomics,zhu_B_subtilis,rel0_abs0,high,unfiltered,721,oriC,0.30971025235178995,225,-0.03070252323557801
proteomics,zhu_B_subtilis,rel0_abs0,high,unfiltered,721,ter,2.445791816886027e-5,252,-0.22135852216807533
proteomics,zhu_B_subtilis,rel0_abs0,high,unfiltered,722,oriC,4.908091576752386e-6,225,0.16614028429459674
proteomics,zhu_B_subtilis,rel0_abs0,high,unfiltered,722,ter,4.1759443649687436e-22,253,0.21406606520881846
proteomics,zhu_B_subtilis,rel0_abs0,high,unfiltered,722,oriC,1.6728807778721337e-8,225,0.12561784270547163
proteomics,zhu_B_subtilis,rel0_abs0,high,unfiltered,722,ter,2.9233778307373764e-13,253,0.16395011165994652
proteomics,zhu_B_subtilis,rel0_abs0,high,unfiltered,722,oriC,0.002387388898399055,225,0.08113871358548413
proteomics,zhu_B_subtilis,rel0_abs0,high,unfiltered,722,ter,0.03876083145272287,253,-0.04379080810620909
proteomics,zhu_B_subtilis,rel0_abs0,high,unfiltered,722,oriC,0.003357951718667701,225,0.20114238882136765
proteomics,zhu_B_subtilis,rel0_abs0,high,unfiltered,722,ter,0.004759826209780463,253,-0.07125617961573592
proteomics,zhu_B_subtilis,rel0_abs0,high,unfiltered,722,oriC,4.31205209996793e-10,225,0.3006527007161663
proteomics,zhu_B_subtilis,rel0_abs0,high,unfiltered,722,ter,0.005945735279007778,253,0.15759129105788428
proteomics,zhu_B_subtilis,rel0_abs0,high,unfiltered,722,oriC,8.962317743354375e-6,225,0.32528506547175184
proteomics,zhu_B_subtilis,rel0_abs0,high,unfiltered,722,ter,0.6578612713540066,253,0.04638869723957792
proteomics,zhu_B_subtilis,rel0_abs0,high,unfiltered,722,oriC,0.57019788885075,225,-0.04567833976020853
proteomics,zhu_B_subtilis,rel0_abs0,high,unfiltered,722,ter,4.43173402932992e-6,253,-0.060630595942023725
proteomics,zhu_B_subtilis,rel0_abs0,high,unfiltered,722,oriC,0.5827678595529081,225,-0.12570382906429767
proteomics,zhu_B_subtilis,rel0_abs0,high,unfiltered,722,ter,2.805696660471516e-10,253,-0.26859398397008233
proteomics,zhu_B_subtilis,rel0_abs0,high,unfiltered,722,oriC,0.5319398274825253,225,-0.06494899106001384
proteomics,zhu_B_subtilis,rel0_abs0,high,unfiltered,722,ter,1.1058738922832229e-7,253,-0.3210747646456137
proteomics,zhu_B_subtilis,rel0_abs0,high,unfiltered,722,oriC,0.009735115195099769,225,0.07893563441467603
proteomics,zhu_B_subtilis,rel0_abs0,high,unfiltered,722,ter,0.03827788412270647,253,-0.057430582107912624
proteomics,zhu_B_subtilis,rel0_abs0,high,unfiltered,722,oriC,0.026012258076959227,225,0.08119450494982929
proteomics,zhu_B_subtilis,rel0_abs0,high,unfiltered,722,ter,8.373291010925169e-5,253,-0.21734369494607614
proteomics,zhu_B_subtilis,rel0_abs0,high,unfiltered,722,oriC,0.37898263097519597,225,-0.058318627824856424
proteomics,zhu_B_subtilis,rel0_abs0,high,unfiltered,722,ter,7.042948122033173e-9,253,-0.21149786152941027
proteomics,zhu_B_subtilis,rel0_abs0,high,unfiltered,722,oriC,0.26526316424270485,225,0.05176900452235906
proteomics,zhu_B_subtilis,rel0_abs0,high,unfiltered,722,ter,5.212760466960307e-7,253,-0.3163616622703691
proteomics,zhu_B_subtilis,rel0_abs0,high,unfiltered,721,oriC,3.880694254404193e-5,225,0.14289559846368882
proteomics,zhu_B_subtilis,rel0_abs0,high,unfiltered,721,ter,0.9993151987719978,253,0.028130777999081792
proteomics,zhu_B_subtilis,rel0_abs0,high,unfiltered,722,oriC,0.0049360217571201934,225,0.15560956040518342
proteomics,zhu_B_subtilis,rel0_abs0,high,unfiltered,722,ter,0.005379685450999461,253,-0.05473753395679061
proteomics,zhu_B_subtilis,rel0_abs0,high,unfiltered,722,oriC,1.7591408715918305e-4,225,0.14580086476575657
proteomics,zhu_B_subtilis,rel0_abs0,high,unfiltered,722,ter,0.48317350355829297,253,-0.0019155400044009404
proteomics,zhu_B_subtilis,rel0_abs0,high,unfiltered,721,oriC,3.0133586246882653e-13,224,0.22675215502418256
proteomics,zhu_B_subtilis,rel0_abs0,high,unfiltered,721,ter,1.262214691874024e-15,253,0.22687511772527355
proteomics,zhu_B_subtilis,rel0_abs0,high,unfiltered,721,oriC,1.6857029880085827e-10,224,0.30160280703593695
proteomics,zhu_B_subtilis,rel0_abs0,high,unfiltered,721,ter,0.002672526737260536,253,0.13759151681821327
proteomics,zhu_B_subtilis,rel0_abs0,high,unfiltered,708,oriC,0.024661274306376664,221,0.13990671857892545
proteomics,zhu_B_subtilis,rel0_abs0,high,unfiltered,708,ter,7.054454328326786e-11,249,0.28451561846585166
proteomics,zhu_B_subtilis,rel0_abs0,high,unfiltered,682,oriC,4.71657266927388e-10,218,0.18914496373777243
proteomics,zhu_B_subtilis,rel0_abs0,high,unfiltered,682,ter,1.640568914644138e-8,241,0.1645732252608287
proteomics,zhu_B_subtilis,rel0_abs0,high,unfiltered,690,oriC,0.010050048875265363,218,0.05204489985658174
proteomics,zhu_B_subtilis,rel0_abs0,high,unfiltered,690,ter,4.7436931420906316e-5,244,-0.08326133075844108
proteomics,zhu_E_coli,rel0_abs0,high,unfiltered,409,oriC,0.010724008806473853,186,0.0322693694960086
proteomics,zhu_E_coli,rel0_abs0,high,unfiltered,409,ter,0.5881840237526639,71,-5.00951988128396e-4
proteomics,zhu_E_coli,rel0_abs0,high,unfiltered,412,oriC,6.178051940237346e-9,187,-0.1848063265269474
proteomics,zhu_E_coli,rel0_abs0,high,unfiltered,412,ter,0.2037113686179838,72,0.07862161805009014
proteomics,zhu_E_coli,rel0_abs0,high,unfiltered,410,oriC,0.008159118905187036,186,0.06159801738158564
proteomics,zhu_E_coli,rel0_abs0,high,unfiltered,410,ter,0.9337858455544265,71,0.004916762355340688
proteomics,zhu_E_coli,rel0_abs0,high,unfiltered,412,oriC,0.777432525952651,187,-0.013366979624031255
proteomics,zhu_E_coli,rel0_abs0,high,unfiltered,412,ter,0.7257902844470032,72,0.026901317952412337
proteomics,zhu_E_coli,rel0_abs0,high,unfiltered,410,oriC,0.03908542777518307,186,0.03721757746044722
proteomics,zhu_E_coli,rel0_abs0,high,unfiltered,410,ter,0.29835606657190633,71,-0.16275405456376604
proteomics,zhu_E_coli,rel0_abs0,high,unfiltered,412,oriC,0.005388965154930408,187,0.09926300003479217
proteomics,zhu_E_coli,rel0_abs0,high,unfiltered,412,ter,0.011841106726956192,72,0.23464099221374254
proteomics,zhu_E_coli,rel0_abs0,high,unfiltered,412,oriC,0.08355803252361943,187,0.027341952859089115
proteomics,zhu_E_coli,rel0_abs0,high,unfiltered,412,ter,0.22653995083266967,72,0.16407524311762395
proteomics,zhu_E_coli,rel0_abs0,high,unfiltered,412,oriC,6.748297174764183e-5,187,0.25259718960712424
proteomics,zhu_E_coli,rel0_abs0,high,unfiltered,412,ter,0.5651570015828122,72,0.09169998450237965
proteomics,zhu_E_coli,rel0_abs0,high,unfiltered,410,oriC,0.0037022783846120413,186,0.07484854199692693
proteomics,zhu_E_coli,rel0_abs0,high,unfiltered,410,ter,0.100673349066704,71,-0.3577902343832447
proteomics,zhu_E_coli,rel0_abs0,high,unfiltered,412,oriC,1.7444472335247796e-5,187,0.2983601462629365
proteomics,zhu_E_coli,rel0_abs0,high,unfiltered,412,ter,0.48126618176756303,72,-0.08735764619074012
proteomics,zhu_E_coli,rel0_abs0,high,unfiltered,412,oriC,3.541074020672964e-8,187,-0.19506133244136714
proteomics,zhu_E_coli,rel0_abs0,high,unfiltered,412,ter,0.17534620787486127,72,0.07689550535335438
proteomics,zhu_E_coli,rel0_abs0,high,unfiltered,410,oriC,0.029339417470812083,186,0.04495569471598854
proteomics,zhu_E_coli,rel0_abs0,high,unfiltered,410,ter,0.7679277673075182,71,-0.005713243881662085
proteomics,zhu_E_coli,rel0_abs0,high,unfiltered,412,oriC,0.26018943301750475,187,-0.03940608462242748
proteomics,zhu_E_coli,rel0_abs0,high,unfiltered,412,ter,0.6037038059340623,72,0.0300302723710131
proteomics,zhu_E_coli,rel0_abs0,high,unfiltered,410,oriC,0.09870322521773385,186,-0.002419368327141225
proteomics,zhu_E_coli,rel0_abs0,high,unfiltered,410,ter,0.16819540925211657,71,-0.22748094115605844
proteomics,zhu_E_coli,rel0_abs0,high,unfiltered,412,oriC,0.034550336969622515,187,0.045613372363366454
proteomics,zhu_E_coli,rel0_abs0,high,unfiltered,412,ter,0.040259743927251956,72,0.18412115184790606
proteomics,zhu_E_coli,rel0_abs0,high,unfiltered,412,oriC,0.1881113511307255,187,0.025494364887060788
proteomics,zhu_E_coli,rel0_abs0,high,unfiltered,412,ter,0.4142134220051172,72,0.07792662512041032
proteomics,zhu_E_coli,rel0_abs0,high,unfiltered,412,oriC,2.6461977693621817e-4,187,0.18524914812535365
proteomics,zhu_E_coli,rel0_abs0,high,unfiltered,412,ter,0.7384582176401568,72,0.06991096178681605
proteomics,zhu_E_coli,rel0_abs0,high,unfiltered,410,oriC,0.013107317669231967,186,-0.012604178852781396
proteomics,zhu_E_coli,rel0_abs0,high,unfiltered,410,ter,0.06379613643498007,71,-0.42438639599210304
proteomics,zhu_E_coli,rel0_abs0,high,unfiltered,412,oriC,9.25132535066925e-5,187,0.2536326198731838
proteomics,zhu_E_coli,rel0_abs0,high,unfiltered,412,ter,0.2775397461835125,72,-0.15208142455807883
proteomics,zhu_E_coli,rel0_abs0,high,unfiltered,412,oriC,4.138701473470064e-6,187,0.23245566736884946
proteomics,zhu_E_coli,rel0_abs0,high,unfiltered,412,ter,0.5132649645038175,72,-0.06576036325733534
proteomics,zhu_E_coli,rel0_abs0,high,unfiltered,411,oriC,9.065713808583756e-6,187,0.08566715100823043
proteomics,zhu_E_coli,rel0_abs0,high,unfiltered,411,ter,0.6273844860749268,72,-0.076088247239716
proteomics,zhu_E_coli,rel0_abs0,high,unfiltered,412,oriC,6.266867934599286e-5,187,0.17695479199839634
proteomics,zhu_E_coli,rel0_abs0,high,unfiltered,412,ter,0.11417748369760305,72,-0.27206146007073456
proteomics,zhu_E_coli,rel0_abs0,high,unfiltered,412,oriC,1.5162089756826255e-7,187,0.2620261233345024
proteomics,zhu_E_coli,rel0_abs0,high,unfiltered,412,ter,0.53150922490881,72,0.06555291996122423
proteomics,zhu_E_coli,rel0_abs0,high,unfiltered,411,oriC,4.531110847900086e-6,187,0.21990210496211915
proteomics,zhu_E_coli,rel0_abs0,high,unfiltered,411,ter,0.6194465563120257,72,-0.06299939922822065
proteomics,zhu_E_coli,rel0_abs0,high,unfiltered,411,oriC,4.00240800889903e-8,187,0.3355514962807862
proteomics,zhu_E_coli,rel0_abs0,high,unfiltered,411,ter,0.7811821450238166,72,-0.08738084678112631
proteomics,zhu_E_coli,rel0_abs0,high,unfiltered,412,oriC,1.1298881573551194e-4,187,0.2475649773581403
proteomics,zhu_E_coli,rel0_abs0,high,unfiltered,412,ter,0.020622589890530105,72,-0.3760053048942388
proteomics,zhu_E_coli,rel0_abs0,high,unfiltered,411,oriC,1.472405791327914e-7,187,0.3959713165677573
proteomics,zhu_E_coli,rel0_abs0,high,unfiltered,411,ter,0.4271636297556203,72,-0.17632289830215764
proteomics,zhu_E_coli,rel0_abs0,high,unfiltered,412,oriC,0.0062524172029496915,187,-0.08925408869619006
proteomics,zhu_E_coli,rel0_abs0,high,unfiltered,412,ter,0.8729336446544822,72,-0.05687817853989609
proteomics,zhu_E_coli,rel0_abs0,high,unfiltered,410,oriC,0.044838991347800006,186,0.021628858648244743
proteomics,zhu_E_coli,rel0_abs0,high,unfiltered,410,ter,0.07522106928292303,71,-0.16367684581957553
proteomics,zhu_E_coli,rel0_abs0,high,unfiltered,412,oriC,0.035365811585749016,187,-0.03400685946990674
proteomics,zhu_E_coli,rel0_abs0,high,unfiltered,412,ter,9.023802648852791e-4,72,0.08161774033064029
proteomics,zhu_E_coli,rel0_abs0,high,unfiltered,412,oriC,0.048005921565110944,187,-0.04771492338632349
proteomics,zhu_E_coli,rel0_abs0,high,unfiltered,412,ter,0.6154940903079914,72,-0.027602945412915945
proteomics,zhu_E_coli,rel0_abs0,high,unfiltered,412,oriC,8.17824816781101e-5,187,0.13967124026418018
proteomics,zhu_E_coli,rel0_abs0,high,unfiltered,412,ter,0.3084297766583522,72,0.11063987013336882
proteomics,zhu_E_coli,rel0_abs0,high,unfiltered,409,oriC,3.213027368844373e-4,186,0.08597271596078654
proteomics,zhu_E_coli,rel0_abs0,high,unfiltered,409,ter,0.08614633362171739,71,-0.1774839443037909
proteomics,zhu_E_coli,rel0_abs0,high,unfiltered,412,oriC,2.1170697454334965e-6,187,0.24038618135126036
proteomics,zhu_E_coli,rel0_abs0,high,unfiltered,412,ter,0.5024770575158792,72,-0.018499853007205896
proteomics,zhu_E_coli,rel0_abs0,high,unfiltered,412,oriC,0.024286802588798177,187,0.039633385705228806
proteomics,zhu_E_coli,rel0_abs0,high,unfiltered,412,ter,0.49181025351244206,72,-0.07858482385899287
proteomics,zhu_E_coli,rel0_abs0,high,unfiltered,412,oriC,2.947376996295316e-6,187,0.10901657145859374
proteomics,zhu_E_coli,rel0_abs0,high,unfiltered,412,ter,0.009920929047809323,72,0.16938277086855325
proteomics,zhu_E_coli,rel0_abs0,high,unfiltered,411,oriC,3.1770236853126036e-5,187,0.09678007386786247
proteomics,zhu_E_coli,rel0_abs0,high,unfiltered,411,ter,0.44367858667277116,72,0.046559618982689094
proteomics,zhu_E_coli,rel0_abs0,high,unfiltered,411,oriC,2.318261090587572e-9,187,0.26233530144364947
proteomics,zhu_E_coli,rel0_abs0,high,unfiltered,411,ter,0.7640050781835908,72,0.048343652217725505
proteomics,zhu_E_coli,rel0_abs0,high,unfiltered,412,oriC,0.0012760234634702234,187,0.21563458799708546
proteomics,zhu_E_coli,rel0_abs0,high,unfiltered,412,ter,0.040259743927251956,72,-0.2275719051822148
proteomics,zhu_E_coli,rel0_abs0,high,unfiltered,411,oriC,9.811248901853112e-8,187,0.34694741015902414
proteomics,zhu_E_coli,rel0_abs0,high,unfiltered,411,ter,0.4403467210627434,72,-0.1552142640439067
proteomics,zhu_E_coli,rel0_abs0,high,unfiltered,412,oriC,0.2274713890683921,187,0.03155536346428966
proteomics,zhu_E_coli,rel0_abs0,high,unfiltered,412,ter,0.011287187986937133,72,0.27899579728923923
proteomics,zhu_E_coli,rel0_abs0,high,unfiltered,412,oriC,0.034205796221887345,187,-0.04746708540190891
proteomics,zhu_E_coli,rel0_abs0,high,unfiltered,412,ter,0.0703312838093316,72,0.22872016646373433
proteomics,zhu_E_coli,rel0_abs0,high,unfiltered,412,oriC,0.045037840620573165,187,0.156857902015681
proteomics,zhu_E_coli,rel0_abs0,high,unfiltered,412,ter,0.15649678485798044,72,0.24724623980550942
proteomics,zhu_E_coli,rel0_abs0,high,unfiltered,405,oriC,9.73103085787233e-5,183,0.11115271084331202
proteomics,zhu_E_coli,rel0_abs0,high,unfiltered,405,ter,0.08406974002205748,71,-0.12175010531424493
proteomics,zhu_E_coli,rel0_abs0,high,unfiltered,412,oriC,4.0257426880997715e-4,187,0.2275969762831776
proteomics,zhu_E_coli,rel0_abs0,high,unfiltered,412,ter,0.785493511523832,72,8.336342912809713e-5
proteomics,zhu_E_coli,rel0_abs0,high,unfiltered,412,oriC,0.29915708109430256,187,-0.03974900360964204
proteomics,zhu_E_coli,rel0_abs0,high,unfiltered,412,ter,3.115368175910197e-4,72,-0.11284682189439021
proteomics,zhu_E_coli,rel0_abs0,high,unfiltered,412,oriC,6.6424876939543304e-9,187,0.1533894394016567
proteomics,zhu_E_coli,rel0_abs0,high,unfiltered,412,ter,0.5689579232685903,72,-0.03877666018235784
proteomics,zhu_E_coli,rel0_abs0,high,unfiltered,412,oriC,0.0014413598567602607,187,0.0752384751958428
proteomics,zhu_E_coli,rel0_abs0,high,unfiltered,412,ter,1.8802721127283046e-4,72,-0.3740854197512442
proteomics,zhu_E_coli,rel0_abs0,high,unfiltered,412,oriC,5.763683450976046e-8,187,0.2828930745316086
proteomics,zhu_E_coli,rel0_abs0,high,unfiltered,412,ter,0.1665782789678308,72,-0.1273491907354139
proteomics,zhu_E_coli,rel0_abs0,high,unfiltered,411,oriC,9.34487593486107e-14,187,0.15975080106563277
proteomics,zhu_E_coli,rel0_abs0,high,unfiltered,411,ter,0.5959004568112332,72,0.010922742465531415
proteomics,zhu_E_coli,rel0_abs0,high,unfiltered,412,oriC,3.111296799908071e-4,187,0.09452408984728512
proteomics,zhu_E_coli,rel0_abs0,high,unfiltered,412,ter,0.004323424954376676,72,-0.3333909939959756
proteomics,zhu_E_coli,rel0_abs0,high,unfiltered,411,oriC,9.52248543041442e-11,187,0.3023975533013209
proteomics,zhu_E_coli,rel0_abs0,high,unfiltered,411,ter,0.7811821450238166,72,-0.06720311326279738
proteomics,zhu_E_coli,rel0_abs0,high,unfiltered,412,oriC,0.3941879385782075,187,-0.07705284100423937
proteomics,zhu_E_coli,rel0_abs0,high,unfiltered,412,ter,0.0021234341503434074,72,-0.26948113390624673
proteomics,zhu_E_coli,rel0_abs0,high,unfiltered,411,oriC,2.2180327011854665e-6,187,0.10054338349279597
proteomics,zhu_E_coli,rel0_abs0,high,unfiltered,411,ter,0.0567579845778713,72,-0.11908922388694965
proteomics,zhu_E_coli,rel0_abs0,high,unfiltered,404,oriC,0.020696917793882316,181,0.19644488734733667
proteomics,zhu_E_coli,rel0_abs0,high,unfiltered,404,ter,0.18260492919470592,72,0.15314505054435604
proteomics,zhu_V_natriegens,rel0_abs0,high,unfiltered,927,oriC,2.2809556342433937e-9,404,0.20598799870417708
proteomics,zhu_V_natriegens,rel0_abs0,high,unfiltered,927,ter,2.0687725177602474e-5,185,0.22596949734087707
proteomics,zhu_V_natriegens,rel0_abs0,high,unfiltered,927,oriC,0.15864740644074313,404,0.002051571201130929
proteomics,zhu_V_natriegens,rel0_abs0,high,unfiltered,927,ter,0.08162647504937762,185,0.057192339812171714
proteomics,zhu_V_natriegens,rel0_abs0,high,unfiltered,928,oriC,4.9461499352293774e-5,404,0.18313606042282318
proteomics,zhu_V_natriegens,rel0_abs0,high,unfiltered,928,ter,0.015770034126790344,186,0.12248476762882346
proteomics,zhu_V_natriegens,rel0_abs0,high,unfiltered,928,oriC,0.04744050949474199,404,0.06599034391294376
proteomics,zhu_V_natriegens,rel0_abs0,high,unfiltered,928,ter,0.002171703781273021,186,0.19696248978454114
proteomics,zhu_V_natriegens,rel0_abs0,high,unfiltered,928,oriC,0.04438364023208472,404,0.02635950699543463
proteomics,zhu_V_natriegens,rel0_abs0,high,unfiltered,928,ter,0.28017465277247644,186,0.006556641701449338
proteomics,zhu_V_natriegens,rel0_abs0,high,unfiltered,928,oriC,0.5275925867935042,404,-0.020527382430357448
proteomics,zhu_V_natriegens,rel0_abs0,high,unfiltered,928,ter,0.7317883212473935,186,0.02341739270216973
proteomics,zhu_V_natriegens,rel0_abs0,high,unfiltered,928,oriC,0.057021496476248115,404,0.0031091629512243818
proteomics,zhu_V_natriegens,rel0_abs0,high,unfiltered,928,ter,0.01974134145025947,186,0.11334629458495257
proteomics,zhu_V_natriegens,rel0_abs0,high,unfiltered,928,oriC,0.7029728687425278,404,-0.04093286651167164
proteomics,zhu_V_natriegens,rel0_abs0,high,unfiltered,928,ter,0.9858929984286036,186,-0.013443542704972408
proteomics,zhu_V_natriegens,rel0_abs0,high,unfiltered,928,oriC,0.048255955738715085,404,-0.3191347107288778
proteomics,zhu_V_natriegens,rel0_abs0,high,unfiltered,928,ter,0.05194410120168714,186,-0.22309390615649793
proteomics,zhu_V_natriegens,rel0_abs0,high,unfiltered,928,oriC,0.21100412460469073,404,-0.21707107308760337
proteomics,zhu_V_natriegens,rel0_abs0,high,unfiltered,928,ter,0.06714419496948587,186,-0.1555898208286154
proteomics,zhu_V_natriegens,rel0_abs0,high,unfiltered,928,oriC,3.816105817431305e-19,404,-0.24459271761244866
proteomics,zhu_V_natriegens,rel0_abs0,high,unfiltered,928,ter,1.1758047188361507e-6,186,-0.18475221039551865
proteomics,zhu_V_natriegens,rel0_abs0,high,unfiltered,926,oriC,0.4002457343330013,404,-0.07476694063757075
proteomics,zhu_V_natriegens,rel0_abs0,high,unfiltered,926,ter,0.1311144420700558,186,-0.053659516154365046
proteomics,zhu_V_natriegens,rel0_abs0,high,unfiltered,928,oriC,3.4542992725284226e-11,404,-0.16343179134233377
proteomics,zhu_V_natriegens,rel0_abs0,high,unfiltered,928,ter,0.010935124041401905,186,-0.10618925749851038
proteomics,zhu_V_natriegens,rel0_abs0,high,unfiltered,927,oriC,0.012686040670748572,404,-0.1808118226933116
proteomics,zhu_V_natriegens,rel0_abs0,high,unfiltered,927,ter,0.0049126422026400775,186,-0.13399113622730285
proteomics,zhu_V_natriegens,rel0_abs0,high,unfiltered,927,oriC,0.02703550971615403,404,-0.21897430030328258
proteomics,zhu_V_natriegens,rel0_abs0,high,unfiltered,927,ter,0.2260880074022887,186,-0.1224520969480409
proteomics,zhu_V_natriegens,rel0_abs0,high,unfiltered,928,oriC,0.09155304745068427,404,-0.17568460484394094
proteomics,zhu_V_natriegens,rel0_abs0,high,unfiltered,928,ter,0.24487260494563035,186,-0.09284011088896232
proteomics,zhu_V_natriegens,rel0_abs0,high,unfiltered,928,oriC,0.03127777643566643,404,-0.1780919020921098
proteomics,zhu_V_natriegens,rel0_abs0,high,unfiltered,928,ter,0.03005423071320563,186,-0.2224513312965321
proteomics,zhu_V_natriegens,rel0_abs0,high,unfiltered,927,oriC,3.3476576955527085e-5,404,-0.45788455358960056
proteomics,zhu_V_natriegens,rel0_abs0,high,unfiltered,927,ter,0.0010662958261892926,186,-0.3222342327483315
proteomics,zhu_V_natriegens,rel0_abs0,high,unfiltered,928,oriC,0.004683986585175417,404,-0.3656451319139893
proteomics,zhu_V_natriegens,rel0_abs0,high,unfiltered,928,ter,5.399366972758183e-4,186,-0.31604424355474925
proteomics,zhu_V_natriegens,rel0_abs0,high,unfiltered,928,oriC,1.5602147297166795e-7,404,0.1424548138309628
proteomics,zhu_V_natriegens,rel0_abs0,high,unfiltered,928,ter,0.06633576204241373,186,0.054839261536597884
proteomics,zhu_V_natriegens,rel0_abs0,high,unfiltered,928,oriC,0.008527818923423759,404,0.050545123451872384
proteomics,zhu_V_natriegens,rel0_abs0,high,unfiltered,928,ter,0.039998383160565955,186,0.13151919024565056
proteomics,zhu_V_natriegens,rel0_abs0,high,unfiltered,928,oriC,0.0014677072117975822,404,0.08819007375077664
proteomics,zhu_V_natriegens,rel0_abs0,high,unfiltered,928,ter,0.5836066258776926,186,0.008413405564806326
proteomics,zhu_V_natriegens,rel0_abs0,high,unfiltered,928,oriC,0.2804946759094056,404,0.05684705933541119
proteomics,zhu_V_natriegens,rel0_abs0,high,unfiltered,928,ter,0.906884276932072,186,-0.030749394100467092
proteomics,zhu_V_natriegens,rel0_abs0,high,unfiltered,928,oriC,6.784180910186919e-4,404,0.06809489798745433
proteomics,zhu_V_natriegens,rel0_abs0,high,unfiltered,928,ter,0.14333662671199682,186,0.08179331726457631
proteomics,zhu_V_natriegens,rel0_abs0,high,unfiltered,928,oriC,0.31096052503113003,404,0.022258624182988677
proteomics,zhu_V_natriegens,rel0_abs0,high,unfiltered,928,ter,0.5724509708053549,186,-0.03096347696961341
proteomics,zhu_V_natriegens,rel0_abs0,high,unfiltered,928,oriC,0.14930332392906975,404,-0.23147681248074523
proteomics,zhu_V_natriegens,rel0_abs0,high,unfiltered,928,ter,0.03295328679416349,186,-0.19677716643009793
proteomics,zhu_V_natriegens,rel0_abs0,high,unfiltered,928,oriC,0.6788025867958967,404,-0.06462743040458808
proteomics,zhu_V_natriegens,rel0_abs0,high,unfiltered,928,ter,0.0235383052496769,186,-0.20344928901018977
proteomics,zhu_V_natriegens,rel0_abs0,high,unfiltered,928,oriC,4.820338456878727e-11,404,-0.12694832341214227
proteomics,zhu_V_natriegens,rel0_abs0,high,unfiltered,928,ter,0.29434173979420375,186,-0.03268484796809386
proteomics,zhu_V_natriegens,rel0_abs0,high,unfiltered,926,oriC,2.7779043181564626e-4,403,-0.07716482473823327
proteomics,zhu_V_natriegens,rel0_abs0,high,unfiltered,926,ter,8.614196872718479e-5,186,-0.09590260759694658
proteomics,zhu_V_natriegens,rel0_abs0,high,unfiltered,927,oriC,0.47478352490022496,404,-0.03309017878444719
proteomics,zhu_V_natriegens,rel0_abs0,high,unfiltered,927,ter,0.7950327480575832,186,0.030578082485871395
proteomics,zhu_V_natriegens,rel0_abs0,high,unfiltered,928,oriC,1.5946499580486977e-4,404,-0.09780420935316256
proteomics,zhu_V_natriegens,rel0_abs0,high,unfiltered,928,ter,0.464327884651297,186,-0.016529575037064273
proteomics,zhu_V_natriegens,rel0_abs0,high,unfiltered,928,oriC,0.05945194406656183,404,-0.09738463491351886
proteomics,zhu_V_natriegens,rel0_abs0,high,unfiltered,928,ter,0.0989811820103755,186,-0.14287498415300065
proteomics,zhu_V_natriegens,rel0_abs0,high,unfiltered,927,oriC,0.013149695629397842,404,-0.23696873783065214
proteomics,zhu_V_natriegens,rel0_abs0,high,unfiltered,927,ter,0.003750794128010356,186,-0.10464278114861947
proteomics,zhu_V_natriegens,rel0_abs0,high,unfiltered,928,oriC,0.09114458038479384,404,-0.14129202912552302
proteomics,zhu_V_natriegens,rel0_abs0,high,unfiltered,928,ter,5.004402351166562e-4,186,-0.34469369520976967
proteomics,zhu_V_natriegens,rel0_abs0,high,unfiltered,928,oriC,0.005374012797436085,404,0.02439853287398769
proteomics,zhu_V_natriegens,rel0_abs0,high,unfiltered,928,ter,0.443829982049014,186,-0.08117630591882272
proteomics,zhu_V_natriegens,rel0_abs0,high,unfiltered,928,oriC,0.6679225572091854,404,-0.003685060323093756
proteomics,zhu_V_natriegens,rel0_abs0,high,unfiltered,928,ter,0.29811513995212013,186,-0.10290878861866648
proteomics,zhu_V_natriegens,rel0_abs0,high,unfiltered,928,oriC,0.0029024601358139087,404,0.008245838309170033
proteomics,zhu_V_natriegens,rel0_abs0,high,unfiltered,928,ter,0.33148936834084924,186,0.04051154340796249
proteomics,zhu_V_natriegens,rel0_abs0,high,unfiltered,928,oriC,0.8265893754105516,404,-0.0217364060320725
proteomics,zhu_V_natriegens,rel0_abs0,high,unfiltered,928,ter,0.0901329808155885,186,-0.13561260554608942
proteomics,zhu_V_natriegens,rel0_abs0,high,unfiltered,928,oriC,0.051279519838162146,404,-0.2588104629593237
proteomics,zhu_V_natriegens,rel0_abs0,high,unfiltered,928,ter,0.0012846829782898984,186,-0.295196199439289
proteomics,zhu_V_natriegens,rel0_abs0,high,unfiltered,928,oriC,0.2155452809820335,404,-0.1449678338583143
proteomics,zhu_V_natriegens,rel0_abs0,high,unfiltered,928,ter,7.964359623289418e-4,186,-0.376697177231099
proteomics,zhu_V_natriegens,rel0_abs0,high,unfiltered,927,oriC,0.06919676356354622,404,0.0767689147671859
proteomics,zhu_V_natriegens,rel0_abs0,high,unfiltered,927,ter,0.4098108937342155,186,0.08708863598472463
proteomics,zhu_V_natriegens,rel0_abs0,high,unfiltered,928,oriC,0.027600783383748776,404,-0.056456730817625894
proteomics,zhu_V_natriegens,rel0_abs0,high,unfiltered,928,ter,0.011862686932222297,186,0.07640193626578703
proteomics,zhu_V_natriegens,rel0_abs0,high,unfiltered,928,oriC,0.5958740902792574,404,-0.003962890666423613
proteomics,zhu_V_natriegens,rel0_abs0,high,unfiltered,928,ter,0.9004205621309421,186,0.027823766984055934
proteomics,zhu_V_natriegens,rel0_abs0,high,unfiltered,927,oriC,0.32898350852501385,404,-0.06758190154189839
proteomics,zhu_V_natriegens,rel0_abs0,high,unfiltered,927,ter,0.081455877352047,186,-0.012534657836986988
proteomics,zhu_V_natriegens,rel0_abs0,high,unfiltered,928,oriC,0.711521311245471,404,-0.029432803789663453
proteomics,zhu_V_natriegens,rel0_abs0,high,unfiltered,928,ter,0.010434536778113032,186,-0.2105461561479151
proteomics,zhu_V_natriegens,rel0_abs0,high,unfiltered,928,oriC,0.19587625468225126,404,-0.056933865108725376
proteomics,zhu_V_natriegens,rel0_abs0,high,unfiltered,928,ter,0.5513569249303166,186,0.013259898409728771
proteomics,zhu_V_natriegens,rel0_abs0,high,unfiltered,923,oriC,0.3000029713572276,401,-0.006295425581348449
proteomics,zhu_V_natriegens,rel0_abs0,high,unfiltered,923,ter,0.2995471248216543,184,-0.003281776457548105
proteomics,zhu_V_natriegens,rel0_abs0,high,unfiltered,913,oriC,0.034009690817463044,397,-0.06513194972515755
proteomics,zhu_V_natriegens,rel0_abs0,high,unfiltered,913,ter,0.004067146409751734,183,-0.0822328118321099
proteomics,zhu_V_natriegens,rel0_abs0,high,unfiltered,922,oriC,0.12449047102951223,402,-0.08995559112785861
proteomics,zhu_V_natriegens,rel0_abs0,high,unfiltered,922,ter,0.005179195951301801,184,-0.15639963946242125
proteomics,zhu_V_natriegens,rel0_abs0,high,unfiltered,928,oriC,0.6236082402304532,404,0.03021263562389139
proteomics,zhu_V_natriegens,rel0_abs0,high,unfiltered,928,ter,0.10850933924450559,186,-0.0729764633444136
proteomics,zhu_V_natriegens,rel0_abs0,high,unfiltered,928,oriC,0.1445571464718344,404,-0.11147355051936583
proteomics,zhu_V_natriegens,rel0_abs0,high,unfiltered,928,ter,0.008734070393418352,186,-0.22802313842932964
proteomics,zhu_V_natriegens,rel0_abs0,high,unfiltered,928,oriC,0.6651359641125398,404,-0.05500667748342365
proteomics,zhu_V_natriegens,rel0_abs0,high,unfiltered,928,ter,0.004071715390226419,186,-0.18665742457639722
proteomics,zhu_V_natriegens,rel0_abs0,high,unfiltered,924,oriC,0.041239820699992276,402,-0.09701152727799514
proteomics,zhu_V_natriegens,rel0_abs0,high,unfiltered,924,ter,0.02301605593941119,184,-0.19195982094096614
proteomics,zhu_V_natriegens,rel0_abs0,high,unfiltered,923,oriC,0.9953964054397518,403,-0.007934360955118989
proteomics,zhu_V_natriegens,rel0_abs0,high,unfiltered,923,ter,0.03456702708491039,183,-0.14588017699874345
proteomics,zhu_V_natriegens,rel0_abs0,high,unfiltered,912,oriC,3.9259687663557153e-4,399,0.11407792687145718
proteomics,zhu_V_natriegens,rel0_abs0,high,unfiltered,912,ter,0.03542662494429373,180,0.114253043816542
