assay,dataset,cutoff,gene_filter,fc_mode,n_total,group,p,n_genes,med_log2fc
proteomics,schmidt_2016,rel0_abs0,high,filtered,913,oriC,0.9933412215694718,283,0.00932562691418669
proteomics,schmidt_2016,rel0_abs0,high,filtered,913,ter,0.054616584298802784,348,0.035740357139357484
proteomics,schmidt_2016,rel0_abs0,high,filtered,911,oriC,0.4291433057512919,283,-0.03155150250654902
proteomics,schmidt_2016,rel0_abs0,high,filtered,911,ter,0.1816921735745068,347,-0.06465418843727351
proteomics,schmidt_2016,rel0_abs0,high,filtered,910,oriC,0.007337467903997864,283,-0.14191794534540902
proteomics,schmidt_2016,rel0_abs0,high,filtered,910,ter,0.02103170004105566,348,-0.08780213110327187
proteomics,schmidt_2016,rel0_abs0,high,filtered,912,oriC,0.6056162682025424,283,0.00812101974237196
proteomics,schmidt_2016,rel0_abs0,high,filtered,912,ter,0.4708333687716185,347,0.041800809091555244
proteomics,schmidt_2016,rel0_abs0,high,filtered,907,oriC,0.8569936719020432,282,-0.005997852390697915
proteomics,schmidt_2016,rel0_abs0,high,filtered,907,ter,0.4869761017509201,348,-0.010977064011669957
proteomics,schmidt_2016,rel0_abs0,high,filtered,911,oriC,0.2908460241051965,283,-0.04682468104629415
proteomics,schmidt_2016,rel0_abs0,high,filtered,911,ter,0.047291601251230726,348,-0.045440708551731684
proteomics,schmidt_2016,rel0_abs0,high,filtered,910,oriC,0.16122046474455046,283,-0.064330659453152
proteomics,schmidt_2016,rel0_abs0,high,filtered,910,ter,0.009315039253194705,347,-0.14877943408566283
proteomics,schmidt_2016,rel0_abs0,high,filtered,913,oriC,0.26920729793308595,283,-0.013895899721370331
proteomics,schmidt_2016,rel0_abs0,high,filtered,913,ter,0.817867284198234,348,0.02362533769590859
proteomics,schmidt_2016,rel0_abs0,high,filtered,902,oriC,0.9506408300440288,279,-0.018368542362321525
proteomics,schmidt_2016,rel0_abs0,high,filtered,902,ter,0.4858542807959242,345,-0.023632301182553384
proteomics,schmidt_2016,rel0_abs0,high,filtered,909,oriC,0.4198831090838586,283,-0.014419935218315498
proteomics,schmidt_2016,rel0_abs0,high,filtered,909,ter,0.04666460717561107,346,-0.07478294031675488
proteomics,schmidt_2016,rel0_abs0,high,filtered,911,oriC,0.8279360284564028,283,0.015203084134162888
proteomics,schmidt_2016,rel0_abs0,high,filtered,911,ter,0.9094913199207169,348,0.03094442035997246
proteomics,schmidt_2016,rel0_abs0,high,filtered,867,oriC,0.27738512974533697,270,-0.11873523061768694
proteomics,schmidt_2016,rel0_abs0,high,filtered,867,ter,0.11220123279497247,331,-0.14291844886955965
proteomics,schmidt_2016,rel0_abs0,high,filtered,882,oriC,0.8086303348356507,272,0.0016212782795428982
proteomics,schmidt_2016,rel0_abs0,high,filtered,882,ter,0.1094156693983114,338,-0.08418393250865736
proteomics,schmidt_2016,rel0_abs0,high,filtered,884,oriC,0.6708202029552441,274,-0.06737721321987505
proteomics,schmidt_2016,rel0_abs0,high,filtered,884,ter,0.6615663032211725,338,-0.018005334092560176
proteomics,schmidt_2016,rel0_abs0,high,filtered,871,oriC,0.9770729547318296,268,-0.05990644302654557
proteomics,schmidt_2016,rel0_abs0,high,filtered,871,ter,0.5075654161460936,333,-0.04641042210238721
proteomics,schmidt_2016,rel0_abs0,high,filtered,894,oriC,0.3024777925563908,277,-0.0769398905357944
proteomics,schmidt_2016,rel0_abs0,high,filtered,894,ter,0.30313204451407055,339,-0.09068640308431293
proteomics,schmidt_2016,rel0_abs0,high,filtered,880,oriC,0.5140646898525134,273,0.08771054214992242
proteomics,schmidt_2016,rel0_abs0,high,filtered,880,ter,0.6211131956838855,333,-0.0825508388765725
proteomics,schmidt_2016,rel0_abs0,high,filtered,872,oriC,1.7703691827461584e-4,269,-0.289357752948961
proteomics,schmidt_2016,rel0_abs0,high,filtered,872,ter,2.1197298765574875e-5,336,-0.3492609220345454
proteomics,schmidt_2016,rel0_abs0,high,filtered,854,oriC,0.0015235913398439975,265,-0.29602311388275176
proteomics,schmidt_2016,rel0_abs0,high,filtered,854,ter,6.4545585518993254e-9,331,-0.5048614233102917
proteomics,schmidt_2016,rel0_abs0,high,filtered,911,oriC,0.8740099335226719,283,-0.0040276538501725166
proteomics,schmidt_2016,rel0_abs0,high,filtered,911,ter,0.0057583595081056056,347,-0.10638164740817455
proteomics,schmidt_2016,rel0_abs0,high,filtered,909,oriC,0.013595807159723977,283,-0.14065463279183835
proteomics,schmidt_2016,rel0_abs0,high,filtered,909,ter,5.096512656422094e-4,348,-0.13185828398231156
proteomics,schmidt_2016,rel0_abs0,high,filtered,913,oriC,0.002208408529389991,283,-0.06332232495006072
proteomics,schmidt_2016,rel0_abs0,high,filtered,913,ter,0.07061155130199454,348,-0.020815857427615506
proteomics,schmidt_2016,rel0_abs0,high,filtered,908,oriC,0.955726877147461,283,0.03290242063309014
proteomics,schmidt_2016,rel0_abs0,high,filtered,908,ter,0.015887055674898242,347,-0.041780968730611386
proteomics,schmidt_2016,rel0_abs0,high,filtered,912,oriC,0.15105567531190547,283,-0.065120270043960607
proteomics,schmidt_2016,rel0_abs0,high,filtered,912,ter,0.002605651876601482,348,-0.10223446323261565
proteomics,schmidt_2016,rel0_abs0,high,filtered,912,oriC,0.10411520233015349,283,-0.10295597002223215
proteomics,schmidt_2016,rel0_abs0,high,filtered,912,ter,1.002914444288914e-4,348,-0.17357257416239036
proteomics,schmidt_2016,rel0_abs0,high,filtered,911,oriC,0.2062946842039448,283,-0.034200751209669644
proteomics,schmidt_2016,rel0_abs0,high,filtered,911,ter,0.08531542080393587,348,-0.037741444875004734
proteomics,schmidt_2016,rel0_abs0,high,filtered,908,oriC,0.4499735878658449,281,-0.04939083403925671
proteomics,schmidt_2016,rel0_abs0,high,filtered,908,ter,0.06880749681067197,348,-0.0680859031866345
proteomics,schmidt_2016,rel0_abs0,high,filtered,910,oriC,0.18380390719551212,283,-0.0699592749599171
proteomics,schmidt_2016,rel0_abs0,high,filtered,910,ter,0.004785539951149579,347,-0.09270382605785635
proteomics,schmidt_2016,rel0_abs0,high,filtered,911,oriC,0.31502097959105085,283,-0.04203866421707868
proteomics,schmidt_2016,rel0_abs0,high,filtered,911,ter,0.1348065346521402,348,-0.03277300241110524
proteomics,schmidt_2016,rel0_abs0,high,filtered,874,oriC,0.19874660395424668,273,-0.1420665059103354
proteomics,schmidt_2016,rel0_abs0,high,filtered,874,ter,0.06518348204060413,333,-0.1750932006447081
proteomics,schmidt_2016,rel0_abs0,high,filtered,887,oriC,0.9139785166062444,271,-0.034215779608813925
proteomics,schmidt_2016,rel0_abs0,high,filtered,887,ter,0.005570956417169885,341,-0.13424291093449617
proteomics,schmidt_2016,rel0_abs0,high,filtered,883,oriC,0.6162363420387788,274,-0.0860279077915539
proteomics,schmidt_2016,rel0_abs0,high,filtered,883,ter,0.42697948990002255,336,-0.03940612879874525
proteomics,schmidt_2016,rel0_abs0,high,filtered,867,oriC,0.9902081092376197,267,-0.06415263770442892
proteomics,schmidt_2016,rel0_abs0,high,filtered,867,ter,0.20805365461287256,331,-0.09511227707129845
proteomics,schmidt_2016,rel0_abs0,high,filtered,898,oriC,0.21749280009132224,279,-0.11057787425370764
proteomics,schmidt_2016,rel0_abs0,high,filtered,898,ter,0.03493324712696941,340,-0.15375183420380018
proteomics,schmidt_2016,rel0_abs0,high,filtered,881,oriC,0.5548647545890419,273,0.0035183975003059455
proteomics,schmidt_2016,rel0_abs0,high,filtered,881,ter,0.2498762599490232,333,-0.08780892932826621
proteomics,schmidt_2016,rel0_abs0,high,filtered,881,oriC,3.585158092363373e-5,267,-0.2834814690642635
proteomics,schmidt_2016,rel0_abs0,high,filtered,881,ter,2.9681912602215596e-8,343,-0.4237858226750643
proteomics,schmidt_2016,rel0_abs0,high,filtered,869,oriC,0.0014161378582156882,266,-0.28929707349514855
proteomics,schmidt_2016,rel0_abs0,high,filtered,869,ter,1.6636131838944236e-12,340,-0.6248782688037424
proteomics,schmidt_2016,rel0_abs0,high,filtered,909,oriC,0.04117350938528326,283,-0.07944261341087389
proteomics,schmidt_2016,rel0_abs0,high,filtered,909,ter,0.02759102838835417,348,-0.06527243681856965
proteomics,schmidt_2016,rel0_abs0,high,filtered,909,oriC,0.9620877513493798,283,-0.0260811328194585
proteomics,schmidt_2016,rel0_abs0,high,filtered,909,ter,0.9140892943665142,345,0.021647625072946337
proteomics,schmidt_2016,rel0_abs0,high,filtered,908,oriC,0.08472255126371495,283,0.08344142164275564
proteomics,schmidt_2016,rel0_abs0,high,filtered,908,ter,0.47175927878649637,348,0.05662671883570181
proteomics,schmidt_2016,rel0_abs0,high,filtered,912,oriC,0.2878731769176083,283,0.04628239888091251
proteomics,schmidt_2016,rel0_abs0,high,filtered,912,ter,0.8640776302269086,348,0.06346236034118685
proteomics,schmidt_2016,rel0_abs0,high,filtered,911,oriC,0.7067091784673967,283,-0.05936718829882315
proteomics,schmidt_2016,rel0_abs0,high,filtered,911,ter,0.18064507505623156,347,-0.009988886792575216
proteomics,schmidt_2016,rel0_abs0,high,filtered,913,oriC,0.37342269620708485,283,0.02343142031814433
proteomics,schmidt_2016,rel0_abs0,high,filtered,913,ter,0.132598631047821,348,0.09192555028650377
proteomics,schmidt_2016,rel0_abs0,high,filtered,906,oriC,0.24353598427984188,281,0.043122443365761334
proteomics,schmidt_2016,rel0_abs0,high,filtered,906,ter,0.2922449003772836,347,0.05738141318019272
proteomics,schmidt_2016,rel0_abs0,high,filtered,911,oriC,0.28069275626799745,283,0.026078908332634515
proteomics,schmidt_2016,rel0_abs0,high,filtered,911,ter,0.8976664402498011,347,0.015946603268027815
proteomics,schmidt_2016,rel0_abs0,high,filtered,905,oriC,0.10915568769744238,283,0.045172723319871225
proteomics,schmidt_2016,rel0_abs0,high,filtered,905,ter,0.7486578908023525,345,0.014779735683583069
proteomics,schmidt_2016,rel0_abs0,high,filtered,888,oriC,0.06230886246824084,278,-0.13170664504688656
proteomics,schmidt_2016,rel0_abs0,high,filtered,888,ter,0.17845329650404437,340,-0.05007313094201837
proteomics,schmidt_2016,rel0_abs0,high,filtered,899,oriC,0.6466771992280536,278,0.005797518777654941
proteomics,schmidt_2016,rel0_abs0,high,filtered,899,ter,0.7975466061419243,344,0.04954731117729716
proteomics,schmidt_2016,rel0_abs0,high,filtered,896,oriC,0.8974023154263897,278,-0.024722159844045143
proteomics,schmidt_2016,rel0_abs0,high,filtered,896,ter,0.4546837801269753,342,0.09396839396641901
proteomics,schmidt_2016,rel0_abs0,high,filtered,883,oriC,0.7604330147716061,275,-0.07133548825621472
proteomics,schmidt_2016,rel0_abs0,high,filtered,883,ter,0.8191123487917422,336,-0.005236313227507925
proteomics,schmidt_2016,rel0_abs0,high,filtered,900,oriC,0.6020277068962365,281,-0.034492628744217206
proteomics,schmidt_2016,rel0_abs0,high,filtered,900,ter,0.9855477562417679,341,0.028107425216823346
proteomics,schmidt_2016,rel0_abs0,high,filtered,895,oriC,0.2808799196781858,277,0.04417960523365233
proteomics,schmidt_2016,rel0_abs0,high,filtered,895,ter,0.40130609111879734,341,0.05822431633560789
proteomics,schmidt_2016,rel0_abs0,high,filtered,879,oriC,5.171911434100186e-4,273,-0.1980897089601779
proteomics,schmidt_2016,rel0_abs0,high,filtered,879,ter,1.608268295484732e-4,335,-0.27085997133487505
proteomics,schmidt_2016,rel0_abs0,high,filtered,863,oriC,5.58549859288779e-4,267,-0.2742918633838444
proteomics,schmidt_2016,rel0_abs0,high,filtered,863,ter,3.1369994863582834e-9,335,-0.4608750477241558
proteomics,schmidt_2016,rel0_abs0,high,filtered,907,oriC,0.024170334769945102,283,0.09133673601572699
proteomics,schmidt_2016,rel0_abs0,high,filtered,907,ter,0.09581813047430128,346,0.02090015276061446
proteomics,schmidt_2016,rel0_abs0,high,filtered,910,oriC,1.4198862287802909e-4,282,0.15230255503020174
proteomics,schmidt_2016,rel0_abs0,high,filtered,910,ter,0.39914442803890665,348,0.04414547901471377
proteomics,schmidt_2016,rel0_abs0,high,filtered,911,oriC,8.066799080713517e-5,283,0.09686628158788325
proteomics,schmidt_2016,rel0_abs0,high,filtered,911,ter,0.04928612080168288,348,0.04402067384467085
proteomics,schmidt_2016,rel0_abs0,high,filtered,911,oriC,0.07346067503636068,283,0.022876979085941957
proteomics,schmidt_2016,rel0_abs0,high,filtered,911,ter,0.9469179696231544,347,-0.014136047532644637
proteomics,schmidt_2016,rel0_abs0,high,filtered,913,oriC,0.00812048700376613,283,0.0892447808094923
proteomics,schmidt_2016,rel0_abs0,high,filtered,913,ter,0.0020736106640668645,348,0.1304421871018549
proteomics,schmidt_2016,rel0_abs0,high,filtered,910,oriC,9.3023799936714e-4,281,0.11966681960471601
proteomics,schmidt_2016,rel0_abs0,high,filtered,910,ter,0.022687159930442798,348,0.07920805771609399
proteomics,schmidt_2016,rel0_abs0,high,filtered,908,oriC,1.1164899106020872e-4,282,0.1391011971253195
proteomics,schmidt_2016,rel0_abs0,high,filtered,908,ter,0.1289348823934913,346,0.05545435023868957
proteomics,schmidt_2016,rel0_abs0,high,filtered,909,oriC,0.00513101230671785,283,0.0770019454430688
proteomics,schmidt_2016,rel0_abs0,high,filtered,909,ter,0.326766653442975,345,0.0031392946593079866
proteomics,schmidt_2016,rel0_abs0,high,filtered,894,oriC,0.17385903470644623,282,-0.12242819019151577
proteomics,schmidt_2016,rel0_abs0,high,filtered,894,ter,0.721991199292716,339,-0.06415471002057654
proteomics,schmidt_2016,rel0_abs0,high,filtered,905,oriC,0.2163887761399978,279,0.052143381852942323
proteomics,schmidt_2016,rel0_abs0,high,filtered,905,ter,0.972484809191227,347,0.019569188297801316
proteomics,schmidt_2016,rel0_abs0,high,filtered,902,oriC,0.48706676561808315,280,-0.0029541427499499935
proteomics,schmidt_2016,rel0_abs0,high,filtered,902,ter,0.28990552062231895,344,0.07780545785916224
proteomics,schmidt_2016,rel0_abs0,high,filtered,896,oriC,0.94650890038145,279,-0.05411706384536451
proteomics,schmidt_2016,rel0_abs0,high,filtered,896,ter,0.04192350838446351,341,0.05188175233627181
proteomics,schmidt_2016,rel0_abs0,high,filtered,905,oriC,0.7476512678549698,282,-0.007789742605708002
proteomics,schmidt_2016,rel0_abs0,high,filtered,905,ter,0.9386282436186697,343,0.0064351617991282506
proteomics,schmidt_2016,rel0_abs0,high,filtered,898,oriC,0.07732935578901608,280,0.10466706682027435
proteomics,schmidt_2016,rel0_abs0,high,filtered,898,ter,0.24526060114919898,340,0.035779012497778345
proteomics,schmidt_2016,rel0_abs0,high,filtered,891,oriC,0.025631525542539526,274,-0.10232638398260172
proteomics,schmidt_2016,rel0_abs0,high,filtered,891,ter,5.85679157553565e-5,344,-0.24986713161719018
proteomics,schmidt_2016,rel0_abs0,high,filtered,884,oriC,0.0590964512267784,271,-0.09250688158899734
proteomics,schmidt_2016,rel0_abs0,high,filtered,884,ter,1.752501144944841e-9,344,-0.5029893468620236
proteomics,schmidt_2016,rel0_abs0,high,filtered,906,oriC,0.435097461892961,283,0.045978831643930004
proteomics,schmidt_2016,rel0_abs0,high,filtered,906,ter,0.12474431401767719,345,-0.03799080909378958
proteomics,schmidt_2016,rel0_abs0,high,filtered,911,oriC,0.31712277446385023,283,0.023606150665007392
proteomics,schmidt_2016,rel0_abs0,high,filtered,911,ter,0.31847595509452786,347,-6.735430225960547e-4
proteomics,schmidt_2016,rel0_abs0,high,filtered,911,oriC,0.21853338251411794,283,-0.053899988288815905
proteomics,schmidt_2016,rel0_abs0,high,filtered,911,ter,0.002461144606855194,347,-0.13963764577522603
proteomics,schmidt_2016,rel0_abs0,high,filtered,913,oriC,0.9609310373544999,283,0.022157822221310484
proteomics,schmidt_2016,rel0_abs0,high,filtered,913,ter,0.7459366398632792,348,0.009393021551910057
proteomics,schmidt_2016,rel0_abs0,high,filtered,908,oriC,0.9773008446149836,282,-0.016100314332235834
proteomics,schmidt_2016,rel0_abs0,high,filtered,908,ter,0.9035935132842818,347,0.004916943290038568
proteomics,schmidt_2016,rel0_abs0,high,filtered,910,oriC,0.7674394397070747,283,0.008635885086076484
proteomics,schmidt_2016,rel0_abs0,high,filtered,910,ter,0.17942913209314698,347,-0.05621401905177428
proteomics,schmidt_2016,rel0_abs0,high,filtered,911,oriC,0.6030848095134451,283,0.005328020547248655
proteomics,schmidt_2016,rel0_abs0,high,filtered,911,ter,0.5528957283256888,348,-0.016102435366416482
proteomics,schmidt_2016,rel0_abs0,high,filtered,877,oriC,0.6323724964646436,275,-0.07007656740505838
proteomics,schmidt_2016,rel0_abs0,high,filtered,877,ter,0.3352540809264801,332,-0.07357920392512912
proteomics,schmidt_2016,rel0_abs0,high,filtered,894,oriC,0.6433723710112775,276,0.02526969915742367
proteomics,schmidt_2016,rel0_abs0,high,filtered,894,ter,0.029395049172218343,344,-0.0761782146028527
proteomics,schmidt_2016,rel0_abs0,high,filtered,889,oriC,0.5941701386691522,277,-0.06438518155418588
proteomics,schmidt_2016,rel0_abs0,high,filtered,889,ter,0.5619598321138762,337,-0.04901968583815835
proteomics,schmidt_2016,rel0_abs0,high,filtered,867,oriC,0.8739417794934525,268,-0.05818830441970797
proteomics,schmidt_2016,rel0_abs0,high,filtered,867,ter,0.8740233176382927,330,-0.05742340587985942
proteomics,schmidt_2016,rel0_abs0,high,filtered,901,oriC,0.511902378529314,282,-0.015385486806299623
proteomics,schmidt_2016,rel0_abs0,high,filtered,901,ter,0.059019765795348324,340,-0.12502178925356572
proteomics,schmidt_2016,rel0_abs0,high,filtered,888,oriC,0.22036505634900685,274,0.04608375990610453
proteomics,schmidt_2016,rel0_abs0,high,filtered,888,ter,0.5340499593572455,337,-0.06873047896202468
proteomics,schmidt_2016,rel0_abs0,high,filtered,886,oriC,1.166096701333716e-4,272,-0.2647780066194261
proteomics,schmidt_2016,rel0_abs0,high,filtered,886,ter,1.0516331675648536e-7,342,-0.4292331711406978
proteomics,schmidt_2016,rel0_abs0,high,filtered,870,oriC,0.0018929052013656922,268,-0.22397335343469005
proteomics,schmidt_2016,rel0_abs0,high,filtered,870,ter,1.3935675519509926e-12,339,-0.601823674715137
proteomics,schmidt_2016,rel0_abs0,high,filtered,912,oriC,0.1335106707447618,283,-0.07152722591055172
proteomics,schmidt_2016,rel0_abs0,high,filtered,912,ter,0.3932161302825874,348,0.02595485674118752
proteomics,schmidt_2016,rel0_abs0,high,filtered,912,oriC,9.864961709409041e-4,283,-0.13303711032683177
proteomics,schmidt_2016,rel0_abs0,high,filtered,912,ter,0.5611191673964409,348,-0.019688524794995294
proteomics,schmidt_2016,rel0_abs0,high,filtered,912,oriC,0.07081699232991748,283,-0.05156686885666533
proteomics,schmidt_2016,rel0_abs0,high,filtered,912,ter,0.0565889136251426,348,0.04378820781667929
proteomics,schmidt_2016,rel0_abs0,high,filtered,912,oriC,0.005155561529102598,282,-0.0791085989985015
proteomics,schmidt_2016,rel0_abs0,high,filtered,912,ter,0.3952849403685529,348,0.01375688067165515
proteomics,schmidt_2016,rel0_abs0,high,filtered,912,oriC,0.13577988555920129,283,-0.10429283192888696
proteomics,schmidt_2016,rel0_abs0,high,filtered,912,ter,0.9429076220763374,348,-0.008751146489558659
proteomics,schmidt_2016,rel0_abs0,high,filtered,909,oriC,0.5775406672938146,283,-0.058704013576960236
proteomics,schmidt_2016,rel0_abs0,high,filtered,909,ter,0.19886751592032514,344,0.02460271930141252
proteomics,schmidt_2016,rel0_abs0,high,filtered,896,oriC,0.001249065706474401,279,-0.2749629743015572
proteomics,schmidt_2016,rel0_abs0,high,filtered,896,ter,0.28008279694157884,339,-0.04172504042937146
proteomics,schmidt_2016,rel0_abs0,high,filtered,908,oriC,0.058918399166730896,280,-0.0966155136612353
proteomics,schmidt_2016,rel0_abs0,high,filtered,908,ter,0.17009989418541,348,-0.059308824758705886
proteomics,schmidt_2016,rel0_abs0,high,filtered,912,oriC,0.006310401891465573,283,-0.14725269626510082
proteomics,schmidt_2016,rel0_abs0,high,filtered,912,ter,0.627846686279191,347,0.018134041242577448
proteomics,schmidt_2016,rel0_abs0,high,filtered,893,oriC,0.0030837295946565214,277,-0.19731215853769016
proteomics,schmidt_2016,rel0_abs0,high,filtered,893,ter,0.702046880432061,342,-0.050850348395827624
proteomics,schmidt_2016,rel0_abs0,high,filtered,909,oriC,0.0028138382365343884,283,-0.17597100314532
proteomics,schmidt_2016,rel0_abs0,high,filtered,909,ter,0.024150040537270323,345,-0.10941170357338173
proteomics,schmidt_2016,rel0_abs0,high,filtered,906,oriC,0.9825381493895311,282,-0.04310914493375784
proteomics,schmidt_2016,rel0_abs0,high,filtered,906,ter,0.8304333816754071,345,-0.05979994059130729
proteomics,schmidt_2016,rel0_abs0,high,filtered,896,oriC,1.155742800968959e-6,276,-0.24510467321277774
proteomics,schmidt_2016,rel0_abs0,high,filtered,896,ter,1.980160046001685e-6,345,-0.2940517912822761
proteomics,schmidt_2016,rel0_abs0,high,filtered,885,oriC,2.2837157757132432e-4,273,-0.31598350143033194
proteomics,schmidt_2016,rel0_abs0,high,filtered,885,ter,4.113582578765524e-10,340,-0.39448365221595516
proteomics,schmidt_2016,rel0_abs0,high,filtered,912,oriC,0.014387145953460544,283,-0.0316795785233595
proteomics,schmidt_2016,rel0_abs0,high,filtered,912,ter,0.0014830148162416656,348,-0.07655029011496002
proteomics,schmidt_2016,rel0_abs0,high,filtered,913,oriC,0.41779501426534993,283,-0.0018683525990172167
proteomics,schmidt_2016,rel0_abs0,high,filtered,913,ter,0.04197877102519497,348,0.061780907387773726
proteomics,schmidt_2016,rel0_abs0,high,filtered,911,oriC,0.6968416843326724,282,0.010127484715791111
proteomics,schmidt_2016,rel0_abs0,high,filtered,911,ter,0.9306260522453292,348,-0.00773098135622714
proteomics,schmidt_2016,rel0_abs0,high,filtered,910,oriC,0.6545871646665891,283,-0.0261313057317861
proteomics,schmidt_2016,rel0_abs0,high,filtered,910,ter,0.3917665948302173,347,-0.019779122936121957
proteomics,schmidt_2016,rel0_abs0,high,filtered,911,oriC,0.6462269195023467,283,-0.037221730216100625
proteomics,schmidt_2016,rel0_abs0,high,filtered,911,ter,0.2608718870248164,347,-0.05320855055037441
proteomics,schmidt_2016,rel0_abs0,high,filtered,895,oriC,0.0640354894936633,280,-0.1543631613523867
proteomics,schmidt_2016,rel0_abs0,high,filtered,895,ter,0.3139285088321776,340,-0.08129097608270924
proteomics,schmidt_2016,rel0_abs0,high,filtered,903,oriC,0.7758592135043785,278,-0.015752854184920853
proteomics,schmidt_2016,rel0_abs0,high,filtered,903,ter,0.22611427912693072,347,-0.03351278526184259
proteomics,schmidt_2016,rel0_abs0,high,filtered,906,oriC,0.4615633269576545,280,-0.050161005449958926
proteomics,schmidt_2016,rel0_abs0,high,filtered,906,ter,0.7886983837627226,346,0.0347164044571292
proteomics,schmidt_2016,rel0_abs0,high,filtered,885,oriC,0.10996026238061435,273,-0.09892076659872848
proteomics,schmidt_2016,rel0_abs0,high,filtered,885,ter,0.927316637369164,338,-0.05794078414616091
proteomics,schmidt_2016,rel0_abs0,high,filtered,907,oriC,0.18327936955724022,282,-0.08220680034397883
proteomics,schmidt_2016,rel0_abs0,high,filtered,907,ter,0.10422586949998884,345,-0.09319627241010987
proteomics,schmidt_2016,rel0_abs0,high,filtered,901,oriC,0.17034004135655978,279,0.06259435872129272
proteomics,schmidt_2016,rel0_abs0,high,filtered,901,ter,0.8478785498982921,342,-0.017542337496660253
proteomics,schmidt_2016,rel0_abs0,high,filtered,897,oriC,4.932866698368941e-6,275,-0.23630138001385179
proteomics,schmidt_2016,rel0_abs0,high,filtered,897,ter,5.194637775950664e-7,346,-0.27652493888286145
proteomics,schmidt_2016,rel0_abs0,high,filtered,879,oriC,4.4999329834384587e-4,268,-0.2126989899823004
proteomics,schmidt_2016,rel0_abs0,high,filtered,879,ter,3.0424635958554313e-11,342,-0.4180163139609202
proteomics,schmidt_2016,rel0_abs0,high,filtered,913,oriC,0.3324541049825027,283,0.05075863196073144
proteomics,schmidt_2016,rel0_abs0,high,filtered,913,ter,7.918318366135345e-5,348,0.10989429398446574
proteomics,schmidt_2016,rel0_abs0,high,filtered,910,oriC,0.02358406273543592,282,0.07082600925251964
proteomics,schmidt_2016,rel0_abs0,high,filtered,910,ter,0.006568945177394482,348,0.07727445274905378
proteomics,schmidt_2016,rel0_abs0,high,filtered,913,oriC,0.01902073806623889,283,0.05241560402056034
proteomics,schmidt_2016,rel0_abs0,high,filtered,913,ter,0.003176772523371318,348,0.07516046834987258
proteomics,schmidt_2016,rel0_abs0,high,filtered,911,oriC,0.15501924080975818,283,0.039019221613001275
proteomics,schmidt_2016,rel0_abs0,high,filtered,911,ter,0.26028722390307096,346,0.014624254450397863
proteomics,schmidt_2016,rel0_abs0,high,filtered,900,oriC,0.09623103326499026,282,-0.11946953768401489
proteomics,schmidt_2016,rel0_abs0,high,filtered,900,ter,0.6055800201836534,339,0.009974285683603878
proteomics,schmidt_2016,rel0_abs0,high,filtered,908,oriC,0.48727126469955384,278,0.04237770941716269
proteomics,schmidt_2016,rel0_abs0,high,filtered,908,ter,0.45007238744968336,348,0.01646800852938076
proteomics,schmidt_2016,rel0_abs0,high,filtered,907,oriC,0.6030277462721282,279,0.02172839645430711
proteomics,schmidt_2016,rel0_abs0,high,filtered,907,ter,0.019794716480123705,347,0.09904327077695295
proteomics,schmidt_2016,rel0_abs0,high,filtered,892,oriC,0.4925352944086837,274,-0.020176185400418045
proteomics,schmidt_2016,rel0_abs0,high,filtered,892,ter,0.37339605523126135,340,0.01959095009996014
proteomics,schmidt_2016,rel0_abs0,high,filtered,909,oriC,0.9539925654138189,283,0.002657487437401813
proteomics,schmidt_2016,rel0_abs0,high,filtered,909,ter,0.8354123796318536,344,-0.024456673413690684
proteomics,schmidt_2016,rel0_abs0,high,filtered,903,oriC,0.015344670228542922,280,0.11232010128857088
proteomics,schmidt_2016,rel0_abs0,high,filtered,903,ter,0.0676188708386959,342,0.04549208613292173
proteomics,schmidt_2016,rel0_abs0,high,filtered,892,oriC,7.776215433209079e-4,273,-0.13253539538648937
proteomics,schmidt_2016,rel0_abs0,high,filtered,892,ter,4.7784535613320435e-5,346,-0.19455754461133337
proteomics,schmidt_2016,rel0_abs0,high,filtered,884,oriC,0.002787782634551847,269,-0.14137999212367724
proteomics,schmidt_2016,rel0_abs0,high,filtered,884,ter,2.695110073137387e-8,343,-0.4099018297099364
proteomics,schmidt_2016,rel0_abs0,high,filtered,908,oriC,0.6573497781356137,282,0.011956018480022767
proteomics,schmidt_2016,rel0_abs0,high,filtered,908,ter,0.08646474971095577,346,-0.02773707371919021
proteomics,schmidt_2016,rel0_abs0,high,filtered,912,oriC,0.26420764579347394,283,-0.0015475639770301081
proteomics,schmidt_2016,rel0_abs0,high,filtered,912,ter,3.876659922383375e-5,347,-0.08291050867026
proteomics,schmidt_2016,rel0_abs0,high,filtered,912,oriC,0.44758158337818627,283,-0.010320681426823368
proteomics,schmidt_2016,rel0_abs0,high,filtered,912,ter,0.27585449907335907,348,-0.046181303814800005
proteomics,schmidt_2016,rel0_abs0,high,filtered,900,oriC,0.05295879641135516,280,-0.14602246020712664
proteomics,schmidt_2016,rel0_abs0,high,filtered,900,ter,0.039364834727306744,342,-0.11254866878732356
proteomics,schmidt_2016,rel0_abs0,high,filtered,909,oriC,0.977939873348512,280,-0.004802919102536831
proteomics,schmidt_2016,rel0_abs0,high,filtered,909,ter,0.0031177278577592432,347,-0.09903160239759477
proteomics,schmidt_2016,rel0_abs0,high,filtered,910,oriC,0.10313387211888028,282,-0.09356978118338688
proteomics,schmidt_2016,rel0_abs0,high,filtered,910,ter,0.1207565405254398,347,-0.046652653435735034
proteomics,schmidt_2016,rel0_abs0,high,filtered,895,oriC,0.0554425153815953,277,-0.1359896396297424
proteomics,schmidt_2016,rel0_abs0,high,filtered,895,ter,0.05876945875708724,341,-0.10888083117575775
proteomics,schmidt_2016,rel0_abs0,high,filtered,908,oriC,0.10899530334390464,283,-0.0775328227735468
proteomics,schmidt_2016,rel0_abs0,high,filtered,908,ter,0.0016193160581006907,343,-0.13120617661866488
proteomics,schmidt_2016,rel0_abs0,high,filtered,902,oriC,0.5091479229269456,279,-0.02366834411268084
proteomics,schmidt_2016,rel0_abs0,high,filtered,902,ter,0.3386435467444761,343,-0.051393273199375214
proteomics,schmidt_2016,rel0_abs0,high,filtered,900,oriC,1.6741342199791586e-6,276,-0.2435089803833901
proteomics,schmidt_2016,rel0_abs0,high,filtered,900,ter,1.7287859749068853e-9,345,-0.3207774039303239
proteomics,schmidt_2016,rel0_abs0,high,filtered,885,oriC,4.516564799239194e-5,270,-0.26671667272459787
proteomics,schmidt_2016,rel0_abs0,high,filtered,885,ter,4.3307919675715745e-15,343,-0.5785878267869867
proteomics,schmidt_2016,rel0_abs0,high,filtered,910,oriC,0.7300312561104589,282,0.011316469409420726
proteomics,schmidt_2016,rel0_abs0,high,filtered,910,ter,0.6093768850062122,347,-0.02233987225689762
proteomics,schmidt_2016,rel0_abs0,high,filtered,902,oriC,0.0032574925726976127,282,-0.19355211307208942
proteomics,schmidt_2016,rel0_abs0,high,filtered,902,ter,0.031848064226439335,343,-0.12902509330366163
proteomics,schmidt_2016,rel0_abs0,high,filtered,906,oriC,0.27499748780572236,279,-0.03949520848717936
proteomics,schmidt_2016,rel0_abs0,high,filtered,906,ter,0.050039313125612224,347,-0.07770568659404159
proteomics,schmidt_2016,rel0_abs0,high,filtered,912,oriC,0.08915255567189824,282,-0.0806518001106811
proteomics,schmidt_2016,rel0_abs0,high,filtered,912,ter,0.5181886446853997,348,-0.014551574292240407
proteomics,schmidt_2016,rel0_abs0,high,filtered,897,oriC,0.0012620740747155885,279,-0.16492061374382397
proteomics,schmidt_2016,rel0_abs0,high,filtered,897,ter,0.14111788281636758,341,-0.08582964848260491
proteomics,schmidt_2016,rel0_abs0,high,filtered,908,oriC,0.07085566033559133,282,-0.07382683508012657
proteomics,schmidt_2016,rel0_abs0,high,filtered,908,ter,0.005589314387349001,345,-0.08658360954101736
proteomics,schmidt_2016,rel0_abs0,high,filtered,907,oriC,0.4308540115422561,281,0.0053846102785593784
proteomics,schmidt_2016,rel0_abs0,high,filtered,907,ter,0.5528669061397462,346,-0.05039819976103397
proteomics,schmidt_2016,rel0_abs0,high,filtered,898,oriC,1.789064064758822e-5,276,-0.1828630953519507
proteomics,schmidt_2016,rel0_abs0,high,filtered,898,ter,5.9243160605208946e-8,345,-0.263696107775468
proteomics,schmidt_2016,rel0_abs0,high,filtered,880,oriC,5.980251073742852e-4,268,-0.22308771271630856
proteomics,schmidt_2016,rel0_abs0,high,filtered,880,ter,1.0390220324116293e-11,340,-0.41493368424632127
proteomics,schmidt_2016,rel0_abs0,high,filtered,912,oriC,0.9464798368224155,283,0.020608414648415674
proteomics,schmidt_2016,rel0_abs0,high,filtered,912,ter,0.9950932489555787,347,-0.0047862103645990904
proteomics,schmidt_2016,rel0_abs0,high,filtered,895,oriC,0.0072431252983299705,278,-0.13994439950912618
proteomics,schmidt_2016,rel0_abs0,high,filtered,895,ter,0.42479953492607986,341,-0.05633462219375915
proteomics,schmidt_2016,rel0_abs0,high,filtered,907,oriC,0.9334715445438231,278,0.003314662293656196
proteomics,schmidt_2016,rel0_abs0,high,filtered,907,ter,0.5675959163041373,348,0.004941795272024524
proteomics,schmidt_2016,rel0_abs0,high,filtered,905,oriC,0.41581679540671745,280,-0.041860760614996
proteomics,schmidt_2016,rel0_abs0,high,filtered,905,ter,0.45436264067215654,345,0.037710085277847596
proteomics,schmidt_2016,rel0_abs0,high,filtered,892,oriC,0.04598993876455878,276,-0.09512571533478537
proteomics,schmidt_2016,rel0_abs0,high,filtered,892,ter,0.42343377514108316,339,-0.00724300820578732
proteomics,schmidt_2016,rel0_abs0,high,filtered,909,oriC,0.30636225160794245,283,-0.057706014152925623
proteomics,schmidt_2016,rel0_abs0,high,filtered,909,ter,0.40090868410804803,344,-0.01981357383531414
proteomics,schmidt_2016,rel0_abs0,high,filtered,899,oriC,0.18559569468891124,278,0.05527846118382161
proteomics,schmidt_2016,rel0_abs0,high,filtered,899,ter,0.3101658941495157,342,0.029031029982820606
proteomics,schmidt_2016,rel0_abs0,high,filtered,893,oriC,5.6480782803695794e-5,274,-0.1736735502199459
proteomics,schmidt_2016,rel0_abs0,high,filtered,893,ter,5.685642839021656e-6,343,-0.2644556471662218
proteomics,schmidt_2016,rel0_abs0,high,filtered,880,oriC,4.830458452474885e-4,268,-0.21908504506411075
proteomics,schmidt_2016,rel0_abs0,high,filtered,880,ter,1.3019469089096276e-9,341,-0.44215122344307417
proteomics,schmidt_2016,rel0_abs0,high,filtered,891,oriC,0.042114284111701504,279,-0.12742734130323904
proteomics,schmidt_2016,rel0_abs0,high,filtered,891,ter,0.3268619156553222,339,-0.10960990233117324
proteomics,schmidt_2016,rel0_abs0,high,filtered,904,oriC,0.5669701485390386,277,-0.02060560260043745
proteomics,schmidt_2016,rel0_abs0,high,filtered,904,ter,0.05428239117609729,348,-0.03691864265820262
proteomics,schmidt_2016,rel0_abs0,high,filtered,908,oriC,0.22698625446759244,282,-0.09241633148816142
proteomics,schmidt_2016,rel0_abs0,high,filtered,908,ter,0.4760310296855634,346,-0.013729844866231732
proteomics,schmidt_2016,rel0_abs0,high,filtered,894,oriC,0.07033754106948406,277,-0.15674010312919884
proteomics,schmidt_2016,rel0_abs0,high,filtered,894,ter,0.3689211949094893,339,-0.07322484859624344
proteomics,schmidt_2016,rel0_abs0,high,filtered,910,oriC,0.12330700159027999,283,-0.08261787724967856
proteomics,schmidt_2016,rel0_abs0,high,filtered,910,ter,0.01788405556298933,345,-0.06783210621755782
proteomics,schmidt_2016,rel0_abs0,high,filtered,897,oriC,0.45157501664592214,278,0.04155650287356136
proteomics,schmidt_2016,rel0_abs0,high,filtered,897,ter,0.6667896696452009,339,-0.09479404240219412
proteomics,schmidt_2016,rel0_abs0,high,filtered,893,oriC,1.5156960174736036e-5,274,-0.24124277603314537
proteomics,schmidt_2016,rel0_abs0,high,filtered,893,ter,3.982849381356263e-8,343,-0.32540340131618734
proteomics,schmidt_2016,rel0_abs0,high,filtered,879,oriC,5.096579504596063e-5,267,-0.24982100768679635
proteomics,schmidt_2016,rel0_abs0,high,filtered,879,ter,4.219342818942764e-12,339,-0.4382623637203709
proteomics,schmidt_2016,rel0_abs0,high,filtered,908,oriC,0.0062788002767463135,281,0.12019312786093983
proteomics,schmidt_2016,rel0_abs0,high,filtered,908,ter,0.040653957111351356,348,0.08077519336147423
proteomics,schmidt_2016,rel0_abs0,high,filtered,909,oriC,0.6389481283938616,283,0.029254719602331964
proteomics,schmidt_2016,rel0_abs0,high,filtered,909,ter,0.10446494095777083,346,0.05674233341616851
proteomics,schmidt_2016,rel0_abs0,high,filtered,905,oriC,0.05739828744941562,283,0.1330426067708321
proteomics,schmidt_2016,rel0_abs0,high,filtered,905,ter,0.6195299209082327,343,0.020470553278292773
proteomics,schmidt_2016,rel0_abs0,high,filtered,907,oriC,9.563647272323621e-4,283,0.17058204954131395
proteomics,schmidt_2016,rel0_abs0,high,filtered,907,ter,0.6989361313689876,345,-0.012490954850345397
proteomics,schmidt_2016,rel0_abs0,high,filtered,893,oriC,0.19248932649941813,274,-0.0689659978604435
proteomics,schmidt_2016,rel0_abs0,high,filtered,893,ter,0.01843901327554471,345,-0.23846798363391036
proteomics,schmidt_2016,rel0_abs0,high,filtered,872,oriC,0.20521878714863628,266,-0.024882903036615563
proteomics,schmidt_2016,rel0_abs0,high,filtered,872,ter,2.466654478273386e-4,339,-0.3296547103942937
proteomics,schmidt_2016,rel0_abs0,high,filtered,908,oriC,0.1928592331044857,279,-0.07081010851114015
proteomics,schmidt_2016,rel0_abs0,high,filtered,908,ter,0.09302646198256803,348,0.03201341269181103
proteomics,schmidt_2016,rel0_abs0,high,filtered,906,oriC,0.02002065830853466,279,-0.12520938933782366
proteomics,schmidt_2016,rel0_abs0,high,filtered,906,ter,0.180942806599481,346,-0.1006157793567191
proteomics,schmidt_2016,rel0_abs0,high,filtered,906,oriC,0.32401179802364105,280,-0.035760347681128866
proteomics,schmidt_2016,rel0_abs0,high,filtered,906,ter,0.7238533842123428,345,-0.021218447375283674
proteomics,schmidt_2016,rel0_abs0,high,filtered,908,oriC,0.06499445471846889,280,0.046855997006935476
proteomics,schmidt_2016,rel0_abs0,high,filtered,908,ter,0.2961831310702201,347,1.9186766512879872e-4
proteomics,schmidt_2016,rel0_abs0,high,filtered,893,oriC,0.002563857294530084,271,-0.14700061166695352
proteomics,schmidt_2016,rel0_abs0,high,filtered,893,ter,1.161743665531405e-4,346,-0.21344062464337785
proteomics,schmidt_2016,rel0_abs0,high,filtered,876,oriC,0.01975784169832239,264,-0.12580361952603009
proteomics,schmidt_2016,rel0_abs0,high,filtered,876,ter,3.942987422265354e-7,344,-0.3943261935576814
proteomics,schmidt_2016,rel0_abs0,high,filtered,903,oriC,0.06092296603268576,280,-0.10344318632712937
proteomics,schmidt_2016,rel0_abs0,high,filtered,903,ter,0.07315339887724683,344,-0.07179996075195982
proteomics,schmidt_2016,rel0_abs0,high,filtered,908,oriC,0.6578774309608378,282,0.0024873756654885484
proteomics,schmidt_2016,rel0_abs0,high,filtered,908,ter,0.09082718166720398,345,-0.07235250106554358
proteomics,schmidt_2016,rel0_abs0,high,filtered,909,oriC,0.02358406273543592,282,0.07276975111848116
proteomics,schmidt_2016,rel0_abs0,high,filtered,909,ter,0.190412538192234,347,-0.0623859755433013
proteomics,schmidt_2016,rel0_abs0,high,filtered,891,oriC,0.10010929321985158,273,-0.09687773032047181
proteomics,schmidt_2016,rel0_abs0,high,filtered,891,ter,8.937562862151049e-7,342,-0.2828052996589512
proteomics,schmidt_2016,rel0_abs0,high,filtered,871,oriC,0.4376132733724015,262,-0.022973209300770667
proteomics,schmidt_2016,rel0_abs0,high,filtered,871,ter,1.800163931614305e-8,336,-0.3989034244917862
proteomics,schmidt_2016,rel0_abs0,high,filtered,903,oriC,0.02948835616981287,281,0.15783785596147856
proteomics,schmidt_2016,rel0_abs0,high,filtered,903,ter,0.7336101030584379,341,0.006137117183324035
proteomics,schmidt_2016,rel0_abs0,high,filtered,909,oriC,0.0019888394522543365,282,0.16656233536886716
proteomics,schmidt_2016,rel0_abs0,high,filtered,909,ter,0.8622774984745214,346,0.03686310105162153
proteomics,schmidt_2016,rel0_abs0,high,filtered,884,oriC,0.10472969625301509,269,-0.09634205090671248
proteomics,schmidt_2016,rel0_abs0,high,filtered,884,ter,0.002881928330033162,341,-0.19524716648233456
proteomics,schmidt_2016,rel0_abs0,high,filtered,864,oriC,0.3967769143797875,260,-0.016783974841715836
proteomics,schmidt_2016,rel0_abs0,high,filtered,864,ter,4.426139904883392e-6,337,-0.3475977416736663
proteomics,schmidt_2016,rel0_abs0,high,filtered,907,oriC,0.22586594162955298,282,0.06945282808411662
proteomics,schmidt_2016,rel0_abs0,high,filtered,907,ter,0.551398684839878,344,0.014124068358374438
proteomics,schmidt_2016,rel0_abs0,high,filtered,888,oriC,0.05284149077310723,274,-0.09934747723078818
proteomics,schmidt_2016,rel0_abs0,high,filtered,888,ter,1.0397590912424432e-4,340,-0.1715756445113312
proteomics,schmidt_2016,rel0_abs0,high,filtered,869,oriC,0.13950807610456584,263,-0.026315658360050193
proteomics,schmidt_2016,rel0_abs0,high,filtered,869,ter,1.3243903244655574e-7,335,-0.32601802624734333
proteomics,schmidt_2016,rel0_abs0,high,filtered,885,oriC,1.4813218958811845e-6,271,-0.21410924049940064
proteomics,schmidt_2016,rel0_abs0,high,filtered,885,ter,1.5800968990200115e-5,341,-0.1868142171700116
proteomics,schmidt_2016,rel0_abs0,high,filtered,867,oriC,0.0010553240930335458,259,-0.20186695258391027
proteomics,schmidt_2016,rel0_abs0,high,filtered,867,ter,5.219066519654186e-7,342,-0.32771737272758017
proteomics,schmidt_2016,rel0_abs0,high,filtered,908,oriC,0.025379816897129457,281,-0.06606893125731474
proteomics,schmidt_2016,rel0_abs0,high,filtered,908,ter,6.963735558855111e-6,346,-0.16298937783608738
proteomics,peebo_2015,rel0_abs0,high,filtered,517,oriC,0.9175591809351542,156,0.001976825439961449
proteomics,peebo_2015,rel0_abs0,high,filtered,517,ter,0.14449063442254034,195,-0.007561431077234085
proteomics,peebo_2015,rel0_abs0,high,filtered,518,oriC,0.30269824581331634,156,0.009960003422155307
proteomics,peebo_2015,rel0_abs0,high,filtered,518,ter,0.7064291793227442,196,-0.02601472022841213
proteomics,peebo_2015,rel0_abs0,high,filtered,478,oriC,0.29555518294978106,144,0.10124535098320986
proteomics,peebo_2015,rel0_abs0,high,filtered,478,ter,0.02366593809586579,183,0.07450783677177786
proteomics,peebo_2015,rel0_abs0,high,filtered,506,oriC,0.8980909840928832,154,-0.013808405232799997
proteomics,peebo_2015,rel0_abs0,high,filtered,506,ter,0.3396846372290182,189,-0.02023076646553956
proteomics,peebo_2015,rel0_abs0,high,filtered,516,oriC,0.7742562852414496,154,0.0045708343765667025
proteomics,peebo_2015,rel0_abs0,high,filtered,516,ter,0.9473580318467187,196,0.00866589350023613
proteomics,peebo_2015,rel0_abs0,high,filtered,516,oriC,0.590041098664462,156,0.013752520529711819
proteomics,peebo_2015,rel0_abs0,high,filtered,516,ter,0.5526995710785018,195,0.018696767687527153
proteomics,peebo_2015,rel0_abs0,high,filtered,508,oriC,0.02314420266226778,154,-0.10168912594243315
proteomics,peebo_2015,rel0_abs0,high,filtered,508,ter,0.0016956265141164987,193,-0.05761813241140354
proteomics,peebo_2015,rel0_abs0,high,filtered,517,oriC,0.9040180430009872,155,0.019083299799667917
proteomics,peebo_2015,rel0_abs0,high,filtered,517,ter,0.6448585738727336,196,0.03503375986492669
proteomics,peebo_2015,rel0_abs0,high,filtered,517,oriC,0.7400713117686859,156,0.018757429873953662
proteomics,peebo_2015,rel0_abs0,high,filtered,517,ter,0.3517165255985995,196,0.04196520406085494
proteomics,peebo_2015,rel0_abs0,high,filtered,518,oriC,0.008623101721073955,156,-0.11086651906679194
proteomics,peebo_2015,rel0_abs0,high,filtered,518,ter,8.878384364172119e-5,196,-0.1289578337646332
proteomics,peebo_2015,rel0_abs0,high,filtered,499,oriC,0.019823889064109736,152,-0.0981233782598427
proteomics,peebo_2015,rel0_abs0,high,filtered,499,ter,0.0010256903365810064,187,-0.134092383821034
proteomics,peebo_2015,rel0_abs0,high,filtered,516,oriC,0.786659335111567,155,0.0349068058134664
proteomics,peebo_2015,rel0_abs0,high,filtered,516,ter,0.1881511467922429,195,0.017826263912920897
proteomics,peebo_2015,rel0_abs0,high,filtered,515,oriC,0.5277009687636076,155,0.06031787221619624
proteomics,peebo_2015,rel0_abs0,high,filtered,515,ter,0.2914917222828067,194,0.02894973525175761
proteomics,peebo_2015,rel0_abs0,high,filtered,514,oriC,0.6872773890253687,153,0.05745972438534649
proteomics,peebo_2015,rel0_abs0,high,filtered,514,ter,0.4054579079814652,196,0.04277764465892961
proteomics,peebo_2015,rel0_abs0,high,filtered,515,oriC,0.1441679669775758,155,-0.08468858659839086
proteomics,peebo_2015,rel0_abs0,high,filtered,515,ter,6.0070177079449885e-5,194,-0.18276361361029275
proteomics,peebo_2015,rel0_abs0,high,filtered,501,oriC,0.07003071213395025,149,-0.0951164492486007
proteomics,peebo_2015,rel0_abs0,high,filtered,501,ter,2.341581434295676e-4,192,-0.15159234010854616
proteomics,peebo_2015,rel0_abs0,high,filtered,518,oriC,0.006450395811540281,156,-0.18254051195815774
proteomics,peebo_2015,rel0_abs0,high,filtered,518,ter,1.0107425064974973e-5,196,-0.21808482770213097
proteomics,peebo_2015,rel0_abs0,high,filtered,494,oriC,0.016119082157406435,153,-0.15743129051233237
proteomics,peebo_2015,rel0_abs0,high,filtered,494,ter,0.0010714374872966249,186,-0.1773493709596239
proteomics,peebo_2015,rel0_abs0,high,filtered,507,oriC,0.013531365384317522,154,-0.18009418856250559
proteomics,peebo_2015,rel0_abs0,high,filtered,507,ter,0.0060577888058268425,188,-0.1610587389369614
proteomics,peebo_2015,rel0_abs0,high,filtered,482,oriC,0.06292955706513476,144,-0.10404154213024605
proteomics,peebo_2015,rel0_abs0,high,filtered,482,ter,0.001993255685435287,181,-0.11293668727408764
proteomics,peebo_2015,rel0_abs0,high,filtered,509,oriC,0.023035239065959945,154,-0.19410804042746516
proteomics,peebo_2015,rel0_abs0,high,filtered,509,ter,2.953683794474775e-4,192,-0.22757022014379685
proteomics,peebo_2015,rel0_abs0,high,filtered,462,oriC,0.23231582293372552,138,-0.08736027277499378
proteomics,peebo_2015,rel0_abs0,high,filtered,462,ter,0.01879216387508087,177,-0.10753319601014281
proteomics,peebo_2015,rel0_abs0,high,filtered,506,oriC,0.9707857912590492,155,0.019827825715882347
proteomics,peebo_2015,rel0_abs0,high,filtered,506,ter,0.7363898238859568,188,-0.01594973207717834
proteomics,peebo_2015,rel0_abs0,high,filtered,516,oriC,0.5034728942174159,155,0.028148466752745065
proteomics,peebo_2015,rel0_abs0,high,filtered,516,ter,0.3338943428700181,195,0.018333741265731535
proteomics,peebo_2015,rel0_abs0,high,filtered,516,oriC,0.10424362224232911,157,0.045145484171841194
proteomics,peebo_2015,rel0_abs0,high,filtered,516,ter,0.7895412534551423,194,0.013361127654621364
proteomics,peebo_2015,rel0_abs0,high,filtered,508,oriC,0.056976561580690054,155,-0.06285650638241459
proteomics,peebo_2015,rel0_abs0,high,filtered,508,ter,0.00710333024401096,192,-0.04659228394857881
proteomics,peebo_2015,rel0_abs0,high,filtered,517,oriC,0.593709427413971,156,0.051703228277575994
proteomics,peebo_2015,rel0_abs0,high,filtered,517,ter,0.7643974161553653,195,0.040277583884027635
proteomics,peebo_2015,rel0_abs0,high,filtered,517,oriC,0.42521114839086116,157,0.03453887329960507
proteomics,peebo_2015,rel0_abs0,high,filtered,517,ter,0.39197217033795245,195,0.03959334783870266
proteomics,peebo_2015,rel0_abs0,high,filtered,518,oriC,0.021885822693217982,157,-0.07193208260109729
proteomics,peebo_2015,rel0_abs0,high,filtered,518,ter,1.991481592129247e-4,195,-0.1412287784721282
proteomics,peebo_2015,rel0_abs0,high,filtered,499,oriC,0.01587953541760662,153,-0.08110916562014026
proteomics,peebo_2015,rel0_abs0,high,filtered,499,ter,0.001694484470900534,186,-0.1416502882000737
proteomics,peebo_2015,rel0_abs0,high,filtered,516,oriC,0.5178204869703162,156,0.050490886177324695
proteomics,peebo_2015,rel0_abs0,high,filtered,516,ter,0.2682012193092559,194,0.03834443972486568
proteomics,peebo_2015,rel0_abs0,high,filtered,514,oriC,0.3770134022248923,155,0.07518333684828746
proteomics,peebo_2015,rel0_abs0,high,filtered,514,ter,0.31981757162695723,193,0.05401690056505878
proteomics,peebo_2015,rel0_abs0,high,filtered,514,oriC,0.6572256224852961,154,0.061130310927932946
proteomics,peebo_2015,rel0_abs0,high,filtered,514,ter,0.5143917933630987,195,0.04955880337943141
proteomics,peebo_2015,rel0_abs0,high,filtered,516,oriC,0.21847086148880102,156,-0.043487761298182465
proteomics,peebo_2015,rel0_abs0,high,filtered,516,ter,2.408038956823567e-5,194,-0.14733077271126538
proteomics,peebo_2015,rel0_abs0,high,filtered,500,oriC,0.10354871184887188,149,-0.051880451120261274
proteomics,peebo_2015,rel0_abs0,high,filtered,500,ter,4.862145757012188e-4,191,-0.15578043665028418
proteomics,peebo_2015,rel0_abs0,high,filtered,518,oriC,0.023555502512913454,157,-0.11240906480600589
proteomics,peebo_2015,rel0_abs0,high,filtered,518,ter,2.6645209158917023e-5,195,-0.2464117161900017
proteomics,peebo_2015,rel0_abs0,high,filtered,494,oriC,0.05464506223115752,153,-0.11738070745163852
proteomics,peebo_2015,rel0_abs0,high,filtered,494,ter,8.003597231983831e-4,186,-0.2187513330957929
proteomics,peebo_2015,rel0_abs0,high,filtered,508,oriC,0.0524745420866415,155,-0.12593662672896713
proteomics,peebo_2015,rel0_abs0,high,filtered,508,ter,0.008295632485287712,187,-0.14992958870364334
proteomics,peebo_2015,rel0_abs0,high,filtered,483,oriC,0.08541652586599952,144,-0.05571672460847008
proteomics,peebo_2015,rel0_abs0,high,filtered,483,ter,0.002027000258306942,180,-0.12134438923004338
proteomics,peebo_2015,rel0_abs0,high,filtered,508,oriC,0.04054087977244378,155,-0.14810108827578847
proteomics,peebo_2015,rel0_abs0,high,filtered,508,ter,4.039654543406055e-4,190,-0.2572833627887653
proteomics,peebo_2015,rel0_abs0,high,filtered,463,oriC,0.28691816223900846,139,-0.0826123033715955
proteomics,peebo_2015,rel0_abs0,high,filtered,463,ter,0.01777058564167565,176,-0.09726788279564572
proteomics,peebo_2015,rel0_abs0,high,filtered,507,oriC,0.47541436825070155,155,0.02714431721250129
proteomics,peebo_2015,rel0_abs0,high,filtered,507,ter,0.06453121709681255,189,0.04457538308170793
proteomics,peebo_2015,rel0_abs0,high,filtered,517,oriC,0.9921604155807312,155,0.010835539289607142
proteomics,peebo_2015,rel0_abs0,high,filtered,517,ter,0.42489508723818004,196,0.06332082294335759
proteomics,peebo_2015,rel0_abs0,high,filtered,517,oriC,0.49761998983523514,157,-0.00935066820685372
proteomics,peebo_2015,rel0_abs0,high,filtered,517,ter,0.6314658118602727,195,0.09401938343747562
proteomics,peebo_2015,rel0_abs0,high,filtered,509,oriC,0.891295245727216,155,0.009769607480231928
proteomics,peebo_2015,rel0_abs0,high,filtered,509,ter,0.9077889497833976,193,0.05286017308139202
proteomics,peebo_2015,rel0_abs0,high,filtered,518,oriC,0.514390302844066,156,0.02163614027559125
proteomics,peebo_2015,rel0_abs0,high,filtered,518,ter,0.6278103286799794,196,0.09961236666076617
proteomics,peebo_2015,rel0_abs0,high,filtered,518,oriC,0.61620849121022,157,0.022052560833780807
proteomics,peebo_2015,rel0_abs0,high,filtered,518,ter,0.7565590963012849,196,0.10994199272667787
proteomics,peebo_2015,rel0_abs0,high,filtered,519,oriC,0.33246355689009294,157,-0.020164286356729934
proteomics,peebo_2015,rel0_abs0,high,filtered,519,ter,0.12144071979461966,196,-0.005736729110462769
proteomics,peebo_2015,rel0_abs0,high,filtered,500,oriC,0.71020036137429,153,0.011063587086900384
proteomics,peebo_2015,rel0_abs0,high,filtered,500,ter,0.6673891623595076,187,0.024960635396241066
proteomics,peebo_2015,rel0_abs0,high,filtered,516,oriC,0.6473943769752926,156,0.0271980080194442
proteomics,peebo_2015,rel0_abs0,high,filtered,516,ter,0.9074838762734204,194,0.09932585607633217
proteomics,peebo_2015,rel0_abs0,high,filtered,515,oriC,0.7390000411395552,155,0.02379699861791235
proteomics,peebo_2015,rel0_abs0,high,filtered,515,ter,0.8530923461128395,194,0.08443149473023505
proteomics,peebo_2015,rel0_abs0,high,filtered,513,oriC,0.8540192645065835,154,0.02707507829379869
proteomics,peebo_2015,rel0_abs0,high,filtered,513,ter,0.8577725458354064,196,0.09868314275336147
proteomics,peebo_2015,rel0_abs0,high,filtered,516,oriC,0.43365586726192423,156,-0.029433653764408138
proteomics,peebo_2015,rel0_abs0,high,filtered,516,ter,0.06207068917916578,194,-0.0064549807165726536
proteomics,peebo_2015,rel0_abs0,high,filtered,501,oriC,0.9004631063494781,149,0.010550308737333246
proteomics,peebo_2015,rel0_abs0,high,filtered,501,ter,0.21331974643996718,192,-0.006469827959084165
proteomics,peebo_2015,rel0_abs0,high,filtered,517,oriC,0.32207915796658637,157,-0.10401288968217166
proteomics,peebo_2015,rel0_abs0,high,filtered,517,ter,0.0034787826395553563,194,-0.11196928227578831
proteomics,peebo_2015,rel0_abs0,high,filtered,493,oriC,0.5599730174338711,153,-0.021038601860418827
proteomics,peebo_2015,rel0_abs0,high,filtered,493,ter,0.14384624045467012,185,-0.0153387034402839
proteomics,peebo_2015,rel0_abs0,high,filtered,507,oriC,0.2898333586598151,155,-0.11450189457540438
proteomics,peebo_2015,rel0_abs0,high,filtered,507,ter,0.17153161111071658,188,-0.07021771991603962
proteomics,peebo_2015,rel0_abs0,high,filtered,478,oriC,0.7616721569167771,143,-0.043535037777491396
proteomics,peebo_2015,rel0_abs0,high,filtered,478,ter,0.07312692479681339,180,-0.049146860818215427
proteomics,peebo_2015,rel0_abs0,high,filtered,504,oriC,0.14747985969647315,154,-0.08507856398886898
proteomics,peebo_2015,rel0_abs0,high,filtered,504,ter,0.017962592769693923,189,-0.06368027075107092
proteomics,peebo_2015,rel0_abs0,high,filtered,458,oriC,0.5632103313157648,138,-0.06994376402676528
proteomics,peebo_2015,rel0_abs0,high,filtered,458,ter,0.13289234640680314,174,7.185423130147287e-5
proteomics,peebo_2015,rel0_abs0,high,filtered,474,oriC,0.004210025527754369,145,-0.06577831001270484
proteomics,peebo_2015,rel0_abs0,high,filtered,474,ter,2.2256201315426686e-4,180,-0.07497506499561596
proteomics,peebo_2015,rel0_abs0,high,filtered,479,oriC,0.5899959618475091,145,-0.07675230288601784
proteomics,peebo_2015,rel0_abs0,high,filtered,479,ter,0.04727930270394306,183,-0.055632555679485086
proteomics,peebo_2015,rel0_abs0,high,filtered,478,oriC,0.8020692312232099,145,-0.058449003643846066
proteomics,peebo_2015,rel0_abs0,high,filtered,478,ter,0.08586741388463434,183,-0.06663146169487866
proteomics,peebo_2015,rel0_abs0,high,filtered,472,oriC,0.027196060965366337,144,-0.10854750909447897
proteomics,peebo_2015,rel0_abs0,high,filtered,472,ter,0.0016847565873421388,181,-0.09039381606868564
proteomics,peebo_2015,rel0_abs0,high,filtered,479,oriC,0.3454422206078505,145,-0.0733417224793433
proteomics,peebo_2015,rel0_abs0,high,filtered,479,ter,0.11355080626903358,183,-0.03324104863081121
proteomics,peebo_2015,rel0_abs0,high,filtered,478,oriC,0.5110081782210427,145,-0.061371921891840195
proteomics,peebo_2015,rel0_abs0,high,filtered,478,ter,0.07122892759114495,183,-0.06956921484947037
proteomics,peebo_2015,rel0_abs0,high,filtered,479,oriC,0.03677447633390509,145,-0.0879862834412674
proteomics,peebo_2015,rel0_abs0,high,filtered,479,ter,6.410517731754982e-4,183,-0.1261846949105647
proteomics,peebo_2015,rel0_abs0,high,filtered,470,oriC,0.05878289046877062,142,-0.06888219895980369
proteomics,peebo_2015,rel0_abs0,high,filtered,470,ter,0.00934204347041046,179,-0.08621837617528738
proteomics,peebo_2015,rel0_abs0,high,filtered,477,oriC,0.20298682973257423,145,-0.058403675483083665
proteomics,peebo_2015,rel0_abs0,high,filtered,477,ter,0.06505836331177109,182,-0.06312374334989704
proteomics,peebo_2015,rel0_abs0,high,filtered,474,oriC,0.28960847733682565,143,-0.09137489194624973
proteomics,peebo_2015,rel0_abs0,high,filtered,474,ter,0.03370105077963695,181,-0.05724393449039803
proteomics,peebo_2015,rel0_abs0,high,filtered,475,oriC,0.14990947564942902,143,-0.09552571462810676
proteomics,peebo_2015,rel0_abs0,high,filtered,475,ter,0.03830403167693621,183,-0.05690764178297491
proteomics,peebo_2015,rel0_abs0,high,filtered,476,oriC,0.1440626525654223,144,-0.1138225628842775
proteomics,peebo_2015,rel0_abs0,high,filtered,476,ter,0.0012314728732078857,181,-0.12919580933074948
proteomics,peebo_2015,rel0_abs0,high,filtered,465,oriC,0.26289653925795986,139,-0.03539903041567661
proteomics,peebo_2015,rel0_abs0,high,filtered,465,ter,0.0024457906893037467,179,-0.10549775134142834
proteomics,peebo_2015,rel0_abs0,high,filtered,475,oriC,0.07184687567763202,145,-0.18889130070391566
proteomics,peebo_2015,rel0_abs0,high,filtered,475,ter,3.9360810196657935e-6,180,-0.23454610375785923
proteomics,peebo_2015,rel0_abs0,high,filtered,462,oriC,0.0680384533832892,143,-0.07787269483338842
proteomics,peebo_2015,rel0_abs0,high,filtered,462,ter,0.0013365883742306826,176,-0.1862691080810523
proteomics,peebo_2015,rel0_abs0,high,filtered,467,oriC,0.1551091176207451,143,-0.15256098191877762
proteomics,peebo_2015,rel0_abs0,high,filtered,467,ter,0.0016717683949918922,175,-0.19936544292346997
proteomics,peebo_2015,rel0_abs0,high,filtered,445,oriC,0.299474363611987,133,-0.0978584039002382
proteomics,peebo_2015,rel0_abs0,high,filtered,445,ter,6.590886116764138e-4,170,-0.19781312648228305
proteomics,peebo_2015,rel0_abs0,high,filtered,467,oriC,0.05967428652793796,143,-0.18589123363272808
proteomics,peebo_2015,rel0_abs0,high,filtered,467,ter,8.679266801822332e-5,178,-0.3267858345904765
proteomics,peebo_2015,rel0_abs0,high,filtered,434,oriC,0.1179897200362685,131,-0.13327798971201538
proteomics,peebo_2015,rel0_abs0,high,filtered,434,ter,0.0010317605207119103,165,-0.27025648590631723
proteomics,peebo_2015,rel0_abs0,high,filtered,505,oriC,0.4000481237030201,153,-0.0292214826391185
proteomics,peebo_2015,rel0_abs0,high,filtered,505,ter,0.49656457653213437,189,-0.006785551877986228
proteomics,peebo_2015,rel0_abs0,high,filtered,506,oriC,0.8786003735511947,155,-0.018234342124950054
proteomics,peebo_2015,rel0_abs0,high,filtered,506,ter,0.8244961195297643,189,0.022308806850632773
proteomics,peebo_2015,rel0_abs0,high,filtered,498,oriC,0.33161693271400905,153,-0.007408603667232937
proteomics,peebo_2015,rel0_abs0,high,filtered,498,ter,0.26018943301750475,187,0.0032393443741704463
proteomics,peebo_2015,rel0_abs0,high,filtered,506,oriC,0.5301746441220021,154,-0.020315698432145503
proteomics,peebo_2015,rel0_abs0,high,filtered,506,ter,0.7159659585236715,189,0.023816184867781455
proteomics,peebo_2015,rel0_abs0,high,filtered,506,oriC,0.6352792334254918,155,-0.002777613171270999
proteomics,peebo_2015,rel0_abs0,high,filtered,506,ter,0.31286238797945015,189,0.03266848019387737
proteomics,peebo_2015,rel0_abs0,high,filtered,507,oriC,0.05075896629128806,155,-0.041942620503712454
proteomics,peebo_2015,rel0_abs0,high,filtered,507,ter,0.0017642118974203252,189,-0.06294949829525408
proteomics,peebo_2015,rel0_abs0,high,filtered,493,oriC,0.21565946343888964,151,-0.035118416653678666
proteomics,peebo_2015,rel0_abs0,high,filtered,493,ter,0.032328706576480556,185,-0.04916241102440706
proteomics,peebo_2015,rel0_abs0,high,filtered,505,oriC,0.5735704829379225,154,-0.04734024621673273
proteomics,peebo_2015,rel0_abs0,high,filtered,505,ter,0.2998829893293141,188,0.02813170440088631
proteomics,peebo_2015,rel0_abs0,high,filtered,503,oriC,0.6087609683669446,153,-0.03334342209781197
proteomics,peebo_2015,rel0_abs0,high,filtered,503,ter,0.2545213737656565,187,0.024964955253149537
proteomics,peebo_2015,rel0_abs0,high,filtered,503,oriC,0.6123171109484804,152,-0.020467904652161376
proteomics,peebo_2015,rel0_abs0,high,filtered,503,ter,0.29906118519938946,189,0.017668280732047122
proteomics,peebo_2015,rel0_abs0,high,filtered,504,oriC,0.42527609880407335,154,-0.008543999304525686
proteomics,peebo_2015,rel0_abs0,high,filtered,504,ter,0.0017830572007822975,187,-0.08163512425851614
proteomics,peebo_2015,rel0_abs0,high,filtered,489,oriC,0.6144388966802538,147,-0.02076162678144158
proteomics,peebo_2015,rel0_abs0,high,filtered,489,ter,0.012974284279825995,185,-0.05765343437255097
proteomics,peebo_2015,rel0_abs0,high,filtered,507,oriC,0.09752820117818253,155,-0.11284945732488279
proteomics,peebo_2015,rel0_abs0,high,filtered,507,ter,1.108018572598903e-4,189,-0.1385834225930318
proteomics,peebo_2015,rel0_abs0,high,filtered,486,oriC,0.24689084054704882,152,-0.02174722299543347
proteomics,peebo_2015,rel0_abs0,high,filtered,486,ter,0.016591182771505942,182,-0.054764035150600715
proteomics,peebo_2015,rel0_abs0,high,filtered,497,oriC,0.08420597821899165,153,-0.11510541312785383
proteomics,peebo_2015,rel0_abs0,high,filtered,497,ter,0.0350269373453952,181,-0.1352334571294731
proteomics,peebo_2015,rel0_abs0,high,filtered,470,oriC,0.2609649731401974,142,-0.06442058676179618
proteomics,peebo_2015,rel0_abs0,high,filtered,470,ter,0.005335484334236553,173,-0.10780458234990678
proteomics,peebo_2015,rel0_abs0,high,filtered,499,oriC,0.048947710489015826,153,-0.13701171541037518
proteomics,peebo_2015,rel0_abs0,high,filtered,499,ter,9.063092482051092e-5,186,-0.23229219827989495
proteomics,peebo_2015,rel0_abs0,high,filtered,452,oriC,0.34749198026944483,136,-0.10721356480012159
proteomics,peebo_2015,rel0_abs0,high,filtered,452,ter,0.004661671848323364,171,-0.07726662136995992
proteomics,peebo_2015,rel0_abs0,high,filtered,515,oriC,0.5382634477336747,155,0.010283386790234031
proteomics,peebo_2015,rel0_abs0,high,filtered,515,ter,0.09056024595999758,195,-0.007955409246248593
proteomics,peebo_2015,rel0_abs0,high,filtered,507,oriC,0.13384806019154297,153,-0.049084688974302126
proteomics,peebo_2015,rel0_abs0,high,filtered,507,ter,0.017391132186939592,193,-0.0721996383530724
proteomics,peebo_2015,rel0_abs0,high,filtered,517,oriC,0.771584894177403,155,0.02713856296174386
proteomics,peebo_2015,rel0_abs0,high,filtered,517,ter,0.2962770412197842,196,0.00936451271874932
proteomics,peebo_2015,rel0_abs0,high,filtered,516,oriC,0.25699625694226913,155,0.038692305611757856
proteomics,peebo_2015,rel0_abs0,high,filtered,516,ter,0.3662089240245429,196,0.020416485760018227
proteomics,peebo_2015,rel0_abs0,high,filtered,517,oriC,0.005336124004563534,155,-0.06599974672624048
proteomics,peebo_2015,rel0_abs0,high,filtered,517,ter,8.832174603958701e-5,196,-0.1355752091630164
proteomics,peebo_2015,rel0_abs0,high,filtered,499,oriC,0.0031633807159895063,152,-0.12411449051028545
proteomics,peebo_2015,rel0_abs0,high,filtered,499,ter,7.635320346001702e-4,187,-0.11733590440921308
proteomics,peebo_2015,rel0_abs0,high,filtered,516,oriC,0.5011964840504113,155,0.049258029465011954
proteomics,peebo_2015,rel0_abs0,high,filtered,516,ter,0.17249683036546376,195,0.005241465678391998
proteomics,peebo_2015,rel0_abs0,high,filtered,513,oriC,0.7210805977613342,153,0.027824343359429755
proteomics,peebo_2015,rel0_abs0,high,filtered,513,ter,0.2206866384884209,194,0.00744606738972628
proteomics,peebo_2015,rel0_abs0,high,filtered,514,oriC,0.7776879783930062,153,0.049895658510408274
proteomics,peebo_2015,rel0_abs0,high,filtered,514,ter,0.28085257721120627,196,0.02098422966168312
proteomics,peebo_2015,rel0_abs0,high,filtered,514,oriC,0.069574321376269,154,-0.0788475620069281
proteomics,peebo_2015,rel0_abs0,high,filtered,514,ter,2.1492655221361746e-5,194,-0.18872871669364844
proteomics,peebo_2015,rel0_abs0,high,filtered,500,oriC,0.1043205682949092,148,-0.09158968544350907
proteomics,peebo_2015,rel0_abs0,high,filtered,500,ter,1.3185895517850416e-4,192,-0.14881977666535223
proteomics,peebo_2015,rel0_abs0,high,filtered,517,oriC,0.005762481006723732,155,-0.15859255120880342
proteomics,peebo_2015,rel0_abs0,high,filtered,517,ter,1.273801880456513e-5,196,-0.23588149441516593
proteomics,peebo_2015,rel0_abs0,high,filtered,494,oriC,0.016663690466871744,152,-0.11248610637752485
proteomics,peebo_2015,rel0_abs0,high,filtered,494,ter,3.90405598470058e-4,187,-0.18356640217253486
proteomics,peebo_2015,rel0_abs0,high,filtered,509,oriC,0.022576616870412104,153,-0.11033232528894019
proteomics,peebo_2015,rel0_abs0,high,filtered,509,ter,0.0015740380067217296,190,-0.16943621178163387
proteomics,peebo_2015,rel0_abs0,high,filtered,484,oriC,0.02783692843297717,143,-0.08232539431451238
proteomics,peebo_2015,rel0_abs0,high,filtered,484,ter,0.0010770049771822816,182,-0.10923969952145263
proteomics,peebo_2015,rel0_abs0,high,filtered,510,oriC,0.0227933211127759,153,-0.15750341314060945
proteomics,peebo_2015,rel0_abs0,high,filtered,510,ter,2.943015427388621e-4,193,-0.290838794042413
proteomics,peebo_2015,rel0_abs0,high,filtered,466,oriC,0.1265585492070158,140,-0.09179078055861073
proteomics,peebo_2015,rel0_abs0,high,filtered,466,ter,0.0044942234695968765,178,-0.15796915516035556
proteomics,peebo_2015,rel0_abs0,high,filtered,508,oriC,0.32450535097357114,155,-0.03212082594675821
proteomics,peebo_2015,rel0_abs0,high,filtered,508,ter,0.0867654984911379,192,-0.038546009959052746
proteomics,peebo_2015,rel0_abs0,high,filtered,516,oriC,0.24324805731842908,156,0.034489022344812825
proteomics,peebo_2015,rel0_abs0,high,filtered,516,ter,0.6986426216657886,195,0.019791359967271754
proteomics,peebo_2015,rel0_abs0,high,filtered,516,oriC,0.3060748695390741,157,0.03549918860328862
proteomics,peebo_2015,rel0_abs0,high,filtered,516,ter,0.34027263230077576,195,5.191327833985736e-4
proteomics,peebo_2015,rel0_abs0,high,filtered,517,oriC,0.021286780085958475,157,-0.052525024571363
proteomics,peebo_2015,rel0_abs0,high,filtered,517,ter,0.0017659482001055337,195,-0.10769191034777566
proteomics,peebo_2015,rel0_abs0,high,filtered,499,oriC,0.003647710080127289,153,-0.1071233882815934
proteomics,peebo_2015,rel0_abs0,high,filtered,499,ter,0.0010656711180141243,187,-0.1002550103974225
proteomics,peebo_2015,rel0_abs0,high,filtered,515,oriC,0.4525911651160835,156,0.03425324679538873
proteomics,peebo_2015,rel0_abs0,high,filtered,515,ter,0.06820540511481424,194,1.8873404532085023e-4
proteomics,peebo_2015,rel0_abs0,high,filtered,513,oriC,0.4117112656212593,155,0.04546553396432858
proteomics,peebo_2015,rel0_abs0,high,filtered,513,ter,0.1641582382682113,193,0.019071797051284412
proteomics,peebo_2015,rel0_abs0,high,filtered,513,oriC,0.5396722761234287,154,0.04332031441724869
proteomics,peebo_2015,rel0_abs0,high,filtered,513,ter,0.36120372351393204,195,0.03829452883380667
proteomics,peebo_2015,rel0_abs0,high,filtered,514,oriC,0.027540954759571065,156,-0.0847229986095646
proteomics,peebo_2015,rel0_abs0,high,filtered,514,ter,5.647712562557777e-6,193,-0.161860770088335
proteomics,peebo_2015,rel0_abs0,high,filtered,499,oriC,0.004918511948396106,149,-0.08619285936962323
proteomics,peebo_2015,rel0_abs0,high,filtered,499,ter,4.470693660244211e-5,191,-0.14611919103525772
proteomics,peebo_2015,rel0_abs0,high,filtered,517,oriC,6.958821200751025e-4,157,-0.17872756346328325
proteomics,peebo_2015,rel0_abs0,high,filtered,517,ter,2.2038474592836942e-7,195,-0.2523500992710068
proteomics,peebo_2015,rel0_abs0,high,filtered,495,oriC,0.0016659351867177674,154,-0.16346909829233214
proteomics,peebo_2015,rel0_abs0,high,filtered,495,ter,8.17824816781101e-5,187,-0.1891754800140485
proteomics,peebo_2015,rel0_abs0,high,filtered,510,oriC,0.003561033733871818,155,-0.1794069761217713
proteomics,peebo_2015,rel0_abs0,high,filtered,510,ter,3.2878404104812577e-4,190,-0.19855082760282317
proteomics,peebo_2015,rel0_abs0,high,filtered,484,oriC,0.01096741637939678,144,-0.12749039604351373
proteomics,peebo_2015,rel0_abs0,high,filtered,484,ter,1.911299167937414e-4,182,-0.13502024144871894
proteomics,peebo_2015,rel0_abs0,high,filtered,514,oriC,0.002792806191359052,155,-0.15312150304081554
proteomics,peebo_2015,rel0_abs0,high,filtered,514,ter,2.0069465528212716e-5,194,-0.2701563468710978
proteomics,peebo_2015,rel0_abs0,high,filtered,464,oriC,0.06548006105963802,141,-0.09848871431264064
proteomics,peebo_2015,rel0_abs0,high,filtered,464,ter,0.002919719239048285,176,-0.11003106954982765
proteomics,peebo_2015,rel0_abs0,high,filtered,508,oriC,0.7936621509960391,154,-0.005526245958430671
proteomics,peebo_2015,rel0_abs0,high,filtered,508,ter,0.7899279796400356,193,0.010969130578242066
proteomics,peebo_2015,rel0_abs0,high,filtered,508,oriC,0.7042228869540319,155,0.005757340031895017
proteomics,peebo_2015,rel0_abs0,high,filtered,508,ter,0.7958803945783349,193,0.017102696082198256
proteomics,peebo_2015,rel0_abs0,high,filtered,509,oriC,0.008346242146611095,155,-0.03971043538997577
proteomics,peebo_2015,rel0_abs0,high,filtered,509,ter,1.7575414919599204e-4,193,-0.07068760056274109
proteomics,peebo_2015,rel0_abs0,high,filtered,492,oriC,0.5741485497677344,151,-0.007790761676207075
proteomics,peebo_2015,rel0_abs0,high,filtered,492,ter,0.053880187527150264,185,-0.02191145781466868
proteomics,peebo_2015,rel0_abs0,high,filtered,508,oriC,0.7196205663093149,154,0.020896968697991628
proteomics,peebo_2015,rel0_abs0,high,filtered,508,ter,0.2706130404107482,193,-0.005195012122758638
proteomics,peebo_2015,rel0_abs0,high,filtered,505,oriC,0.772107509409508,153,0.022374152238751336
proteomics,peebo_2015,rel0_abs0,high,filtered,505,ter,0.23810381065923894,191,0.020546189249395833
proteomics,peebo_2015,rel0_abs0,high,filtered,506,oriC,0.687742892726412,152,0.003150321180478214
proteomics,peebo_2015,rel0_abs0,high,filtered,506,ter,0.44997589776976743,193,0.03733176261492807
proteomics,peebo_2015,rel0_abs0,high,filtered,507,oriC,0.8244124204771348,154,-6.94649704848813e-4
proteomics,peebo_2015,rel0_abs0,high,filtered,507,ter,2.767004578813281e-4,192,-0.06941281324531637
proteomics,peebo_2015,rel0_abs0,high,filtered,491,oriC,0.8778188363495083,147,0.009717577195746703
proteomics,peebo_2015,rel0_abs0,high,filtered,491,ter,0.023402883017559144,189,-0.025971965766712263
proteomics,peebo_2015,rel0_abs0,high,filtered,509,oriC,0.18826137323586067,155,-0.07048412300195595
proteomics,peebo_2015,rel0_abs0,high,filtered,509,ter,1.1091907588827983e-6,193,-0.1479895226065555
proteomics,peebo_2015,rel0_abs0,high,filtered,488,oriC,0.3728144048373738,152,-0.025166395538994534
proteomics,peebo_2015,rel0_abs0,high,filtered,488,ter,0.002035342659536123,185,-0.07070386532946747
proteomics,peebo_2015,rel0_abs0,high,filtered,503,oriC,0.1794504065439079,153,-0.054677460751685995
proteomics,peebo_2015,rel0_abs0,high,filtered,503,ter,0.01045916226965369,189,-0.12543531951659864
proteomics,peebo_2015,rel0_abs0,high,filtered,478,oriC,0.37906019521662715,143,0.02903153257443564
proteomics,peebo_2015,rel0_abs0,high,filtered,478,ter,8.317977663318202e-4,181,-0.11346808949988284
proteomics,peebo_2015,rel0_abs0,high,filtered,506,oriC,0.02919426145862306,154,-0.13376927414466575
proteomics,peebo_2015,rel0_abs0,high,filtered,506,ter,1.761422241174939e-4,191,-0.2005367974395167
proteomics,peebo_2015,rel0_abs0,high,filtered,461,oriC,0.3869449540462708,139,-0.09283285547029915
proteomics,peebo_2015,rel0_abs0,high,filtered,461,ter,0.007347148384896013,177,-0.10213985211168687
proteomics,peebo_2015,rel0_abs0,high,filtered,517,oriC,0.12654720741233555,156,0.029455615382796386
proteomics,peebo_2015,rel0_abs0,high,filtered,517,ter,0.27694428206434163,196,-0.0020732379818835505
proteomics,peebo_2015,rel0_abs0,high,filtered,518,oriC,0.058208789304353914,156,-0.07163148106683695
proteomics,peebo_2015,rel0_abs0,high,filtered,518,ter,0.02370833380448874,196,-0.09033567879338325
proteomics,peebo_2015,rel0_abs0,high,filtered,500,oriC,0.06580935486348563,153,-0.09134503134660077
proteomics,peebo_2015,rel0_abs0,high,filtered,500,ter,0.11645128278648807,187,-0.07664482404527027
proteomics,peebo_2015,rel0_abs0,high,filtered,516,oriC,0.4240305833642859,155,0.025587169444791415
proteomics,peebo_2015,rel0_abs0,high,filtered,516,ter,0.2084737073215523,195,0.0030838839736479205
proteomics,peebo_2015,rel0_abs0,high,filtered,514,oriC,0.41487787161625267,154,0.03280161403054856
proteomics,peebo_2015,rel0_abs0,high,filtered,514,ter,0.20293545525348836,194,-0.012301274784720269
proteomics,peebo_2015,rel0_abs0,high,filtered,514,oriC,0.4819928631507876,153,0.038874135234092
proteomics,peebo_2015,rel0_abs0,high,filtered,514,ter,0.3941945997246795,196,0.005735569625314685
proteomics,peebo_2015,rel0_abs0,high,filtered,515,oriC,0.0756257188103092,155,-0.09432573234515125
proteomics,peebo_2015,rel0_abs0,high,filtered,515,ter,0.001049363895659947,194,-0.11736279292584814
proteomics,peebo_2015,rel0_abs0,high,filtered,500,oriC,0.03718892895921616,148,-0.10869184857978563
proteomics,peebo_2015,rel0_abs0,high,filtered,500,ter,5.431955606689699e-4,192,-0.1215886433309516
proteomics,peebo_2015,rel0_abs0,high,filtered,518,oriC,0.0035562588918379395,156,-0.18254515958304135
proteomics,peebo_2015,rel0_abs0,high,filtered,518,ter,3.847165232951736e-7,196,-0.21630751050363303
proteomics,peebo_2015,rel0_abs0,high,filtered,495,oriC,6.631133134964474e-4,153,-0.18451784703290056
proteomics,peebo_2015,rel0_abs0,high,filtered,495,ter,1.5352203829941758e-4,187,-0.12740951921725993
proteomics,peebo_2015,rel0_abs0,high,filtered,511,oriC,0.001408943179275489,154,-0.15501615176935368
proteomics,peebo_2015,rel0_abs0,high,filtered,511,ter,4.3005551818176636e-4,191,-0.18929568918341255
proteomics,peebo_2015,rel0_abs0,high,filtered,486,oriC,0.0021389279601131735,144,-0.1459390453824076
proteomics,peebo_2015,rel0_abs0,high,filtered,486,ter,1.7427012604039044e-4,183,-0.16857015955570587
proteomics,peebo_2015,rel0_abs0,high,filtered,515,oriC,1.655940835974304e-4,154,-0.16411189774393872
proteomics,peebo_2015,rel0_abs0,high,filtered,515,ter,3.479670682499455e-5,195,-0.23618114021011616
proteomics,peebo_2015,rel0_abs0,high,filtered,469,oriC,0.006474761335985893,142,-0.12406507833121473
proteomics,peebo_2015,rel0_abs0,high,filtered,469,ter,0.0017433106321745504,179,-0.1411528512003883
proteomics,peebo_2015,rel0_abs0,high,filtered,518,oriC,0.013469650441844226,157,-0.0798561045191196
proteomics,peebo_2015,rel0_abs0,high,filtered,518,ter,0.014367145227536857,196,-0.07989915016180829
proteomics,peebo_2015,rel0_abs0,high,filtered,500,oriC,0.028564224606927112,153,-0.08270717444544314
proteomics,peebo_2015,rel0_abs0,high,filtered,500,ter,0.29045130364187177,187,-0.02576408286566467
proteomics,peebo_2015,rel0_abs0,high,filtered,516,oriC,0.9767092409870429,156,0.00926929367261972
proteomics,peebo_2015,rel0_abs0,high,filtered,516,ter,0.11418428184254228,195,8.889748033484633e-4
proteomics,peebo_2015,rel0_abs0,high,filtered,514,oriC,0.8533072316511483,155,0.015148668127374254
proteomics,peebo_2015,rel0_abs0,high,filtered,514,ter,0.340747305626366,194,0.008073505630181317
proteomics,peebo_2015,rel0_abs0,high,filtered,514,oriC,0.8852573267049647,154,0.0010971301716092613
proteomics,peebo_2015,rel0_abs0,high,filtered,514,ter,0.9063947992551464,196,0.0165323808641255
proteomics,peebo_2015,rel0_abs0,high,filtered,515,oriC,0.048612463248994625,156,-0.12063603002979328
proteomics,peebo_2015,rel0_abs0,high,filtered,515,ter,0.012536908071357732,194,-0.095057215455393
proteomics,peebo_2015,rel0_abs0,high,filtered,500,oriC,0.002251392606005878,149,-0.15959529102725023
proteomics,peebo_2015,rel0_abs0,high,filtered,500,ter,0.02871182083921109,192,-0.0686782314894869
proteomics,peebo_2015,rel0_abs0,high,filtered,518,oriC,2.977195954533545e-4,157,-0.19945394507918912
proteomics,peebo_2015,rel0_abs0,high,filtered,518,ter,2.6294514043639987e-6,196,-0.17626334765162768
proteomics,peebo_2015,rel0_abs0,high,filtered,496,oriC,1.321826936505848e-4,154,-0.2108523681588495
proteomics,peebo_2015,rel0_abs0,high,filtered,496,ter,5.848461651111826e-4,187,-0.11377705441446893
proteomics,peebo_2015,rel0_abs0,high,filtered,511,oriC,9.803205440933637e-5,155,-0.16999540756251844
proteomics,peebo_2015,rel0_abs0,high,filtered,511,ter,3.544028041731037e-4,191,-0.18197238649720887
proteomics,peebo_2015,rel0_abs0,high,filtered,486,oriC,7.209280712711237e-5,145,-0.16916832916181582
proteomics,peebo_2015,rel0_abs0,high,filtered,486,ter,7.901375290998048e-5,183,-0.1377139524737894
proteomics,peebo_2015,rel0_abs0,high,filtered,515,oriC,1.531099270274233e-5,155,-0.17588791233577128
proteomics,peebo_2015,rel0_abs0,high,filtered,515,ter,9.829094877876873e-6,195,-0.23920198607341023
proteomics,peebo_2015,rel0_abs0,high,filtered,471,oriC,7.957203403484663e-4,143,-0.20841696608908575
proteomics,peebo_2015,rel0_abs0,high,filtered,471,ter,0.001193101619060578,180,-0.15880655786426562
proteomics,peebo_2015,rel0_abs0,high,filtered,500,oriC,0.020705530160451388,153,0.02179121960151847
proteomics,peebo_2015,rel0_abs0,high,filtered,500,ter,0.1486363541914254,187,0.025268827405289383
proteomics,peebo_2015,rel0_abs0,high,filtered,517,oriC,0.3460926538733298,156,0.060903389783586996
proteomics,peebo_2015,rel0_abs0,high,filtered,517,ter,0.2639491890228225,195,0.05500117004104501
proteomics,peebo_2015,rel0_abs0,high,filtered,515,oriC,0.4117112656212593,155,0.06149837890461452
proteomics,peebo_2015,rel0_abs0,high,filtered,515,ter,0.36523320709187934,194,0.08316725108936814
proteomics,peebo_2015,rel0_abs0,high,filtered,515,oriC,0.5625652077069851,154,0.061040504023447684
proteomics,peebo_2015,rel0_abs0,high,filtered,515,ter,0.2741754384556026,196,0.0797477481750658
proteomics,peebo_2015,rel0_abs0,high,filtered,516,oriC,0.6084860179738156,156,0.021497668995371932
proteomics,peebo_2015,rel0_abs0,high,filtered,516,ter,0.004011892884951041,194,-0.019470235086750942
proteomics,peebo_2015,rel0_abs0,high,filtered,501,oriC,0.5865153731613969,149,0.020595561001988852
proteomics,peebo_2015,rel0_abs0,high,filtered,501,ter,0.31888184545405585,192,0.012286593198418752
proteomics,peebo_2015,rel0_abs0,high,filtered,519,oriC,0.17272851546383403,157,-0.039024098600811144
proteomics,peebo_2015,rel0_abs0,high,filtered,519,ter,7.840814930780731e-7,196,-0.10014207863781846
proteomics,peebo_2015,rel0_abs0,high,filtered,495,oriC,0.5405207770010104,153,-0.006737350511263843
proteomics,peebo_2015,rel0_abs0,high,filtered,495,ter,0.07177144813048898,187,-0.04115767126715191
proteomics,peebo_2015,rel0_abs0,high,filtered,513,oriC,0.3460051400582581,155,-0.04270621758040463
proteomics,peebo_2015,rel0_abs0,high,filtered,513,ter,0.0580140507336922,192,-0.059823898476210044
proteomics,peebo_2015,rel0_abs0,high,filtered,488,oriC,0.18602418656130543,145,-0.023505387489829666
proteomics,peebo_2015,rel0_abs0,high,filtered,488,ter,0.02482339227942564,184,-0.014115176842074875
proteomics,peebo_2015,rel0_abs0,high,filtered,516,oriC,0.03255580313027115,155,-0.09654795127006204
proteomics,peebo_2015,rel0_abs0,high,filtered,516,ter,0.004361735936825746,195,-0.12645681790217383
proteomics,peebo_2015,rel0_abs0,high,filtered,469,oriC,0.37132409242493963,142,1.3621692146741668e-4
proteomics,peebo_2015,rel0_abs0,high,filtered,469,ter,0.07655690404115481,179,-0.058119687838878685
proteomics,peebo_2015,rel0_abs0,high,filtered,498,oriC,0.2544780730999811,152,0.09098767427062701
proteomics,peebo_2015,rel0_abs0,high,filtered,498,ter,0.5486339570503905,186,0.0434024652803882
proteomics,peebo_2015,rel0_abs0,high,filtered,496,oriC,0.40789570222927485,151,0.06351511013630468
proteomics,peebo_2015,rel0_abs0,high,filtered,496,ter,0.7870747233399854,185,0.022245582196959317
proteomics,peebo_2015,rel0_abs0,high,filtered,496,oriC,0.7554541748361567,150,0.04560341556282114
proteomics,peebo_2015,rel0_abs0,high,filtered,496,ter,0.8411969877372522,187,0.033777237187443854
proteomics,peebo_2015,rel0_abs0,high,filtered,497,oriC,0.39388921945156125,152,-0.024753134630224192
proteomics,peebo_2015,rel0_abs0,high,filtered,497,ter,2.6518180080701456e-6,185,-0.07646469852986963
proteomics,peebo_2015,rel0_abs0,high,filtered,485,oriC,0.39646098788247386,147,0.024582109544900598
proteomics,peebo_2015,rel0_abs0,high,filtered,485,ter,0.006960956468951945,183,-0.0285362800802436
proteomics,peebo_2015,rel0_abs0,high,filtered,500,oriC,0.04008847745553807,153,-0.052097570179993925
proteomics,peebo_2015,rel0_abs0,high,filtered,500,ter,4.35284145646759e-8,187,-0.13101383675128137
proteomics,peebo_2015,rel0_abs0,high,filtered,483,oriC,0.23793871927780927,150,-0.022432805107593976
proteomics,peebo_2015,rel0_abs0,high,filtered,483,ter,0.0015929630800188327,182,-0.09580072030740186
proteomics,peebo_2015,rel0_abs0,high,filtered,495,oriC,0.03542976466919378,152,-0.06897667409299421
proteomics,peebo_2015,rel0_abs0,high,filtered,495,ter,0.003211148924326533,183,-0.10518033030277485
proteomics,peebo_2015,rel0_abs0,high,filtered,472,oriC,0.10029922054696319,142,-0.048622159290634764
proteomics,peebo_2015,rel0_abs0,high,filtered,472,ter,6.723274101774339e-5,177,-0.12718761821239
proteomics,peebo_2015,rel0_abs0,high,filtered,497,oriC,0.042974580061350964,151,-0.09288854711761421
proteomics,peebo_2015,rel0_abs0,high,filtered,497,ter,1.1402387671380762e-4,186,-0.18594920724916225
proteomics,peebo_2015,rel0_abs0,high,filtered,458,oriC,0.18413597074192836,140,-0.008787292628726498
proteomics,peebo_2015,rel0_abs0,high,filtered,458,ter,0.010550026039473172,172,-0.12946979416401555
proteomics,peebo_2015,rel0_abs0,high,filtered,513,oriC,0.6782258992744421,154,-0.0011779615654280353
proteomics,peebo_2015,rel0_abs0,high,filtered,513,ter,0.9743329613574131,193,0.003217373612670158
proteomics,peebo_2015,rel0_abs0,high,filtered,514,oriC,0.8117972808685896,154,0.005956338910737571
proteomics,peebo_2015,rel0_abs0,high,filtered,514,ter,0.3061532631673427,195,0.017776196857868326
proteomics,peebo_2015,rel0_abs0,high,filtered,514,oriC,0.03030334692558697,155,-0.12049694725103308
proteomics,peebo_2015,rel0_abs0,high,filtered,514,ter,0.06918483784127909,193,-0.10559533053908692
proteomics,peebo_2015,rel0_abs0,high,filtered,500,oriC,0.06602655852905034,149,-0.08321508547158105
proteomics,peebo_2015,rel0_abs0,high,filtered,500,ter,0.12375132841802872,191,-0.06621466479128943
proteomics,peebo_2015,rel0_abs0,high,filtered,517,oriC,1.9226390268299996e-4,156,-0.19434771164962272
proteomics,peebo_2015,rel0_abs0,high,filtered,517,ter,5.7467828078961315e-5,195,-0.17281195816613798
proteomics,peebo_2015,rel0_abs0,high,filtered,494,oriC,0.004567054434089976,153,-0.15721508558709435
proteomics,peebo_2015,rel0_abs0,high,filtered,494,ter,0.017560768761185896,186,-0.11648195705307457
proteomics,peebo_2015,rel0_abs0,high,filtered,512,oriC,0.0011229880480828447,154,-0.16415688460732483
proteomics,peebo_2015,rel0_abs0,high,filtered,512,ter,0.004662886300734671,192,-0.17303841013684534
proteomics,peebo_2015,rel0_abs0,high,filtered,486,oriC,0.005352010904251592,144,-0.1262369391296712
proteomics,peebo_2015,rel0_abs0,high,filtered,486,ter,4.676502143100688e-4,183,-0.1442601306071174
proteomics,peebo_2015,rel0_abs0,high,filtered,514,oriC,2.0980377057169046e-4,154,-0.19606869524131257
proteomics,peebo_2015,rel0_abs0,high,filtered,514,ter,1.522445252870196e-5,194,-0.1980368689561584
proteomics,peebo_2015,rel0_abs0,high,filtered,472,oriC,7.811027605911329e-4,144,-0.19143059251817007
proteomics,peebo_2015,rel0_abs0,high,filtered,472,ter,5.962987786265304e-4,179,-0.16644256453312012
proteomics,peebo_2015,rel0_abs0,high,filtered,512,oriC,0.06874627378689972,154,-0.06722541129577653
proteomics,peebo_2015,rel0_abs0,high,filtered,512,ter,0.04919154375371386,192,-0.10745588465290584
proteomics,peebo_2015,rel0_abs0,high,filtered,498,oriC,0.164311008413834,148,-0.058934747929805235
proteomics,peebo_2015,rel0_abs0,high,filtered,498,ter,0.043139384855352514,190,-0.07615352047756425
proteomics,peebo_2015,rel0_abs0,high,filtered,515,oriC,3.1961928281240993e-4,155,-0.17790231160335254
proteomics,peebo_2015,rel0_abs0,high,filtered,515,ter,4.219290276781362e-4,194,-0.18945667883589237
proteomics,peebo_2015,rel0_abs0,high,filtered,493,oriC,0.012009830995930471,153,-0.1641122519387642
proteomics,peebo_2015,rel0_abs0,high,filtered,493,ter,0.09013088588615227,185,-0.1316151423668953
proteomics,peebo_2015,rel0_abs0,high,filtered,509,oriC,0.001784826249902723,153,-0.1736750991075377
proteomics,peebo_2015,rel0_abs0,high,filtered,509,ter,0.00420852137233949,191,-0.1501809236546195
proteomics,peebo_2015,rel0_abs0,high,filtered,487,oriC,0.008316482134500066,145,-0.123510847964085
proteomics,peebo_2015,rel0_abs0,high,filtered,487,ter,0.0034814639434641373,183,-0.12914269575069115
proteomics,peebo_2015,rel0_abs0,high,filtered,513,oriC,4.226366773871747e-5,153,-0.1601124738789316
proteomics,peebo_2015,rel0_abs0,high,filtered,513,ter,7.529629417430199e-5,194,-0.14609587711636668
proteomics,peebo_2015,rel0_abs0,high,filtered,470,oriC,7.620299718782713e-4,142,-0.17703875792926288
proteomics,peebo_2015,rel0_abs0,high,filtered,470,ter,4.660395565609347e-4,179,-0.16437149683509328
proteomics,peebo_2015,rel0_abs0,high,filtered,512,oriC,0.09557864173712115,153,-0.08045375668672168
proteomics,peebo_2015,rel0_abs0,high,filtered,512,ter,0.018655121030024098,194,-0.13127332866450359
proteomics,peebo_2015,rel0_abs0,high,filtered,498,oriC,0.17989762034476706,147,-0.09616262906917689
proteomics,peebo_2015,rel0_abs0,high,filtered,498,ter,0.0465607552475183,192,-0.1028043831701487
proteomics,peebo_2015,rel0_abs0,high,filtered,515,oriC,8.63144482289031e-4,154,-0.17436531179874598
proteomics,peebo_2015,rel0_abs0,high,filtered,515,ter,1.7360895262856353e-4,196,-0.20099269634863304
proteomics,peebo_2015,rel0_abs0,high,filtered,493,oriC,0.01719591541280178,151,-0.15393472528110874
proteomics,peebo_2015,rel0_abs0,high,filtered,493,ter,0.009867800372258517,187,-0.13657831324709258
proteomics,peebo_2015,rel0_abs0,high,filtered,509,oriC,0.0043629244637987015,153,-0.20167505947442355
proteomics,peebo_2015,rel0_abs0,high,filtered,509,ter,9.704195403214806e-4,192,-0.18052851303895034
proteomics,peebo_2015,rel0_abs0,high,filtered,485,oriC,0.010890617579497656,143,-0.1261787522359023
proteomics,peebo_2015,rel0_abs0,high,filtered,485,ter,4.8629012578980826e-4,184,-0.133758254904702
proteomics,peebo_2015,rel0_abs0,high,filtered,513,oriC,6.141399654609241e-5,153,-0.17068174446236026
proteomics,peebo_2015,rel0_abs0,high,filtered,513,ter,1.4934289413754241e-5,195,-0.175726921787009
proteomics,peebo_2015,rel0_abs0,high,filtered,472,oriC,0.0027574268294993432,143,-0.16026884830429203
proteomics,peebo_2015,rel0_abs0,high,filtered,472,ter,7.285787301139177e-5,181,-0.16456238348569302
proteomics,peebo_2015,rel0_abs0,high,filtered,498,oriC,0.3017212980186987,148,0.01856556409412588
proteomics,peebo_2015,rel0_abs0,high,filtered,498,ter,0.1411169841631405,190,0.02064447466263488
proteomics,peebo_2015,rel0_abs0,high,filtered,516,oriC,1.5889224060661444e-4,156,-0.051461847351170174
proteomics,peebo_2015,rel0_abs0,high,filtered,516,ter,1.148505804038413e-8,194,-0.08620109378136902
proteomics,peebo_2015,rel0_abs0,high,filtered,493,oriC,0.05890514375411032,153,-0.04206004929725693
proteomics,peebo_2015,rel0_abs0,high,filtered,493,ter,0.20128949033005106,185,-0.014636648186927977
proteomics,peebo_2015,rel0_abs0,high,filtered,510,oriC,0.005145678049240324,154,-0.05003232375627657
proteomics,peebo_2015,rel0_abs0,high,filtered,510,ter,0.009410034681414737,190,-0.06370102309859428
proteomics,peebo_2015,rel0_abs0,high,filtered,484,oriC,0.23090579632829863,143,-0.01762096911166943
proteomics,peebo_2015,rel0_abs0,high,filtered,484,ter,0.03835196285844106,182,-0.028569138968770877
proteomics,peebo_2015,rel0_abs0,high,filtered,513,oriC,0.019586269323770306,154,-0.05521122693716443
proteomics,peebo_2015,rel0_abs0,high,filtered,513,ter,0.0037063230737955457,193,-0.10026933265852027
proteomics,peebo_2015,rel0_abs0,high,filtered,467,oriC,0.3272648356299687,141,0.017822376434422447
proteomics,peebo_2015,rel0_abs0,high,filtered,467,ter,0.10783795808839884,178,-0.02811381139998664
proteomics,peebo_2015,rel0_abs0,high,filtered,501,oriC,9.76662153924978e-5,149,-0.08639247654271108
proteomics,peebo_2015,rel0_abs0,high,filtered,501,ter,9.958481039527205e-11,192,-0.1128235828526504
proteomics,peebo_2015,rel0_abs0,high,filtered,483,oriC,0.0016266783395207298,147,-0.03791185637663845
proteomics,peebo_2015,rel0_abs0,high,filtered,483,ter,8.795368759607534e-4,184,-0.061135233537357773
proteomics,peebo_2015,rel0_abs0,high,filtered,497,oriC,0.00374159937603637,148,-0.07912046228273997
proteomics,peebo_2015,rel0_abs0,high,filtered,497,ter,5.129714294154941e-4,189,-0.10668794251176887
proteomics,peebo_2015,rel0_abs0,high,filtered,474,oriC,0.018903924477025942,139,-0.03643229642067203
proteomics,peebo_2015,rel0_abs0,high,filtered,474,ter,7.302885648725028e-5,180,-0.0870744261132902
proteomics,peebo_2015,rel0_abs0,high,filtered,498,oriC,0.017610654840780938,147,-0.07472514351245725
proteomics,peebo_2015,rel0_abs0,high,filtered,498,ter,1.1858992351476741e-4,191,-0.11369379425917654
proteomics,peebo_2015,rel0_abs0,high,filtered,460,oriC,0.06822749808580326,138,-0.03414297870956147
proteomics,peebo_2015,rel0_abs0,high,filtered,460,ter,0.02112836935289113,177,-0.10504565865306738
proteomics,peebo_2015,rel0_abs0,high,filtered,496,oriC,0.33271141531204507,154,0.025989310176896402
proteomics,peebo_2015,rel0_abs0,high,filtered,496,ter,1.9149268430188648e-4,187,0.048440037298184975
proteomics,peebo_2015,rel0_abs0,high,filtered,513,oriC,0.770218662638129,155,0.007909981857991811
proteomics,peebo_2015,rel0_abs0,high,filtered,513,ter,0.6299180705660548,192,-0.015277480614900498
proteomics,peebo_2015,rel0_abs0,high,filtered,487,oriC,0.8599043369401669,144,0.042386066465292735
proteomics,peebo_2015,rel0_abs0,high,filtered,487,ter,0.9366497256705584,184,0.020512882940214444
proteomics,peebo_2015,rel0_abs0,high,filtered,516,oriC,0.28578238543615836,155,-0.00400603828717564
proteomics,peebo_2015,rel0_abs0,high,filtered,516,ter,0.3760521730229461,195,-0.010869906626036343
proteomics,peebo_2015,rel0_abs0,high,filtered,471,oriC,0.9870018412289937,142,0.09534203795770735
proteomics,peebo_2015,rel0_abs0,high,filtered,471,ter,0.6907526995945843,180,0.023763325656506892
proteomics,peebo_2015,rel0_abs0,high,filtered,492,oriC,0.06652758599093912,152,-0.021763907063344877
proteomics,peebo_2015,rel0_abs0,high,filtered,492,ter,0.0013538482289654874,185,-0.058522231518983836
proteomics,peebo_2015,rel0_abs0,high,filtered,472,oriC,0.3678922879496566,144,0.022401439512984636
proteomics,peebo_2015,rel0_abs0,high,filtered,472,ter,7.186811273582677e-4,177,-0.04727685658056547
proteomics,peebo_2015,rel0_abs0,high,filtered,494,oriC,0.10266506915412076,153,-0.005426375776095611
proteomics,peebo_2015,rel0_abs0,high,filtered,494,ter,0.003670252247912682,186,-0.06614645008520084
proteomics,peebo_2015,rel0_abs0,high,filtered,459,oriC,0.45006351718808274,141,0.0687751147321688
proteomics,peebo_2015,rel0_abs0,high,filtered,459,ter,0.2540280334372666,174,-0.008342422044227084
proteomics,peebo_2015,rel0_abs0,high,filtered,482,oriC,0.20031610215005075,143,0.042520082581699745
proteomics,peebo_2015,rel0_abs0,high,filtered,482,ter,0.08955353419209283,180,0.02154890479661121
proteomics,peebo_2015,rel0_abs0,high,filtered,512,oriC,0.781171464060752,154,0.017518583911872103
proteomics,peebo_2015,rel0_abs0,high,filtered,512,ter,0.5555294937733851,192,-5.728970248846504e-4
proteomics,peebo_2015,rel0_abs0,high,filtered,468,oriC,0.5372080518447329,142,0.08271948744229594
proteomics,peebo_2015,rel0_abs0,high,filtered,468,ter,0.547137098844507,177,0.08099248844956519
proteomics,peebo_2015,rel0_abs0,high,filtered,486,oriC,0.020213155793663385,144,-0.02803961005389546
proteomics,peebo_2015,rel0_abs0,high,filtered,486,ter,0.2256137659054108,183,-0.016933165268389207
proteomics,peebo_2015,rel0_abs0,high,filtered,451,oriC,0.49388904852940063,135,0.0071916341079672165
proteomics,peebo_2015,rel0_abs0,high,filtered,451,ter,0.7854427619696792,171,0.04186222312945395
proteomics,peebo_2015,rel0_abs0,high,filtered,472,oriC,0.6717191979647453,144,0.05677219509890514
proteomics,peebo_2015,rel0_abs0,high,filtered,472,ter,0.19808226687555733,179,0.06284955230632198
proteomics,li_2014_all,rel0_abs0,high,filtered,1248,oriC,6.870026273891332e-5,419,-0.16222544485901455
proteomics,li_2014_all,rel0_abs0,high,filtered,1248,ter,2.6309626223942646e-15,459,-0.3752430023206311
proteomics,li_2014_all,rel0_abs0,high,filtered,1206,oriC,0.0011900707928525142,410,-0.1347369177496054
proteomics,li_2014_all,rel0_abs0,high,filtered,1206,ter,2.1709811002413315e-11,438,-0.43548731159049525
proteomics,li_2014_all,rel0_abs0,high,filtered,1285,oriC,0.41327982842751293,440,-0.00790508948708969
proteomics,li_2014_all,rel0_abs0,high,filtered,1285,ter,0.01921576220231509,466,-0.07818865231119526
proteomics,valgepea_2013_prot,rel0_abs0,high,filtered,709,oriC,8.465032464426228e-5,230,0.08507969053018327
proteomics,valgepea_2013_prot,rel0_abs0,high,filtered,709,ter,6.603555440855518e-4,266,0.09411214015144022
proteomics,valgepea_2013_prot,rel0_abs0,high,filtered,708,oriC,0.5018710435182787,229,0.028833040924944795
proteomics,valgepea_2013_prot,rel0_abs0,high,filtered,708,ter,0.22660731819205815,264,0.04610912562498283
proteomics,valgepea_2013_prot,rel0_abs0,high,filtered,699,oriC,0.1843226544250968,223,-0.10930495041308821
proteomics,valgepea_2013_prot,rel0_abs0,high,filtered,699,ter,0.9091493663670435,260,-0.0025212722800495475
proteomics,valgepea_2013_prot,rel0_abs0,high,filtered,693,oriC,0.10950783734449158,221,-0.18041538568033297
proteomics,valgepea_2013_prot,rel0_abs0,high,filtered,693,ter,0.32794899880484085,259,-0.07963668749577289
proteomics,valgepea_2013_prot,rel0_abs0,high,filtered,706,oriC,0.0028813367833429,229,-0.06320398420618804
proteomics,valgepea_2013_prot,rel0_abs0,high,filtered,706,ter,0.08058266040129915,263,-0.03445423526742264
proteomics,valgepea_2013_prot,rel0_abs0,high,filtered,696,oriC,5.482206153014288e-4,223,-0.19142271911250494
proteomics,valgepea_2013_prot,rel0_abs0,high,filtered,696,ter,4.3804093976169934e-4,260,-0.10123235260272807
proteomics,valgepea_2013_prot,rel0_abs0,high,filtered,693,oriC,2.8207544285044367e-4,223,-0.23395971866839585
proteomics,valgepea_2013_prot,rel0_abs0,high,filtered,693,ter,0.0034009869319729215,259,-0.13748067102790842
proteomics,valgepea_2013_prot,rel0_abs0,high,filtered,702,oriC,9.309459955071614e-6,225,-0.11854852152366466
proteomics,valgepea_2013_prot,rel0_abs0,high,filtered,702,ter,5.193046090851271e-9,262,-0.08460680105658924
proteomics,valgepea_2013_prot,rel0_abs0,high,filtered,703,oriC,0.006603862563218739,224,-0.14847913239954716
proteomics,valgepea_2013_prot,rel0_abs0,high,filtered,703,ter,3.3843959919431467e-4,264,-0.09907815455838387
proteomics,valgepea_2013_prot,rel0_abs0,high,filtered,700,oriC,0.1506485222603444,222,-0.04570170988888694
proteomics,valgepea_2013_prot,rel0_abs0,high,filtered,700,ter,0.15863950376827668,264,-0.021643700710929352
proteomics,Goelzer_2015,rel0_abs0,high,filtered,137,oriC,0.21391371199998474,44,-0.4061695380926762
proteomics,Goelzer_2015,rel0_abs0,high,filtered,137,ter,0.008647307539139774,50,-0.4509841909176882
proteomics,Goelzer_2015,rel0_abs0,high,filtered,132,oriC,0.3814343787144027,42,-0.43831293501957624
proteomics,Goelzer_2015,rel0_abs0,high,filtered,132,ter,1.3992718911716032e-5,50,-0.7899767626244274
proteomics,Goelzer_2015,rel0_abs0,high,filtered,123,oriC,0.03695397440211606,39,-0.7393384657130292
proteomics,Goelzer_2015,rel0_abs0,high,filtered,123,ter,0.003683974951690523,43,-0.7027145613872775
proteomics,Goelzer_2015,rel0_abs0,high,filtered,119,oriC,0.1262430414071081,41,-0.6776508992797179
proteomics,Goelzer_2015,rel0_abs0,high,filtered,119,ter,0.005584983925457724,43,-1.2284883054360398
proteomics,Goelzer_2015,rel0_abs0,high,filtered,164,oriC,0.9294573120925329,53,0.10391306663834209
proteomics,Goelzer_2015,rel0_abs0,high,filtered,164,ter,0.007380373877500388,61,-0.41531294597058765
proteomics,Goelzer_2015,rel0_abs0,high,filtered,145,oriC,0.17389088207701536,47,-0.12562509981064146
proteomics,Goelzer_2015,rel0_abs0,high,filtered,145,ter,0.45795786203641525,52,-0.21319448185863915
proteomics,Goelzer_2015,rel0_abs0,high,filtered,145,oriC,0.9631871449560911,48,-0.14037578228518421
proteomics,Goelzer_2015,rel0_abs0,high,filtered,145,ter,0.15291912134489619,54,-0.34985805556421057
proteomics,Goelzer_2015,rel0_abs0,high,filtered,148,oriC,0.1608746301508455,47,-0.17093400958202634
proteomics,Goelzer_2015,rel0_abs0,high,filtered,148,ter,0.6240312469316298,55,0.15513864129343083
proteomics,Goelzer_2015,rel0_abs0,high,filtered,149,oriC,0.770048439352899,48,-0.1279470453698705
proteomics,Goelzer_2015,rel0_abs0,high,filtered,149,ter,0.6039439361372898,58,-0.11661173686210102
proteomics,Goelzer_2015,rel0_abs0,high,filtered,138,oriC,0.27021020745494656,48,0.2381589691759693
proteomics,Goelzer_2015,rel0_abs0,high,filtered,138,ter,0.07569941849010281,50,0.20614518083197816
proteomics,zhu_B_subtilis,rel0_abs0,high,filtered,215,oriC,0.29306349545452687,71,0.0689058389613406
proteomics,zhu_B_subtilis,rel0_abs0,high,filtered,215,ter,0.707115731732782,77,-0.0231132082736296
proteomics,zhu_B_subtilis,rel0_abs0,high,filtered,212,oriC,8.220353656697737e-6,70,0.37014642546317567
proteomics,zhu_B_subtilis,rel0_abs0,high,filtered,212,ter,3.7285901239933647e-6,76,0.31241375818960904
proteomics,zhu_B_subtilis,rel0_abs0,high,filtered,214,oriC,0.4226981541250191,70,0.09260520342542877
proteomics,zhu_B_subtilis,rel0_abs0,high,filtered,214,ter,0.6009887982159637,77,-0.014121201545716097
proteomics,zhu_B_subtilis,rel0_abs0,high,filtered,212,oriC,7.618972804373214e-4,71,0.3344576632476778
proteomics,zhu_B_subtilis,rel0_abs0,high,filtered,212,ter,0.005006489166402698,75,0.28418759038945945
proteomics,zhu_B_subtilis,rel0_abs0,high,filtered,210,oriC,0.7287574394420573,69,0.10656907856363176
proteomics,zhu_B_subtilis,rel0_abs0,high,filtered,210,ter,0.5384326395031231,75,0.043930780245441746
proteomics,zhu_B_subtilis,rel0_abs0,high,filtered,205,oriC,0.0010926409822532132,70,-0.319116411054739
proteomics,zhu_B_subtilis,rel0_abs0,high,filtered,205,ter,0.008732974250842955,73,-0.38759515122241295
proteomics,zhu_B_subtilis,rel0_abs0,high,filtered,170,oriC,0.026807356339191808,58,-0.46262028216340834
proteomics,zhu_B_subtilis,rel0_abs0,high,filtered,170,ter,0.029953145843185994,67,-0.40179737320535613
proteomics,zhu_B_subtilis,rel0_abs0,high,filtered,197,oriC,0.20722144965663802,65,-0.07723035808063639
proteomics,zhu_B_subtilis,rel0_abs0,high,filtered,197,ter,0.36420192058675394,68,-0.07247539583068535
proteomics,zhu_B_subtilis,rel0_abs0,high,filtered,167,oriC,0.9177346332954583,57,-0.005898861404134321
proteomics,zhu_B_subtilis,rel0_abs0,high,filtered,167,ter,0.44526029063989964,63,-0.16030974173405627
proteomics,zhu_B_subtilis,rel0_abs0,high,filtered,212,oriC,0.05202526547170341,70,0.20880475368380091
proteomics,zhu_B_subtilis,rel0_abs0,high,filtered,212,ter,2.5337031202775062e-5,76,0.3234363834858817
proteomics,zhu_B_subtilis,rel0_abs0,high,filtered,215,oriC,0.11843405515563808,71,-0.05071531357490674
proteomics,zhu_B_subtilis,rel0_abs0,high,filtered,215,ter,0.6995799955531903,77,0.014778396232149264
proteomics,zhu_B_subtilis,rel0_abs0,high,filtered,213,oriC,0.03779551501042697,71,0.258637339575895
proteomics,zhu_B_subtilis,rel0_abs0,high,filtered,213,ter,3.405993677341458e-5,76,0.25863150669712653
proteomics,zhu_B_subtilis,rel0_abs0,high,filtered,211,oriC,0.21584887417983994,69,-0.012613498092236964
proteomics,zhu_B_subtilis,rel0_abs0,high,filtered,211,ter,0.12099346791416538,76,0.11250570646981178
proteomics,zhu_B_subtilis,rel0_abs0,high,filtered,204,oriC,1.8213217000845184e-4,68,-0.39589023520196354
proteomics,zhu_B_subtilis,rel0_abs0,high,filtered,204,ter,0.018081297162925832,73,-0.34855536032407763
proteomics,zhu_B_subtilis,rel0_abs0,high,filtered,172,oriC,0.0026365336935655825,60,-0.7865568512092111
proteomics,zhu_B_subtilis,rel0_abs0,high,filtered,172,ter,0.08456677810420736,66,-0.25792621915830294
proteomics,zhu_B_subtilis,rel0_abs0,high,filtered,199,oriC,0.007029834273053607,67,-0.21810829333495585
proteomics,zhu_B_subtilis,rel0_abs0,high,filtered,199,ter,0.693494069663737,68,0.06419630849030036
proteomics,zhu_B_subtilis,rel0_abs0,high,filtered,164,oriC,0.2041754527218404,58,-0.11032397881390253
proteomics,zhu_B_subtilis,rel0_abs0,high,filtered,164,ter,0.7959593747865454,61,0.08859210561363369
proteomics,zhu_B_subtilis,rel0_abs0,high,filtered,211,oriC,0.0019244093186094587,70,-0.2807054000506038
proteomics,zhu_B_subtilis,rel0_abs0,high,filtered,211,ter,3.279182531745759e-5,75,-0.33989826148263846
proteomics,zhu_B_subtilis,rel0_abs0,high,filtered,211,oriC,0.261174665301598,70,-0.05595224617321859
proteomics,zhu_B_subtilis,rel0_abs0,high,filtered,211,ter,0.028335573432717562,76,-0.07644843917332249
proteomics,zhu_B_subtilis,rel0_abs0,high,filtered,208,oriC,7.346454922151222e-4,67,-0.24429049455162188
proteomics,zhu_B_subtilis,rel0_abs0,high,filtered,208,ter,0.0032470736860839133,76,-0.24989727711836263
proteomics,zhu_B_subtilis,rel0_abs0,high,filtered,200,oriC,1.3183593774275436e-5,67,-0.6335693432165446
proteomics,zhu_B_subtilis,rel0_abs0,high,filtered,200,ter,1.6975066985805794e-5,72,-0.6123530179362255
proteomics,zhu_B_subtilis,rel0_abs0,high,filtered,166,oriC,1.89608183319047e-4,59,-0.9624017288506986
proteomics,zhu_B_subtilis,rel0_abs0,high,filtered,166,ter,7.100133476097423e-4,66,-0.9519413608634194
proteomics,zhu_B_subtilis,rel0_abs0,high,filtered,198,oriC,4.982814724716733e-5,66,-0.5844197203333722
proteomics,zhu_B_subtilis,rel0_abs0,high,filtered,198,ter,0.01330597293896661,70,-0.2949099770696446
proteomics,zhu_B_subtilis,rel0_abs0,high,filtered,164,oriC,0.0049142180649287505,57,-0.4989936172033359
proteomics,zhu_B_subtilis,rel0_abs0,high,filtered,164,ter,0.04132819258452204,62,-0.4123933881139613
proteomics,zhu_B_subtilis,rel0_abs0,high,filtered,212,oriC,1.538093054227363e-5,71,0.3108332068994528
proteomics,zhu_B_subtilis,rel0_abs0,high,filtered,212,ter,8.825056927249459e-5,75,0.26409619546611995
proteomics,zhu_B_subtilis,rel0_abs0,high,filtered,211,oriC,0.8063505099454857,69,0.04114646890332734
proteomics,zhu_B_subtilis,rel0_abs0,high,filtered,211,ter,0.01887809804071894,76,0.14342228818346633
proteomics,zhu_B_subtilis,rel0_abs0,high,filtered,205,oriC,0.0013227818771832827,68,-0.26756646542822393
proteomics,zhu_B_subtilis,rel0_abs0,high,filtered,205,ter,0.0054390085826751524,74,-0.1764903552405582
proteomics,zhu_B_subtilis,rel0_abs0,high,filtered,176,oriC,8.822048992741894e-4,61,-0.9197381795290589
proteomics,zhu_B_subtilis,rel0_abs0,high,filtered,176,ter,0.1176333851559785,67,-0.37411624746940403
proteomics,zhu_B_subtilis,rel0_abs0,high,filtered,200,oriC,0.004891189175385326,67,-0.21757413136952095
proteomics,zhu_B_subtilis,rel0_abs0,high,filtered,200,ter,0.8063505099454857,69,0.02410075339772129
proteomics,zhu_B_subtilis,rel0_abs0,high,filtered,169,oriC,0.25588761739793875,57,-0.17491880498861356
proteomics,zhu_B_subtilis,rel0_abs0,high,filtered,169,ter,0.9808834266321191,63,0.018262109345480188
proteomics,zhu_B_subtilis,rel0_abs0,high,filtered,210,oriC,2.2524362211765723e-6,69,-0.21734472475895453
proteomics,zhu_B_subtilis,rel0_abs0,high,filtered,210,ter,5.809605867947542e-4,76,-0.20583370737624487
proteomics,zhu_B_subtilis,rel0_abs0,high,filtered,202,oriC,2.588078905759386e-5,68,-0.5351537362053232
proteomics,zhu_B_subtilis,rel0_abs0,high,filtered,202,ter,5.266308541669274e-6,72,-0.5571007301848239
proteomics,zhu_B_subtilis,rel0_abs0,high,filtered,173,oriC,2.0837607830876676e-5,62,-1.0439339380014845
proteomics,zhu_B_subtilis,rel0_abs0,high,filtered,173,ter,8.01077883181612e-4,65,-0.8979107632358454
proteomics,zhu_B_subtilis,rel0_abs0,high,filtered,199,oriC,1.269419288090646e-4,67,-0.5484441031539746
proteomics,zhu_B_subtilis,rel0_abs0,high,filtered,199,ter,0.019711790280605303,69,-0.26018439004044414
proteomics,zhu_B_subtilis,rel0_abs0,high,filtered,168,oriC,0.004174456577071576,58,-0.3062058863812389
proteomics,zhu_B_subtilis,rel0_abs0,high,filtered,168,ter,0.0760390713470094,61,-0.16502911362856074
proteomics,zhu_B_subtilis,rel0_abs0,high,filtered,201,oriC,0.012275366783643398,66,-0.34201564186803873
proteomics,zhu_B_subtilis,rel0_abs0,high,filtered,201,ter,1.3703007426748477e-5,73,-0.3402011361605238
proteomics,zhu_B_subtilis,rel0_abs0,high,filtered,174,oriC,3.6150954403448064e-4,60,-1.1333299669849581
proteomics,zhu_B_subtilis,rel0_abs0,high,filtered,174,ter,0.0014280901591861806,67,-0.5320839890812564
proteomics,zhu_B_subtilis,rel0_abs0,high,filtered,200,oriC,0.009857600228256706,66,-0.274995291025069
proteomics,zhu_B_subtilis,rel0_abs0,high,filtered,200,ter,0.100673349066704,71,-0.07282833749934009
proteomics,zhu_B_subtilis,rel0_abs0,high,filtered,169,oriC,0.24178307677123176,56,-0.19464226200909207
proteomics,zhu_B_subtilis,rel0_abs0,high,filtered,169,ter,0.16120443387396816,64,-0.17850988976039373
proteomics,zhu_B_subtilis,rel0_abs0,high,filtered,182,oriC,0.002952930028627075,64,-0.5002140607091122
proteomics,zhu_B_subtilis,rel0_abs0,high,filtered,182,ter,0.9731905847172877,68,0.03385667339698577
proteomics,zhu_B_subtilis,rel0_abs0,high,filtered,200,oriC,0.008024107804794043,66,0.18739534741207414
proteomics,zhu_B_subtilis,rel0_abs0,high,filtered,200,ter,2.394003549673265e-7,69,0.2792701423122346
proteomics,zhu_B_subtilis,rel0_abs0,high,filtered,169,oriC,0.05473254151819434,56,0.24779018169660452
proteomics,zhu_B_subtilis,rel0_abs0,high,filtered,169,ter,0.013328593803392266,63,0.17960853433961566
proteomics,zhu_B_subtilis,rel0_abs0,high,filtered,180,oriC,1.7334254026941447e-5,64,0.6722178778622994
proteomics,zhu_B_subtilis,rel0_abs0,high,filtered,180,ter,0.002119835386380061,64,0.40177252736927443
proteomics,zhu_B_subtilis,rel0_abs0,high,filtered,166,oriC,7.154400045814785e-6,57,0.3175923027311281
proteomics,zhu_B_subtilis,rel0_abs0,high,filtered,166,ter,0.0011884809295981244,63,0.2128985201233338
proteomics,zhu_B_subtilis,rel0_abs0,high,filtered,167,oriC,0.0178057483647763,56,-0.11874265204375045
proteomics,zhu_B_subtilis,rel0_abs0,high,filtered,167,ter,0.23032443835841498,61,-0.03994092362311776
proteomics,zhu_E_coli,rel0_abs0,high,filtered,716,oriC,4.040673985546807e-4,245,0.0398934523749689
proteomics,zhu_E_coli,rel0_abs0,high,filtered,716,ter,0.2082027859908896,260,0.018728362894166205
proteomics,zhu_E_coli,rel0_abs0,high,filtered,714,oriC,0.6352573372394215,244,-0.05792082145968939
proteomics,zhu_E_coli,rel0_abs0,high,filtered,714,ter,0.9164899659935648,261,-0.011123479471703663
proteomics,zhu_E_coli,rel0_abs0,high,filtered,707,oriC,0.2155712079359946,242,-0.014053933957729208
proteomics,zhu_E_coli,rel0_abs0,high,filtered,707,ter,0.9478933557858866,256,-0.0019119121277256493
proteomics,zhu_E_coli,rel0_abs0,high,filtered,704,oriC,0.07129716909335515,244,-0.16811790492681172
proteomics,zhu_E_coli,rel0_abs0,high,filtered,704,ter,0.1387827576147843,256,-0.04181755090007991
proteomics,zhu_E_coli,rel0_abs0,high,filtered,662,oriC,7.186754023142336e-6,221,-0.28682194037632347
proteomics,zhu_E_coli,rel0_abs0,high,filtered,662,ter,1.6414133897524124e-6,246,-0.3745932341398235
proteomics,zhu_E_coli,rel0_abs0,high,filtered,713,oriC,0.11717910836699719,243,-0.04710710305637866
proteomics,zhu_E_coli,rel0_abs0,high,filtered,713,ter,0.6879370793471833,260,0.03139381567052668
proteomics,zhu_E_coli,rel0_abs0,high,filtered,714,oriC,0.0010090938868961435,243,-0.14970879748759575
proteomics,zhu_E_coli,rel0_abs0,high,filtered,714,ter,0.0426959176974873,261,-0.07654094798937461
proteomics,zhu_E_coli,rel0_abs0,high,filtered,688,oriC,9.837462768745597e-4,233,-0.1595238191731788
proteomics,zhu_E_coli,rel0_abs0,high,filtered,688,ter,0.01939075541960092,256,-0.17944228242679294
proteomics,zhu_E_coli,rel0_abs0,high,filtered,608,oriC,2.788007060022528e-4,208,-0.33814260184240463
proteomics,zhu_E_coli,rel0_abs0,high,filtered,608,ter,1.2089597518515467e-9,226,-0.5894708943024425
proteomics,zhu_E_coli,rel0_abs0,high,filtered,619,oriC,0.18038700599479776,210,-0.11102126189262568
proteomics,zhu_E_coli,rel0_abs0,high,filtered,619,ter,2.1189947424092945e-6,233,-0.45031921625979177
proteomics,zhu_E_coli,rel0_abs0,high,filtered,717,oriC,0.06383085979536231,245,-0.09290309158506635
proteomics,zhu_E_coli,rel0_abs0,high,filtered,717,ter,0.9286911502958097,263,-0.0503207212490196
proteomics,zhu_E_coli,rel0_abs0,high,filtered,710,oriC,0.010159616365447157,242,-0.07510186579759595
proteomics,zhu_E_coli,rel0_abs0,high,filtered,710,ter,0.9573736237124192,259,-0.014453789780451176
proteomics,zhu_E_coli,rel0_abs0,high,filtered,711,oriC,9.899754154288486e-4,245,-0.1666919713554965
proteomics,zhu_E_coli,rel0_abs0,high,filtered,711,ter,0.02697985782936787,261,-0.07030148266403209
proteomics,zhu_E_coli,rel0_abs0,high,filtered,667,oriC,3.291065301049681e-7,221,-0.33147379454972686
proteomics,zhu_E_coli,rel0_abs0,high,filtered,667,ter,3.8875594117422694e-7,251,-0.36432243211104487
proteomics,zhu_E_coli,rel0_abs0,high,filtered,717,oriC,0.01218610103076644,244,-0.07896071753374434
proteomics,zhu_E_coli,rel0_abs0,high,filtered,717,ter,0.58599835170926,263,0.013212654252569182
proteomics,zhu_E_coli,rel0_abs0,high,filtered,717,oriC,1.5616857795433325e-5,244,-0.19459224167797765
proteomics,zhu_E_coli,rel0_abs0,high,filtered,717,ter,0.01999832833106747,263,-0.08481277712777845
proteomics,zhu_E_coli,rel0_abs0,high,filtered,687,oriC,1.5525401332443863e-4,233,-0.1683849824336271
proteomics,zhu_E_coli,rel0_abs0,high,filtered,687,ter,0.011212351554647676,257,-0.20061148355565384
proteomics,zhu_E_coli,rel0_abs0,high,filtered,611,oriC,5.076633206975068e-5,209,-0.3396456718340637
proteomics,zhu_E_coli,rel0_abs0,high,filtered,611,ter,7.317674395921625e-11,227,-0.5460081858504459
proteomics,zhu_E_coli,rel0_abs0,high,filtered,616,oriC,0.13903349740157386,207,-0.11144103098961408
proteomics,zhu_E_coli,rel0_abs0,high,filtered,616,ter,5.817508817677604e-8,234,-0.43681447516367566
proteomics,zhu_E_coli,rel0_abs0,high,filtered,699,oriC,0.622138202138532,238,0.09100220044192539
proteomics,zhu_E_coli,rel0_abs0,high,filtered,699,ter,0.8582919152808361,255,0.06964630497782186
proteomics,zhu_E_coli,rel0_abs0,high,filtered,722,oriC,0.007300898865316665,247,-0.06629496435349702
proteomics,zhu_E_coli,rel0_abs0,high,filtered,722,ter,0.00603930099987389,264,-0.05654019337993335
proteomics,zhu_E_coli,rel0_abs0,high,filtered,654,oriC,0.00623014754837774,220,-0.15602732766237984
proteomics,zhu_E_coli,rel0_abs0,high,filtered,654,ter,0.006546184344361346,243,-0.296419871610137
proteomics,zhu_E_coli,rel0_abs0,high,filtered,717,oriC,0.05190735023172008,241,0.131042012851184
proteomics,zhu_E_coli,rel0_abs0,high,filtered,717,ter,0.614465485334992,264,0.09117200168778503
proteomics,zhu_E_coli,rel0_abs0,high,filtered,717,oriC,0.9043486648088591,242,0.04168841302212602
proteomics,zhu_E_coli,rel0_abs0,high,filtered,717,ter,0.38021263299312585,263,0.0024493268704895072
proteomics,zhu_E_coli,rel0_abs0,high,filtered,690,oriC,0.16249497016201855,230,0.0643790695805049
proteomics,zhu_E_coli,rel0_abs0,high,filtered,690,ter,0.013244233852422215,258,-0.2602247313302293
proteomics,zhu_E_coli,rel0_abs0,high,filtered,598,oriC,0.2519515238152671,207,-0.14013622259484115
proteomics,zhu_E_coli,rel0_abs0,high,filtered,598,ter,3.1430408406131464e-7,219,-0.5612481705111709
proteomics,zhu_E_coli,rel0_abs0,high,filtered,629,oriC,0.9951946944734348,215,0.058355267396954846
proteomics,zhu_E_coli,rel0_abs0,high,filtered,629,ter,1.672339640367171e-6,232,-0.33191127620956695
proteomics,zhu_E_coli,rel0_abs0,high,filtered,694,oriC,0.05029678403708685,240,-0.14465614272775795
proteomics,zhu_E_coli,rel0_abs0,high,filtered,694,ter,0.07478659301657042,253,-0.11809617272669133
proteomics,zhu_E_coli,rel0_abs0,high,filtered,672,oriC,6.046061620327523e-5,221,-0.15402316832963814
proteomics,zhu_E_coli,rel0_abs0,high,filtered,672,ter,9.026939106144571e-9,256,-0.24726732742878033
proteomics,zhu_E_coli,rel0_abs0,high,filtered,712,oriC,0.353112880307352,241,0.02584436522472115
proteomics,zhu_E_coli,rel0_abs0,high,filtered,712,ter,0.04440839184635408,262,0.07375493050505816
proteomics,zhu_E_coli,rel0_abs0,high,filtered,711,oriC,0.08515689539963098,240,-0.0692191882254356
proteomics,zhu_E_coli,rel0_abs0,high,filtered,711,ter,0.10751239228267248,262,-0.027884351904168016
proteomics,zhu_E_coli,rel0_abs0,high,filtered,682,oriC,0.3127685374989277,228,-0.0045668638185690945
proteomics,zhu_E_coli,rel0_abs0,high,filtered,682,ter,0.371492294878332,257,-0.005125330831855344
proteomics,zhu_E_coli,rel0_abs0,high,filtered,618,oriC,0.03146922525446118,208,-0.22329181251900196
proteomics,zhu_E_coli,rel0_abs0,high,filtered,618,ter,6.942747371239019e-13,233,-0.5155706118700376
proteomics,zhu_E_coli,rel0_abs0,high,filtered,621,oriC,0.1403988272914803,203,0.12946963524536717
proteomics,zhu_E_coli,rel0_abs0,high,filtered,621,ter,4.306804627965528e-7,239,-0.3368479015982946
proteomics,zhu_E_coli,rel0_abs0,high,filtered,655,oriC,0.06607772504771812,221,-0.06601203506903183
proteomics,zhu_E_coli,rel0_abs0,high,filtered,655,ter,0.01909802573381496,244,-0.21190149257815283
proteomics,zhu_E_coli,rel0_abs0,high,filtered,713,oriC,0.0014994723468829542,247,0.19044676923582793
proteomics,zhu_E_coli,rel0_abs0,high,filtered,713,ter,0.001751044202301628,259,0.15910569580086142
proteomics,zhu_E_coli,rel0_abs0,high,filtered,720,oriC,0.28561169716360935,248,0.08302884643279726
proteomics,zhu_E_coli,rel0_abs0,high,filtered,720,ter,0.3879271183121149,262,0.08141534118903679
proteomics,zhu_E_coli,rel0_abs0,high,filtered,698,oriC,0.9761430803416286,234,0.10356851728715286
proteomics,zhu_E_coli,rel0_abs0,high,filtered,698,ter,0.27202479133713187,259,-0.04115354228514071
proteomics,zhu_E_coli,rel0_abs0,high,filtered,604,oriC,0.5563089458977133,209,-0.07699585008701565
proteomics,zhu_E_coli,rel0_abs0,high,filtered,604,ter,2.946313405530531e-7,226,-0.5059873468512082
proteomics,zhu_E_coli,rel0_abs0,high,filtered,636,oriC,0.033654520105001785,212,0.15293930430755126
proteomics,zhu_E_coli,rel0_abs0,high,filtered,636,ter,2.727949983693465e-7,240,-0.33748025184301567
proteomics,zhu_E_coli,rel0_abs0,high,filtered,673,oriC,2.619890233918916e-4,224,0.19242228640920347
proteomics,zhu_E_coli,rel0_abs0,high,filtered,673,ter,1.879917220800372e-8,254,0.32758935240656983
proteomics,zhu_E_coli,rel0_abs0,high,filtered,673,oriC,0.01942045898243766,223,0.11151161057057633
proteomics,zhu_E_coli,rel0_abs0,high,filtered,673,ter,8.075177767655981e-6,254,0.2714407549709565
proteomics,zhu_E_coli,rel0_abs0,high,filtered,677,oriC,0.20117540662469952,228,0.06328690484086105
proteomics,zhu_E_coli,rel0_abs0,high,filtered,677,ter,0.09069145613610778,255,0.12806113908015346
proteomics,zhu_E_coli,rel0_abs0,high,filtered,614,oriC,0.08487823973410413,208,-0.09300875020996674
proteomics,zhu_E_coli,rel0_abs0,high,filtered,614,ter,3.329055374580313e-12,233,-0.2943782980433461
proteomics,zhu_E_coli,rel0_abs0,high,filtered,629,oriC,0.310850864138121,215,0.0799884454260029
proteomics,zhu_E_coli,rel0_abs0,high,filtered,629,ter,0.008046695781031704,239,-0.1756977553342984
proteomics,zhu_E_coli,rel0_abs0,high,filtered,727,oriC,1.2585010985490694e-11,248,-0.07773860531302959
proteomics,zhu_E_coli,rel0_abs0,high,filtered,727,ter,2.670167951939175e-14,267,-0.07716793922692819
proteomics,zhu_E_coli,rel0_abs0,high,filtered,703,oriC,0.31350574030586253,235,-0.007374902459091387
proteomics,zhu_E_coli,rel0_abs0,high,filtered,703,ter,2.9347637675036905e-4,264,-0.12075264576743058
proteomics,zhu_E_coli,rel0_abs0,high,filtered,622,oriC,0.08804578050049633,208,-0.23173883962912445
proteomics,zhu_E_coli,rel0_abs0,high,filtered,622,ter,4.639023356684873e-15,236,-0.5862669342970039
proteomics,zhu_E_coli,rel0_abs0,high,filtered,624,oriC,0.10402917514290061,209,0.1274341508963494
proteomics,zhu_E_coli,rel0_abs0,high,filtered,624,ter,2.64281970932455e-9,236,-0.47190709238544126
proteomics,zhu_E_coli,rel0_abs0,high,filtered,708,oriC,0.03746687784230717,236,0.06941366411836095
proteomics,zhu_E_coli,rel0_abs0,high,filtered,708,ter,0.04021726443892242,265,-0.08057203372742544
proteomics,zhu_E_coli,rel0_abs0,high,filtered,623,oriC,0.6366909391434817,208,-0.08481843437891548
proteomics,zhu_E_coli,rel0_abs0,high,filtered,623,ter,4.744162844244113e-11,237,-0.5496247174012062
proteomics,zhu_E_coli,rel0_abs0,high,filtered,637,oriC,0.003039015926966669,213,0.16733197057472887
proteomics,zhu_E_coli,rel0_abs0,high,filtered,637,ter,1.2124104611592098e-8,244,-0.4475346398149348
proteomics,zhu_E_coli,rel0_abs0,high,filtered,630,oriC,0.02946104593728946,218,-0.18302972018504238
proteomics,zhu_E_coli,rel0_abs0,high,filtered,630,ter,4.710879557430949e-13,238,-0.4441663730551028
proteomics,zhu_E_coli,rel0_abs0,high,filtered,676,oriC,0.5906721589480114,233,0.031828845938992885
proteomics,zhu_E_coli,rel0_abs0,high,filtered,676,ter,2.7602365443176695e-13,253,-0.3237249754979729
proteomics,zhu_E_coli,rel0_abs0,high,filtered,635,oriC,7.523598424701129e-5,217,0.1909696943026552
proteomics,zhu_E_coli,rel0_abs0,high,filtered,635,ter,0.014260057611086084,241,0.0708261045141449
proteomics,zhu_V_natriegens,rel0_abs0,high,filtered,119,oriC,0.10105829923606648,67,0.10929229543804402
proteomics,zhu_V_natriegens,rel0_abs0,high,filtered,119,ter,0.26693620697359655,23,-0.17031933099390603
proteomics,zhu_V_natriegens,rel0_abs0,high,filtered,123,oriC,0.48034621564074054,68,-0.06988206485506945
proteomics,zhu_V_natriegens,rel0_abs0,high,filtered,123,ter,0.6373324293538668,23,-0.22273689382395612
proteomics,zhu_V_natriegens,rel0_abs0,high,filtered,120,oriC,0.7101345256175724,67,-0.12699740913368207
proteomics,zhu_V_natriegens,rel0_abs0,high,filtered,120,ter,0.1541388033243941,21,-0.7057056443675295
proteomics,zhu_V_natriegens,rel0_abs0,high,filtered,122,oriC,0.34715591453048134,67,-0.07554206983109263
proteomics,zhu_V_natriegens,rel0_abs0,high,filtered,122,ter,0.13218525350312613,23,-0.27638799236137457
proteomics,zhu_V_natriegens,rel0_abs0,high,filtered,115,oriC,0.4478720218969548,67,-0.19702766295908827
proteomics,zhu_V_natriegens,rel0_abs0,high,filtered,115,ter,0.15063055879143034,20,-1.0778846227589847
proteomics,zhu_V_natriegens,rel0_abs0,high,filtered,111,oriC,0.9440195115219044,64,0.05003268807937937
proteomics,zhu_V_natriegens,rel0_abs0,high,filtered,111,ter,0.2548506570124593,20,-0.9778082298012802
proteomics,zhu_V_natriegens,rel0_abs0,high,filtered,120,oriC,0.5591790172490161,67,-0.2003802361479964
proteomics,zhu_V_natriegens,rel0_abs0,high,filtered,120,ter,0.21083401776746696,21,-0.6185793237349896
proteomics,zhu_V_natriegens,rel0_abs0,high,filtered,111,oriC,0.26088480302813555,66,-0.1393526478649536
proteomics,zhu_V_natriegens,rel0_abs0,high,filtered,111,ter,0.23730090419783986,21,-0.6137530289515767
proteomics,zhu_V_natriegens,rel0_abs0,high,filtered,102,oriC,0.35124607616617437,59,0.0996987372773734
proteomics,zhu_V_natriegens,rel0_abs0,high,filtered,102,ter,0.7982729813725415,15,-0.6467040252986463
proteomics,zhu_V_natriegens,rel0_abs0,high,filtered,105,oriC,0.11773759341517018,60,0.18759488781118605
proteomics,zhu_V_natriegens,rel0_abs0,high,filtered,105,ter,0.3165087113799088,18,-0.9736398299538442
proteomics,zhu_V_natriegens,rel0_abs0,high,filtered,119,oriC,9.27893703032549e-6,66,-0.26796443932911534
proteomics,zhu_V_natriegens,rel0_abs0,high,filtered,119,ter,0.558067532370401,24,-0.041628220655473724
proteomics,zhu_V_natriegens,rel0_abs0,high,filtered,118,oriC,2.3151684009527556e-5,67,-0.2103541763162925
proteomics,zhu_V_natriegens,rel0_abs0,high,filtered,118,ter,0.021163147971736795,22,-0.28886276592361654
proteomics,zhu_V_natriegens,rel0_abs0,high,filtered,120,oriC,3.848614200462743e-6,67,-0.19835399401654513
proteomics,zhu_V_natriegens,rel0_abs0,high,filtered,120,ter,0.20357622354788252,24,-0.1988540121063217
proteomics,zhu_V_natriegens,rel0_abs0,high,filtered,114,oriC,3.32413057956627e-7,66,-0.2824012178146924
proteomics,zhu_V_natriegens,rel0_abs0,high,filtered,114,ter,0.033987779077130735,21,-0.610692597358531
proteomics,zhu_V_natriegens,rel0_abs0,high,filtered,113,oriC,0.0013744141594570802,64,-0.37797999491600237
proteomics,zhu_V_natriegens,rel0_abs0,high,filtered,113,ter,0.07957710158805961,22,-0.5435696119759497
proteomics,zhu_V_natriegens,rel0_abs0,high,filtered,117,oriC,6.36271118905637e-5,66,-0.2868835240823887
proteomics,zhu_V_natriegens,rel0_abs0,high,filtered,117,ter,0.053439842024501694,23,-0.27937423707465187
proteomics,zhu_V_natriegens,rel0_abs0,high,filtered,112,oriC,1.0074773761225158e-4,64,-0.5171444867386461
proteomics,zhu_V_natriegens,rel0_abs0,high,filtered,112,ter,0.24160854503237536,23,-0.7418240884096826
proteomics,zhu_V_natriegens,rel0_abs0,high,filtered,103,oriC,0.05291830411815769,58,-0.29218132523614904
proteomics,zhu_V_natriegens,rel0_abs0,high,filtered,103,ter,0.3443060749874979,19,-0.4307607184367601
proteomics,zhu_V_natriegens,rel0_abs0,high,filtered,108,oriC,0.12846799893310587,60,-0.21067631697225794
proteomics,zhu_V_natriegens,rel0_abs0,high,filtered,108,ter,0.5546007943351049,21,-0.8047689486368945
proteomics,zhu_V_natriegens,rel0_abs0,high,filtered,121,oriC,0.38013166121944825,67,0.08592261583134063
proteomics,zhu_V_natriegens,rel0_abs0,high,filtered,121,ter,0.17270693568563616,22,-0.15985277369134232
proteomics,zhu_V_natriegens,rel0_abs0,high,filtered,122,oriC,0.6551384958898256,67,0.04504081726386182
proteomics,zhu_V_natriegens,rel0_abs0,high,filtered,122,ter,0.47476267006801826,23,-0.027363614564084787
proteomics,zhu_V_natriegens,rel0_abs0,high,filtered,117,oriC,0.6416628554403032,67,0.013300851261188929
proteomics,zhu_V_natriegens,rel0_abs0,high,filtered,117,ter,0.16443597704494695,21,-0.47469474869997336
proteomics,zhu_V_natriegens,rel0_abs0,high,filtered,113,oriC,0.9493434400269292,64,0.0488052749513926
proteomics,zhu_V_natriegens,rel0_abs0,high,filtered,113,ter,0.21731668624800796,22,-0.8306592048090776
proteomics,zhu_V_natriegens,rel0_abs0,high,filtered,121,oriC,0.6779769932940078,66,-0.033838707521174995
proteomics,zhu_V_natriegens,rel0_abs0,high,filtered,121,ter,0.3229146973319014,23,-0.07500446404410101
proteomics,zhu_V_natriegens,rel0_abs0,high,filtered,112,oriC,0.6757746556629745,65,0.019752020847094712
proteomics,zhu_V_natriegens,rel0_abs0,high,filtered,112,ter,0.5315526053909188,21,-0.22377472309182617
proteomics,zhu_V_natriegens,rel0_abs0,high,filtered,105,oriC,0.16343158862047633,58,0.07396212343114486
proteomics,zhu_V_natriegens,rel0_abs0,high,filtered,105,ter,0.7938595211959749,18,-0.4507974087874367
proteomics,zhu_V_natriegens,rel0_abs0,high,filtered,107,oriC,0.3670658298819221,59,0.081059459804812925
proteomics,zhu_V_natriegens,rel0_abs0,high,filtered,107,ter,0.5882844808893127,20,-0.5615571503918249
proteomics,zhu_V_natriegens,rel0_abs0,high,filtered,122,oriC,0.08995728129887101,68,-0.038682839337864885
proteomics,zhu_V_natriegens,rel0_abs0,high,filtered,122,ter,0.1353273042223033,22,0.2947482738918457
proteomics,zhu_V_natriegens,rel0_abs0,high,filtered,119,oriC,8.777658251997824e-6,68,-0.1214978826700446
proteomics,zhu_V_natriegens,rel0_abs0,high,filtered,119,ter,0.21083401776746696,21,-0.30777025219785553
proteomics,zhu_V_natriegens,rel0_abs0,high,filtered,116,oriC,0.027532219500820455,66,-0.15908985531801545
proteomics,zhu_V_natriegens,rel0_abs0,high,filtered,116,ter,0.28400468851366567,22,-0.23772933939585367
proteomics,zhu_V_natriegens,rel0_abs0,high,filtered,123,oriC,0.15900186344471465,68,-0.029731279843121225
proteomics,zhu_V_natriegens,rel0_abs0,high,filtered,123,ter,0.4937627366612692,23,0.05950368951709682
proteomics,zhu_V_natriegens,rel0_abs0,high,filtered,116,oriC,0.009618951817097836,67,-0.23227244470255917
proteomics,zhu_V_natriegens,rel0_abs0,high,filtered,116,ter,0.8671479754694595,23,0.10335983910993317
proteomics,zhu_V_natriegens,rel0_abs0,high,filtered,111,oriC,0.1129951696035848,63,-0.16614262113809447
proteomics,zhu_V_natriegens,rel0_abs0,high,filtered,111,ter,0.6513774432194126,21,-0.4231425699142155
proteomics,zhu_V_natriegens,rel0_abs0,high,filtered,114,oriC,0.3940254330183142,63,-0.08010332711214316
proteomics,zhu_V_natriegens,rel0_abs0,high,filtered,114,ter,0.8077702546788954,21,-0.1566516213182836
proteomics,zhu_V_natriegens,rel0_abs0,high,filtered,119,oriC,0.12585751224463967,68,-0.09227481221679087
proteomics,zhu_V_natriegens,rel0_abs0,high,filtered,119,ter,0.16443597704494695,21,-0.6182115069980296
proteomics,zhu_V_natriegens,rel0_abs0,high,filtered,116,oriC,0.1033213348676315,66,-0.21056842628791517
proteomics,zhu_V_natriegens,rel0_abs0,high,filtered,116,ter,0.20545567643105508,22,-0.89383537713637
proteomics,zhu_V_natriegens,rel0_abs0,high,filtered,123,oriC,0.09348538956032167,68,-0.07283201143362072
proteomics,zhu_V_natriegens,rel0_abs0,high,filtered,123,ter,0.19613715115390642,23,-0.13942516925399276
proteomics,zhu_V_natriegens,rel0_abs0,high,filtered,115,oriC,0.023167826518026513,67,-0.2583950659838345
proteomics,zhu_V_natriegens,rel0_abs0,high,filtered,115,ter,0.29403275664519357,23,-0.28708443595941013
proteomics,zhu_V_natriegens,rel0_abs0,high,filtered,111,oriC,0.4364339565077689,62,-0.17266503341799727
proteomics,zhu_V_natriegens,rel0_abs0,high,filtered,111,ter,0.3241657687273932,19,-0.6599956761192751
proteomics,zhu_V_natriegens,rel0_abs0,high,filtered,111,oriC,0.960857524904149,62,-0.10580723406564593
proteomics,zhu_V_natriegens,rel0_abs0,high,filtered,111,ter,0.2296623602420801,22,-0.7021024666428244
proteomics,zhu_V_natriegens,rel0_abs0,high,filtered,113,oriC,0.5567313427222043,66,-0.0375920184901174
proteomics,zhu_V_natriegens,rel0_abs0,high,filtered,113,ter,0.4240434688190146,21,-0.15699170506833965
proteomics,zhu_V_natriegens,rel0_abs0,high,filtered,120,oriC,0.12138782358196981,68,0.015579032690999466
proteomics,zhu_V_natriegens,rel0_abs0,high,filtered,120,ter,0.3464467137003836,22,0.11773548638525849
proteomics,zhu_V_natriegens,rel0_abs0,high,filtered,113,oriC,0.15900186344471465,68,-0.10396800244137994
proteomics,zhu_V_natriegens,rel0_abs0,high,filtered,113,ter,0.5546007943351049,21,0.06140165173416579
proteomics,zhu_V_natriegens,rel0_abs0,high,filtered,109,oriC,0.9209250807014835,63,-0.03847441785900841
proteomics,zhu_V_natriegens,rel0_abs0,high,filtered,109,ter,0.5595489258280134,19,-0.38241649622242274
proteomics,zhu_V_natriegens,rel0_abs0,high,filtered,108,oriC,0.5000943820035253,63,0.0434777192565118
proteomics,zhu_V_natriegens,rel0_abs0,high,filtered,108,ter,0.9198636665558916,19,-0.033846350413115414
proteomics,zhu_V_natriegens,rel0_abs0,high,filtered,117,oriC,0.38148297461642333,66,0.10816503473428747
proteomics,zhu_V_natriegens,rel0_abs0,high,filtered,117,ter,0.15727520892935187,23,0.5739085849830154
proteomics,zhu_V_natriegens,rel0_abs0,high,filtered,116,oriC,0.1571080034997415,67,-0.06882385949717222
proteomics,zhu_V_natriegens,rel0_abs0,high,filtered,116,ter,0.18581859588098798,23,0.3129315051699726
proteomics,zhu_V_natriegens,rel0_abs0,high,filtered,108,oriC,0.8132847799302011,63,0.026119636975507572
proteomics,zhu_V_natriegens,rel0_abs0,high,filtered,108,ter,0.834802747504781,21,-0.0651155135114866
proteomics,zhu_V_natriegens,rel0_abs0,high,filtered,117,oriC,0.7835563402643613,66,-0.032674847006818976
proteomics,zhu_V_natriegens,rel0_abs0,high,filtered,117,ter,0.6968413728183669,22,-0.11350512992640555
proteomics,zhu_V_natriegens,rel0_abs0,high,filtered,117,oriC,0.102149802688483,68,-0.2113846464603082
proteomics,zhu_V_natriegens,rel0_abs0,high,filtered,117,ter,0.7265098424533645,23,-0.13709767074135018
proteomics,zhu_V_natriegens,rel0_abs0,high,filtered,113,oriC,0.5355393284700809,63,-0.11311412328749254
proteomics,zhu_V_natriegens,rel0_abs0,high,filtered,113,ter,0.43587627794603107,22,-0.34166477990135113
proteomics,zhu_V_natriegens,rel0_abs0,high,filtered,111,oriC,0.8829484812273586,62,-0.02713927643772077
proteomics,zhu_V_natriegens,rel0_abs0,high,filtered,111,ter,0.67661126279812,21,-0.2831814317275
proteomics,zhu_V_natriegens,rel0_abs0,high,filtered,110,oriC,0.24588002695809325,63,0.06265688292567463
proteomics,zhu_V_natriegens,rel0_abs0,high,filtered,110,ter,0.08031525501240484,23,-0.4964077158443155
proteomics,zhu_V_natriegens,rel0_abs0,high,filtered,117,oriC,0.028564196694503875,67,0.05420207124788258
proteomics,zhu_V_natriegens,rel0_abs0,high,filtered,117,ter,0.3229146973319014,23,-0.4020762379824694
proteomics,zhu_V_natriegens,rel0_abs0,high,filtered,111,oriC,0.21402710698676858,63,0.02370163223482575
proteomics,zhu_V_natriegens,rel0_abs0,high,filtered,111,ter,0.6265367913962299,21,0.10102854717017697
