assay,dataset,cutoff,gene_filter,fc_mode,n_total,group,p,n_genes,med_log2fc
proteomics,schmidt_2016,rel20_abs0.1,high,unfiltered,913,oriC,0.4291433057512919,283,-0.03155150250654902
proteomics,schmidt_2016,rel20_abs0.1,high,unfiltered,913,ter,0.1603693310224811,348,-0.06481344255795536
proteomics,schmidt_2016,rel20_abs0.1,high,unfiltered,913,oriC,0.007337467903997864,283,-0.14191794534540902
proteomics,schmidt_2016,rel20_abs0.1,high,unfiltered,913,ter,0.02103170004105566,348,-0.08780213110327187
proteomics,schmidt_2016,rel20_abs0.1,high,unfiltered,913,oriC,0.6056162682025424,283,0.00812101974237196
proteomics,schmidt_2016,rel20_abs0.1,high,unfiltered,913,ter,0.4283408031308608,348,0.041926149439589805
proteomics,schmidt_2016,rel20_abs0.1,high,unfiltered,913,oriC,0.7785480190782369,283,-0.00807826237905315
proteomics,schmidt_2016,rel20_abs0.1,high,unfiltered,913,ter,0.4869761017509201,348,-0.010977064011669957
proteomics,schmidt_2016,rel20_abs0.1,high,unfiltered,913,oriC,0.2908460241051965,283,-0.04682468104629415
proteomics,schmidt_2016,rel20_abs0.1,high,unfiltered,913,ter,0.047291601251230726,348,-0.045440708551731684
proteomics,schmidt_2016,rel20_abs0.1,high,unfiltered,913,oriC,0.16122046474455046,283,-0.064330659453152
proteomics,schmidt_2016,rel20_abs0.1,high,unfiltered,913,ter,0.008016264123482698,348,-0.15529257849225916
proteomics,schmidt_2016,rel20_abs0.1,high,unfiltered,913,oriC,0.26920729793308595,283,-0.013895899721370331
proteomics,schmidt_2016,rel20_abs0.1,high,unfiltered,913,ter,0.817867284198234,348,0.02362533769590859
proteomics,schmidt_2016,rel20_abs0.1,high,unfiltered,913,oriC,0.79753570795054185,283,-0.031847591520399704
proteomics,schmidt_2016,rel20_abs0.1,high,unfiltered,913,ter,0.36213464102566756,348,-0.03682555577712089
proteomics,schmidt_2016,rel20_abs0.1,high,unfiltered,913,oriC,0.4198831090838586,283,-0.014419935218315498
proteomics,schmidt_2016,rel20_abs0.1,high,unfiltered,913,ter,0.035844179610999095,348,-0.08264347930125801
proteomics,schmidt_2016,rel20_abs0.1,high,unfiltered,913,oriC,0.8279360284564028,283,0.015203084134162888
proteomics,schmidt_2016,rel20_abs0.1,high,unfiltered,913,ter,0.9094913199207169,348,0.03094442035997246
proteomics,schmidt_2016,rel20_abs0.1,high,unfiltered,913,oriC,0.029770416233802336,283,-0.14985458906764948
proteomics,schmidt_2016,rel20_abs0.1,high,unfiltered,913,ter,0.0373256304192471,348,-0.17921959581364044
proteomics,schmidt_2016,rel20_abs0.1,high,unfiltered,913,oriC,0.6932694227035243,283,-0.029767094029624356
proteomics,schmidt_2016,rel20_abs0.1,high,unfiltered,913,ter,0.06159493360580539,348,-0.09598106518465403
proteomics,schmidt_2016,rel20_abs0.1,high,unfiltered,913,oriC,0.2223597264502537,283,-0.09490843418711885
proteomics,schmidt_2016,rel20_abs0.1,high,unfiltered,913,ter,0.309787875197782,348,-0.04044716292610985
proteomics,schmidt_2016,rel20_abs0.1,high,unfiltered,913,oriC,0.2803692889574894,283,-0.10497018851107359
proteomics,schmidt_2016,rel20_abs0.1,high,unfiltered,913,ter,0.11421173185799367,348,-0.10259279350015096
proteomics,schmidt_2016,rel20_abs0.1,high,unfiltered,913,oriC,0.11775585309470196,283,-0.09484485689152579
proteomics,schmidt_2016,rel20_abs0.1,high,unfiltered,913,ter,0.2307998661555609,348,-0.10855505044347072
proteomics,schmidt_2016,rel20_abs0.1,high,unfiltered,913,oriC,0.9285853004473208,283,0.02690160070798088
proteomics,schmidt_2016,rel20_abs0.1,high,unfiltered,913,ter,0.09843485235737112,348,-0.13501197253035666
proteomics,schmidt_2016,rel20_abs0.1,high,unfiltered,913,oriC,3.797292076350163e-5,283,-0.3081197829335329
proteomics,schmidt_2016,rel20_abs0.1,high,unfiltered,913,ter,1.2024376313061132e-6,348,-0.37209538925694
proteomics,schmidt_2016,rel20_abs0.1,high,unfiltered,913,oriC,5.6243696344764196e-5,283,-0.38008870682741475
proteomics,schmidt_2016,rel20_abs0.1,high,unfiltered,913,ter,3.013737341513626e-11,348,-0.5606781218678998
proteomics,schmidt_2016,rel20_abs0.1,high,unfiltered,913,oriC,0.002208408529389991,283,-0.06332232495006072
proteomics,schmidt_2016,rel20_abs0.1,high,unfiltered,913,ter,0.07061155130199454,348,-0.020815857427615506
proteomics,schmidt_2016,rel20_abs0.1,high,unfiltered,913,oriC,0.955726877147461,283,0.03290242063309014
proteomics,schmidt_2016,rel20_abs0.1,high,unfiltered,913,ter,0.013258950110396578,348,-0.04310186264111068
proteomics,schmidt_2016,rel20_abs0.1,high,unfiltered,913,oriC,0.15105567531190547,283,-0.065120270043960607
proteomics,schmidt_2016,rel20_abs0.1,high,unfiltered,913,ter,0.002605651876601482,348,-0.10223446323261565
proteomics,schmidt_2016,rel20_abs0.1,high,unfiltered,913,oriC,0.10411520233015349,283,-0.10295597002223215
proteomics,schmidt_2016,rel20_abs0.1,high,unfiltered,913,ter,1.002914444288914e-4,348,-0.17357257416239036
proteomics,schmidt_2016,rel20_abs0.1,high,unfiltered,913,oriC,0.2062946842039448,283,-0.034200751209669644
proteomics,schmidt_2016,rel20_abs0.1,high,unfiltered,913,ter,0.08531542080393587,348,-0.037741444875004734
proteomics,schmidt_2016,rel20_abs0.1,high,unfiltered,913,oriC,0.4545556236044264,283,-0.04939083403925671
proteomics,schmidt_2016,rel20_abs0.1,high,unfiltered,913,ter,0.06880749681067197,348,-0.0680859031866345
proteomics,schmidt_2016,rel20_abs0.1,high,unfiltered,913,oriC,0.18380390719551212,283,-0.0699592749599171
proteomics,schmidt_2016,rel20_abs0.1,high,unfiltered,913,ter,0.004270653098839751,348,-0.0961139124457257
proteomics,schmidt_2016,rel20_abs0.1,high,unfiltered,913,oriC,0.31502097959105085,283,-0.04203866421707868
proteomics,schmidt_2016,rel20_abs0.1,high,unfiltered,913,ter,0.1348065346521402,348,-0.03277300241110524
proteomics,schmidt_2016,rel20_abs0.1,high,unfiltered,913,oriC,0.03473395873632928,283,-0.1681850839284131
proteomics,schmidt_2016,rel20_abs0.1,high,unfiltered,913,ter,0.01777629227782408,348,-0.20014893329758443
proteomics,schmidt_2016,rel20_abs0.1,high,unfiltered,913,oriC,0.6661534138192844,283,-0.055986738413356586
proteomics,schmidt_2016,rel20_abs0.1,high,unfiltered,913,ter,0.003437917202318274,348,-0.13753175379150476
proteomics,schmidt_2016,rel20_abs0.1,high,unfiltered,913,oriC,0.19257199866176133,283,-0.1396897314906876
proteomics,schmidt_2016,rel20_abs0.1,high,unfiltered,913,ter,0.13246157243876205,348,-0.07021809068932672
proteomics,schmidt_2016,rel20_abs0.1,high,unfiltered,913,oriC,0.2586600029072904,283,-0.09427480562771377
proteomics,schmidt_2016,rel20_abs0.1,high,unfiltered,913,ter,0.03207960689131623,348,-0.11145693188279274
proteomics,schmidt_2016,rel20_abs0.1,high,unfiltered,913,oriC,0.11707597045556188,283,-0.11830335155974768
proteomics,schmidt_2016,rel20_abs0.1,high,unfiltered,913,ter,0.029762632376930612,348,-0.16631239227822486
proteomics,schmidt_2016,rel20_abs0.1,high,unfiltered,913,oriC,0.8797311450624076,283,-0.015583922746776231
proteomics,schmidt_2016,rel20_abs0.1,high,unfiltered,913,ter,0.035145539810483184,348,-0.13965055604649068
proteomics,schmidt_2016,rel20_abs0.1,high,unfiltered,913,oriC,1.095424511624827e-5,283,-0.2923213636440991
proteomics,schmidt_2016,rel20_abs0.1,high,unfiltered,913,ter,1.4067806175069954e-8,348,-0.4409304454788424
proteomics,schmidt_2016,rel20_abs0.1,high,unfiltered,913,oriC,7.477748271894875e-5,283,-0.40881230177103106
proteomics,schmidt_2016,rel20_abs0.1,high,unfiltered,913,ter,2.5496775164223204e-13,348,-0.6563909639881115
proteomics,schmidt_2016,rel20_abs0.1,high,unfiltered,913,oriC,0.08472255126371495,283,0.08344142164275564
proteomics,schmidt_2016,rel20_abs0.1,high,unfiltered,913,ter,0.47175927878649637,348,0.05662671883570181
proteomics,schmidt_2016,rel20_abs0.1,high,unfiltered,913,oriC,0.2878731769176083,283,0.04628239888091251
proteomics,schmidt_2016,rel20_abs0.1,high,unfiltered,913,ter,0.8640776302269086,348,0.06346236034118685
proteomics,schmidt_2016,rel20_abs0.1,high,unfiltered,913,oriC,0.7067091784673967,283,-0.05936718829882315
proteomics,schmidt_2016,rel20_abs0.1,high,unfiltered,913,ter,0.1627615988793938,348,-0.013634244322346493
proteomics,schmidt_2016,rel20_abs0.1,high,unfiltered,913,oriC,0.37342269620708485,283,0.02343142031814433
proteomics,schmidt_2016,rel20_abs0.1,high,unfiltered,913,ter,0.132598631047821,348,0.09192555028650377
proteomics,schmidt_2016,rel20_abs0.1,high,unfiltered,913,oriC,0.2489979822923219,283,0.043122443365761334
proteomics,schmidt_2016,rel20_abs0.1,high,unfiltered,913,ter,0.26043906692499785,348,0.0581264764765735
proteomics,schmidt_2016,rel20_abs0.1,high,unfiltered,913,oriC,0.28069275626799745,283,0.026078908332634515
proteomics,schmidt_2016,rel20_abs0.1,high,unfiltered,913,ter,0.9530820830326827,348,0.016448228039101287
proteomics,schmidt_2016,rel20_abs0.1,high,unfiltered,913,oriC,0.10915568769744238,283,0.045172723319871225
proteomics,schmidt_2016,rel20_abs0.1,high,unfiltered,913,ter,0.9416364349806492,348,0.022858605106552618
proteomics,schmidt_2016,rel20_abs0.1,high,unfiltered,913,oriC,0.023317063768789965,283,-0.13829559595442067
proteomics,schmidt_2016,rel20_abs0.1,high,unfiltered,913,ter,0.09886944525385583,348,-0.05277863860112404
proteomics,schmidt_2016,rel20_abs0.1,high,unfiltered,913,oriC,0.5775406672938146,283,0.006030100056296886
proteomics,schmidt_2016,rel20_abs0.1,high,unfiltered,913,ter,0.6835688004567352,348,0.04273738326687887
proteomics,schmidt_2016,rel20_abs0.1,high,unfiltered,913,oriC,0.7740990147058571,283,-0.0685244198038275
proteomics,schmidt_2016,rel20_abs0.1,high,unfiltered,913,ter,0.779216564570743,348,0.05733723146082676
proteomics,schmidt_2016,rel20_abs0.1,high,unfiltered,913,oriC,0.40744667470521184,283,-0.08096524696196435
proteomics,schmidt_2016,rel20_abs0.1,high,unfiltered,913,ter,0.6792732101533259,348,-0.017489683114151132
proteomics,schmidt_2016,rel20_abs0.1,high,unfiltered,913,oriC,0.4857763836018318,283,-0.03725798886419217
proteomics,schmidt_2016,rel20_abs0.1,high,unfiltered,913,ter,0.9513857633718726,348,0.024257509276769028
proteomics,schmidt_2016,rel20_abs0.1,high,unfiltered,913,oriC,0.5008875867921565,283,0.04139755783440996
proteomics,schmidt_2016,rel20_abs0.1,high,unfiltered,913,ter,0.8166263401914922,348,0.0448194560155427
proteomics,schmidt_2016,rel20_abs0.1,high,unfiltered,913,oriC,2.45064172792203e-4,283,-0.20577849578717083
proteomics,schmidt_2016,rel20_abs0.1,high,unfiltered,913,ter,7.035581152036043e-5,348,-0.28833115319184066
proteomics,schmidt_2016,rel20_abs0.1,high,unfiltered,913,oriC,2.960394852483368e-4,283,-0.278079590811943
proteomics,schmidt_2016,rel20_abs0.1,high,unfiltered,913,ter,6.388750341963763e-10,348,-0.5066126403571165
proteomics,schmidt_2016,rel20_abs0.1,high,unfiltered,913,oriC,2.3152239921458238e-4,283,0.15144985404806158
proteomics,schmidt_2016,rel20_abs0.1,high,unfiltered,913,ter,0.39914442803890665,348,0.04414547901471377
proteomics,schmidt_2016,rel20_abs0.1,high,unfiltered,913,oriC,8.066799080713517e-5,283,0.09686628158788325
proteomics,schmidt_2016,rel20_abs0.1,high,unfiltered,913,ter,0.04928612080168288,348,0.04402067384467085
proteomics,schmidt_2016,rel20_abs0.1,high,unfiltered,913,oriC,0.07346067503636068,283,0.022876979085941957
proteomics,schmidt_2016,rel20_abs0.1,high,unfiltered,913,ter,0.9035844047234562,348,-0.01841225065291976
proteomics,schmidt_2016,rel20_abs0.1,high,unfiltered,913,oriC,0.00812048700376613,283,0.0892447808094923
proteomics,schmidt_2016,rel20_abs0.1,high,unfiltered,913,ter,0.0020736106640668645,348,0.1304421871018549
proteomics,schmidt_2016,rel20_abs0.1,high,unfiltered,913,oriC,0.0010629794350702111,283,0.11966681960471601
proteomics,schmidt_2016,rel20_abs0.1,high,unfiltered,913,ter,0.022687159930442798,348,0.07920805771609399
proteomics,schmidt_2016,rel20_abs0.1,high,unfiltered,913,oriC,1.8353758871224733e-4,283,0.13766804405323996
proteomics,schmidt_2016,rel20_abs0.1,high,unfiltered,913,ter,0.12720140406860989,348,0.05545435023868957
proteomics,schmidt_2016,rel20_abs0.1,high,unfiltered,913,oriC,0.00513101230671785,283,0.0770019454430688
proteomics,schmidt_2016,rel20_abs0.1,high,unfiltered,913,ter,0.22606885449926348,348,0.010866939283287379
proteomics,schmidt_2016,rel20_abs0.1,high,unfiltered,913,oriC,0.15375914687063041,283,-0.12393852254398983
proteomics,schmidt_2016,rel20_abs0.1,high,unfiltered,913,ter,0.42246572023028056,348,-0.08133409460185885
proteomics,schmidt_2016,rel20_abs0.1,high,unfiltered,913,oriC,0.16187251542022013,283,0.052812340178119074
proteomics,schmidt_2016,rel20_abs0.1,high,unfiltered,913,ter,0.9904412943739912,348,0.015151800968168892
proteomics,schmidt_2016,rel20_abs0.1,high,unfiltered,913,oriC,0.6815215835162723,283,-0.010373059502567943
proteomics,schmidt_2016,rel20_abs0.1,high,unfiltered,913,ter,0.46522593442420623,348,0.06485807936721533
proteomics,schmidt_2016,rel20_abs0.1,high,unfiltered,913,oriC,0.773543407165687,283,-0.05874099865066139
proteomics,schmidt_2016,rel20_abs0.1,high,unfiltered,913,ter,0.1190493303385263,348,0.02992715319027524
proteomics,schmidt_2016,rel20_abs0.1,high,unfiltered,913,oriC,0.8279360284564028,283,-0.010594696426891375
proteomics,schmidt_2016,rel20_abs0.1,high,unfiltered,913,ter,0.8104285735836924,348,0.006783548761036829
proteomics,schmidt_2016,rel20_abs0.1,high,unfiltered,913,oriC,0.09778217951330381,283,0.09144648927567764
proteomics,schmidt_2016,rel20_abs0.1,high,unfiltered,913,ter,0.6548750051269913,348,0.012718188444189711
proteomics,schmidt_2016,rel20_abs0.1,high,unfiltered,913,oriC,0.014827567941325764,283,-0.12170645270147848
proteomics,schmidt_2016,rel20_abs0.1,high,unfiltered,913,ter,8.096204776613931e-5,348,-0.24986713161719018
proteomics,schmidt_2016,rel20_abs0.1,high,unfiltered,913,oriC,0.010382090270553224,283,-0.13265332626110146
proteomics,schmidt_2016,rel20_abs0.1,high,unfiltered,913,ter,6.880409175554023e-10,348,-0.5124012633537616
proteomics,schmidt_2016,rel20_abs0.1,high,unfiltered,913,oriC,0.9609310373544999,283,0.022157822221310484
proteomics,schmidt_2016,rel20_abs0.1,high,unfiltered,913,ter,0.7459366398632792,348,0.009393021551910057
proteomics,schmidt_2016,rel20_abs0.1,high,unfiltered,913,oriC,0.9453244379193545,283,-0.015509174602020333
proteomics,schmidt_2016,rel20_abs0.1,high,unfiltered,913,ter,0.8486142274078226,348,0.0033788319968559057
proteomics,schmidt_2016,rel20_abs0.1,high,unfiltered,913,oriC,0.7674394397070747,283,0.008635885086076484
proteomics,schmidt_2016,rel20_abs0.1,high,unfiltered,913,ter,0.16648188174554432,348,-0.05823840452432458
proteomics,schmidt_2016,rel20_abs0.1,high,unfiltered,913,oriC,0.6030848095134451,283,0.005328020547248655
proteomics,schmidt_2016,rel20_abs0.1,high,unfiltered,913,ter,0.5528957283256888,348,-0.016102435366416482
proteomics,schmidt_2016,rel20_abs0.1,high,unfiltered,913,oriC,0.24250349328000825,283,-0.10373281857699192
proteomics,schmidt_2016,rel20_abs0.1,high,unfiltered,913,ter,0.10217790454055369,348,-0.1103854336387011
proteomics,schmidt_2016,rel20_abs0.1,high,unfiltered,913,oriC,0.7131931964787523,283,0.025008619620138242
proteomics,schmidt_2016,rel20_abs0.1,high,unfiltered,913,ter,0.020244173735866323,348,-0.07666928435834622
proteomics,schmidt_2016,rel20_abs0.1,high,unfiltered,913,oriC,0.2921738946250409,283,-0.1015320266674715
proteomics,schmidt_2016,rel20_abs0.1,high,unfiltered,913,ter,0.2210054029537767,348,-0.08300782210599081
proteomics,schmidt_2016,rel20_abs0.1,high,unfiltered,913,oriC,0.3738124663571677,283,-0.09339553859690516
proteomics,schmidt_2016,rel20_abs0.1,high,unfiltered,913,ter,0.26406504558214416,348,-0.09931297011907987
proteomics,schmidt_2016,rel20_abs0.1,high,unfiltered,913,oriC,0.45674750399033137,283,-0.0170063178684551
proteomics,schmidt_2016,rel20_abs0.1,high,unfiltered,913,ter,0.07279344423292522,348,-0.12502178925356572
proteomics,schmidt_2016,rel20_abs0.1,high,unfiltered,913,oriC,0.5955191601292098,283,0.010287805428275875
proteomics,schmidt_2016,rel20_abs0.1,high,unfiltered,913,ter,0.1393074655835976,348,-0.11164592980202517
proteomics,schmidt_2016,rel20_abs0.1,high,unfiltered,913,oriC,8.725783819035806e-5,283,-0.27836494786569205
proteomics,schmidt_2016,rel20_abs0.1,high,unfiltered,913,ter,3.2439648998216104e-8,348,-0.4330500645116996
proteomics,schmidt_2016,rel20_abs0.1,high,unfiltered,913,oriC,1.922039456833494e-4,283,-0.28734994848195483
proteomics,schmidt_2016,rel20_abs0.1,high,unfiltered,913,ter,1.71940233240816e-13,348,-0.6183492951090706
proteomics,schmidt_2016,rel20_abs0.1,high,unfiltered,913,oriC,0.002847420902832846,283,-0.2749576890139135
proteomics,schmidt_2016,rel20_abs0.1,high,unfiltered,913,ter,0.23813352667040985,348,-0.049118168800333914
proteomics,schmidt_2016,rel20_abs0.1,high,unfiltered,913,oriC,0.11775585309470196,283,-0.09554146077376059
proteomics,schmidt_2016,rel20_abs0.1,high,unfiltered,913,ter,0.17009989418541,348,-0.059308824758705886
proteomics,schmidt_2016,rel20_abs0.1,high,unfiltered,913,oriC,0.006310401891465573,283,-0.14725269626510082
proteomics,schmidt_2016,rel20_abs0.1,high,unfiltered,913,ter,0.671878095252479,348,0.013196511142804165
proteomics,schmidt_2016,rel20_abs0.1,high,unfiltered,913,oriC,0.0046457487373569115,283,-0.19731215853769016
proteomics,schmidt_2016,rel20_abs0.1,high,unfiltered,913,ter,0.6012461117384957,348,-0.053921868073775026
proteomics,schmidt_2016,rel20_abs0.1,high,unfiltered,913,oriC,0.0028138382365343884,283,-0.17597100314532
proteomics,schmidt_2016,rel20_abs0.1,high,unfiltered,913,ter,0.04934764613712367,348,-0.10703626471065544
proteomics,schmidt_2016,rel20_abs0.1,high,unfiltered,913,oriC,0.9407040165174905,283,-0.05573013937502632
proteomics,schmidt_2016,rel20_abs0.1,high,unfiltered,913,ter,0.6281926544941943,348,-0.061772538722457984
proteomics,schmidt_2016,rel20_abs0.1,high,unfiltered,913,oriC,1.6918279702921663e-6,283,-0.24577052659368695
proteomics,schmidt_2016,rel20_abs0.1,high,unfiltered,913,ter,8.764155435901832e-7,348,-0.321397127331266
proteomics,schmidt_2016,rel20_abs0.1,high,unfiltered,913,oriC,5.270856879909059e-5,283,-0.3399082720930685
proteomics,schmidt_2016,rel20_abs0.1,high,unfiltered,913,ter,7.724956004927111e-11,348,-0.4115458725626885
proteomics,schmidt_2016,rel20_abs0.1,high,unfiltered,913,oriC,0.03492134343709707,283,-0.17340128309715597
proteomics,schmidt_2016,rel20_abs0.1,high,unfiltered,913,ter,0.19451473724160223,348,-0.09055893663443762
proteomics,schmidt_2016,rel20_abs0.1,high,unfiltered,913,oriC,0.8757256194688011,283,-0.012896264030934999
proteomics,schmidt_2016,rel20_abs0.1,high,unfiltered,913,ter,0.19931886435543905,348,-0.034247841550109265
proteomics,schmidt_2016,rel20_abs0.1,high,unfiltered,913,oriC,0.32099989510055593,283,-0.05750152480346311
proteomics,schmidt_2016,rel20_abs0.1,high,unfiltered,913,ter,0.9099134378970533,348,0.03311877641350268
proteomics,schmidt_2016,rel20_abs0.1,high,unfiltered,913,oriC,0.04338263499180019,283,-0.12096094928750048
proteomics,schmidt_2016,rel20_abs0.1,high,unfiltered,913,ter,0.5993943420059448,348,-0.06902737039045569
proteomics,schmidt_2016,rel20_abs0.1,high,unfiltered,913,oriC,0.1573497578062126,283,-0.08365025157236015
proteomics,schmidt_2016,rel20_abs0.1,high,unfiltered,913,ter,0.17717013371947965,348,-0.08531755995111537
proteomics,schmidt_2016,rel20_abs0.1,high,unfiltered,913,oriC,0.32562170314448696,283,0.0508015646269038
proteomics,schmidt_2016,rel20_abs0.1,high,unfiltered,913,ter,0.7326722456275814,348,-0.02849865987285801
proteomics,schmidt_2016,rel20_abs0.1,high,unfiltered,913,oriC,4.5789902200853625e-6,283,-0.25180324699112094
proteomics,schmidt_2016,rel20_abs0.1,high,unfiltered,913,ter,3.336722163704941e-7,348,-0.2952982387488329
proteomics,schmidt_2016,rel20_abs0.1,high,unfiltered,913,oriC,2.136685391062751e-5,283,-0.27912264450356167
proteomics,schmidt_2016,rel20_abs0.1,high,unfiltered,913,ter,1.7659653026084275e-11,348,-0.43299173105976474
proteomics,schmidt_2016,rel20_abs0.1,high,unfiltered,913,oriC,0.08277550141283756,283,-0.11971323558782712
proteomics,schmidt_2016,rel20_abs0.1,high,unfiltered,913,ter,0.7743193332756605,348,0.008854046582081321
proteomics,schmidt_2016,rel20_abs0.1,high,unfiltered,913,oriC,0.41904713615644307,283,0.04531036861084758
proteomics,schmidt_2016,rel20_abs0.1,high,unfiltered,913,ter,0.45007238744968336,348,0.01646800852938076
proteomics,schmidt_2016,rel20_abs0.1,high,unfiltered,913,oriC,0.858596357262021,283,0.018473339276131505
proteomics,schmidt_2016,rel20_abs0.1,high,unfiltered,913,ter,0.024018622214829057,348,0.09353070802015497
proteomics,schmidt_2016,rel20_abs0.1,high,unfiltered,913,oriC,0.2875441302822995,283,-0.03404446185717892
proteomics,schmidt_2016,rel20_abs0.1,high,unfiltered,913,ter,0.5835769269169012,348,0.01571598684785347
proteomics,schmidt_2016,rel20_abs0.1,high,unfiltered,913,oriC,0.9539925654138189,283,0.002657487437401813
proteomics,schmidt_2016,rel20_abs0.1,high,unfiltered,913,ter,0.9014760674310739,348,-0.011310413107659192
proteomics,schmidt_2016,rel20_abs0.1,high,unfiltered,913,oriC,0.03249259701405024,283,0.11041877522337286
proteomics,schmidt_2016,rel20_abs0.1,high,unfiltered,913,ter,0.1200612300003949,348,0.04102946436128814
proteomics,schmidt_2016,rel20_abs0.1,high,unfiltered,913,oriC,3.578091897398286e-4,283,-0.14424433542796322
proteomics,schmidt_2016,rel20_abs0.1,high,unfiltered,913,ter,6.052512074708316e-5,348,-0.19455754461133337
proteomics,schmidt_2016,rel20_abs0.1,high,unfiltered,913,oriC,4.017776738494288e-4,283,-0.2162782249974728
proteomics,schmidt_2016,rel20_abs0.1,high,unfiltered,913,ter,3.854708380118605e-8,348,-0.4112323743562729
proteomics,schmidt_2016,rel20_abs0.1,high,unfiltered,913,oriC,0.08954682684843214,283,-0.09579757916999126
proteomics,schmidt_2016,rel20_abs0.1,high,unfiltered,913,ter,0.10568859719783667,348,-0.050548507228471914
proteomics,schmidt_2016,rel20_abs0.1,high,unfiltered,913,oriC,0.050533603030022065,283,-0.13861257851390013
proteomics,schmidt_2016,rel20_abs0.1,high,unfiltered,913,ter,0.04054952023011589,348,-0.11141585178284907
proteomics,schmidt_2016,rel20_abs0.1,high,unfiltered,913,oriC,0.10899530334390464,283,-0.0775328227735468
proteomics,schmidt_2016,rel20_abs0.1,high,unfiltered,913,ter,0.003117065391975405,348,-0.12940691542375507
proteomics,schmidt_2016,rel20_abs0.1,high,unfiltered,913,oriC,0.6239813993785451,283,-0.025459141802915766
proteomics,schmidt_2016,rel20_abs0.1,high,unfiltered,913,ter,0.18907773103104997,348,-0.060793496370277436
proteomics,schmidt_2016,rel20_abs0.1,high,unfiltered,913,oriC,2.329143293180622e-6,283,-0.24436420946052043
proteomics,schmidt_2016,rel20_abs0.1,high,unfiltered,913,ter,7.534437499121535e-10,348,-0.33452770330689485
proteomics,schmidt_2016,rel20_abs0.1,high,unfiltered,913,oriC,1.651565316465656e-5,283,-0.2912036672492166
proteomics,schmidt_2016,rel20_abs0.1,high,unfiltered,913,ter,3.860574025603763e-15,348,-0.5812370107274649
proteomics,schmidt_2016,rel20_abs0.1,high,unfiltered,913,oriC,0.07311133531570749,283,-0.08101238698372358
proteomics,schmidt_2016,rel20_abs0.1,high,unfiltered,913,ter,0.5181886446853997,348,-0.014551574292240407
proteomics,schmidt_2016,rel20_abs0.1,high,unfiltered,913,oriC,0.0016009164363940396,283,-0.16492061374382397
proteomics,schmidt_2016,rel20_abs0.1,high,unfiltered,913,ter,0.10128715116818804,348,-0.09449834672141044
proteomics,schmidt_2016,rel20_abs0.1,high,unfiltered,913,oriC,0.057684442041693,283,-0.07493438915375207
proteomics,schmidt_2016,rel20_abs0.1,high,unfiltered,913,ter,0.013438017776278727,348,-0.08074478932825191
proteomics,schmidt_2016,rel20_abs0.1,high,unfiltered,913,oriC,0.5617775491331176,283,-0.0012528335551743456
proteomics,schmidt_2016,rel20_abs0.1,high,unfiltered,913,ter,0.4411793495316711,348,-0.051334368583568095
proteomics,schmidt_2016,rel20_abs0.1,high,unfiltered,913,oriC,9.515268073567111e-6,283,-0.1875599743847674
proteomics,schmidt_2016,rel20_abs0.1,high,unfiltered,913,ter,2.6214561856694257e-8,348,-0.27549992410579216
proteomics,schmidt_2016,rel20_abs0.1,high,unfiltered,913,oriC,5.890505196796955e-5,283,-0.30970001534343483
proteomics,schmidt_2016,rel20_abs0.1,high,unfiltered,913,ter,2.2236911274244345e-12,348,-0.4334096613635245
proteomics,schmidt_2016,rel20_abs0.1,high,unfiltered,913,oriC,0.293172466084358,283,-0.04854613224723636
proteomics,schmidt_2016,rel20_abs0.1,high,unfiltered,913,ter,0.6005050939225773,348,0.03126630565456413
proteomics,schmidt_2016,rel20_abs0.1,high,unfiltered,913,oriC,0.031619879099594926,283,-0.09732076990918932
proteomics,schmidt_2016,rel20_abs0.1,high,unfiltered,913,ter,0.6649013555358781,348,-0.021442247767428674
proteomics,schmidt_2016,rel20_abs0.1,high,unfiltered,913,oriC,0.30636225160794245,283,-0.057706014152925623
proteomics,schmidt_2016,rel20_abs0.1,high,unfiltered,913,ter,0.5320749731807639,348,-0.01675397767079189
proteomics,schmidt_2016,rel20_abs0.1,high,unfiltered,913,oriC,0.386815781862732,283,0.038808380820597725
proteomics,schmidt_2016,rel20_abs0.1,high,unfiltered,913,ter,0.5971756350043961,348,0.020223729968108468
proteomics,schmidt_2016,rel20_abs0.1,high,unfiltered,913,oriC,3.785351099306106e-5,283,-0.17802547171304328
proteomics,schmidt_2016,rel20_abs0.1,high,unfiltered,913,ter,1.3585005956003299e-5,348,-0.2625515561402597
proteomics,schmidt_2016,rel20_abs0.1,high,unfiltered,913,oriC,1.7172129226114094e-4,283,-0.24050129759406935
proteomics,schmidt_2016,rel20_abs0.1,high,unfiltered,913,ter,4.79143931723147e-10,348,-0.45508235235233435
proteomics,schmidt_2016,rel20_abs0.1,high,unfiltered,913,oriC,0.05787586985332364,283,-0.17091812615258484
proteomics,schmidt_2016,rel20_abs0.1,high,unfiltered,913,ter,0.22688662892894057,348,-0.08087621184814087
proteomics,schmidt_2016,rel20_abs0.1,high,unfiltered,913,oriC,0.12330700159027999,283,-0.08261787724967856
proteomics,schmidt_2016,rel20_abs0.1,high,unfiltered,913,ter,0.037569389412154874,348,-0.06552402250611189
proteomics,schmidt_2016,rel20_abs0.1,high,unfiltered,913,oriC,0.6389481283938616,283,0.034738656742250754
proteomics,schmidt_2016,rel20_abs0.1,high,unfiltered,913,ter,0.3187493950297821,348,-0.10503163334384166
proteomics,schmidt_2016,rel20_abs0.1,high,unfiltered,913,oriC,1.0990917775351466e-5,283,-0.24862662031049457
proteomics,schmidt_2016,rel20_abs0.1,high,unfiltered,913,ter,8.285389272307433e-9,348,-0.3369687963410233
proteomics,schmidt_2016,rel20_abs0.1,high,unfiltered,913,oriC,7.1848051204483195e-6,283,-0.2708576546952038
proteomics,schmidt_2016,rel20_abs0.1,high,unfiltered,913,ter,2.373903224502193e-13,348,-0.48136847873514743
proteomics,schmidt_2016,rel20_abs0.1,high,unfiltered,913,oriC,0.18213388922551596,283,-0.07281357473157327
proteomics,schmidt_2016,rel20_abs0.1,high,unfiltered,913,ter,0.025035310969375592,348,-0.23537499620445707
proteomics,schmidt_2016,rel20_abs0.1,high,unfiltered,913,oriC,0.15501924080975818,283,-0.026270452696389966
proteomics,schmidt_2016,rel20_abs0.1,high,unfiltered,913,ter,6.403050870136297e-5,348,-0.3830810344187743
proteomics,schmidt_2016,rel20_abs0.1,high,unfiltered,913,oriC,6.93033417463165e-4,283,-0.159761949430104
proteomics,schmidt_2016,rel20_abs0.1,high,unfiltered,913,ter,1.4757928887985917e-4,348,-0.21344062464337785
proteomics,schmidt_2016,rel20_abs0.1,high,unfiltered,913,oriC,0.001789673378913577,283,-0.1750744077812163
proteomics,schmidt_2016,rel20_abs0.1,high,unfiltered,913,ter,2.646521748138958e-7,348,-0.40274354512215527
proteomics,schmidt_2016,rel20_abs0.1,high,unfiltered,913,oriC,0.07690849339900903,283,-0.10132550876913216
proteomics,schmidt_2016,rel20_abs0.1,high,unfiltered,913,ter,1.3278835933730571e-6,348,-0.2828052996589512
proteomics,schmidt_2016,rel20_abs0.1,high,unfiltered,913,oriC,0.07475328509242579,283,-0.07839887224151254
proteomics,schmidt_2016,rel20_abs0.1,high,unfiltered,913,ter,4.825944817632646e-9,348,-0.4077640451546479
proteomics,schmidt_2016,rel20_abs0.1,high,unfiltered,913,oriC,0.07428111188636802,283,-0.10089013781303113
proteomics,schmidt_2016,rel20_abs0.1,high,unfiltered,913,ter,0.0027798043779200194,348,-0.1960187858099629
proteomics,schmidt_2016,rel20_abs0.1,high,unfiltered,913,oriC,0.12190041760328696,283,-0.055437998960406444
proteomics,schmidt_2016,rel20_abs0.1,high,unfiltered,913,ter,3.3585815529879533e-6,348,-0.3507088068274252
proteomics,schmidt_2016,rel20_abs0.1,high,unfiltered,913,oriC,0.033506542588956224,283,-0.10936744227995171
proteomics,schmidt_2016,rel20_abs0.1,high,unfiltered,913,ter,4.6720482615174875e-05,348,-0.18057550565286695
proteomics,schmidt_2016,rel20_abs0.1,high,unfiltered,913,oriC,0.023096912399665513,283,-0.10074673541187781
proteomics,schmidt_2016,rel20_abs0.1,high,unfiltered,913,ter,6.043371319659509e-8,348,-0.3541830197098582
proteomics,schmidt_2016,rel20_abs0.1,high,unfiltered,913,oriC,2.5012425243627046e-6,283,-0.2310409337249528
proteomics,schmidt_2016,rel20_abs0.1,high,unfiltered,913,ter,3.103987559056262e-5,348,-0.18395459756796767
proteomics,schmidt_2016,rel20_abs0.1,high,unfiltered,913,oriC,2.8703981815567933e-4,283,-0.23459826523295615
proteomics,schmidt_2016,rel20_abs0.1,high,unfiltered,913,ter,7.502478459295089e-7,348,-0.32771737272758017
proteomics,schmidt_2016,rel20_abs0.1,high,unfiltered,913,oriC,0.02566866644119422,283,-0.06606893125731474
proteomics,schmidt_2016,rel20_abs0.1,high,unfiltered,913,ter,8.109213331803389e-6,348,-0.16298937783608738
proteomics,peebo_2015,rel20_abs0.1,high,unfiltered,519,oriC,0.019666395651951062,157,-0.10464693430605893
proteomics,peebo_2015,rel20_abs0.1,high,unfiltered,519,ter,7.488476720218461e-4,196,-0.061118570813344895
proteomics,peebo_2015,rel20_abs0.1,high,unfiltered,519,oriC,0.9023613414419632,157,0.019083299799667917
proteomics,peebo_2015,rel20_abs0.1,high,unfiltered,519,ter,0.6448585738727336,196,0.03503375986492669
proteomics,peebo_2015,rel20_abs0.1,high,unfiltered,519,oriC,0.668925084098805,157,0.027316975763997005
proteomics,peebo_2015,rel20_abs0.1,high,unfiltered,519,ter,0.3517165255985995,196,0.04196520406085494
proteomics,peebo_2015,rel20_abs0.1,high,unfiltered,519,oriC,0.012024886947637821,157,-0.10714346527318619
proteomics,peebo_2015,rel20_abs0.1,high,unfiltered,519,ter,8.878384364172119e-5,196,-0.1289578337646332
proteomics,peebo_2015,rel20_abs0.1,high,unfiltered,519,oriC,0.010243627988946026,157,-0.11143765167529425
proteomics,peebo_2015,rel20_abs0.1,high,unfiltered,519,ter,1.0702501733355562e-4,196,-0.16145471100050846
proteomics,peebo_2015,rel20_abs0.1,high,unfiltered,519,oriC,0.8129709232617118,157,0.0349068058134664
proteomics,peebo_2015,rel20_abs0.1,high,unfiltered,519,ter,0.15620171150800688,196,0.016219799443924918
proteomics,peebo_2015,rel20_abs0.1,high,unfiltered,518,oriC,0.5973881585622814,156,0.05740582258263094
proteomics,peebo_2015,rel20_abs0.1,high,unfiltered,518,ter,0.2069422838331596,196,0.02797484984347756
proteomics,peebo_2015,rel20_abs0.1,high,unfiltered,519,oriC,0.913473367359885,157,0.05067486464120996
proteomics,peebo_2015,rel20_abs0.1,high,unfiltered,519,ter,0.4054579079814652,196,0.04277764465892961
proteomics,peebo_2015,rel20_abs0.1,high,unfiltered,519,oriC,0.14288352923173955,157,-0.08468858659839086
proteomics,peebo_2015,rel20_abs0.1,high,unfiltered,519,ter,3.904920331366192e-5,196,-0.18608741659652497
proteomics,peebo_2015,rel20_abs0.1,high,unfiltered,518,oriC,0.01736285151242263,156,-0.1330204887447462
proteomics,peebo_2015,rel20_abs0.1,high,unfiltered,518,ter,7.996202173333222e-5,196,-0.15513723016948722
proteomics,peebo_2015,rel20_abs0.1,high,unfiltered,519,oriC,0.008094257366099701,157,-0.17638654583319274
proteomics,peebo_2015,rel20_abs0.1,high,unfiltered,519,ter,1.0107425064974973e-5,196,-0.21808482770213097
proteomics,peebo_2015,rel20_abs0.1,high,unfiltered,518,oriC,0.008668039706235421,156,-0.17670923874704678
proteomics,peebo_2015,rel20_abs0.1,high,unfiltered,518,ter,5.977867144358788e-5,196,-0.2207613424888085
proteomics,peebo_2015,rel20_abs0.1,high,unfiltered,519,oriC,0.009300841426754794,157,-0.1928972401512758
proteomics,peebo_2015,rel20_abs0.1,high,unfiltered,519,ter,6.231212834359874e-4,196,-0.21554053578150562
proteomics,peebo_2015,rel20_abs0.1,high,unfiltered,518,oriC,0.005338095412768412,156,-0.1618000009633339
proteomics,peebo_2015,rel20_abs0.1,high,unfiltered,518,ter,4.7211719195491205e-05,196,-0.23150053684476918
proteomics,peebo_2015,rel20_abs0.1,high,unfiltered,519,oriC,0.015886291792646924,157,-0.1945467169462218
proteomics,peebo_2015,rel20_abs0.1,high,unfiltered,519,ter,7.95434438651305e-5,196,-0.24954645789333538
proteomics,peebo_2015,rel20_abs0.1,high,unfiltered,519,oriC,0.0047521964617267725,157,-0.170198854194906
proteomics,peebo_2015,rel20_abs0.1,high,unfiltered,519,ter,1.5697573151964662e-4,196,-0.2369989496183329
proteomics,peebo_2015,rel20_abs0.1,high,unfiltered,519,oriC,0.037499463185601524,157,-0.06677467513164824
proteomics,peebo_2015,rel20_abs0.1,high,unfiltered,519,ter,0.004098109286550135,196,-0.04874474956685247
proteomics,peebo_2015,rel20_abs0.1,high,unfiltered,519,oriC,0.6663746875231047,157,0.051414388909192664
proteomics,peebo_2015,rel20_abs0.1,high,unfiltered,519,ter,0.8057875054968615,196,0.04569598361274563
proteomics,peebo_2015,rel20_abs0.1,high,unfiltered,519,oriC,0.42521114839086116,157,0.03453887329960507
proteomics,peebo_2015,rel20_abs0.1,high,unfiltered,519,ter,0.4234368892273615,196,0.040841827672575756
proteomics,peebo_2015,rel20_abs0.1,high,unfiltered,519,oriC,0.021885822693217982,157,-0.07193208260109729
proteomics,peebo_2015,rel20_abs0.1,high,unfiltered,519,ter,2.482433342987781e-4,196,-0.13931849359989834
proteomics,peebo_2015,rel20_abs0.1,high,unfiltered,519,oriC,0.006060257469322106,157,-0.09015004600456021
proteomics,peebo_2015,rel20_abs0.1,high,unfiltered,519,ter,2.23835365566161e-4,196,-0.18140859094077036
proteomics,peebo_2015,rel20_abs0.1,high,unfiltered,519,oriC,0.5966167779796718,157,0.03993125201316657
proteomics,peebo_2015,rel20_abs0.1,high,unfiltered,519,ter,0.24752645671946513,196,0.03834443972486568
proteomics,peebo_2015,rel20_abs0.1,high,unfiltered,519,oriC,0.4965096289746406,157,0.07421418643528989
proteomics,peebo_2015,rel20_abs0.1,high,unfiltered,519,ter,0.2495891686166699,196,0.04683523273642551
proteomics,peebo_2015,rel20_abs0.1,high,unfiltered,519,oriC,0.9385340677630569,157,0.05104149354566707
proteomics,peebo_2015,rel20_abs0.1,high,unfiltered,519,ter,0.5473276106901133,196,0.051839003936035286
proteomics,peebo_2015,rel20_abs0.1,high,unfiltered,518,oriC,0.18519352358015545,157,-0.04755631796379496
proteomics,peebo_2015,rel20_abs0.1,high,unfiltered,518,ter,1.783759038072346e-5,195,-0.1478133775294166
proteomics,peebo_2015,rel20_abs0.1,high,unfiltered,519,oriC,0.022088737258224352,157,-0.08456430242494554
proteomics,peebo_2015,rel20_abs0.1,high,unfiltered,519,ter,2.1408047609498024e-4,196,-0.17521796159675967
proteomics,peebo_2015,rel20_abs0.1,high,unfiltered,519,oriC,0.023555502512913454,157,-0.11240906480600589
proteomics,peebo_2015,rel20_abs0.1,high,unfiltered,519,ter,3.3687458713917726e-5,196,-0.24041399913978673
proteomics,peebo_2015,rel20_abs0.1,high,unfiltered,519,oriC,0.02626699819543445,157,-0.1495575769008744
proteomics,peebo_2015,rel20_abs0.1,high,unfiltered,519,ter,8.649597956502257e-5,196,-0.24738917195481305
proteomics,peebo_2015,rel20_abs0.1,high,unfiltered,519,oriC,0.03208289178246751,157,-0.1345070846381797
proteomics,peebo_2015,rel20_abs0.1,high,unfiltered,519,ter,0.0010930920149368995,196,-0.21626256796421944
proteomics,peebo_2015,rel20_abs0.1,high,unfiltered,519,oriC,0.006158037642077832,157,-0.13840069212595849
proteomics,peebo_2015,rel20_abs0.1,high,unfiltered,519,ter,6.543460349658671e-5,196,-0.2410747489158638
proteomics,peebo_2015,rel20_abs0.1,high,unfiltered,519,oriC,0.02476655341962197,157,-0.15464707593677346
proteomics,peebo_2015,rel20_abs0.1,high,unfiltered,519,ter,9.851958983487645e-5,196,-0.2699199098051458
proteomics,peebo_2015,rel20_abs0.1,high,unfiltered,519,oriC,0.006060257469322106,157,-0.20318179604721953
proteomics,peebo_2015,rel20_abs0.1,high,unfiltered,519,ter,1.8071531959465168e-4,196,-0.27129840159197927
proteomics,peebo_2015,rel20_abs0.1,high,unfiltered,519,oriC,0.7299037353252947,157,0.0056460228677385265
proteomics,peebo_2015,rel20_abs0.1,high,unfiltered,519,ter,0.8548112097765811,196,0.05157733479442085
proteomics,peebo_2015,rel20_abs0.1,high,unfiltered,519,oriC,0.4595556386322347,157,0.020819317795498095
proteomics,peebo_2015,rel20_abs0.1,high,unfiltered,519,ter,0.6278103286799794,196,0.09961236666076617
proteomics,peebo_2015,rel20_abs0.1,high,unfiltered,519,oriC,0.61620849121022,157,0.022052560833780807
proteomics,peebo_2015,rel20_abs0.1,high,unfiltered,519,ter,0.7565590963012849,196,0.10994199272667787
proteomics,peebo_2015,rel20_abs0.1,high,unfiltered,519,oriC,0.33246355689009294,157,-0.020164286356729934
proteomics,peebo_2015,rel20_abs0.1,high,unfiltered,519,ter,0.12144071979461966,196,-0.005736729110462769
proteomics,peebo_2015,rel20_abs0.1,high,unfiltered,519,oriC,0.45214328695894146,157,-0.006845128192139328
proteomics,peebo_2015,rel20_abs0.1,high,unfiltered,519,ter,0.25010671803352913,196,0.007235200686896957
proteomics,peebo_2015,rel20_abs0.1,high,unfiltered,519,oriC,0.5677737001824388,157,0.021574192975421045
proteomics,peebo_2015,rel20_abs0.1,high,unfiltered,519,ter,0.920359802727004,196,0.09316227937161961
proteomics,peebo_2015,rel20_abs0.1,high,unfiltered,519,oriC,0.6125135741158497,157,-0.012900637851214421
proteomics,peebo_2015,rel20_abs0.1,high,unfiltered,519,ter,0.6850502760150821,196,0.06693669432491811
proteomics,peebo_2015,rel20_abs0.1,high,unfiltered,519,oriC,0.590553038063385,157,0.02282139755155557
proteomics,peebo_2015,rel20_abs0.1,high,unfiltered,519,ter,0.8577725458354064,196,0.09868314275336147
proteomics,peebo_2015,rel20_abs0.1,high,unfiltered,519,oriC,0.3818320929584547,157,-0.037999172883592086
proteomics,peebo_2015,rel20_abs0.1,high,unfiltered,519,ter,0.046571333666722475,196,-0.014279310731525
proteomics,peebo_2015,rel20_abs0.1,high,unfiltered,519,oriC,0.5361453950490946,157,-0.01944834295907225
proteomics,peebo_2015,rel20_abs0.1,high,unfiltered,519,ter,0.12023569081325008,196,-0.01423693755185498
proteomics,peebo_2015,rel20_abs0.1,high,unfiltered,519,oriC,0.32207915796658637,157,-0.10401288968217166
proteomics,peebo_2015,rel20_abs0.1,high,unfiltered,519,ter,0.0019146059610436797,196,-0.11538752877134692
proteomics,peebo_2015,rel20_abs0.1,high,unfiltered,519,oriC,0.37992705968698526,157,-0.03972971934625955
proteomics,peebo_2015,rel20_abs0.1,high,unfiltered,519,ter,0.01678619375440134,196,-0.07928942729597403
proteomics,peebo_2015,rel20_abs0.1,high,unfiltered,519,oriC,0.19953720444493417,157,-0.1203866559584484
proteomics,peebo_2015,rel20_abs0.1,high,unfiltered,519,ter,0.032674403066624065,196,-0.1147512284054426
proteomics,peebo_2015,rel20_abs0.1,high,unfiltered,519,oriC,0.14240608756652928,157,-0.10552334362992837
proteomics,peebo_2015,rel20_abs0.1,high,unfiltered,519,ter,0.003723393488826782,196,-0.12485851789927657
proteomics,peebo_2015,rel20_abs0.1,high,unfiltered,519,oriC,0.07700587001795246,157,-0.11091443636743638
proteomics,peebo_2015,rel20_abs0.1,high,unfiltered,519,ter,0.002547424421037249,196,-0.15218000597698841
proteomics,peebo_2015,rel20_abs0.1,high,unfiltered,519,oriC,0.014492605263650999,157,-0.2047406464146406
proteomics,peebo_2015,rel20_abs0.1,high,unfiltered,519,ter,0.0010595996066292102,196,-0.19658189514326238
proteomics,peebo_2015,rel20_abs0.1,high,unfiltered,516,oriC,0.22993554110494302,156,-0.03457873846351254
proteomics,peebo_2015,rel20_abs0.1,high,unfiltered,516,ter,0.019413497017530264,195,-0.0801648616595305
proteomics,peebo_2015,rel20_abs0.1,high,unfiltered,518,oriC,0.9119444085543279,156,-0.03690260640352859
proteomics,peebo_2015,rel20_abs0.1,high,unfiltered,518,ter,0.5014589442415018,196,-0.012981214013305218
proteomics,peebo_2015,rel20_abs0.1,high,unfiltered,519,oriC,0.7831999722365439,157,-0.014576888527788094
proteomics,peebo_2015,rel20_abs0.1,high,unfiltered,519,ter,0.3729177814064162,196,-0.021733527030452282
proteomics,peebo_2015,rel20_abs0.1,high,unfiltered,519,oriC,0.33333857902323377,157,-0.02494321480295088
proteomics,peebo_2015,rel20_abs0.1,high,unfiltered,519,ter,0.01865413374644901,196,-0.11167247154655816
proteomics,peebo_2015,rel20_abs0.1,high,unfiltered,509,oriC,0.22584129230925018,156,-0.035052340028699946
proteomics,peebo_2015,rel20_abs0.1,high,unfiltered,509,ter,0.01959630198606021,191,-0.07449896084657327
proteomics,peebo_2015,rel20_abs0.1,high,unfiltered,518,oriC,0.5986167010780081,156,-0.032437172473678486
proteomics,peebo_2015,rel20_abs0.1,high,unfiltered,518,ter,0.27694428206434163,196,-0.029513369736616814
proteomics,peebo_2015,rel20_abs0.1,high,unfiltered,519,oriC,0.6335791036691671,157,-0.016360450624499225
proteomics,peebo_2015,rel20_abs0.1,high,unfiltered,519,ter,0.12511252742278642,196,-0.028509779866088818
proteomics,peebo_2015,rel20_abs0.1,high,unfiltered,518,oriC,0.3213253608107057,156,-0.04699198225235297
proteomics,peebo_2015,rel20_abs0.1,high,unfiltered,518,ter,0.21895183487259068,196,-0.02594758299654981
proteomics,peebo_2015,rel20_abs0.1,high,unfiltered,519,oriC,0.5966167779796718,157,-0.030523261220004413
proteomics,peebo_2015,rel20_abs0.1,high,unfiltered,519,ter,0.01377638745298628,196,-0.0955874012934467
proteomics,peebo_2015,rel20_abs0.1,high,unfiltered,515,oriC,0.3828300466601548,155,-0.02997574209646877
proteomics,peebo_2015,rel20_abs0.1,high,unfiltered,515,ter,0.01583323600706573,196,-0.0820572494895665
proteomics,peebo_2015,rel20_abs0.1,high,unfiltered,519,oriC,0.37708048750569717,157,-0.10320456613017565
proteomics,peebo_2015,rel20_abs0.1,high,unfiltered,519,ter,7.273691853784442e-5,196,-0.19894845322071797
proteomics,peebo_2015,rel20_abs0.1,high,unfiltered,510,oriC,0.2556105273630301,156,-0.03469942498189381
proteomics,peebo_2015,rel20_abs0.1,high,unfiltered,510,ter,0.0011712626254405467,192,-0.17826366197620008
proteomics,peebo_2015,rel20_abs0.1,high,unfiltered,519,oriC,0.430316407339864,157,-0.08118691034837718
proteomics,peebo_2015,rel20_abs0.1,high,unfiltered,519,ter,0.002464131995715859,196,-0.19142250273676917
proteomics,peebo_2015,rel20_abs0.1,high,unfiltered,514,oriC,0.1772878562080692,156,-0.1038291964992867
proteomics,peebo_2015,rel20_abs0.1,high,unfiltered,514,ter,2.772175298340993e-4,193,-0.20531204655185073
proteomics,peebo_2015,rel20_abs0.1,high,unfiltered,518,oriC,0.192523894818896,156,-0.15803032906819992
proteomics,peebo_2015,rel20_abs0.1,high,unfiltered,518,ter,3.2609168225933993e-4,196,-0.24182936633843732
proteomics,peebo_2015,rel20_abs0.1,high,unfiltered,509,oriC,0.02455830794377513,155,-0.14431914904433726
proteomics,peebo_2015,rel20_abs0.1,high,unfiltered,509,ter,5.846544469296755e-5,194,-0.2947385307212059
proteomics,peebo_2015,rel20_abs0.1,high,unfiltered,519,oriC,0.5677737001824388,157,-0.018722937712606993
proteomics,peebo_2015,rel20_abs0.1,high,unfiltered,519,ter,0.8994228616595225,196,0.03205371423148326
proteomics,peebo_2015,rel20_abs0.1,high,unfiltered,519,oriC,0.7497528688168673,157,-0.0020770037548118576
proteomics,peebo_2015,rel20_abs0.1,high,unfiltered,519,ter,0.6100770643294915,196,0.05571199966911593
proteomics,peebo_2015,rel20_abs0.1,high,unfiltered,519,oriC,0.0787791705456793,157,-0.03609161315523601
proteomics,peebo_2015,rel20_abs0.1,high,unfiltered,519,ter,0.0120018888618413,196,-0.04568851283931755
proteomics,peebo_2015,rel20_abs0.1,high,unfiltered,514,oriC,0.15069067432369704,157,-0.04417644181735082
proteomics,peebo_2015,rel20_abs0.1,high,unfiltered,514,ter,0.020080592806817482,191,-0.04989515625438118
proteomics,peebo_2015,rel20_abs0.1,high,unfiltered,519,oriC,0.5966167779796718,157,-0.0442243494004167
proteomics,peebo_2015,rel20_abs0.1,high,unfiltered,519,ter,0.49428177775226856,196,0.03583839841777859
proteomics,peebo_2015,rel20_abs0.1,high,unfiltered,519,oriC,0.5821117911451804,157,-0.03334342209781197
proteomics,peebo_2015,rel20_abs0.1,high,unfiltered,519,ter,0.37902039641531227,196,0.06254089449925648
proteomics,peebo_2015,rel20_abs0.1,high,unfiltered,519,oriC,0.47783728941678566,157,-0.031106261669729716
proteomics,peebo_2015,rel20_abs0.1,high,unfiltered,519,ter,0.5633486890628285,196,0.04872184022132447
proteomics,peebo_2015,rel20_abs0.1,high,unfiltered,519,oriC,0.4648915674337651,157,-0.008142109597089135
proteomics,peebo_2015,rel20_abs0.1,high,unfiltered,519,ter,0.006686854663988159,196,-0.05488139324231135
proteomics,peebo_2015,rel20_abs0.1,high,unfiltered,519,oriC,0.28189614900701637,157,-0.0498958284437414
proteomics,peebo_2015,rel20_abs0.1,high,unfiltered,519,ter,0.023476132101357607,196,-0.048323287399828566
proteomics,peebo_2015,rel20_abs0.1,high,unfiltered,519,oriC,0.13356566450789195,157,-0.10739001277501664
proteomics,peebo_2015,rel20_abs0.1,high,unfiltered,519,ter,7.873413812240026e-4,196,-0.1154169579287749
proteomics,peebo_2015,rel20_abs0.1,high,unfiltered,515,oriC,0.1853763493773006,156,-0.034406105409533046
proteomics,peebo_2015,rel20_abs0.1,high,unfiltered,515,ter,0.006168525573875498,193,-0.059510763055020746
proteomics,peebo_2015,rel20_abs0.1,high,unfiltered,519,oriC,0.07440704417031664,157,-0.11510541312785383
proteomics,peebo_2015,rel20_abs0.1,high,unfiltered,519,ter,0.017849736151325495,196,-0.13587439493340697
proteomics,peebo_2015,rel20_abs0.1,high,unfiltered,519,oriC,0.05453605517288181,157,-0.16831642757379947
proteomics,peebo_2015,rel20_abs0.1,high,unfiltered,519,ter,6.770487020964716e-4,196,-0.14326196762344545
proteomics,peebo_2015,rel20_abs0.1,high,unfiltered,519,oriC,0.04478407245830715,157,-0.13701171541037518
proteomics,peebo_2015,rel20_abs0.1,high,unfiltered,519,ter,2.1408047609498024e-4,196,-0.21663029134132453
proteomics,peebo_2015,rel20_abs0.1,high,unfiltered,518,oriC,0.009112518179451518,157,-0.22647573322875958
proteomics,peebo_2015,rel20_abs0.1,high,unfiltered,518,ter,1.6607206545710525e-4,195,-0.19927929317658521
proteomics,peebo_2015,rel20_abs0.1,high,unfiltered,519,oriC,0.18403356420106987,157,0.03913904371402606
proteomics,peebo_2015,rel20_abs0.1,high,unfiltered,519,ter,0.3662089240245429,196,0.020416485760018227
proteomics,peebo_2015,rel20_abs0.1,high,unfiltered,519,oriC,0.01099180734268843,157,-0.06434131140981102
proteomics,peebo_2015,rel20_abs0.1,high,unfiltered,519,ter,8.832174603958701e-5,196,-0.1355752091630164
proteomics,peebo_2015,rel20_abs0.1,high,unfiltered,518,oriC,0.0021225258600120864,156,-0.1250218602629543
proteomics,peebo_2015,rel20_abs0.1,high,unfiltered,518,ter,7.084228944554414e-5,196,-0.14921807682454602
proteomics,peebo_2015,rel20_abs0.1,high,unfiltered,518,oriC,0.4472850212781892,156,0.05089346999501682
proteomics,peebo_2015,rel20_abs0.1,high,unfiltered,518,ter,0.14237345838155574,196,0.002440332169956797
proteomics,peebo_2015,rel20_abs0.1,high,unfiltered,519,oriC,0.757740012402094,157,0.027824343359429755
proteomics,peebo_2015,rel20_abs0.1,high,unfiltered,519,ter,0.15292346914919655,196,-0.001133485139966308
proteomics,peebo_2015,rel20_abs0.1,high,unfiltered,518,oriC,0.9161550912069909,156,0.04069793524282978
proteomics,peebo_2015,rel20_abs0.1,high,unfiltered,518,ter,0.28085257721120627,196,0.02098422966168312
proteomics,peebo_2015,rel20_abs0.1,high,unfiltered,519,oriC,0.09662845005962732,157,-0.07827661640551663
proteomics,peebo_2015,rel20_abs0.1,high,unfiltered,519,ter,1.3260937017270897e-5,196,-0.19159075386188223
proteomics,peebo_2015,rel20_abs0.1,high,unfiltered,518,oriC,0.031781844647649965,156,-0.1032448876634605
proteomics,peebo_2015,rel20_abs0.1,high,unfiltered,518,ter,4.6202878491691314e-5,196,-0.15211932944383144
proteomics,peebo_2015,rel20_abs0.1,high,unfiltered,519,oriC,0.011729618997898853,157,-0.15451299592175657
proteomics,peebo_2015,rel20_abs0.1,high,unfiltered,519,ter,1.273801880456513e-5,196,-0.23588149441516593
proteomics,peebo_2015,rel20_abs0.1,high,unfiltered,519,oriC,0.01674591882298362,157,-0.11679141325093494
proteomics,peebo_2015,rel20_abs0.1,high,unfiltered,519,ter,2.9843445183230312e-5,196,-0.20815024999563964
proteomics,peebo_2015,rel20_abs0.1,high,unfiltered,519,oriC,0.023663433313285114,157,-0.11033232528894019
proteomics,peebo_2015,rel20_abs0.1,high,unfiltered,519,ter,2.80552581968313e-4,196,-0.22750947180657133
proteomics,peebo_2015,rel20_abs0.1,high,unfiltered,519,oriC,0.0031108922666941816,157,-0.12965646246652424
proteomics,peebo_2015,rel20_abs0.1,high,unfiltered,519,ter,2.8394306022237688e-5,196,-0.23151717213788123
proteomics,peebo_2015,rel20_abs0.1,high,unfiltered,519,oriC,0.022916846620793,157,-0.15750341314060945
proteomics,peebo_2015,rel20_abs0.1,high,unfiltered,519,ter,1.0647374682968597e-4,196,-0.29775209231063593
proteomics,peebo_2015,rel20_abs0.1,high,unfiltered,518,oriC,0.0049439768712413006,156,-0.17189174869160478
proteomics,peebo_2015,rel20_abs0.1,high,unfiltered,518,ter,4.034608631985e-5,196,-0.31071650217205704
proteomics,peebo_2015,rel20_abs0.1,high,unfiltered,519,oriC,0.021286780085958475,157,-0.052525024571363
proteomics,peebo_2015,rel20_abs0.1,high,unfiltered,519,ter,0.002710573195645077,196,-0.10683423136533635
proteomics,peebo_2015,rel20_abs0.1,high,unfiltered,518,oriC,0.0012843859681262104,157,-0.13009918208115695
proteomics,peebo_2015,rel20_abs0.1,high,unfiltered,518,ter,1.2470667196686644e-4,195,-0.11975990588636057
proteomics,peebo_2015,rel20_abs0.1,high,unfiltered,519,oriC,0.5326866683404228,157,0.03210594959172662
proteomics,peebo_2015,rel20_abs0.1,high,unfiltered,519,ter,0.07004857481174558,196,1.8873404532085023e-4
proteomics,peebo_2015,rel20_abs0.1,high,unfiltered,519,oriC,0.5442594758723286,157,0.04005553491803692
proteomics,peebo_2015,rel20_abs0.1,high,unfiltered,519,ter,0.13898384218904972,196,0.012353118853476591
proteomics,peebo_2015,rel20_abs0.1,high,unfiltered,519,oriC,0.8170526707249014,157,0.03927322601368749
proteomics,peebo_2015,rel20_abs0.1,high,unfiltered,519,ter,0.41691134046334527,196,0.03863962098327624
proteomics,peebo_2015,rel20_abs0.1,high,unfiltered,519,oriC,0.02168453199677277,157,-0.0853184386935391
proteomics,peebo_2015,rel20_abs0.1,high,unfiltered,519,ter,6.206066767359035e-6,196,-0.16631277957377766
proteomics,peebo_2015,rel20_abs0.1,high,unfiltered,519,oriC,5.446185609139425e-4,157,-0.11585567584809159
proteomics,peebo_2015,rel20_abs0.1,high,unfiltered,519,ter,2.5128348093460923e-5,196,-0.15690310850715292
proteomics,peebo_2015,rel20_abs0.1,high,unfiltered,519,oriC,6.958821200751025e-4,157,-0.17872756346328325
proteomics,peebo_2015,rel20_abs0.1,high,unfiltered,519,ter,4.448240813043359e-7,196,-0.24813588298634126
proteomics,peebo_2015,rel20_abs0.1,high,unfiltered,518,oriC,8.209588107235511e-4,157,-0.17739560954177178
proteomics,peebo_2015,rel20_abs0.1,high,unfiltered,518,ter,6.572763464606342e-6,195,-0.2055511613483889
proteomics,peebo_2015,rel20_abs0.1,high,unfiltered,519,oriC,0.0019220197141837313,157,-0.20148597037933652
proteomics,peebo_2015,rel20_abs0.1,high,unfiltered,519,ter,1.1863246217044281e-4,196,-0.2210416508777661
proteomics,peebo_2015,rel20_abs0.1,high,unfiltered,519,oriC,3.791536400788373e-4,157,-0.19971711872807626
proteomics,peebo_2015,rel20_abs0.1,high,unfiltered,519,ter,1.0588079126958669e-5,196,-0.21524743015534514
proteomics,peebo_2015,rel20_abs0.1,high,unfiltered,519,oriC,0.0015224267798398992,157,-0.16161210391332223
proteomics,peebo_2015,rel20_abs0.1,high,unfiltered,519,ter,2.4988732662617707e-5,196,-0.2701563468710978
proteomics,peebo_2015,rel20_abs0.1,high,unfiltered,519,oriC,0.0010612102227973168,157,-0.1873034867475341
proteomics,peebo_2015,rel20_abs0.1,high,unfiltered,519,ter,2.4166411964511938e-5,196,-0.2916765530415384
proteomics,peebo_2015,rel20_abs0.1,high,unfiltered,517,oriC,0.4262293608457416,157,-0.010665047037885282
proteomics,peebo_2015,rel20_abs0.1,high,unfiltered,517,ter,0.016527381078615042,195,-0.03715987333218474
proteomics,peebo_2015,rel20_abs0.1,high,unfiltered,518,oriC,0.7497528688168673,157,0.02204901559846289
proteomics,peebo_2015,rel20_abs0.1,high,unfiltered,518,ter,0.34802893524229417,195,0.0025851465044886804
proteomics,peebo_2015,rel20_abs0.1,high,unfiltered,519,oriC,0.7404683914808727,157,0.022374152238751336
proteomics,peebo_2015,rel20_abs0.1,high,unfiltered,519,ter,0.26328956909414875,196,0.027351937762117633
proteomics,peebo_2015,rel20_abs0.1,high,unfiltered,518,oriC,0.5430965940992477,157,-2.913120491636483e-4
proteomics,peebo_2015,rel20_abs0.1,high,unfiltered,518,ter,0.6039233929188877,196,0.06757811271797429
proteomics,peebo_2015,rel20_abs0.1,high,unfiltered,518,oriC,0.8954258861442441,157,-1.504234661813334e-4
proteomics,peebo_2015,rel20_abs0.1,high,unfiltered,518,ter,5.171582861248795e-4,195,-0.06926298332247377
proteomics,peebo_2015,rel20_abs0.1,high,unfiltered,519,oriC,0.4574309080726929,157,-0.03143677825421497
proteomics,peebo_2015,rel20_abs0.1,high,unfiltered,519,ter,0.020358547784005337,196,-0.027385054311955825
proteomics,peebo_2015,rel20_abs0.1,high,unfiltered,519,oriC,0.2553673349547031,157,-0.06123998209368677
proteomics,peebo_2015,rel20_abs0.1,high,unfiltered,519,ter,4.829422841749819e-6,196,-0.1425544813978552
proteomics,peebo_2015,rel20_abs0.1,high,unfiltered,516,oriC,0.27691107771501555,156,-0.032887955305683336
proteomics,peebo_2015,rel20_abs0.1,high,unfiltered,516,ter,3.904180419319854e-4,195,-0.07692745797143488
proteomics,peebo_2015,rel20_abs0.1,high,unfiltered,518,oriC,0.15573273265339163,157,-0.054677460751685995
proteomics,peebo_2015,rel20_abs0.1,high,unfiltered,518,ter,0.005439668664656975,195,-0.12807542115692563
proteomics,peebo_2015,rel20_abs0.1,high,unfiltered,518,oriC,0.06561558114292847,156,-0.05907717205242787
proteomics,peebo_2015,rel20_abs0.1,high,unfiltered,518,ter,1.2615635217834892e-4,196,-0.13150064183854188
proteomics,peebo_2015,rel20_abs0.1,high,unfiltered,518,oriC,0.027169632472345356,156,-0.13376927414466575
proteomics,peebo_2015,rel20_abs0.1,high,unfiltered,518,ter,2.3984270061270778e-4,196,-0.20009524387321306
proteomics,peebo_2015,rel20_abs0.1,high,unfiltered,515,oriC,0.01856455623416282,156,-0.15110234310375636
proteomics,peebo_2015,rel20_abs0.1,high,unfiltered,515,ter,2.6837297105307385e-4,195,-0.24776694009282166
proteomics,peebo_2015,rel20_abs0.1,high,unfiltered,519,oriC,0.4375232134888743,157,0.025587169444791415
proteomics,peebo_2015,rel20_abs0.1,high,unfiltered,519,ter,0.17260376227018365,196,0.002625169707677063
proteomics,peebo_2015,rel20_abs0.1,high,unfiltered,519,oriC,0.4920814283045966,157,0.031184561602714923
proteomics,peebo_2015,rel20_abs0.1,high,unfiltered,519,ter,0.1427158810892914,196,-0.014952082396357504
proteomics,peebo_2015,rel20_abs0.1,high,unfiltered,519,oriC,0.6778814295963214,157,0.03525102179694825
proteomics,peebo_2015,rel20_abs0.1,high,unfiltered,519,ter,0.3941945997246795,196,0.005735569625314685
proteomics,peebo_2015,rel20_abs0.1,high,unfiltered,519,oriC,0.07848133425177106,157,-0.09432573234515125
proteomics,peebo_2015,rel20_abs0.1,high,unfiltered,519,ter,6.896075284909736e-4,196,-0.12047402217855477
proteomics,peebo_2015,rel20_abs0.1,high,unfiltered,519,oriC,0.008973517443351016,157,-0.17223881293894838
proteomics,peebo_2015,rel20_abs0.1,high,unfiltered,519,ter,1.9188944074980324e-4,196,-0.13436048429216818
proteomics,peebo_2015,rel20_abs0.1,high,unfiltered,519,oriC,0.00507337683358032,157,-0.18004873644744412
proteomics,peebo_2015,rel20_abs0.1,high,unfiltered,519,ter,3.847165232951736e-7,196,-0.21630751050363303
proteomics,peebo_2015,rel20_abs0.1,high,unfiltered,519,oriC,4.655114779853693e-4,157,-0.20338540010227613
proteomics,peebo_2015,rel20_abs0.1,high,unfiltered,519,ter,9.535871144581711e-6,196,-0.15633636933135717
proteomics,peebo_2015,rel20_abs0.1,high,unfiltered,519,oriC,0.0010678104703246724,157,-0.15655941911468646
proteomics,peebo_2015,rel20_abs0.1,high,unfiltered,519,ter,1.0268922076649556e-4,196,-0.20122636006306802
proteomics,peebo_2015,rel20_abs0.1,high,unfiltered,519,oriC,1.266720414576449e-4,157,-0.16665661528295017
proteomics,peebo_2015,rel20_abs0.1,high,unfiltered,519,ter,5.158635740605274e-6,196,-0.2014179585768746
proteomics,peebo_2015,rel20_abs0.1,high,unfiltered,519,oriC,1.3033201754487122e-4,157,-0.17334686825446577
proteomics,peebo_2015,rel20_abs0.1,high,unfiltered,519,ter,2.540980809259047e-5,196,-0.2544038404430433
proteomics,peebo_2015,rel20_abs0.1,high,unfiltered,519,oriC,1.5017538891570547e-4,157,-0.2011889378988702
proteomics,peebo_2015,rel20_abs0.1,high,unfiltered,519,ter,1.5653653662608152e-5,196,-0.2792709831009865
proteomics,peebo_2015,rel20_abs0.1,high,unfiltered,519,oriC,0.977629530049813,157,0.0129016477881574
proteomics,peebo_2015,rel20_abs0.1,high,unfiltered,519,ter,0.2495891686166699,196,0.005137135774737933
proteomics,peebo_2015,rel20_abs0.1,high,unfiltered,519,oriC,0.6100557504173463,157,-0.002426728783801525
proteomics,peebo_2015,rel20_abs0.1,high,unfiltered,519,ter,0.9063947992551464,196,0.0165323808641255
proteomics,peebo_2015,rel20_abs0.1,high,unfiltered,519,oriC,0.039469947727630114,157,-0.1249134651457625
proteomics,peebo_2015,rel20_abs0.1,high,unfiltered,519,ter,0.008950063621650831,196,-0.10144625385647278
proteomics,peebo_2015,rel20_abs0.1,high,unfiltered,519,oriC,2.6344536632377964e-4,157,-0.1824898007474121
proteomics,peebo_2015,rel20_abs0.1,high,unfiltered,519,ter,0.012748837917453187,196,-0.07651508599699988
proteomics,peebo_2015,rel20_abs0.1,high,unfiltered,519,oriC,2.977195954533545e-4,157,-0.19945394507918912
proteomics,peebo_2015,rel20_abs0.1,high,unfiltered,519,ter,2.6294514043639987e-6,196,-0.17626334765162768
proteomics,peebo_2015,rel20_abs0.1,high,unfiltered,518,oriC,5.3134218963778834e-5,157,-0.21468077291943646
proteomics,peebo_2015,rel20_abs0.1,high,unfiltered,518,ter,4.056616843761937e-5,196,-0.13542635087375982
proteomics,peebo_2015,rel20_abs0.1,high,unfiltered,519,oriC,4.967139628007991e-5,157,-0.17096169757997023
proteomics,peebo_2015,rel20_abs0.1,high,unfiltered,519,ter,7.996202173333222e-5,196,-0.19082426126385327
proteomics,peebo_2015,rel20_abs0.1,high,unfiltered,519,oriC,1.6554819801615926e-6,157,-0.2608379433840066
proteomics,peebo_2015,rel20_abs0.1,high,unfiltered,519,ter,1.917173659860146e-6,196,-0.1840185933570323
proteomics,peebo_2015,rel20_abs0.1,high,unfiltered,519,oriC,7.238774436521109e-6,157,-0.18477386884449049
proteomics,peebo_2015,rel20_abs0.1,high,unfiltered,519,ter,7.1961027754360475e-6,196,-0.24862799227076077
proteomics,peebo_2015,rel20_abs0.1,high,unfiltered,518,oriC,9.872513523234836e-6,157,-0.2710773065956743
proteomics,peebo_2015,rel20_abs0.1,high,unfiltered,518,ter,1.3568876984190623e-5,196,-0.26450801535037344
proteomics,peebo_2015,rel20_abs0.1,high,unfiltered,519,oriC,0.694635174588503,157,0.02052489111634387
proteomics,peebo_2015,rel20_abs0.1,high,unfiltered,519,ter,0.002363522715331037,196,-0.021348474648101502
proteomics,peebo_2015,rel20_abs0.1,high,unfiltered,519,oriC,0.7338596012207608,157,0.008040740527770611
proteomics,peebo_2015,rel20_abs0.1,high,unfiltered,519,ter,0.16945846850726135,196,0.00782359230725651
proteomics,peebo_2015,rel20_abs0.1,high,unfiltered,519,oriC,0.17272851546383403,157,-0.039024098600811144
proteomics,peebo_2015,rel20_abs0.1,high,unfiltered,519,ter,7.840814930780731e-7,196,-0.10014207863781846
proteomics,peebo_2015,rel20_abs0.1,high,unfiltered,519,oriC,0.3263799894788074,157,-0.025000622002150162
proteomics,peebo_2015,rel20_abs0.1,high,unfiltered,519,ter,0.01024572732887311,196,-0.05327887106206377
proteomics,peebo_2015,rel20_abs0.1,high,unfiltered,519,oriC,0.24171633034432718,157,-0.05116726805509829
proteomics,peebo_2015,rel20_abs0.1,high,unfiltered,519,ter,0.024496788537299405,196,-0.06761037055026167
proteomics,peebo_2015,rel20_abs0.1,high,unfiltered,519,oriC,0.020510301849320275,157,-0.05616349292888977
proteomics,peebo_2015,rel20_abs0.1,high,unfiltered,519,ter,0.002137218165193523,196,-0.08569784770982619
proteomics,peebo_2015,rel20_abs0.1,high,unfiltered,519,oriC,0.019483033061899108,157,-0.10568582136260408
proteomics,peebo_2015,rel20_abs0.1,high,unfiltered,519,ter,0.003285531036527501,196,-0.13584704567017017
proteomics,peebo_2015,rel20_abs0.1,high,unfiltered,519,oriC,0.02432007140640375,157,-0.09662176419474833
proteomics,peebo_2015,rel20_abs0.1,high,unfiltered,519,ter,0.0025900291142989646,196,-0.16055108387745398
proteomics,peebo_2015,rel20_abs0.1,high,unfiltered,516,oriC,0.7015720836625324,155,0.02367954140102976
proteomics,peebo_2015,rel20_abs0.1,high,unfiltered,516,ter,0.0315635007155222,196,-0.022335073230081142
proteomics,peebo_2015,rel20_abs0.1,high,unfiltered,519,oriC,0.1031274229401459,157,-0.04329270525011231
proteomics,peebo_2015,rel20_abs0.1,high,unfiltered,519,ter,5.347155078125283e-6,196,-0.11647686040917357
proteomics,peebo_2015,rel20_abs0.1,high,unfiltered,513,oriC,0.3060748695390741,157,-0.018687545492793594
proteomics,peebo_2015,rel20_abs0.1,high,unfiltered,513,ter,0.001777054985662,192,-0.09580072030740186
proteomics,peebo_2015,rel20_abs0.1,high,unfiltered,518,oriC,0.058443985440622265,156,-0.06314450052579867
proteomics,peebo_2015,rel20_abs0.1,high,unfiltered,518,ter,0.011831877476453785,196,-0.08832228155824143
proteomics,peebo_2015,rel20_abs0.1,high,unfiltered,516,oriC,0.02804285467804962,156,-0.09051857953866471
proteomics,peebo_2015,rel20_abs0.1,high,unfiltered,516,ter,6.910937761235412e-5,194,-0.1595402273106284
proteomics,peebo_2015,rel20_abs0.1,high,unfiltered,519,oriC,0.0699640732448314,157,-0.0772519519809956
proteomics,peebo_2015,rel20_abs0.1,high,unfiltered,519,ter,0.001338704788709203,196,-0.14042648100187916
proteomics,peebo_2015,rel20_abs0.1,high,unfiltered,511,oriC,0.019876450722854874,155,-0.11306243308506661
proteomics,peebo_2015,rel20_abs0.1,high,unfiltered,511,ter,0.001825076088371986,194,-0.1691051010201865
proteomics,peebo_2015,rel20_abs0.1,high,unfiltered,519,oriC,3.272185627516534e-4,157,-0.1892835530970924
proteomics,peebo_2015,rel20_abs0.1,high,unfiltered,519,ter,9.954674901949958e-5,196,-0.16754903022428003
proteomics,peebo_2015,rel20_abs0.1,high,unfiltered,519,oriC,0.003463828258287173,157,-0.16956681279205005
proteomics,peebo_2015,rel20_abs0.1,high,unfiltered,519,ter,0.003103611095670376,196,-0.12188662537184777
proteomics,peebo_2015,rel20_abs0.1,high,unfiltered,518,oriC,9.486762880767417e-4,157,-0.16881198785812004
proteomics,peebo_2015,rel20_abs0.1,high,unfiltered,518,ter,0.0023592417777819476,195,-0.18985072453053137
proteomics,peebo_2015,rel20_abs0.1,high,unfiltered,519,oriC,2.917312839064875e-4,157,-0.19504150945617604
proteomics,peebo_2015,rel20_abs0.1,high,unfiltered,519,ter,3.7791951640251354e-5,196,-0.16327969576159615
proteomics,peebo_2015,rel20_abs0.1,high,unfiltered,519,oriC,1.6924504921490933e-4,157,-0.20215841765475354
proteomics,peebo_2015,rel20_abs0.1,high,unfiltered,519,ter,1.974798293017977e-5,196,-0.1980368689561584
proteomics,peebo_2015,rel20_abs0.1,high,unfiltered,518,oriC,1.9053007790879136e-5,156,-0.3117624626124195
proteomics,peebo_2015,rel20_abs0.1,high,unfiltered,518,ter,1.0649673474793082e-5,196,-0.22486153635467399
proteomics,peebo_2015,rel20_abs0.1,high,unfiltered,519,oriC,7.276892723835367e-4,157,-0.1752702119337861
proteomics,peebo_2015,rel20_abs0.1,high,unfiltered,519,ter,9.647341565876713e-4,196,-0.18297207705023524
proteomics,peebo_2015,rel20_abs0.1,high,unfiltered,518,oriC,0.011143165777754878,156,-0.17082433805294395
proteomics,peebo_2015,rel20_abs0.1,high,unfiltered,518,ter,0.025143814782931075,196,-0.14565009324435582
proteomics,peebo_2015,rel20_abs0.1,high,unfiltered,518,oriC,0.0020032049842174998,157,-0.1736750991075377
proteomics,peebo_2015,rel20_abs0.1,high,unfiltered,518,ter,0.00293050501137189,195,-0.16582350097705725
proteomics,peebo_2015,rel20_abs0.1,high,unfiltered,516,oriC,7.609691927579299e-4,155,-0.17888118564135738
proteomics,peebo_2015,rel20_abs0.1,high,unfiltered,516,ter,4.155550938557653e-4,195,-0.163258902935912
proteomics,peebo_2015,rel20_abs0.1,high,unfiltered,518,oriC,5.273845462482021e-5,157,-0.1601124738789316
proteomics,peebo_2015,rel20_abs0.1,high,unfiltered,518,ter,1.196596342733599e-4,195,-0.14558610039607292
proteomics,peebo_2015,rel20_abs0.1,high,unfiltered,519,oriC,2.638316765441136e-5,157,-0.27501318984083817
proteomics,peebo_2015,rel20_abs0.1,high,unfiltered,519,ter,1.3883630855599023e-5,196,-0.20997274887604364
proteomics,peebo_2015,rel20_abs0.1,high,unfiltered,519,oriC,0.003623046316165013,157,-0.16367344285773405
proteomics,peebo_2015,rel20_abs0.1,high,unfiltered,519,ter,1.7360895262856353e-4,196,-0.20099269634863304
proteomics,peebo_2015,rel20_abs0.1,high,unfiltered,518,oriC,0.02432007140640375,157,-0.15393472528110874
proteomics,peebo_2015,rel20_abs0.1,high,unfiltered,518,ter,0.0012645769375659126,196,-0.14816541201529426
proteomics,peebo_2015,rel20_abs0.1,high,unfiltered,518,oriC,0.007931875602471782,156,-0.19835435488750747
proteomics,peebo_2015,rel20_abs0.1,high,unfiltered,518,ter,3.6600391661902704e-4,196,-0.1893250723800523
proteomics,peebo_2015,rel20_abs0.1,high,unfiltered,518,oriC,0.0019297255129347931,156,-0.15915614245050436
proteomics,peebo_2015,rel20_abs0.1,high,unfiltered,518,ter,2.3109964853943603e-5,196,-0.16454377878489318
proteomics,peebo_2015,rel20_abs0.1,high,unfiltered,519,oriC,1.6341208989360936e-4,157,-0.1612009053810245
proteomics,peebo_2015,rel20_abs0.1,high,unfiltered,519,ter,1.1284730042469535e-5,196,-0.18220130198993154
proteomics,peebo_2015,rel20_abs0.1,high,unfiltered,517,oriC,1.989570718953597e-4,155,-0.2063674841120827
proteomics,peebo_2015,rel20_abs0.1,high,unfiltered,517,ter,7.69052834784763e-7,196,-0.232458188853503
proteomics,peebo_2015,rel20_abs0.1,high,unfiltered,519,oriC,0.043311099679992596,157,-0.05329296989719148
proteomics,peebo_2015,rel20_abs0.1,high,unfiltered,519,ter,0.05073586631126263,196,-0.016656557697692264
proteomics,peebo_2015,rel20_abs0.1,high,unfiltered,519,oriC,0.003983694936006021,157,-0.05224355943806428
proteomics,peebo_2015,rel20_abs0.1,high,unfiltered,519,ter,0.005585735540893176,196,-0.06533081828988525
proteomics,peebo_2015,rel20_abs0.1,high,unfiltered,519,oriC,0.022088737258224352,157,-0.055015122103671384
proteomics,peebo_2015,rel20_abs0.1,high,unfiltered,519,ter,0.005209351275603597,196,-0.035267629603833575
proteomics,peebo_2015,rel20_abs0.1,high,unfiltered,519,oriC,0.015212071746855262,157,-0.05605701830619505
proteomics,peebo_2015,rel20_abs0.1,high,unfiltered,519,ter,0.0046509356610122685,196,-0.09752177270116358
proteomics,peebo_2015,rel20_abs0.1,high,unfiltered,518,oriC,0.021987076331508808,157,-0.06992026902083728
proteomics,peebo_2015,rel20_abs0.1,high,unfiltered,518,ter,0.006499040847806483,195,-0.08462958419433095
proteomics,peebo_2015,rel20_abs0.1,high,unfiltered,517,oriC,0.027916646230172714,156,-0.07347851698132438
proteomics,peebo_2015,rel20_abs0.1,high,unfiltered,517,ter,6.941746682808665e-4,195,-0.10668794251176887
proteomics,peebo_2015,rel20_abs0.1,high,unfiltered,515,oriC,0.008842577815981278,155,-0.048569307416529935
proteomics,peebo_2015,rel20_abs0.1,high,unfiltered,515,ter,1.1887053288999117e-5,196,-0.0980353470032975
proteomics,peebo_2015,rel20_abs0.1,high,unfiltered,519,oriC,0.07383936926487389,157,-0.06480131052354914
proteomics,peebo_2015,rel20_abs0.1,high,unfiltered,519,ter,3.5221831154809197e-4,196,-0.10829936608781084
proteomics,peebo_2015,rel20_abs0.1,high,unfiltered,512,oriC,0.016515706244825328,154,-0.057357905126916305
proteomics,peebo_2015,rel20_abs0.1,high,unfiltered,512,ter,0.0018278198113513464,195,-0.21645184544491566
proteomics,peebo_2015,rel20_abs0.1,high,unfiltered,519,oriC,0.19770110771776328,157,-0.004280464283694065
proteomics,peebo_2015,rel20_abs0.1,high,unfiltered,519,ter,0.325073798344792,196,-0.010906223962791513
proteomics,peebo_2015,rel20_abs0.1,high,unfiltered,519,oriC,0.14288352923173955,157,0.009785103089019588
proteomics,peebo_2015,rel20_abs0.1,high,unfiltered,519,ter,0.11785373609064796,196,-0.03506369738579776
proteomics,peebo_2015,rel20_abs0.1,high,unfiltered,509,oriC,0.058208789304353914,156,0.011174760101478257
proteomics,peebo_2015,rel20_abs0.1,high,unfiltered,509,ter,0.0893551795668009,193,-0.04367616840781813
proteomics,li_2014_all,rel20_abs0.1,high,unfiltered,1319,oriC,2.8532948786170326e-7,449,-0.2191939503444278
proteomics,li_2014_all,rel20_abs0.1,high,unfiltered,1319,ter,1.9755523625016846e-18,477,-0.42880251696858057
proteomics,li_2014_all,rel20_abs0.1,high,unfiltered,1319,oriC,3.8435637178777823e-7,449,-0.2360792846383838
proteomics,li_2014_all,rel20_abs0.1,high,unfiltered,1319,ter,2.5210989830638116e-17,477,-0.5323848539256499
proteomics,li_2014_all,rel20_abs0.1,high,unfiltered,1319,oriC,0.22499967978082103,449,-0.015689332309564895
proteomics,li_2014_all,rel20_abs0.1,high,unfiltered,1319,ter,0.003669208778350527,477,-0.09741400967469069
proteomics,valgepea_2013_prot,rel20_abs0.1,high,unfiltered,713,oriC,0.5800262609679825,230,0.017159214458028225
proteomics,valgepea_2013_prot,rel20_abs0.1,high,unfiltered,713,ter,0.34466296743841823,267,0.0198293997959386
proteomics,valgepea_2013_prot,rel20_abs0.1,high,unfiltered,713,oriC,0.05933092659833456,230,-0.13000199636325488
proteomics,valgepea_2013_prot,rel20_abs0.1,high,unfiltered,713,ter,0.4646503996919477,267,-0.042482379904802366
proteomics,valgepea_2013_prot,rel20_abs0.1,high,unfiltered,713,oriC,0.018134604294002557,230,-0.19645256935757555
proteomics,valgepea_2013_prot,rel20_abs0.1,high,unfiltered,713,ter,0.10162846834166403,267,-0.09451184800530102
proteomics,valgepea_2013_prot,rel20_abs0.1,high,unfiltered,713,oriC,7.355178059705242e-5,230,-0.2049904437071579
proteomics,valgepea_2013_prot,rel20_abs0.1,high,unfiltered,713,ter,1.0171557147600489e-4,267,-0.12452673083470224
proteomics,valgepea_2013_prot,rel20_abs0.1,high,unfiltered,713,oriC,3.121025676568218e-5,230,-0.2562333683379876
proteomics,valgepea_2013_prot,rel20_abs0.1,high,unfiltered,713,ter,6.57671693081868e-4,267,-0.1620818091937866
proteomics,valgepea_2013_prot,rel20_abs0.1,high,unfiltered,713,oriC,0.0056793462296304345,230,-0.15131302600274832
proteomics,valgepea_2013_prot,rel20_abs0.1,high,unfiltered,713,ter,5.282115592013082e-4,267,-0.0974838942709865
proteomics,Goelzer_2015,rel20_abs0.1,high,unfiltered,166,oriC,0.6389291691789578,53,0.05277296056299597
proteomics,Goelzer_2015,rel20_abs0.1,high,unfiltered,166,ter,0.06603604038833552,63,-0.3342030446676463
proteomics,Goelzer_2015,rel20_abs0.1,high,unfiltered,166,oriC,0.6580274271441627,53,0.011354593070031999
proteomics,Goelzer_2015,rel20_abs0.1,high,unfiltered,166,ter,5.813546815858608e-4,63,-0.5551554678925353
proteomics,Goelzer_2015,rel20_abs0.1,high,unfiltered,166,oriC,0.1369449781288695,53,-0.4505119638632859
proteomics,Goelzer_2015,rel20_abs0.1,high,unfiltered,166,ter,0.005163806867946076,63,-0.6572888317818979
proteomics,Goelzer_2015,rel20_abs0.1,high,unfiltered,166,oriC,0.317135158172719,53,-0.23936983251886063
proteomics,Goelzer_2015,rel20_abs0.1,high,unfiltered,166,ter,0.008652665755188622,63,-1.134846202424995
proteomics,Goelzer_2015,rel20_abs0.1,high,unfiltered,166,oriC,0.9294573120925329,53,0.10391306663834209
proteomics,Goelzer_2015,rel20_abs0.1,high,unfiltered,166,ter,0.01258134590792891,63,-0.38941966435551745
proteomics,Goelzer_2015,rel20_abs0.1,high,unfiltered,166,oriC,0.07663507612955402,53,-0.3435063433076842
proteomics,Goelzer_2015,rel20_abs0.1,high,unfiltered,166,ter,0.06807851876740384,63,-0.2725981897464498
proteomics,Goelzer_2015,rel20_abs0.1,high,unfiltered,166,oriC,0.41033337151134075,53,-0.3456795738863711
proteomics,Goelzer_2015,rel20_abs0.1,high,unfiltered,166,ter,0.06603604038833552,63,-0.40038411077944486
proteomics,Goelzer_2015,rel20_abs0.1,high,unfiltered,166,oriC,0.07231796512693024,53,-0.44458784883741775
proteomics,Goelzer_2015,rel20_abs0.1,high,unfiltered,166,ter,0.5537247009759354,63,-0.023052809274379284
proteomics,Goelzer_2015,rel20_abs0.1,high,unfiltered,166,oriC,0.5413050070476755,53,-0.2201057728271264
proteomics,Goelzer_2015,rel20_abs0.1,high,unfiltered,166,ter,0.4785902571441125,63,-0.15769166404986154
proteomics,Goelzer_2015,rel20_abs0.1,high,unfiltered,165,oriC,0.3231034489353904,52,0.2381589691759693
proteomics,Goelzer_2015,rel20_abs0.1,high,unfiltered,165,ter,0.1276941298413105,63,0.26656870390870824
proteomics,zhu_B_subtilis,rel20_abs0.1,high,unfiltered,215,oriC,0.29306349545452687,71,0.0689058389613406
proteomics,zhu_B_subtilis,rel20_abs0.1,high,unfiltered,215,ter,0.707115731732782,77,-0.0231132082736296
proteomics,zhu_B_subtilis,rel20_abs0.1,high,unfiltered,215,oriC,1.2813264747637405e-5,71,0.3633138055420962
proteomics,zhu_B_subtilis,rel20_abs0.1,high,unfiltered,215,ter,2.516208929680054e-6,77,0.32143712389239043
proteomics,zhu_B_subtilis,rel20_abs0.1,high,unfiltered,215,oriC,0.5154749703802304,71,0.08793306323210058
proteomics,zhu_B_subtilis,rel20_abs0.1,high,unfiltered,215,ter,0.6009887982159637,77,-0.014121201545716097
proteomics,zhu_B_subtilis,rel20_abs0.1,high,unfiltered,215,oriC,7.618972804373214e-4,71,0.3344576632476778
proteomics,zhu_B_subtilis,rel20_abs0.1,high,unfiltered,215,ter,0.005923485355239419,77,0.28418759038945945
proteomics,zhu_B_subtilis,rel20_abs0.1,high,unfiltered,215,oriC,0.9702905094607167,71,0.04900927634020825
proteomics,zhu_B_subtilis,rel20_abs0.1,high,unfiltered,215,ter,0.5356193110892389,77,0.043930780245441746
proteomics,zhu_B_subtilis,rel20_abs0.1,high,unfiltered,215,oriC,7.308461741775324e-4,71,-0.32294168274077534
proteomics,zhu_B_subtilis,rel20_abs0.1,high,unfiltered,215,ter,0.0018551802136232188,77,-0.4558729677388646
proteomics,zhu_B_subtilis,rel20_abs0.1,high,unfiltered,215,oriC,3.857680997202214e-4,71,-0.745363330706088
proteomics,zhu_B_subtilis,rel20_abs0.1,high,unfiltered,215,ter,0.00701492370383141,77,-0.6412978890436908
proteomics,zhu_B_subtilis,rel20_abs0.1,high,unfiltered,215,oriC,0.02882055338936405,71,-0.209445505559048
proteomics,zhu_B_subtilis,rel20_abs0.1,high,unfiltered,215,ter,0.07638858543813637,77,-0.23434389661571287
proteomics,zhu_B_subtilis,rel20_abs0.1,high,unfiltered,215,oriC,0.029242451652614753,71,-0.1773237768662837
proteomics,zhu_B_subtilis,rel20_abs0.1,high,unfiltered,215,ter,0.04489899984436266,77,-0.4197797899296512
proteomics,zhu_B_subtilis,rel20_abs0.1,high,unfiltered,215,oriC,0.07244625586792304,71,0.1937117379950292
proteomics,zhu_B_subtilis,rel20_abs0.1,high,unfiltered,215,ter,1.7427091493513985e-5,77,0.3289501403676843
proteomics,zhu_B_subtilis,rel20_abs0.1,high,unfiltered,215,oriC,0.11843405515563808,71,-0.05071531357490674
proteomics,zhu_B_subtilis,rel20_abs0.1,high,unfiltered,215,ter,0.6995799955531903,77,0.014778396232149264
proteomics,zhu_B_subtilis,rel20_abs0.1,high,unfiltered,215,oriC,0.03779551501042697,71,0.258637339575895
proteomics,zhu_B_subtilis,rel20_abs0.1,high,unfiltered,215,ter,7.169812284491063e-5,77,0.2579759753769129
proteomics,zhu_B_subtilis,rel20_abs0.1,high,unfiltered,215,oriC,0.12963530888672825,71,-0.022108180004907364
proteomics,zhu_B_subtilis,rel20_abs0.1,high,unfiltered,215,ter,0.09994933457119043,77,0.12162185087972006
proteomics,zhu_B_subtilis,rel20_abs0.1,high,unfiltered,215,oriC,4.455227106205065e-5,71,-0.42014975414435624
proteomics,zhu_B_subtilis,rel20_abs0.1,high,unfiltered,215,ter,0.0038637234623760132,77,-0.38195811936966473
proteomics,zhu_B_subtilis,rel20_abs0.1,high,unfiltered,215,oriC,8.779051761000225e-5,71,-0.9900701683047791
proteomics,zhu_B_subtilis,rel20_abs0.1,high,unfiltered,215,ter,0.0116192700529993,77,-0.6562222846808815
proteomics,zhu_B_subtilis,rel20_abs0.1,high,unfiltered,215,oriC,0.0015776672088295167,71,-0.26916987972399264
proteomics,zhu_B_subtilis,rel20_abs0.1,high,unfiltered,215,ter,0.16415691968201415,77,-0.1514015775590271
proteomics,zhu_B_subtilis,rel20_abs0.1,high,unfiltered,215,oriC,0.003774324099324932,71,-0.5484686407263473
proteomics,zhu_B_subtilis,rel20_abs0.1,high,unfiltered,215,ter,0.13953016979544317,77,-0.23677971381951218
proteomics,zhu_B_subtilis,rel20_abs0.1,high,unfiltered,215,oriC,0.3429829439829621,71,-0.04395196559081629
proteomics,zhu_B_subtilis,rel20_abs0.1,high,unfiltered,215,ter,0.02031911863073894,77,-0.08377114151918515
proteomics,zhu_B_subtilis,rel20_abs0.1,high,unfiltered,215,oriC,3.7745739091905607e-4,71,-0.2687757698257644
proteomics,zhu_B_subtilis,rel20_abs0.1,high,unfiltered,215,ter,0.002354786421240147,77,-0.25344813205107763
proteomics,zhu_B_subtilis,rel20_abs0.1,high,unfiltered,215,oriC,5.023252776509084e-6,71,-0.6545635930225253
proteomics,zhu_B_subtilis,rel20_abs0.1,high,unfiltered,215,ter,1.7713857578162998e-6,77,-0.680309297862158
proteomics,zhu_B_subtilis,rel20_abs0.1,high,unfiltered,215,oriC,1.596688826159267e-6,71,-1.306211288426953
proteomics,zhu_B_subtilis,rel20_abs0.1,high,unfiltered,215,ter,1.070162540276694e-4,77,-1.0521963699416044
proteomics,zhu_B_subtilis,rel20_abs0.1,high,unfiltered,215,oriC,1.7061185200376033e-5,71,-0.6080195214112416
proteomics,zhu_B_subtilis,rel20_abs0.1,high,unfiltered,215,ter,9.656310093245319e-4,77,-0.45276652214368096
proteomics,zhu_B_subtilis,rel20_abs0.1,high,unfiltered,215,oriC,4.240533975842529e-5,71,-0.6459587911009881
proteomics,zhu_B_subtilis,rel20_abs0.1,high,unfiltered,215,ter,0.0010193853429338567,77,-0.958831641561083
proteomics,zhu_B_subtilis,rel20_abs0.1,high,unfiltered,215,oriC,1.538093054227363e-5,71,0.3108332068994528
proteomics,zhu_B_subtilis,rel20_abs0.1,high,unfiltered,215,ter,1.212215554014979e-4,77,0.26409619546611995
proteomics,zhu_B_subtilis,rel20_abs0.1,high,unfiltered,215,oriC,0.9839999560573971,71,0.017126449342558612
proteomics,zhu_B_subtilis,rel20_abs0.1,high,unfiltered,215,ter,0.013794467110379604,77,0.16836613200196324
proteomics,zhu_B_subtilis,rel20_abs0.1,high,unfiltered,215,oriC,3.3835611807035525e-4,71,-0.3191900250172429
proteomics,zhu_B_subtilis,rel20_abs0.1,high,unfiltered,215,ter,0.0015065604172289579,77,-0.18887501461820372
proteomics,zhu_B_subtilis,rel20_abs0.1,high,unfiltered,215,oriC,1.5398287956242264e-4,71,-1.1209202982915893
proteomics,zhu_B_subtilis,rel20_abs0.1,high,unfiltered,215,ter,0.02417130822530783,77,-0.6747130497865035
proteomics,zhu_B_subtilis,rel20_abs0.1,high,unfiltered,215,oriC,0.0011472436431164054,71,-0.23053549223707742
proteomics,zhu_B_subtilis,rel20_abs0.1,high,unfiltered,215,ter,0.47403899181659204,77,-0.029461006566649038
proteomics,zhu_B_subtilis,rel20_abs0.1,high,unfiltered,215,oriC,0.007518332799498862,71,-0.582039464120432
proteomics,zhu_B_subtilis,rel20_abs0.1,high,unfiltered,215,ter,0.1565960214597096,77,-0.19535796583977702
proteomics,zhu_B_subtilis,rel20_abs0.1,high,unfiltered,215,oriC,6.414481250673926e-6,71,-0.551640307642166
proteomics,zhu_B_subtilis,rel20_abs0.1,high,unfiltered,215,ter,2.1660933015591388e-6,77,-0.5953127021667216
proteomics,zhu_B_subtilis,rel20_abs0.1,high,unfiltered,215,oriC,4.142068641074392e-7,71,-1.424238489338269
proteomics,zhu_B_subtilis,rel20_abs0.1,high,unfiltered,215,ter,2.1010102935276468e-4,77,-1.023893907080991
proteomics,zhu_B_subtilis,rel20_abs0.1,high,unfiltered,215,oriC,2.1504028184299756e-5,71,-0.5715415611912551
proteomics,zhu_B_subtilis,rel20_abs0.1,high,unfiltered,215,ter,0.0026928640607637097,77,-0.36238841804901856
proteomics,zhu_B_subtilis,rel20_abs0.1,high,unfiltered,214,oriC,1.578555141997894e-5,71,-0.8128068434833019
proteomics,zhu_B_subtilis,rel20_abs0.1,high,unfiltered,214,ter,0.0035629756338384938,77,-0.5567060058577112
proteomics,zhu_B_subtilis,rel20_abs0.1,high,unfiltered,215,oriC,1.935741140888121e-4,71,-1.2139659698161949
proteomics,zhu_B_subtilis,rel20_abs0.1,high,unfiltered,215,ter,3.121510576422487e-4,77,-0.7656407945912598
proteomics,zhu_B_subtilis,rel20_abs0.1,high,unfiltered,214,oriC,0.0056387200603465965,70,-0.30649735298088915
proteomics,zhu_B_subtilis,rel20_abs0.1,high,unfiltered,214,ter,0.013991014052363249,77,-0.16763234095964064
proteomics,zhu_B_subtilis,rel20_abs0.1,high,unfiltered,215,oriC,0.011230220272658126,71,-0.5089040152669888
proteomics,zhu_B_subtilis,rel20_abs0.1,high,unfiltered,215,ter,0.009194385128373258,77,-0.33791213126057446
proteomics,zhu_B_subtilis,rel20_abs0.1,high,unfiltered,213,oriC,0.004136379635644487,70,-0.5189688100875807
proteomics,zhu_B_subtilis,rel20_abs0.1,high,unfiltered,213,ter,0.7413732489275833,77,-0.13513473965178596
proteomics,zhu_B_subtilis,rel20_abs0.1,high,unfiltered,214,oriC,0.030102211088727147,71,0.17069397291998228
proteomics,zhu_B_subtilis,rel20_abs0.1,high,unfiltered,214,ter,2.802972082843609e-5,77,0.26570921404880476
proteomics,zhu_B_subtilis,rel20_abs0.1,high,unfiltered,214,oriC,0.8793126199757448,71,0.12326237387588616
proteomics,zhu_B_subtilis,rel20_abs0.1,high,unfiltered,214,ter,0.143656145103017,77,0.11056947843382994
proteomics,zhu_B_subtilis,rel20_abs0.1,high,unfiltered,203,oriC,2.2186194817443757e-4,70,0.26424440636282975
proteomics,zhu_B_subtilis,rel20_abs0.1,high,unfiltered,203,ter,0.01580328920513056,73,0.20694886095195697
proteomics,zhu_B_subtilis,rel20_abs0.1,high,unfiltered,208,oriC,0.006063337433971964,69,-0.2570774833785683
proteomics,zhu_B_subtilis,rel20_abs0.1,high,unfiltered,208,ter,0.11079682715421485,74,-0.098244381864075
proteomics,zhu_E_coli,rel20_abs0.1,high,unfiltered,726,oriC,0.14199573269192947,247,-0.023511329706854354
proteomics,zhu_E_coli,rel20_abs0.1,high,unfiltered,726,ter,0.8863559877856413,267,-0.00525454107779999
proteomics,zhu_E_coli,rel20_abs0.1,high,unfiltered,727,oriC,0.06113537305110405,248,-0.16811790492681172
proteomics,zhu_E_coli,rel20_abs0.1,high,unfiltered,727,ter,0.21602783814805515,267,-0.03591427415948809
proteomics,zhu_E_coli,rel20_abs0.1,high,unfiltered,727,oriC,2.4718116647666935e-9,248,-0.4352894087327293
proteomics,zhu_E_coli,rel20_abs0.1,high,unfiltered,727,ter,6.735849641152807e-7,267,-0.3936064546254334
proteomics,zhu_E_coli,rel20_abs0.1,high,unfiltered,727,oriC,0.08681267214495111,248,-0.04963071536183499
proteomics,zhu_E_coli,rel20_abs0.1,high,unfiltered,727,ter,0.6009936657226405,267,0.04036644337239501
proteomics,zhu_E_coli,rel20_abs0.1,high,unfiltered,727,oriC,6.659018007106006e-4,248,-0.1548323102491981
proteomics,zhu_E_coli,rel20_abs0.1,high,unfiltered,727,ter,0.07047799265873561,267,-0.06637130463653734
proteomics,zhu_E_coli,rel20_abs0.1,high,unfiltered,727,oriC,2.0838092407059865e-5,248,-0.22182221289182133
proteomics,zhu_E_coli,rel20_abs0.1,high,unfiltered,727,ter,0.008905719316832686,267,-0.18173613268767025
proteomics,zhu_E_coli,rel20_abs0.1,high,unfiltered,727,oriC,1.863349078453327e-9,248,-0.5232429586436429
proteomics,zhu_E_coli,rel20_abs0.1,high,unfiltered,727,ter,1.183623120965208e-13,267,-0.7448068943537756
proteomics,zhu_E_coli,rel20_abs0.1,high,unfiltered,726,oriC,1.221046910132275e-4,248,-0.25735580719565665
proteomics,zhu_E_coli,rel20_abs0.1,high,unfiltered,726,ter,5.778308326668934e-10,266,-0.6429353137854581
proteomics,zhu_E_coli,rel20_abs0.1,high,unfiltered,727,oriC,0.0044253493186918475,248,-0.08826341010121114
proteomics,zhu_E_coli,rel20_abs0.1,high,unfiltered,727,ter,0.7469593965381234,267,-0.03119269323155315
proteomics,zhu_E_coli,rel20_abs0.1,high,unfiltered,727,oriC,6.261002641825946e-4,248,-0.16754556116970049
proteomics,zhu_E_coli,rel20_abs0.1,high,unfiltered,727,ter,0.015686752460215732,267,-0.07481662570085632
proteomics,zhu_E_coli,rel20_abs0.1,high,unfiltered,727,oriC,2.410530993442991e-11,248,-0.41441728261191785
proteomics,zhu_E_coli,rel20_abs0.1,high,unfiltered,727,ter,2.8054455890275224e-8,267,-0.4217319925175988
proteomics,zhu_E_coli,rel20_abs0.1,high,unfiltered,727,oriC,0.0067472647825086215,248,-0.09791578976260021
proteomics,zhu_E_coli,rel20_abs0.1,high,unfiltered,727,ter,0.6744559216436371,267,0.013212654252569182
proteomics,zhu_E_coli,rel20_abs0.1,high,unfiltered,727,oriC,7.209628580999672e-6,248,-0.19510354582058037
proteomics,zhu_E_coli,rel20_abs0.1,high,unfiltered,727,ter,0.015789384641434687,267,-0.08481277712777845
proteomics,zhu_E_coli,rel20_abs0.1,high,unfiltered,727,oriC,1.355773330898518e-6,248,-0.2422565800365355
proteomics,zhu_E_coli,rel20_abs0.1,high,unfiltered,727,ter,0.00168144716910941,267,-0.2163486999756846
proteomics,zhu_E_coli,rel20_abs0.1,high,unfiltered,727,oriC,3.2366759737191495e-11,248,-0.6360519160785767
proteomics,zhu_E_coli,rel20_abs0.1,high,unfiltered,727,ter,4.1678776247726125e-16,267,-0.7406000058463608
proteomics,zhu_E_coli,rel20_abs0.1,high,unfiltered,727,oriC,2.9766625131897693e-5,248,-0.3106000025281723
proteomics,zhu_E_coli,rel20_abs0.1,high,unfiltered,727,ter,2.276944363089398e-12,267,-0.645621968840715
proteomics,zhu_E_coli,rel20_abs0.1,high,unfiltered,727,oriC,0.8302009265382271,248,0.06582263067448721
proteomics,zhu_E_coli,rel20_abs0.1,high,unfiltered,727,ter,0.659483225317546,267,0.05464795084993542
proteomics,zhu_E_coli,rel20_abs0.1,high,unfiltered,727,oriC,0.0056346839168786795,248,-0.0683230275115442
proteomics,zhu_E_coli,rel20_abs0.1,high,unfiltered,727,ter,0.006385619557348846,267,-0.05700230330367563
proteomics,zhu_E_coli,rel20_abs0.1,high,unfiltered,727,oriC,4.414072254511507e-6,248,-0.34093021434098403
proteomics,zhu_E_coli,rel20_abs0.1,high,unfiltered,727,ter,1.446036335472512e-4,267,-0.3776232122032576
proteomics,zhu_E_coli,rel20_abs0.1,high,unfiltered,727,oriC,0.2571149840799254,248,0.11861033205441662
proteomics,zhu_E_coli,rel20_abs0.1,high,unfiltered,727,ter,0.8045739740047211,267,0.08914283430273387
proteomics,zhu_E_coli,rel20_abs0.1,high,unfiltered,727,oriC,0.4691864647834631,248,0.023245658959167186
proteomics,zhu_E_coli,rel20_abs0.1,high,unfiltered,727,ter,0.21661619842579255,267,-0.0011157884033001682
proteomics,zhu_E_coli,rel20_abs0.1,high,unfiltered,727,oriC,0.002554537980579953,248,-0.03218823256311233
proteomics,zhu_E_coli,rel20_abs0.1,high,unfiltered,727,ter,0.0021114277675860662,267,-0.3049254008845695
proteomics,zhu_E_coli,rel20_abs0.1,high,unfiltered,727,oriC,6.052563699998719e-6,248,-0.42745778184509114
proteomics,zhu_E_coli,rel20_abs0.1,high,unfiltered,727,ter,5.357584266814963e-13,267,-0.8818745762613489
proteomics,zhu_E_coli,rel20_abs0.1,high,unfiltered,727,oriC,0.0032928738453661325,248,-0.1912884297762103
proteomics,zhu_E_coli,rel20_abs0.1,high,unfiltered,727,ter,2.3530857277095875e-11,267,-0.5930817465081699
proteomics,zhu_E_coli,rel20_abs0.1,high,unfiltered,723,oriC,1.8313673190954065e-7,247,-0.19242539629804623
proteomics,zhu_E_coli,rel20_abs0.1,high,unfiltered,723,ter,2.4075472707701925e-9,264,-0.26726741577347324
proteomics,zhu_E_coli,rel20_abs0.1,high,unfiltered,727,oriC,0.2816407153613077,248,0.027562761695054422
proteomics,zhu_E_coli,rel20_abs0.1,high,unfiltered,727,ter,0.025119775734257787,267,0.0847689262154976
proteomics,zhu_E_coli,rel20_abs0.1,high,unfiltered,727,oriC,0.11415032271784283,248,-0.06078131000797317
proteomics,zhu_E_coli,rel20_abs0.1,high,unfiltered,727,ter,0.18752996957023876,267,-0.012055594418475613
proteomics,zhu_E_coli,rel20_abs0.1,high,unfiltered,727,oriC,0.05187811387565317,248,-0.05245138690393169
proteomics,zhu_E_coli,rel20_abs0.1,high,unfiltered,727,ter,0.34103712842144085,267,0.0029352752004230664
proteomics,zhu_E_coli,rel20_abs0.1,high,unfiltered,727,oriC,1.300243410835807e-5,248,-0.3391461605339804
proteomics,zhu_E_coli,rel20_abs0.1,high,unfiltered,727,ter,1.5225275663481291e-16,267,-0.6825864150588296
proteomics,zhu_E_coli,rel20_abs0.1,high,unfiltered,727,oriC,0.2268925498280969,248,-0.003937624712309631
proteomics,zhu_E_coli,rel20_abs0.1,high,unfiltered,727,ter,5.449119656008065e-10,267,-0.40480346757402713
proteomics,zhu_E_coli,rel20_abs0.1,high,unfiltered,727,oriC,3.9432815574193416e-4,248,-0.14841170819523136
proteomics,zhu_E_coli,rel20_abs0.1,high,unfiltered,727,ter,0.0025789688688226745,267,-0.26988086430570113
proteomics,zhu_E_coli,rel20_abs0.1,high,unfiltered,727,oriC,0.0022254635246654244,248,0.189019550076095
proteomics,zhu_E_coli,rel20_abs0.1,high,unfiltered,727,ter,0.00287624303083284,267,0.15910569580086142
proteomics,zhu_E_coli,rel20_abs0.1,high,unfiltered,727,oriC,0.28561169716360935,248,0.08302884643279726
proteomics,zhu_E_coli,rel20_abs0.1,high,unfiltered,727,ter,0.38312762737812894,267,0.0830380016391054
proteomics,zhu_E_coli,rel20_abs0.1,high,unfiltered,727,oriC,0.181922865234805,248,0.06702732658249219
proteomics,zhu_E_coli,rel20_abs0.1,high,unfiltered,727,ter,0.12501048964546835,267,-0.08645192661187315
proteomics,zhu_E_coli,rel20_abs0.1,high,unfiltered,727,oriC,3.504936037436944e-4,248,-0.3068535272039147
proteomics,zhu_E_coli,rel20_abs0.1,high,unfiltered,727,ter,2.90385398456338e-11,267,-0.7282788921068278
proteomics,zhu_E_coli,rel20_abs0.1,high,unfiltered,727,oriC,0.2158702133872733,248,-0.01377847892019693
proteomics,zhu_E_coli,rel20_abs0.1,high,unfiltered,727,ter,2.802713597364281e-10,267,-0.48856208012266533
proteomics,zhu_E_coli,rel20_abs0.1,high,unfiltered,727,oriC,0.03105424630847127,248,0.09333915187295858
proteomics,zhu_E_coli,rel20_abs0.1,high,unfiltered,727,ter,0.03785247418575514,267,0.15779365770116713
proteomics,zhu_E_coli,rel20_abs0.1,high,unfiltered,713,oriC,0.014025863416783342,242,-0.10963521622113655
proteomics,zhu_E_coli,rel20_abs0.1,high,unfiltered,713,ter,1.7934179733174382e-14,266,-0.3186448284627119
proteomics,zhu_E_coli,rel20_abs0.1,high,unfiltered,721,oriC,0.4920009037098719,245,0.08367197746783908
proteomics,zhu_E_coli,rel20_abs0.1,high,unfiltered,721,ter,4.763069655892646e-4,267,-0.20875575450424508
proteomics,zhu_E_coli,rel20_abs0.1,high,unfiltered,727,oriC,0.04400912842697091,248,-0.024981034643008347
proteomics,zhu_E_coli,rel20_abs0.1,high,unfiltered,727,ter,1.0715394208700981e-4,267,-0.1360785676392541
proteomics,zhu_E_coli,rel20_abs0.1,high,unfiltered,727,oriC,2.5768223130919772e-5,248,-0.38326492792162803
proteomics,zhu_E_coli,rel20_abs0.1,high,unfiltered,727,ter,9.382929198358323e-19,267,-0.8089578858908354
proteomics,zhu_E_coli,rel20_abs0.1,high,unfiltered,727,oriC,0.1670558394670926,248,-0.001176283942524032
proteomics,zhu_E_coli,rel20_abs0.1,high,unfiltered,727,ter,3.0737546744111467e-13,267,-0.6040806772145395
proteomics,zhu_E_coli,rel20_abs0.1,high,unfiltered,727,oriC,0.002305570481814348,248,-0.23872320694901042
proteomics,zhu_E_coli,rel20_abs0.1,high,unfiltered,727,ter,5.83946712299554e-15,267,-0.7171562155071024
proteomics,zhu_E_coli,rel20_abs0.1,high,unfiltered,727,oriC,0.9165423643067518,248,0.06709249672511623
proteomics,zhu_E_coli,rel20_abs0.1,high,unfiltered,727,ter,1.3223223934095109e-11,267,-0.5488619385141865
proteomics,zhu_E_coli,rel20_abs0.1,high,unfiltered,727,oriC,0.7532398062570244,248,0.005704296673373898
proteomics,zhu_E_coli,rel20_abs0.1,high,unfiltered,727,ter,3.3734521545150478e-15,267,-0.35738134668853333
proteomics,zhu_E_coli,rel20_abs0.1,high,unfiltered,695,oriC,1.2601944433738212e-5,237,0.2522801551493255
proteomics,zhu_E_coli,rel20_abs0.1,high,unfiltered,695,ter,0.0024864466474040408,260,0.14292749180901354
proteomics,zhu_V_natriegens,rel20_abs0.1,high,unfiltered,124,oriC,0.12737557076495934,68,0.09811245729059617
proteomics,zhu_V_natriegens,rel20_abs0.1,high,unfiltered,124,ter,0.31044643869663346,24,-0.1285291880796524
proteomics,zhu_V_natriegens,rel20_abs0.1,high,unfiltered,124,oriC,0.48034621564074054,68,-0.06988206485506945
proteomics,zhu_V_natriegens,rel20_abs0.1,high,unfiltered,124,ter,0.6578690681332219,24,-0.18796558822975024
proteomics,zhu_V_natriegens,rel20_abs0.1,high,unfiltered,124,oriC,0.8761796239132204,68,-0.1405964148866426
proteomics,zhu_V_natriegens,rel20_abs0.1,high,unfiltered,124,ter,0.07889346231929326,24,-0.7333241585174752
proteomics,zhu_V_natriegens,rel20_abs0.1,high,unfiltered,124,oriC,0.25959021107696406,68,-0.11969182973055117
proteomics,zhu_V_natriegens,rel20_abs0.1,high,unfiltered,124,ter,0.13361440253771614,24,-0.26581178614906464
proteomics,zhu_V_natriegens,rel20_abs0.1,high,unfiltered,124,oriC,0.3420309760645831,68,-0.2253381779851965
proteomics,zhu_V_natriegens,rel20_abs0.1,high,unfiltered,124,ter,0.0537840888623983,24,-1.178061557098044
proteomics,zhu_V_natriegens,rel20_abs0.1,high,unfiltered,124,oriC,0.48798006620103346,68,3.116786291600957e-4
proteomics,zhu_V_natriegens,rel20_abs0.1,high,unfiltered,124,ter,0.08388582686616496,24,-1.1612080028210103
proteomics,zhu_V_natriegens,rel20_abs0.1,high,unfiltered,124,oriC,0.4359384395895107,68,-0.2124270024136245
proteomics,zhu_V_natriegens,rel20_abs0.1,high,unfiltered,124,ter,0.09463705638595382,24,-0.6956231056603259
proteomics,zhu_V_natriegens,rel20_abs0.1,high,unfiltered,124,oriC,0.13840397363547538,68,-0.1715637130607673
proteomics,zhu_V_natriegens,rel20_abs0.1,high,unfiltered,124,ter,0.10646546731752408,24,-0.7682067296445139
proteomics,zhu_V_natriegens,rel20_abs0.1,high,unfiltered,124,oriC,0.47655383838349724,68,-0.12828372238054614
proteomics,zhu_V_natriegens,rel20_abs0.1,high,unfiltered,124,ter,0.1747358232152471,24,-1.614169158508595
proteomics,zhu_V_natriegens,rel20_abs0.1,high,unfiltered,124,oriC,0.97806365903291,68,0.0564025668421318
proteomics,zhu_V_natriegens,rel20_abs0.1,high,unfiltered,124,ter,0.14906071810477656,24,-1.0814328866650749
proteomics,zhu_V_natriegens,rel20_abs0.1,high,unfiltered,124,oriC,1.415737438337503e-5,68,-0.26796443932911534
proteomics,zhu_V_natriegens,rel20_abs0.1,high,unfiltered,124,ter,0.558067532370401,24,-0.041628220655473724
proteomics,zhu_V_natriegens,rel20_abs0.1,high,unfiltered,124,oriC,4.2973637480474167e-5,68,-0.20394349680226226
proteomics,zhu_V_natriegens,rel20_abs0.1,high,unfiltered,124,ter,0.009717744667395035,24,-0.3307985917435562
proteomics,zhu_V_natriegens,rel20_abs0.1,high,unfiltered,124,oriC,9.030570519951093e-6,68,-0.19752873642007224
proteomics,zhu_V_natriegens,rel20_abs0.1,high,unfiltered,124,ter,0.20357622354788252,24,-0.1988540121063217
proteomics,zhu_V_natriegens,rel20_abs0.1,high,unfiltered,123,oriC,4.2742947555757067e-7,68,-0.2824012178146924
proteomics,zhu_V_natriegens,rel20_abs0.1,high,unfiltered,123,ter,0.010553586643786366,24,-0.7362938168820372
proteomics,zhu_V_natriegens,rel20_abs0.1,high,unfiltered,123,oriC,5.494669890772969e-4,68,-0.39006213435288184
proteomics,zhu_V_natriegens,rel20_abs0.1,high,unfiltered,123,ter,0.04106658190270635,24,-0.795691311285189
proteomics,zhu_V_natriegens,rel20_abs0.1,high,unfiltered,124,oriC,7.22734949154607e-5,68,-0.2868835240823887
proteomics,zhu_V_natriegens,rel20_abs0.1,high,unfiltered,124,ter,0.03572884112563311,24,-0.28289636972491095
proteomics,zhu_V_natriegens,rel20_abs0.1,high,unfiltered,123,oriC,3.866374697933595e-5,68,-0.5485484917721972
proteomics,zhu_V_natriegens,rel20_abs0.1,high,unfiltered,123,ter,0.1747358232152471,24,-0.745846720392506
proteomics,zhu_V_natriegens,rel20_abs0.1,high,unfiltered,124,oriC,0.002565902471114652,68,-0.3923770901316377
proteomics,zhu_V_natriegens,rel20_abs0.1,high,unfiltered,124,ter,0.1747358232152471,24,-1.1138622661906328
proteomics,zhu_V_natriegens,rel20_abs0.1,high,unfiltered,124,oriC,0.01731345153409473,68,-0.4385648949663439
proteomics,zhu_V_natriegens,rel20_abs0.1,high,unfiltered,124,ter,0.31044643869663346,24,-0.8451106418741917
proteomics,zhu_V_natriegens,rel20_abs0.1,high,unfiltered,124,oriC,0.3207428782436746,68,0.08996490154564356
proteomics,zhu_V_natriegens,rel20_abs0.1,high,unfiltered,124,ter,0.07414553111140686,24,-0.21458552999023228
proteomics,zhu_V_natriegens,rel20_abs0.1,high,unfiltered,124,oriC,0.7437405622546491,68,0.05965551164900225
proteomics,zhu_V_natriegens,rel20_abs0.1,high,unfiltered,124,ter,0.31044643869663346,24,-0.061860596220732825
proteomics,zhu_V_natriegens,rel20_abs0.1,high,unfiltered,124,oriC,0.507347619800314,68,-0.0014846947465812282
proteomics,zhu_V_natriegens,rel20_abs0.1,high,unfiltered,124,ter,0.04706505784892817,24,-0.633431350774559
proteomics,zhu_V_natriegens,rel20_abs0.1,high,unfiltered,124,oriC,0.5844634870583014,68,0.01578707595080366
proteomics,zhu_V_natriegens,rel20_abs0.1,high,unfiltered,124,ter,0.09463705638595382,24,-0.8357929067480461
proteomics,zhu_V_natriegens,rel20_abs0.1,high,unfiltered,124,oriC,0.6358191290530131,68,-0.033838707521174995
proteomics,zhu_V_natriegens,rel20_abs0.1,high,unfiltered,124,ter,0.20357622354788252,24,-0.08753866467455436
proteomics,zhu_V_natriegens,rel20_abs0.1,high,unfiltered,124,oriC,0.32975802776574104,68,-0.016008528360000412
proteomics,zhu_V_natriegens,rel20_abs0.1,high,unfiltered,124,ter,0.15727802971707233,24,-0.5712249471357705
proteomics,zhu_V_natriegens,rel20_abs0.1,high,unfiltered,124,oriC,0.8045450350340984,68,0.035746586864527
proteomics,zhu_V_natriegens,rel20_abs0.1,high,unfiltered,124,ter,0.24721399941984587,24,-1.1181305900224139
proteomics,zhu_V_natriegens,rel20_abs0.1,high,unfiltered,124,oriC,0.9148435720728703,68,0.026005295575070506
proteomics,zhu_V_natriegens,rel20_abs0.1,high,unfiltered,124,ter,0.18398940347528847,24,-0.8319139069838593
proteomics,zhu_V_natriegens,rel20_abs0.1,high,unfiltered,124,oriC,0.012557448917646442,68,-0.1876381321039292
proteomics,zhu_V_natriegens,rel20_abs0.1,high,unfiltered,124,ter,0.24721399941984587,24,-0.23772933939585367
proteomics,zhu_V_natriegens,rel20_abs0.1,high,unfiltered,124,oriC,0.15900186344471465,68,-0.029731279843121225
proteomics,zhu_V_natriegens,rel20_abs0.1,high,unfiltered,124,ter,0.38352019104611557,24,0.0686707468919768
proteomics,zhu_V_natriegens,rel20_abs0.1,high,unfiltered,124,oriC,0.006249726609985159,68,-0.23540603963501486
proteomics,zhu_V_natriegens,rel20_abs0.1,high,unfiltered,124,ter,0.8976967753236552,24,0.11965033546185846
proteomics,zhu_V_natriegens,rel20_abs0.1,high,unfiltered,124,oriC,0.022839625599683527,68,-0.2066269913557882
proteomics,zhu_V_natriegens,rel20_abs0.1,high,unfiltered,124,ter,0.35311123450600557,24,-0.4687654325835107
proteomics,zhu_V_natriegens,rel20_abs0.1,high,unfiltered,124,oriC,0.09836126901547909,68,-0.15613318049900227
proteomics,zhu_V_natriegens,rel20_abs0.1,high,unfiltered,124,ter,0.5019475486468861,24,-0.24306959917803178
proteomics,zhu_V_natriegens,rel20_abs0.1,high,unfiltered,124,oriC,0.05464274000661918,68,-0.2277844713212207
proteomics,zhu_V_natriegens,rel20_abs0.1,high,unfiltered,124,ter,0.10646546731752408,24,-0.9980740140945665
proteomics,zhu_V_natriegens,rel20_abs0.1,high,unfiltered,124,oriC,0.09348538956032167,68,-0.07283201143362072
proteomics,zhu_V_natriegens,rel20_abs0.1,high,unfiltered,124,ter,0.13361440253771614,24,-0.19660699688883498
proteomics,zhu_V_natriegens,rel20_abs0.1,high,unfiltered,124,oriC,0.015929166749693125,68,-0.2586208005680759
proteomics,zhu_V_natriegens,rel20_abs0.1,high,unfiltered,124,ter,0.18398940347528847,24,-0.4093553327595794
proteomics,zhu_V_natriegens,rel20_abs0.1,high,unfiltered,124,oriC,0.09348538956032167,68,-0.2701636892162381
proteomics,zhu_V_natriegens,rel20_abs0.1,high,unfiltered,124,ter,0.15727802971707233,24,-1.204644083389546
proteomics,zhu_V_natriegens,rel20_abs0.1,high,unfiltered,124,oriC,0.3389356799543799,68,-0.20290321658418303
proteomics,zhu_V_natriegens,rel20_abs0.1,high,unfiltered,124,ter,0.12637072350224732,24,-0.7927683584490648
proteomics,zhu_V_natriegens,rel20_abs0.1,high,unfiltered,124,oriC,0.3420309760645831,68,-0.09452947988896859
proteomics,zhu_V_natriegens,rel20_abs0.1,high,unfiltered,124,ter,0.7209848619016708,24,-0.15519409495816378
proteomics,zhu_V_natriegens,rel20_abs0.1,high,unfiltered,124,oriC,0.12138782358196981,68,0.015579032690999466
proteomics,zhu_V_natriegens,rel20_abs0.1,high,unfiltered,124,ter,0.1747358232152471,24,0.19365559864683618
proteomics,zhu_V_natriegens,rel20_abs0.1,high,unfiltered,124,oriC,0.15900186344471465,68,-0.10396800244137994
proteomics,zhu_V_natriegens,rel20_abs0.1,high,unfiltered,124,ter,0.2139204809298949,24,0.09467557579058078
proteomics,zhu_V_natriegens,rel20_abs0.1,high,unfiltered,124,oriC,0.3545922629154546,68,-0.09799591903806246
proteomics,zhu_V_natriegens,rel20_abs0.1,high,unfiltered,124,ter,0.7209848619016708,24,-0.29296723668883246
proteomics,zhu_V_natriegens,rel20_abs0.1,high,unfiltered,124,oriC,0.8473692598873619,68,-0.03402964307332922
proteomics,zhu_V_natriegens,rel20_abs0.1,high,unfiltered,124,ter,0.9886020368185288,24,-0.02778183762651984
proteomics,zhu_V_natriegens,rel20_abs0.1,high,unfiltered,123,oriC,0.21369950063770016,68,-0.048190473717636476
proteomics,zhu_V_natriegens,rel20_abs0.1,high,unfiltered,123,ter,0.14117525133736705,24,0.3277732361204351
proteomics,zhu_V_natriegens,rel20_abs0.1,high,unfiltered,122,oriC,0.6283042230185176,67,-0.0014822311420570734
proteomics,zhu_V_natriegens,rel20_abs0.1,high,unfiltered,122,ter,0.558067532370401,24,-0.07753893559423974
proteomics,zhu_V_natriegens,rel20_abs0.1,high,unfiltered,123,oriC,0.8761796239132204,68,-0.032674847006818976
proteomics,zhu_V_natriegens,rel20_abs0.1,high,unfiltered,123,ter,0.6578690681332219,24,-0.11350512992640555
proteomics,zhu_V_natriegens,rel20_abs0.1,high,unfiltered,124,oriC,0.102149802688483,68,-0.2113846464603082
proteomics,zhu_V_natriegens,rel20_abs0.1,high,unfiltered,124,ter,0.9430566709670429,24,-0.0848231974100674
proteomics,zhu_V_natriegens,rel20_abs0.1,high,unfiltered,124,oriC,0.1644968677914542,68,-0.15292731609015348
proteomics,zhu_V_natriegens,rel20_abs0.1,high,unfiltered,124,ter,0.20357622354788252,24,-0.4830149593984516
proteomics,zhu_V_natriegens,rel20_abs0.1,high,unfiltered,124,oriC,0.5719325012213751,68,-0.08068679060264505
proteomics,zhu_V_natriegens,rel20_abs0.1,high,unfiltered,124,ter,0.5971027847182602,24,-0.28533716088324523
proteomics,zhu_V_natriegens,rel20_abs0.1,high,unfiltered,124,oriC,0.045377221898038854,68,0.04352703037760185
proteomics,zhu_V_natriegens,rel20_abs0.1,high,unfiltered,124,ter,0.25907866912251415,24,-0.4145139887088403
proteomics,zhu_V_natriegens,rel20_abs0.1,high,unfiltered,122,oriC,0.10501665711160507,67,0.08988275674601466
proteomics,zhu_V_natriegens,rel20_abs0.1,high,unfiltered,122,ter,0.38352019104611557,24,0.11318694627857268
