assay,dataset,cutoff,gene_filter,fc_mode,n_total,group,p,n_genes,med_log2fc
proteomics,schmidt_2016,rel0_abs0,all,unfiltered,1350,oriC,0.6019864826689345,431,-1.6083031648365606e-4
proteomics,schmidt_2016,rel0_abs0,all,unfiltered,1350,ter,0.04925229706572873,518,0.02379798031408821
proteomics,schmidt_2016,rel0_abs0,all,unfiltered,1350,oriC,0.04391726957622592,431,-0.06985635247510963
proteomics,schmidt_2016,rel0_abs0,all,unfiltered,1350,ter,0.030542523826353737,518,-0.09436234875130167
proteomics,schmidt_2016,rel0_abs0,all,unfiltered,1350,oriC,4.131830509381171e-6,431,-0.24573860088979904
proteomics,schmidt_2016,rel0_abs0,all,unfiltered,1350,ter,0.0017080602904356085,518,-0.15118814983396653
proteomics,schmidt_2016,rel0_abs0,all,unfiltered,1350,oriC,0.11766782663670697,431,-0.039794222639335596
proteomics,schmidt_2016,rel0_abs0,all,unfiltered,1350,ter,0.5370207980766235,518,-0.003001985648018766
proteomics,schmidt_2016,rel0_abs0,all,unfiltered,1350,oriC,0.17585655248508616,431,-0.08981974959837731
proteomics,schmidt_2016,rel0_abs0,all,unfiltered,1350,ter,0.16042307435697703,518,-0.05221032207025551
proteomics,schmidt_2016,rel0_abs0,all,unfiltered,1350,oriC,0.012975360039028673,431,-0.1252061038490136
proteomics,schmidt_2016,rel0_abs0,all,unfiltered,1350,ter,0.010809109368089126,518,-0.07711646543633827
proteomics,schmidt_2016,rel0_abs0,all,unfiltered,1350,oriC,0.005746029819767905,431,-0.15488195207527308
proteomics,schmidt_2016,rel0_abs0,all,unfiltered,1350,ter,2.2052474585826585e-4,518,-0.19083951610691355
proteomics,schmidt_2016,rel0_abs0,all,unfiltered,1350,oriC,0.018370326094002163,431,-0.12201337961651967
proteomics,schmidt_2016,rel0_abs0,all,unfiltered,1350,ter,0.4675500364278923,518,-0.027577322206666522
proteomics,schmidt_2016,rel0_abs0,all,unfiltered,1350,oriC,0.0667099019116238,431,-0.11440426904042493
proteomics,schmidt_2016,rel0_abs0,all,unfiltered,1350,ter,0.1473838154303051,518,-0.05780726069196979
proteomics,schmidt_2016,rel0_abs0,all,unfiltered,1350,oriC,0.03093757046125532,431,-0.09673338956505106
proteomics,schmidt_2016,rel0_abs0,all,unfiltered,1350,ter,0.002840265562485254,518,-0.14411219538088327
proteomics,schmidt_2016,rel0_abs0,all,unfiltered,1350,oriC,0.34597989459734496,431,-0.055746755365913975
proteomics,schmidt_2016,rel0_abs0,all,unfiltered,1350,ter,0.9070381677900108,518,-0.004561557891400791
proteomics,schmidt_2016,rel0_abs0,all,unfiltered,1350,oriC,9.911252817644909e-5,431,-0.3549909178473566
proteomics,schmidt_2016,rel0_abs0,all,unfiltered,1350,ter,5.464294260040181e-4,518,-0.29435402199488886
proteomics,schmidt_2016,rel0_abs0,all,unfiltered,1350,oriC,0.06798275982045897,431,-0.10219942029371097
proteomics,schmidt_2016,rel0_abs0,all,unfiltered,1350,ter,0.0061913815250239715,518,-0.16380880426271044
proteomics,schmidt_2016,rel0_abs0,all,unfiltered,1350,oriC,0.007045489754926766,431,-0.22889419827335
proteomics,schmidt_2016,rel0_abs0,all,unfiltered,1350,ter,0.0904096165155633,518,-0.11610234936372077
proteomics,schmidt_2016,rel0_abs0,all,unfiltered,1350,oriC,0.007045489754926766,431,-0.2944235651241428
proteomics,schmidt_2016,rel0_abs0,all,unfiltered,1350,ter,0.009358048015500706,518,-0.18997272614328303
proteomics,schmidt_2016,rel0_abs0,all,unfiltered,1350,oriC,0.001351415899289485,431,-0.1671285654099514
proteomics,schmidt_2016,rel0_abs0,all,unfiltered,1350,ter,0.030094026276158377,518,-0.16795997232438165
proteomics,schmidt_2016,rel0_abs0,all,unfiltered,1350,oriC,0.17340219750738137,431,-0.21903804176334365
proteomics,schmidt_2016,rel0_abs0,all,unfiltered,1350,ter,0.004107374098343067,518,-0.20721299161473894
proteomics,schmidt_2016,rel0_abs0,all,unfiltered,1350,oriC,5.419800120924725e-7,431,-0.3612411236274777
proteomics,schmidt_2016,rel0_abs0,all,unfiltered,1350,ter,3.300108094389645e-9,518,-0.4549405443016015
proteomics,schmidt_2016,rel0_abs0,all,unfiltered,1350,oriC,2.886727124900741e-5,431,-0.3735476180699359
proteomics,schmidt_2016,rel0_abs0,all,unfiltered,1350,ter,2.479396049768171e-12,518,-0.4734719159108017
proteomics,schmidt_2016,rel0_abs0,all,unfiltered,1350,oriC,0.31937213524290015,431,-0.0439713165899146
proteomics,schmidt_2016,rel0_abs0,all,unfiltered,1350,ter,4.716763883842351e-5,518,-0.17815506563260441
proteomics,schmidt_2016,rel0_abs0,all,unfiltered,1350,oriC,1.2421863451360463e-5,431,-0.2211865257910933
proteomics,schmidt_2016,rel0_abs0,all,unfiltered,1350,ter,8.329682315845764e-6,518,-0.16964263545403035
proteomics,schmidt_2016,rel0_abs0,all,unfiltered,1350,oriC,3.8000347816406363e-6,431,-0.0802501623580498
proteomics,schmidt_2016,rel0_abs0,all,unfiltered,1350,ter,0.049083213706870375,518,-0.02387261382171349
proteomics,schmidt_2016,rel0_abs0,all,unfiltered,1350,oriC,0.39336728015327566,431,-0.07258291710744107
proteomics,schmidt_2016,rel0_abs0,all,unfiltered,1350,ter,0.0014045485131840652,518,-0.09137775047006796
proteomics,schmidt_2016,rel0_abs0,all,unfiltered,1350,oriC,0.00651674682398964,431,-0.08375394473350031
proteomics,schmidt_2016,rel0_abs0,all,unfiltered,1350,ter,7.840204873125808e-5,518,-0.15428185988540638
proteomics,schmidt_2016,rel0_abs0,all,unfiltered,1350,oriC,0.0014450021770127126,431,-0.16239376185647067
proteomics,schmidt_2016,rel0_abs0,all,unfiltered,1350,ter,1.632183573967273e-7,518,-0.2694332527145865
proteomics,schmidt_2016,rel0_abs0,all,unfiltered,1350,oriC,0.01061360965538915,431,-0.09670744378733533
proteomics,schmidt_2016,rel0_abs0,all,unfiltered,1350,ter,0.0156585661252076,518,-0.09747115206682572
proteomics,schmidt_2016,rel0_abs0,all,unfiltered,1350,oriC,0.0173626149475408,431,-0.1051670651042084
proteomics,schmidt_2016,rel0_abs0,all,unfiltered,1350,ter,0.00908183083268222,518,-0.13452017714545128
proteomics,schmidt_2016,rel0_abs0,all,unfiltered,1350,oriC,0.007086451820301039,431,-0.12755736388617767
proteomics,schmidt_2016,rel0_abs0,all,unfiltered,1350,ter,6.574263603377724e-5,518,-0.19808701115558697
proteomics,schmidt_2016,rel0_abs0,all,unfiltered,1350,oriC,0.013874994983248314,431,-0.0685975551038143
proteomics,schmidt_2016,rel0_abs0,all,unfiltered,1350,ter,0.03889664537038552,518,-0.065812875803491
proteomics,schmidt_2016,rel0_abs0,all,unfiltered,1350,oriC,1.60830977916417e-4,431,-0.3092975930276619
proteomics,schmidt_2016,rel0_abs0,all,unfiltered,1350,ter,1.2037191285778919e-4,518,-0.35034345592356897
proteomics,schmidt_2016,rel0_abs0,all,unfiltered,1350,oriC,0.06246290186500355,431,-0.1541476834081874
proteomics,schmidt_2016,rel0_abs0,all,unfiltered,1350,ter,7.763687157637246e-5,518,-0.21200659886498405
proteomics,schmidt_2016,rel0_abs0,all,unfiltered,1350,oriC,0.006733213091102854,431,-0.20593941007103347
proteomics,schmidt_2016,rel0_abs0,all,unfiltered,1350,ter,0.01930376177682751,518,-0.20174308151119252
proteomics,schmidt_2016,rel0_abs0,all,unfiltered,1350,oriC,0.008941050185755585,431,-0.25623742354294393
proteomics,schmidt_2016,rel0_abs0,all,unfiltered,1350,ter,6.753592327247606e-4,518,-0.26134075156588565
proteomics,schmidt_2016,rel0_abs0,all,unfiltered,1350,oriC,8.853333019369485e-4,431,-0.20310155712773614
proteomics,schmidt_2016,rel0_abs0,all,unfiltered,1350,ter,7.125052410529213e-4,518,-0.25424137957703086
proteomics,schmidt_2016,rel0_abs0,all,unfiltered,1350,oriC,0.12681982050077187,431,-0.1463668572223179
proteomics,schmidt_2016,rel0_abs0,all,unfiltered,1350,ter,6.914759641920337e-4,518,-0.2868990358955451
proteomics,schmidt_2016,rel0_abs0,all,unfiltered,1350,oriC,1.6639228976416802e-7,431,-0.33693069624903527
proteomics,schmidt_2016,rel0_abs0,all,unfiltered,1350,ter,5.532136344362274e-12,518,-0.5399250458614978
proteomics,schmidt_2016,rel0_abs0,all,unfiltered,1350,oriC,5.5696505170645844e-5,431,-0.32924025721392197
proteomics,schmidt_2016,rel0_abs0,all,unfiltered,1350,ter,3.894773980557644e-15,518,-0.5976824712189401
proteomics,schmidt_2016,rel0_abs0,all,unfiltered,1350,oriC,0.005538640117964788,431,-0.07944261341087389
proteomics,schmidt_2016,rel0_abs0,all,unfiltered,1350,ter,0.041904121370016846,518,-0.03451614837624546
proteomics,schmidt_2016,rel0_abs0,all,unfiltered,1350,oriC,0.8904160293107093,431,-0.008417509330426941
proteomics,schmidt_2016,rel0_abs0,all,unfiltered,1350,ter,0.16807450353904788,518,0.08891724212468444
proteomics,schmidt_2016,rel0_abs0,all,unfiltered,1350,oriC,0.06957213233973279,431,0.08319582487482155
proteomics,schmidt_2016,rel0_abs0,all,unfiltered,1350,ter,0.28684851864380284,518,0.06456915231547439
proteomics,schmidt_2016,rel0_abs0,all,unfiltered,1350,oriC,0.42831553068735334,431,0.02157832820963295
proteomics,schmidt_2016,rel0_abs0,all,unfiltered,1350,ter,0.48297129927595406,518,0.07109497159483397
proteomics,schmidt_2016,rel0_abs0,all,unfiltered,1350,oriC,0.2019759366565566,431,-0.06729099281805241
proteomics,schmidt_2016,rel0_abs0,all,unfiltered,1350,ter,0.22921859214808385,518,-0.008178971211232096
proteomics,schmidt_2016,rel0_abs0,all,unfiltered,1350,oriC,0.4635907658432013,431,0.020785036316045048
proteomics,schmidt_2016,rel0_abs0,all,unfiltered,1350,ter,0.04948983463040852,518,0.10316160013030135
proteomics,schmidt_2016,rel0_abs0,all,unfiltered,1350,oriC,0.5438796987373316,431,0.015040734658438939
proteomics,schmidt_2016,rel0_abs0,all,unfiltered,1350,ter,0.2040309362699257,518,0.0535981370974685
proteomics,schmidt_2016,rel0_abs0,all,unfiltered,1350,oriC,0.4408128094897151,431,0.01391089156576897
proteomics,schmidt_2016,rel0_abs0,all,unfiltered,1350,ter,0.8187528018694199,518,0.015308158814037453
proteomics,schmidt_2016,rel0_abs0,all,unfiltered,1350,oriC,0.17073207475987495,431,0.04035802964050829
proteomics,schmidt_2016,rel0_abs0,all,unfiltered,1350,ter,0.48903199399712743,518,0.06970043770177606
proteomics,schmidt_2016,rel0_abs0,all,unfiltered,1350,oriC,1.0346481456044772e-4,431,-0.22222698623661974
proteomics,schmidt_2016,rel0_abs0,all,unfiltered,1350,ter,0.021900982548170182,518,-0.09698172230014124
proteomics,schmidt_2016,rel0_abs0,all,unfiltered,1350,oriC,0.7377161502259468,431,-0.02264581855809433
proteomics,schmidt_2016,rel0_abs0,all,unfiltered,1350,ter,0.9943815645203297,518,0.022142456189074587
proteomics,schmidt_2016,rel0_abs0,all,unfiltered,1350,oriC,0.2019759366565566,431,-0.10615092118933404
proteomics,schmidt_2016,rel0_abs0,all,unfiltered,1350,ter,0.7382373753428724,518,-0.0017055109078270786
proteomics,schmidt_2016,rel0_abs0,all,unfiltered,1350,oriC,0.06450172698459973,431,-0.1299302640030355
proteomics,schmidt_2016,rel0_abs0,all,unfiltered,1350,ter,0.39239841707165257,518,-0.029003063124411706
proteomics,schmidt_2016,rel0_abs0,all,unfiltered,1350,oriC,0.13918286098682198,431,-0.04828004496068029
proteomics,schmidt_2016,rel0_abs0,all,unfiltered,1350,ter,0.9709775795981311,518,-0.002179477668257831
proteomics,schmidt_2016,rel0_abs0,all,unfiltered,1350,oriC,0.9548492032620549,431,-0.03715961750509124
proteomics,schmidt_2016,rel0_abs0,all,unfiltered,1350,ter,0.9763590154668466,518,-0.012688083071863136
proteomics,schmidt_2016,rel0_abs0,all,unfiltered,1350,oriC,6.318731844768848e-5,431,-0.1917431128418632
proteomics,schmidt_2016,rel0_abs0,all,unfiltered,1350,ter,3.0476872565606274e-5,518,-0.2719296970464626
proteomics,schmidt_2016,rel0_abs0,all,unfiltered,1350,oriC,0.0015424790912480684,431,-0.2049937855935733
proteomics,schmidt_2016,rel0_abs0,all,unfiltered,1350,ter,1.1398290127104727e-8,518,-0.3328554918156769
proteomics,schmidt_2016,rel0_abs0,all,unfiltered,1350,oriC,8.167538611726911e-4,431,0.12446131633404825
proteomics,schmidt_2016,rel0_abs0,all,unfiltered,1350,ter,0.018080519235090513,518,0.047913924023678285
proteomics,schmidt_2016,rel0_abs0,all,unfiltered,1350,oriC,4.185875856375462e-6,431,0.16904642224168434
proteomics,schmidt_2016,rel0_abs0,all,unfiltered,1350,ter,0.24066467346384732,518,0.06435688838016937
proteomics,schmidt_2016,rel0_abs0,all,unfiltered,1350,oriC,4.1703655926070825e-6,431,0.11312007825421738
proteomics,schmidt_2016,rel0_abs0,all,unfiltered,1350,ter,0.013197568015910908,518,0.04709295571101877
proteomics,schmidt_2016,rel0_abs0,all,unfiltered,1350,oriC,0.08973223212702186,431,0.047917840002100004
proteomics,schmidt_2016,rel0_abs0,all,unfiltered,1350,ter,0.827657723379726,518,-0.006716977954491818
proteomics,schmidt_2016,rel0_abs0,all,unfiltered,1350,oriC,4.537561697501358e-4,431,0.10462060383435534
proteomics,schmidt_2016,rel0_abs0,all,unfiltered,1350,ter,0.001019955145972813,518,0.11193803957347839
proteomics,schmidt_2016,rel0_abs0,all,unfiltered,1350,oriC,1.7189239049455847e-4,431,0.11449829641444487
proteomics,schmidt_2016,rel0_abs0,all,unfiltered,1350,ter,0.01534582635855456,518,0.0638761395009231
proteomics,schmidt_2016,rel0_abs0,all,unfiltered,1350,oriC,8.568250244481972e-5,431,0.140534350197399
proteomics,schmidt_2016,rel0_abs0,all,unfiltered,1350,ter,0.14771192471508196,518,0.024823607840423974
proteomics,schmidt_2016,rel0_abs0,all,unfiltered,1350,oriC,1.859389655986869e-4,431,0.09279804452575492
proteomics,schmidt_2016,rel0_abs0,all,unfiltered,1350,ter,0.14648438768709424,518,0.038014726819689586
proteomics,schmidt_2016,rel0_abs0,all,unfiltered,1350,oriC,0.010185449534065657,431,-0.17236733082439937
proteomics,schmidt_2016,rel0_abs0,all,unfiltered,1350,ter,0.07583279401504639,518,-0.11309926465891915
proteomics,schmidt_2016,rel0_abs0,all,unfiltered,1350,oriC,0.20582796122606442,431,0.040448726644817204
proteomics,schmidt_2016,rel0_abs0,all,unfiltered,1350,ter,0.8418595357617397,518,-0.013688759201547274
proteomics,schmidt_2016,rel0_abs0,all,unfiltered,1350,oriC,0.8578352613558821,431,-0.0420223954762223
proteomics,schmidt_2016,rel0_abs0,all,unfiltered,1350,ter,0.4106740942244331,518,0.023113116734334475
proteomics,schmidt_2016,rel0_abs0,all,unfiltered,1350,oriC,0.29254243963530674,431,-0.0785169213179803
proteomics,schmidt_2016,rel0_abs0,all,unfiltered,1350,ter,0.4002401178265623,518,-0.006057935552442759
proteomics,schmidt_2016,rel0_abs0,all,unfiltered,1350,oriC,0.9530021218719322,431,-0.015822297763102462
proteomics,schmidt_2016,rel0_abs0,all,unfiltered,1350,ter,0.950635714619964,518,-0.009117012005958816
proteomics,schmidt_2016,rel0_abs0,all,unfiltered,1350,oriC,0.12452883870948454,431,0.055367670764816655
proteomics,schmidt_2016,rel0_abs0,all,unfiltered,1350,ter,0.8496698384340715,518,-0.046530864448832435
proteomics,schmidt_2016,rel0_abs0,all,unfiltered,1350,oriC,0.03614734843449366,431,-0.09024168048928038
proteomics,schmidt_2016,rel0_abs0,all,unfiltered,1350,ter,8.797607547546518e-6,518,-0.2602638386164782
proteomics,schmidt_2016,rel0_abs0,all,unfiltered,1350,oriC,0.09806661465124296,431,-0.060043441708734165
proteomics,schmidt_2016,rel0_abs0,all,unfiltered,1350,ter,1.940307411350953e-8,518,-0.32547935357807134
proteomics,schmidt_2016,rel0_abs0,all,unfiltered,1350,oriC,0.90754532444956,431,-0.0020723934006066933
proteomics,schmidt_2016,rel0_abs0,all,unfiltered,1350,ter,0.022796755130527264,518,-0.047439503624933946
proteomics,schmidt_2016,rel0_abs0,all,unfiltered,1350,oriC,0.7970258422911258,431,-0.009357236648620827
proteomics,schmidt_2016,rel0_abs0,all,unfiltered,1350,ter,0.1092222894362487,518,-0.027963813673226624
proteomics,schmidt_2016,rel0_abs0,all,unfiltered,1350,oriC,0.012654983092149324,431,-0.09314341677533795
proteomics,schmidt_2016,rel0_abs0,all,unfiltered,1350,ter,7.640600345498635e-6,518,-0.19450364762983963
proteomics,schmidt_2016,rel0_abs0,all,unfiltered,1350,oriC,0.6616173756786319,431,-0.009063006261269444
proteomics,schmidt_2016,rel0_abs0,all,unfiltered,1350,ter,0.1960999790416188,518,-0.04475179108328743
proteomics,schmidt_2016,rel0_abs0,all,unfiltered,1350,oriC,0.27705594431094205,431,-0.06726245826887924
proteomics,schmidt_2016,rel0_abs0,all,unfiltered,1350,ter,0.2934038735316717,518,-0.05718506998199843
proteomics,schmidt_2016,rel0_abs0,all,unfiltered,1350,oriC,0.5152865680703737,431,-0.040954943726018406
proteomics,schmidt_2016,rel0_abs0,all,unfiltered,1350,ter,0.005952626823806723,518,-0.10598881280463976
proteomics,schmidt_2016,rel0_abs0,all,unfiltered,1350,oriC,0.6773816721805648,431,-0.020875449717112696
proteomics,schmidt_2016,rel0_abs0,all,unfiltered,1350,ter,0.1441332994401898,518,-0.027967984026057255
proteomics,schmidt_2016,rel0_abs0,all,unfiltered,1350,oriC,0.012355108353899087,431,-0.25500898679397044
proteomics,schmidt_2016,rel0_abs0,all,unfiltered,1350,ter,0.0014232181799661617,518,-0.2341978341829177
proteomics,schmidt_2016,rel0_abs0,all,unfiltered,1350,oriC,0.5534106542631457,431,-0.03673616823964531
proteomics,schmidt_2016,rel0_abs0,all,unfiltered,1350,ter,0.0010945938377412328,518,-0.12890757896967403
proteomics,schmidt_2016,rel0_abs0,all,unfiltered,1350,oriC,0.025814844169332746,431,-0.15946872288596275
proteomics,schmidt_2016,rel0_abs0,all,unfiltered,1350,ter,0.049728332463182506,518,-0.10957458312881282
proteomics,schmidt_2016,rel0_abs0,all,unfiltered,1350,oriC,0.03133042168872943,431,-0.20195937114492976
proteomics,schmidt_2016,rel0_abs0,all,unfiltered,1350,ter,0.014195416621273611,518,-0.2094986872961644
proteomics,schmidt_2016,rel0_abs0,all,unfiltered,1350,oriC,0.05611451439493534,431,-0.1139830472251618
proteomics,schmidt_2016,rel0_abs0,all,unfiltered,1350,ter,0.0023775642750437347,518,-0.1963473686102722
proteomics,schmidt_2016,rel0_abs0,all,unfiltered,1350,oriC,0.5944716706549382,431,-0.04275988347899262
proteomics,schmidt_2016,rel0_abs0,all,unfiltered,1350,ter,0.0037877014386496167,518,-0.17629218569610022
proteomics,schmidt_2016,rel0_abs0,all,unfiltered,1350,oriC,3.390818360206965e-6,431,-0.27367365365909513
proteomics,schmidt_2016,rel0_abs0,all,unfiltered,1350,ter,2.7002200975412206e-11,518,-0.49852774424940083
proteomics,schmidt_2016,rel0_abs0,all,unfiltered,1350,oriC,3.3892276299880614e-4,431,-0.23144246262455567
proteomics,schmidt_2016,rel0_abs0,all,unfiltered,1350,ter,4.663230149870014e-15,518,-0.49369682018187466
proteomics,schmidt_2016,rel0_abs0,all,unfiltered,1350,oriC,0.04465147013477817,431,-0.05892408298000465
proteomics,schmidt_2016,rel0_abs0,all,unfiltered,1350,ter,0.2772670611078607,518,0.02022144375442208
proteomics,schmidt_2016,rel0_abs0,all,unfiltered,1350,oriC,1.4973159864216144e-5,431,-0.13303711032683177
proteomics,schmidt_2016,rel0_abs0,all,unfiltered,1350,ter,0.38256844658486056,518,-0.023789398234857276
proteomics,schmidt_2016,rel0_abs0,all,unfiltered,1350,oriC,0.04543766569534912,431,-0.04887837919407442
proteomics,schmidt_2016,rel0_abs0,all,unfiltered,1350,ter,0.020185153169092074,518,0.04287652672432764
proteomics,schmidt_2016,rel0_abs0,all,unfiltered,1350,oriC,1.8114107386492736e-4,431,-0.07657290859887815
proteomics,schmidt_2016,rel0_abs0,all,unfiltered,1350,ter,0.4460760656797171,518,-0.005408537343602717
proteomics,schmidt_2016,rel0_abs0,all,unfiltered,1350,oriC,0.014268364463158866,431,-0.10429283192888696
proteomics,schmidt_2016,rel0_abs0,all,unfiltered,1350,ter,0.6503248807816425,518,-0.015372800013173737
proteomics,schmidt_2016,rel0_abs0,all,unfiltered,1350,oriC,0.6250571242387428,431,-0.012556280698876869
proteomics,schmidt_2016,rel0_abs0,all,unfiltered,1350,ter,0.045516541573219126,518,0.05360349573500928
proteomics,schmidt_2016,rel0_abs0,all,unfiltered,1350,oriC,5.821949758784425e-6,431,-0.35991982056226507
proteomics,schmidt_2016,rel0_abs0,all,unfiltered,1350,ter,0.05069198396429463,518,-0.15167147802785005
proteomics,schmidt_2016,rel0_abs0,all,unfiltered,1350,oriC,0.00837130283945468,431,-0.11313763625867965
proteomics,schmidt_2016,rel0_abs0,all,unfiltered,1350,ter,0.06265166936462208,518,-0.09203201155429266
proteomics,schmidt_2016,rel0_abs0,all,unfiltered,1350,oriC,9.447956150193124e-5,431,-0.17762218721491366
proteomics,schmidt_2016,rel0_abs0,all,unfiltered,1350,ter,0.9950838594330462,518,-0.01316370060953864
proteomics,schmidt_2016,rel0_abs0,all,unfiltered,1350,oriC,3.6451939262101886e-5,431,-0.27554759090943254
proteomics,schmidt_2016,rel0_abs0,all,unfiltered,1350,ter,0.12261311102446121,518,-0.126182837505264
proteomics,schmidt_2016,rel0_abs0,all,unfiltered,1350,oriC,8.899424497571728e-6,431,-0.18315259329859926
proteomics,schmidt_2016,rel0_abs0,all,unfiltered,1350,ter,0.00604927793789523,518,-0.10872574962741932
proteomics,schmidt_2016,rel0_abs0,all,unfiltered,1350,oriC,0.2891884760313159,431,-0.0754916642670963
proteomics,schmidt_2016,rel0_abs0,all,unfiltered,1350,ter,0.1598120636155328,518,-0.10376644489735354
proteomics,schmidt_2016,rel0_abs0,all,unfiltered,1350,oriC,3.252191973174681e-7,431,-0.21704546875394545
proteomics,schmidt_2016,rel0_abs0,all,unfiltered,1350,ter,3.2825030619632166e-9,518,-0.3704382976238677
proteomics,schmidt_2016,rel0_abs0,all,unfiltered,1350,oriC,5.47878040382356e-5,431,-0.2270641431684708
proteomics,schmidt_2016,rel0_abs0,all,unfiltered,1350,ter,1.8852120567077718e-10,518,-0.34880408355073755
proteomics,schmidt_2016,rel0_abs0,all,unfiltered,1350,oriC,0.004097818692600944,431,-0.03543677750456104
proteomics,schmidt_2016,rel0_abs0,all,unfiltered,1350,ter,3.3579237842195134e-4,518,-0.060039253494098416
proteomics,schmidt_2016,rel0_abs0,all,unfiltered,1350,oriC,0.5461905057225179,431,-0.005024286682003307
proteomics,schmidt_2016,rel0_abs0,all,unfiltered,1350,ter,0.03667732249862224,518,0.04928700488491246
proteomics,schmidt_2016,rel0_abs0,all,unfiltered,1350,oriC,0.9145935098927024,431,-0.013198569215865139
proteomics,schmidt_2016,rel0_abs0,all,unfiltered,1350,ter,0.6351889734059284,518,-0.012304572434642518
proteomics,schmidt_2016,rel0_abs0,all,unfiltered,1350,oriC,0.44679261925807484,431,-0.0261313057317861
proteomics,schmidt_2016,rel0_abs0,all,unfiltered,1350,ter,0.12796254525689998,518,-0.03615024140655766
proteomics,schmidt_2016,rel0_abs0,all,unfiltered,1350,oriC,0.7185580953681328,431,-0.030135103432259558
proteomics,schmidt_2016,rel0_abs0,all,unfiltered,1350,ter,0.343581854221185,518,-0.01164519284053417
proteomics,schmidt_2016,rel0_abs0,all,unfiltered,1350,oriC,5.057700464310239e-4,431,-0.21981571361878358
proteomics,schmidt_2016,rel0_abs0,all,unfiltered,1350,ter,0.01750171711824131,518,-0.12982843776186864
proteomics,schmidt_2016,rel0_abs0,all,unfiltered,1350,oriC,0.3659133549529215,431,-0.024990885761199674
proteomics,schmidt_2016,rel0_abs0,all,unfiltered,1350,ter,0.1091573919508101,518,-0.06395299029282983
proteomics,schmidt_2016,rel0_abs0,all,unfiltered,1350,oriC,0.07534511108351896,431,-0.08129283764158231
proteomics,schmidt_2016,rel0_abs0,all,unfiltered,1350,ter,0.9047134426848396,518,-0.023003952487987138
proteomics,schmidt_2016,rel0_abs0,all,unfiltered,1350,oriC,0.005518933031577299,431,-0.1751409532940159
proteomics,schmidt_2016,rel0_abs0,all,unfiltered,1350,ter,0.09994455319092202,518,-0.12231600980186336
proteomics,schmidt_2016,rel0_abs0,all,unfiltered,1350,oriC,0.020880110340658304,431,-0.0913298713584092
proteomics,schmidt_2016,rel0_abs0,all,unfiltered,1350,ter,0.05065730040728006,518,-0.10502130068142693
proteomics,schmidt_2016,rel0_abs0,all,unfiltered,1350,oriC,0.5588562808821937,431,-1.0977436338288121e-7
proteomics,schmidt_2016,rel0_abs0,all,unfiltered,1350,ter,0.20340467813488966,518,-0.10618664892557236
proteomics,schmidt_2016,rel0_abs0,all,unfiltered,1350,oriC,2.3206434324127954e-6,431,-0.22986689089182213
proteomics,schmidt_2016,rel0_abs0,all,unfiltered,1350,ter,2.416852171430951e-9,518,-0.3184445959731523
proteomics,schmidt_2016,rel0_abs0,all,unfiltered,1350,oriC,1.3635585363513795e-4,431,-0.14793850152271568
proteomics,schmidt_2016,rel0_abs0,all,unfiltered,1350,ter,5.277631692427328e-11,518,-0.3310697821976762
proteomics,schmidt_2016,rel0_abs0,all,unfiltered,1350,oriC,0.10642052856989292,431,0.0617992905195986
proteomics,schmidt_2016,rel0_abs0,all,unfiltered,1350,ter,1.5431012789088434e-5,518,0.09488716364279465
proteomics,schmidt_2016,rel0_abs0,all,unfiltered,1350,oriC,0.006915836065555049,431,0.07468629348473832
proteomics,schmidt_2016,rel0_abs0,all,unfiltered,1350,ter,0.0047992232857653905,518,0.05160712765881066
proteomics,schmidt_2016,rel0_abs0,all,unfiltered,1350,oriC,0.0048854207194252664,431,0.05241560402056034
proteomics,schmidt_2016,rel0_abs0,all,unfiltered,1350,ter,0.0012098324662619827,518,0.045015370982364564
proteomics,schmidt_2016,rel0_abs0,all,unfiltered,1350,oriC,0.02517884673398785,431,0.05616225918253062
proteomics,schmidt_2016,rel0_abs0,all,unfiltered,1350,ter,0.025100359693469722,518,0.0846606879159768
proteomics,schmidt_2016,rel0_abs0,all,unfiltered,1350,oriC,0.005046375701723004,431,-0.21708926470111145
proteomics,schmidt_2016,rel0_abs0,all,unfiltered,1350,ter,0.778872473433819,518,-0.05527336856640942
proteomics,schmidt_2016,rel0_abs0,all,unfiltered,1350,oriC,0.5596363470132824,431,-0.00827364793715734
proteomics,schmidt_2016,rel0_abs0,all,unfiltered,1350,ter,0.5980206885109763,518,-0.0023131017023733814
proteomics,schmidt_2016,rel0_abs0,all,unfiltered,1350,oriC,0.9720989969693702,431,-0.013121230879552264
proteomics,schmidt_2016,rel0_abs0,all,unfiltered,1350,ter,0.02244852849224177,518,0.0666751560075586
proteomics,schmidt_2016,rel0_abs0,all,unfiltered,1350,oriC,0.11839494238158946,431,-0.12337403138767503
proteomics,schmidt_2016,rel0_abs0,all,unfiltered,1350,ter,0.9721473530297612,518,-0.02207494671706827
proteomics,schmidt_2016,rel0_abs0,all,unfiltered,1350,oriC,0.7348025772523722,431,-0.02440546601468217
proteomics,schmidt_2016,rel0_abs0,all,unfiltered,1350,ter,0.7318262868494896,518,-0.03496924719635817
proteomics,schmidt_2016,rel0_abs0,all,unfiltered,1350,oriC,0.03262901604278053,431,0.04080947450822808
proteomics,schmidt_2016,rel0_abs0,all,unfiltered,1350,ter,0.4452009639446337,518,-0.009334057721604363
proteomics,schmidt_2016,rel0_abs0,all,unfiltered,1350,oriC,0.0013696735006069457,431,-0.11035957443570733
proteomics,schmidt_2016,rel0_abs0,all,unfiltered,1350,ter,7.577894049430763e-6,518,-0.1915143394936496
proteomics,schmidt_2016,rel0_abs0,all,unfiltered,1350,oriC,0.008760632597881565,431,-0.11560956908089225
proteomics,schmidt_2016,rel0_abs0,all,unfiltered,1350,ter,5.752993132758474e-7,518,-0.2970136639332048
proteomics,schmidt_2016,rel0_abs0,all,unfiltered,1350,oriC,0.9207278504501997,431,0.00795059546043946
proteomics,schmidt_2016,rel0_abs0,all,unfiltered,1350,ter,0.04523206567963476,518,-0.03369436682299019
proteomics,schmidt_2016,rel0_abs0,all,unfiltered,1350,oriC,0.5306243333015126,431,-0.0014445273699518189
proteomics,schmidt_2016,rel0_abs0,all,unfiltered,1350,ter,3.881854213077533e-6,518,-0.08228575062220114
proteomics,schmidt_2016,rel0_abs0,all,unfiltered,1350,oriC,0.36203317706370375,431,0.022974261577266144
proteomics,schmidt_2016,rel0_abs0,all,unfiltered,1350,ter,0.334540088477872,518,-0.005318481179462521
proteomics,schmidt_2016,rel0_abs0,all,unfiltered,1350,oriC,1.0264546279760791e-4,431,-0.290840640713307
proteomics,schmidt_2016,rel0_abs0,all,unfiltered,1350,ter,6.610113815504682e-4,518,-0.1966695420438092
proteomics,schmidt_2016,rel0_abs0,all,unfiltered,1350,oriC,0.642398507991903,431,-0.021269394868482255
proteomics,schmidt_2016,rel0_abs0,all,unfiltered,1350,ter,4.0067420101835735e-4,518,-0.10938213214463657
proteomics,schmidt_2016,rel0_abs0,all,unfiltered,1350,oriC,0.008117328955685787,431,-0.11450652874981528
proteomics,schmidt_2016,rel0_abs0,all,unfiltered,1350,ter,0.049320067122129815,518,-0.09001454820442706
proteomics,schmidt_2016,rel0_abs0,all,unfiltered,1350,oriC,0.001375194982214297,431,-0.18841092103308102
proteomics,schmidt_2016,rel0_abs0,all,unfiltered,1350,ter,0.0016425851087452682,518,-0.15960765142677286
proteomics,schmidt_2016,rel0_abs0,all,unfiltered,1350,oriC,0.011864949385093778,431,-0.09372524147597312
proteomics,schmidt_2016,rel0_abs0,all,unfiltered,1350,ter,1.0074465052836171e-4,518,-0.1263112940716496
proteomics,schmidt_2016,rel0_abs0,all,unfiltered,1350,oriC,0.7570385422735026,431,-0.05426580276216796
proteomics,schmidt_2016,rel0_abs0,all,unfiltered,1350,ter,0.020153642583137128,518,-0.09922460375234832
proteomics,schmidt_2016,rel0_abs0,all,unfiltered,1350,oriC,1.3238730893406394e-6,431,-0.23393729757991233
proteomics,schmidt_2016,rel0_abs0,all,unfiltered,1350,ter,7.035525441891618e-13,518,-0.3315455395158048
proteomics,schmidt_2016,rel0_abs0,all,unfiltered,1350,oriC,5.469771049617897e-5,431,-0.21552510997976843
proteomics,schmidt_2016,rel0_abs0,all,unfiltered,1350,ter,1.139276695797835e-15,518,-0.4135716015381497
proteomics,schmidt_2016,rel0_abs0,all,unfiltered,1350,oriC,0.2657726730596435,431,0.03077761667818915
proteomics,schmidt_2016,rel0_abs0,all,unfiltered,1350,ter,0.9896997359415821,518,0.007591586718226603
proteomics,schmidt_2016,rel0_abs0,all,unfiltered,1350,oriC,1.7708578772799178e-5,431,-0.25063803611629343
proteomics,schmidt_2016,rel0_abs0,all,unfiltered,1350,ter,0.0022182882894236358,518,-0.1928959751930558
proteomics,schmidt_2016,rel0_abs0,all,unfiltered,1350,oriC,0.09142601301786532,431,-0.07498628976121749
proteomics,schmidt_2016,rel0_abs0,all,unfiltered,1350,ter,0.021232919566622023,518,-0.09113737100548153
proteomics,schmidt_2016,rel0_abs0,all,unfiltered,1350,oriC,0.013578950207176615,431,-0.09470022209791949
proteomics,schmidt_2016,rel0_abs0,all,unfiltered,1350,ter,0.3856139316939115,518,-0.01664095470902916
proteomics,schmidt_2016,rel0_abs0,all,unfiltered,1350,oriC,4.4699821732920587e-5,431,-0.23465422448480044
proteomics,schmidt_2016,rel0_abs0,all,unfiltered,1350,ter,0.00717169958231976,518,-0.12934322819579025
proteomics,schmidt_2016,rel0_abs0,all,unfiltered,1350,oriC,0.013202442300110076,431,-0.08495551131639503
proteomics,schmidt_2016,rel0_abs0,all,unfiltered,1350,ter,0.00338383981072464,518,-0.07789058803437922
proteomics,schmidt_2016,rel0_abs0,all,unfiltered,1350,oriC,0.9127541824321859,431,-0.01850156055179386
proteomics,schmidt_2016,rel0_abs0,all,unfiltered,1350,ter,0.09409727257446099,518,-0.12392179104914412
proteomics,schmidt_2016,rel0_abs0,all,unfiltered,1350,oriC,1.8559883456298948e-5,431,-0.15127565433030257
proteomics,schmidt_2016,rel0_abs0,all,unfiltered,1350,ter,3.334063799551454e-10,518,-0.2590093049208342
proteomics,schmidt_2016,rel0_abs0,all,unfiltered,1350,oriC,0.0016157744597450165,431,-0.1658753151022102
proteomics,schmidt_2016,rel0_abs0,all,unfiltered,1350,ter,1.5795579743846654e-11,518,-0.3061110866463814
proteomics,schmidt_2016,rel0_abs0,all,unfiltered,1350,oriC,0.3573707539181193,431,0.052389306071617396
proteomics,schmidt_2016,rel0_abs0,all,unfiltered,1350,ter,0.3083441937227069,518,0.05469919813603086
proteomics,schmidt_2016,rel0_abs0,all,unfiltered,1350,oriC,3.027316919674394e-5,431,-0.2358019647637691
proteomics,schmidt_2016,rel0_abs0,all,unfiltered,1350,ter,0.11641260299047045,518,-0.09027285806815641
proteomics,schmidt_2016,rel0_abs0,all,unfiltered,1350,oriC,0.6756857124422074,431,-0.018510865593699986
proteomics,schmidt_2016,rel0_abs0,all,unfiltered,1350,ter,0.5758044578843184,518,-0.008591023098571255
proteomics,schmidt_2016,rel0_abs0,all,unfiltered,1350,oriC,0.09948750833121976,431,-0.06840692303491819
proteomics,schmidt_2016,rel0_abs0,all,unfiltered,1350,ter,0.5252835855518979,518,0.00940891451111991
proteomics,schmidt_2016,rel0_abs0,all,unfiltered,1350,oriC,0.011168190747975705,431,-0.12853586327482402
proteomics,schmidt_2016,rel0_abs0,all,unfiltered,1350,ter,0.7872120237077797,518,-0.03432891211550389
proteomics,schmidt_2016,rel0_abs0,all,unfiltered,1350,oriC,0.07863737617599419,431,-0.057706014152925623
proteomics,schmidt_2016,rel0_abs0,all,unfiltered,1350,ter,0.31522164234393124,518,-0.015090033061948113
proteomics,schmidt_2016,rel0_abs0,all,unfiltered,1350,oriC,0.5984921345967844,431,0.0034042680618182157
proteomics,schmidt_2016,rel0_abs0,all,unfiltered,1350,ter,0.9644280733747572,518,-0.011968907723900456
proteomics,schmidt_2016,rel0_abs0,all,unfiltered,1350,oriC,7.03576329039748e-5,431,-0.16263519099403947
proteomics,schmidt_2016,rel0_abs0,all,unfiltered,1350,ter,2.0645453385534507e-6,518,-0.20499555887266865
proteomics,schmidt_2016,rel0_abs0,all,unfiltered,1350,oriC,0.0021604033595161,431,-0.18961004213848573
proteomics,schmidt_2016,rel0_abs0,all,unfiltered,1350,ter,3.5061690315808357e-9,518,-0.33025288587960266
proteomics,schmidt_2016,rel0_abs0,all,unfiltered,1350,oriC,5.028612369504654e-4,431,-0.31415879328302165
proteomics,schmidt_2016,rel0_abs0,all,unfiltered,1350,ter,0.017683455716355094,518,-0.2389788543317608
proteomics,schmidt_2016,rel0_abs0,all,unfiltered,1350,oriC,0.12490841122124877,431,-0.06746304890276787
proteomics,schmidt_2016,rel0_abs0,all,unfiltered,1350,ter,0.009438331891013261,518,-0.11855244768195307
proteomics,schmidt_2016,rel0_abs0,all,unfiltered,1350,oriC,0.025254443253408823,431,-0.1174990827976086
proteomics,schmidt_2016,rel0_abs0,all,unfiltered,1350,ter,0.151525407085994,518,-0.0471665085885396
proteomics,schmidt_2016,rel0_abs0,all,unfiltered,1350,oriC,0.0021298751918039914,431,-0.25783318245222847
proteomics,schmidt_2016,rel0_abs0,all,unfiltered,1350,ter,0.017571421875926276,518,-0.1356844737418761
proteomics,schmidt_2016,rel0_abs0,all,unfiltered,1350,oriC,0.00535077118638933,431,-0.13925917803054277
proteomics,schmidt_2016,rel0_abs0,all,unfiltered,1350,ter,0.0014348206412651613,518,-0.1151835317953666
proteomics,schmidt_2016,rel0_abs0,all,unfiltered,1350,oriC,0.8587457159094652,431,-0.05756078807558748
proteomics,schmidt_2016,rel0_abs0,all,unfiltered,1350,ter,0.01529630159483105,518,-0.13738417495838207
proteomics,schmidt_2016,rel0_abs0,all,unfiltered,1350,oriC,9.236358953526477e-7,431,-0.23869720850061382
proteomics,schmidt_2016,rel0_abs0,all,unfiltered,1350,ter,4.254210625324555e-12,518,-0.40346236499393295
proteomics,schmidt_2016,rel0_abs0,all,unfiltered,1350,oriC,2.9064243184299854e-5,431,-0.2266217031347061
proteomics,schmidt_2016,rel0_abs0,all,unfiltered,1350,ter,4.628939533601389e-14,518,-0.3980275765769557
proteomics,schmidt_2016,rel0_abs0,all,unfiltered,1350,oriC,3.290263724043239e-4,431,0.15702500969016045
proteomics,schmidt_2016,rel0_abs0,all,unfiltered,1350,ter,0.012201361369999664,518,0.10783775253539032
proteomics,schmidt_2016,rel0_abs0,all,unfiltered,1350,oriC,0.34341473235960585,431,0.048535530830032717
proteomics,schmidt_2016,rel0_abs0,all,unfiltered,1350,ter,0.06236253812505452,518,0.04322781371646186
proteomics,schmidt_2016,rel0_abs0,all,unfiltered,1350,oriC,0.011442410624142689,431,0.2710541985677072
proteomics,schmidt_2016,rel0_abs0,all,unfiltered,1350,ter,0.32811426086859613,518,0.09069000855431417
proteomics,schmidt_2016,rel0_abs0,all,unfiltered,1350,oriC,3.158320634499794e-5,431,0.21991640338531687
proteomics,schmidt_2016,rel0_abs0,all,unfiltered,1350,ter,0.9186733476073893,518,0.009842231746763085
proteomics,schmidt_2016,rel0_abs0,all,unfiltered,1350,oriC,0.7191361214967631,431,0.05505632275636821
proteomics,schmidt_2016,rel0_abs0,all,unfiltered,1350,ter,0.05248740732588556,518,-0.12136260913485758
proteomics,schmidt_2016,rel0_abs0,all,unfiltered,1350,oriC,0.8575318184618423,431,0.08801517655672468
proteomics,schmidt_2016,rel0_abs0,all,unfiltered,1350,ter,0.001462726789512054,518,-0.15047919892612865
proteomics,schmidt_2016,rel0_abs0,all,unfiltered,1350,oriC,0.05963554036228109,431,-0.04249179384066946
proteomics,schmidt_2016,rel0_abs0,all,unfiltered,1350,ter,0.07367964563909528,518,0.03756798533644841
proteomics,schmidt_2016,rel0_abs0,all,unfiltered,1350,oriC,0.002463193858790474,431,-0.12520938933782366
proteomics,schmidt_2016,rel0_abs0,all,unfiltered,1350,ter,0.03948302095755296,518,-0.11423621343493567
proteomics,schmidt_2016,rel0_abs0,all,unfiltered,1350,oriC,0.21727124022412705,431,-0.0023561182264827956
proteomics,schmidt_2016,rel0_abs0,all,unfiltered,1350,ter,0.5970024616347784,518,0.007724609000624315
proteomics,schmidt_2016,rel0_abs0,all,unfiltered,1350,oriC,0.07010865508411154,431,0.06251171811063796
proteomics,schmidt_2016,rel0_abs0,all,unfiltered,1350,ter,0.7757235380941719,518,-1.718723460081017e-4
proteomics,schmidt_2016,rel0_abs0,all,unfiltered,1350,oriC,0.0031171517168035122,431,-0.08981519018182108
proteomics,schmidt_2016,rel0_abs0,all,unfiltered,1350,ter,8.014984642461346e-5,518,-0.17717547394053001
proteomics,schmidt_2016,rel0_abs0,all,unfiltered,1350,oriC,0.04228290097890919,431,-0.0314675451201375
proteomics,schmidt_2016,rel0_abs0,all,unfiltered,1350,ter,6.629935113182284e-6,518,-0.22565855380297645
proteomics,schmidt_2016,rel0_abs0,all,unfiltered,1350,oriC,0.033263424670608256,431,-0.12907167541882805
proteomics,schmidt_2016,rel0_abs0,all,unfiltered,1350,ter,0.02546465762686839,518,-0.09786682978588654
proteomics,schmidt_2016,rel0_abs0,all,unfiltered,1350,oriC,0.6689183930322342,431,0.006127920487588398
proteomics,schmidt_2016,rel0_abs0,all,unfiltered,1350,ter,0.057421107936495484,518,-0.04522223121551609
proteomics,schmidt_2016,rel0_abs0,all,unfiltered,1350,oriC,0.007924585795504273,431,0.06456720809096124
proteomics,schmidt_2016,rel0_abs0,all,unfiltered,1350,ter,0.05083091718705214,518,-0.05350313546313595
proteomics,schmidt_2016,rel0_abs0,all,unfiltered,1350,oriC,0.15412222367228373,431,-0.05426088946418529
proteomics,schmidt_2016,rel0_abs0,all,unfiltered,1350,ter,6.892169278372627e-8,518,-0.2480390974019063
proteomics,schmidt_2016,rel0_abs0,all,unfiltered,1350,oriC,0.4960150981727485,431,-0.009102434457448983
proteomics,schmidt_2016,rel0_abs0,all,unfiltered,1350,ter,2.065961605153404e-8,518,-0.22933642763256382
proteomics,schmidt_2016,rel0_abs0,all,unfiltered,1350,oriC,0.01640371067801482,431,0.22647035958608447
proteomics,schmidt_2016,rel0_abs0,all,unfiltered,1350,ter,0.38272836678570044,518,0.03974212980495825
proteomics,schmidt_2016,rel0_abs0,all,unfiltered,1350,oriC,2.701924767968686e-4,431,0.16679384698653957
proteomics,schmidt_2016,rel0_abs0,all,unfiltered,1350,ter,0.7544555194767382,518,0.023044105308007313
proteomics,schmidt_2016,rel0_abs0,all,unfiltered,1350,oriC,0.32465958513969645,431,0.01779421351295657
proteomics,schmidt_2016,rel0_abs0,all,unfiltered,1350,ter,0.004325893575157011,518,-0.10480703622893117
proteomics,schmidt_2016,rel0_abs0,all,unfiltered,1350,oriC,0.7353849881336614,431,0.0798572394816269
proteomics,schmidt_2016,rel0_abs0,all,unfiltered,1350,ter,2.0312688920980814e-4,518,-0.11838745966830409
proteomics,schmidt_2016,rel0_abs0,all,unfiltered,1350,oriC,0.2801420993656697,431,0.012784127251074289
proteomics,schmidt_2016,rel0_abs0,all,unfiltered,1350,ter,0.8372724465419318,518,-0.02028737198113447
proteomics,schmidt_2016,rel0_abs0,all,unfiltered,1350,oriC,0.13041585856088833,431,-0.05063041571988922
proteomics,schmidt_2016,rel0_abs0,all,unfiltered,1350,ter,5.261214067979663e-5,518,-0.15634461837675442
proteomics,schmidt_2016,rel0_abs0,all,unfiltered,1350,oriC,0.29396241897578396,431,-0.026315658360050193
proteomics,schmidt_2016,rel0_abs0,all,unfiltered,1350,ter,9.363702658504938e-7,518,-0.23301356595348532
proteomics,schmidt_2016,rel0_abs0,all,unfiltered,1350,oriC,1.1068618782484626e-5,431,-0.17037427258635052
proteomics,schmidt_2016,rel0_abs0,all,unfiltered,1350,ter,7.464619894910455e-5,518,-0.1520277478312816
proteomics,schmidt_2016,rel0_abs0,all,unfiltered,1350,oriC,0.013667172168254612,431,-0.09696995011041434
proteomics,schmidt_2016,rel0_abs0,all,unfiltered,1350,ter,2.7665365751649677e-5,518,-0.18308927044771112
proteomics,schmidt_2016,rel0_abs0,all,unfiltered,1350,oriC,0.3694070032194863,431,0.005928768011326794
proteomics,schmidt_2016,rel0_abs0,all,unfiltered,1350,ter,0.001090067153993789,518,-0.0233494622732043
proteomics,peebo_2015,rel0_abs0,all,unfiltered,791,oriC,0.3044161851452222,243,0.003948711025320078
proteomics,peebo_2015,rel0_abs0,all,unfiltered,791,ter,0.9284980622845179,306,0.0025626898858589356
proteomics,peebo_2015,rel0_abs0,all,unfiltered,796,oriC,0.012302193265874745,252,0.048564989593665404
proteomics,peebo_2015,rel0_abs0,all,unfiltered,796,ter,0.765898203661762,299,-0.007465713476197109
proteomics,peebo_2015,rel0_abs0,all,unfiltered,741,oriC,0.06056424203180382,222,-0.09914892450256506
proteomics,peebo_2015,rel0_abs0,all,unfiltered,741,ter,0.3125092047008565,292,-0.05101679739279487
proteomics,peebo_2015,rel0_abs0,all,unfiltered,758,oriC,0.2320317315985917,233,-0.0705299470490696
proteomics,peebo_2015,rel0_abs0,all,unfiltered,758,ter,0.003286762056825241,295,-0.07030948075377087
proteomics,peebo_2015,rel0_abs0,all,unfiltered,758,oriC,0.7953027841393365,232,0.00882710162935549
proteomics,peebo_2015,rel0_abs0,all,unfiltered,758,ter,0.11432640171286541,293,-0.011007678560680257
proteomics,peebo_2015,rel0_abs0,all,unfiltered,767,oriC,0.5333359900796599,239,0.015380285586423818
proteomics,peebo_2015,rel0_abs0,all,unfiltered,767,ter,0.23876425807959129,293,-0.0014804950935466271
proteomics,peebo_2015,rel0_abs0,all,unfiltered,749,oriC,2.4279638238776393e-5,226,-0.1554165830203415
proteomics,peebo_2015,rel0_abs0,all,unfiltered,749,ter,1.2233837870188833e-8,290,-0.166148994257363
proteomics,peebo_2015,rel0_abs0,all,unfiltered,769,oriC,0.9026891048127945,238,0.018684356633374664
proteomics,peebo_2015,rel0_abs0,all,unfiltered,769,ter,0.14065361287898523,295,-0.002032167100887555
proteomics,peebo_2015,rel0_abs0,all,unfiltered,763,oriC,0.9458167334326939,233,0.016393817873305877
proteomics,peebo_2015,rel0_abs0,all,unfiltered,763,ter,0.20438165483464793,297,0.014459282419284389
proteomics,peebo_2015,rel0_abs0,all,unfiltered,788,oriC,0.03629449155151718,246,-0.0787202240946419
proteomics,peebo_2015,rel0_abs0,all,unfiltered,788,ter,3.334001301101617e-5,302,-0.1289578337646332
proteomics,peebo_2015,rel0_abs0,all,unfiltered,738,oriC,3.889884651092088e-6,223,-0.26449247623505506
proteomics,peebo_2015,rel0_abs0,all,unfiltered,738,ter,3.089628078878045e-10,289,-0.2943700063557521
proteomics,peebo_2015,rel0_abs0,all,unfiltered,761,oriC,0.6064607267307162,234,-0.005766520359050285
proteomics,peebo_2015,rel0_abs0,all,unfiltered,761,ter,0.012698922947746438,290,-0.08624570015623129
proteomics,peebo_2015,rel0_abs0,all,unfiltered,787,oriC,0.976677061113964,235,0.04110137883335455
proteomics,peebo_2015,rel0_abs0,all,unfiltered,787,ter,0.04361077574590792,310,-0.021794206315865892
proteomics,peebo_2015,rel0_abs0,all,unfiltered,752,oriC,0.6114713130937924,228,-0.003916310378825973
proteomics,peebo_2015,rel0_abs0,all,unfiltered,752,ter,0.03390203148161138,293,-0.10790344593056676
proteomics,peebo_2015,rel0_abs0,all,unfiltered,770,oriC,0.052759208554399806,233,-0.1469941765780143
proteomics,peebo_2015,rel0_abs0,all,unfiltered,770,ter,5.870357572729393e-7,302,-0.20330748663428425
proteomics,peebo_2015,rel0_abs0,all,unfiltered,733,oriC,5.701637275572574e-6,220,-0.31743319339795395
proteomics,peebo_2015,rel0_abs0,all,unfiltered,733,ter,5.935419633135364e-10,285,-0.3418086387346213
proteomics,peebo_2015,rel0_abs0,all,unfiltered,775,oriC,0.0011300549556483809,236,-0.17323967280250285
proteomics,peebo_2015,rel0_abs0,all,unfiltered,775,ter,2.3098138824339453e-8,297,-0.3069144335668658
proteomics,peebo_2015,rel0_abs0,all,unfiltered,738,oriC,6.7732873676219175e-6,221,-0.38504439557561543
proteomics,peebo_2015,rel0_abs0,all,unfiltered,738,ter,2.7818846368266347e-10,286,-0.46329211063904857
proteomics,peebo_2015,rel0_abs0,all,unfiltered,769,oriC,9.209311505089065e-4,234,-0.20085864943613838
proteomics,peebo_2015,rel0_abs0,all,unfiltered,769,ter,6.192664595994314e-6,300,-0.2763740547739973
proteomics,peebo_2015,rel0_abs0,all,unfiltered,747,oriC,8.304781830763286e-6,225,-0.3281408673347419
proteomics,peebo_2015,rel0_abs0,all,unfiltered,747,ter,8.29830905001441e-10,292,-0.6119249765684799
proteomics,peebo_2015,rel0_abs0,all,unfiltered,771,oriC,0.0039060453028837783,235,-0.19366936390870848
proteomics,peebo_2015,rel0_abs0,all,unfiltered,771,ter,1.6158758190430891e-6,300,-0.32574295535528375
proteomics,peebo_2015,rel0_abs0,all,unfiltered,740,oriC,3.520402903259733e-6,224,-0.5266439186913132
proteomics,peebo_2015,rel0_abs0,all,unfiltered,740,ter,1.9264552194780676e-8,287,-0.710162418591476
proteomics,peebo_2015,rel0_abs0,all,unfiltered,774,oriC,0.03227081155470047,242,-0.08184379881367192
proteomics,peebo_2015,rel0_abs0,all,unfiltered,774,ter,0.007141891043262516,298,-0.06622748879574747
proteomics,peebo_2015,rel0_abs0,all,unfiltered,771,oriC,0.4552166243127582,237,-0.013687973366987785
proteomics,peebo_2015,rel0_abs0,all,unfiltered,771,ter,0.20040910636180884,301,-0.011522238271050247
proteomics,peebo_2015,rel0_abs0,all,unfiltered,800,oriC,0.567713009484097,250,0.028710617128893095
proteomics,peebo_2015,rel0_abs0,all,unfiltered,800,ter,0.14150941383809323,307,-0.005196747709582296
proteomics,peebo_2015,rel0_abs0,all,unfiltered,763,oriC,3.874890583368232e-6,236,-0.17100038269006695
proteomics,peebo_2015,rel0_abs0,all,unfiltered,763,ter,2.344497750574337e-8,292,-0.21204721947667018
proteomics,peebo_2015,rel0_abs0,all,unfiltered,781,oriC,0.4236208927805854,240,-0.0076769159575339856
proteomics,peebo_2015,rel0_abs0,all,unfiltered,781,ter,0.05707990642693558,304,-0.018213771756968204
proteomics,peebo_2015,rel0_abs0,all,unfiltered,791,oriC,0.7849526088630233,245,0.00607712195832364
proteomics,peebo_2015,rel0_abs0,all,unfiltered,791,ter,0.081969696710674,307,-0.012231806844305733
proteomics,peebo_2015,rel0_abs0,all,unfiltered,805,oriC,0.003978876077899797,250,-0.08816799564049224
proteomics,peebo_2015,rel0_abs0,all,unfiltered,805,ter,1.3634113400732378e-5,312,-0.1894201994085462
proteomics,peebo_2015,rel0_abs0,all,unfiltered,762,oriC,5.415641860097831e-8,236,-0.33169479075890657
proteomics,peebo_2015,rel0_abs0,all,unfiltered,762,ter,4.0673157081163563e-10,296,-0.2965386079069292
proteomics,peebo_2015,rel0_abs0,all,unfiltered,772,oriC,0.31661353889709315,239,-0.05601344776212536
proteomics,peebo_2015,rel0_abs0,all,unfiltered,772,ter,0.004906726826060387,297,-0.09988086982072641
proteomics,peebo_2015,rel0_abs0,all,unfiltered,804,oriC,0.7139589769587218,248,-0.020890656436385095
proteomics,peebo_2015,rel0_abs0,all,unfiltered,804,ter,0.03529988798782811,314,-0.04684054016865145
proteomics,peebo_2015,rel0_abs0,all,unfiltered,767,oriC,0.2351731498266722,235,-0.05290091143984764
proteomics,peebo_2015,rel0_abs0,all,unfiltered,767,ter,0.01923880485106252,298,-0.15089669486151017
proteomics,peebo_2015,rel0_abs0,all,unfiltered,783,oriC,0.0038968170220210893,238,-0.1641398199571138
proteomics,peebo_2015,rel0_abs0,all,unfiltered,783,ter,2.4455182194513782e-8,306,-0.2517590717537926
proteomics,peebo_2015,rel0_abs0,all,unfiltered,757,oriC,5.660141065833264e-7,231,-0.4152403628427084
proteomics,peebo_2015,rel0_abs0,all,unfiltered,757,ter,6.569793812065691e-10,295,-0.4283201756527687
proteomics,peebo_2015,rel0_abs0,all,unfiltered,806,oriC,5.454457062284029e-4,252,-0.2066686555770935
proteomics,peebo_2015,rel0_abs0,all,unfiltered,806,ter,2.917880701434208e-8,310,-0.35111703247537607
proteomics,peebo_2015,rel0_abs0,all,unfiltered,767,oriC,5.700690684108164e-6,235,-0.4248306034338185
proteomics,peebo_2015,rel0_abs0,all,unfiltered,767,ter,9.76274859957295e-11,296,-0.5558098476545421
proteomics,peebo_2015,rel0_abs0,all,unfiltered,792,oriC,7.412720752552407e-4,244,-0.23913862206938222
proteomics,peebo_2015,rel0_abs0,all,unfiltered,792,ter,6.502920511075021e-6,308,-0.32063026052995514
proteomics,peebo_2015,rel0_abs0,all,unfiltered,764,oriC,1.1500483957628145e-6,235,-0.407469120808722
proteomics,peebo_2015,rel0_abs0,all,unfiltered,764,ter,3.860568237788499e-10,298,-0.6461271453991346
proteomics,peebo_2015,rel0_abs0,all,unfiltered,798,oriC,0.0010428606770344494,244,-0.27947996256213187
proteomics,peebo_2015,rel0_abs0,all,unfiltered,798,ter,6.319317580925845e-7,311,-0.36281667541364043
proteomics,peebo_2015,rel0_abs0,all,unfiltered,762,oriC,6.358473572735886e-7,232,-0.7887163191149991
proteomics,peebo_2015,rel0_abs0,all,unfiltered,762,ter,8.462102076968977e-9,294,-0.7667099737448901
proteomics,peebo_2015,rel0_abs0,all,unfiltered,783,oriC,0.016077969342342523,250,-0.03502819331730997
proteomics,peebo_2015,rel0_abs0,all,unfiltered,783,ter,0.16421528137343636,291,7.158344479654229e-4
proteomics,peebo_2015,rel0_abs0,all,unfiltered,781,oriC,0.09387240976333676,248,-0.06752994729851247
proteomics,peebo_2015,rel0_abs0,all,unfiltered,781,ter,0.33484520411556845,294,0.01423643192196165
proteomics,peebo_2015,rel0_abs0,all,unfiltered,808,oriC,0.04544509604262685,255,-0.05992051672205484
proteomics,peebo_2015,rel0_abs0,all,unfiltered,808,ter,0.5886540519998923,304,0.02575569188170678
proteomics,peebo_2015,rel0_abs0,all,unfiltered,772,oriC,1.6637889071191193e-4,245,-0.18126970205852547
proteomics,peebo_2015,rel0_abs0,all,unfiltered,772,ter,0.001167634318976428,286,-0.09479997141539488
proteomics,peebo_2015,rel0_abs0,all,unfiltered,793,oriC,0.021585026503381306,253,-0.09405685027911803
proteomics,peebo_2015,rel0_abs0,all,unfiltered,793,ter,0.3050976137778832,296,0.010077823607319417
proteomics,peebo_2015,rel0_abs0,all,unfiltered,802,oriC,0.05737776389954339,255,-0.031171481940225444
proteomics,peebo_2015,rel0_abs0,all,unfiltered,802,ter,0.5954088936281253,303,0.02470844710022449
proteomics,peebo_2015,rel0_abs0,all,unfiltered,814,oriC,0.04213601528344768,260,-0.07144296976440154
proteomics,peebo_2015,rel0_abs0,all,unfiltered,814,ter,0.029683326503422928,306,-0.026948898900155505
proteomics,peebo_2015,rel0_abs0,all,unfiltered,775,oriC,9.713536201383518e-5,245,-0.30923623063810785
proteomics,peebo_2015,rel0_abs0,all,unfiltered,775,ter,7.232067807463772e-5,289,-0.15530143041469396
proteomics,peebo_2015,rel0_abs0,all,unfiltered,789,oriC,0.04002051395682418,252,-0.12060045366104694
proteomics,peebo_2015,rel0_abs0,all,unfiltered,789,ter,0.13626254675883553,292,0.00420733039254843
proteomics,peebo_2015,rel0_abs0,all,unfiltered,814,oriC,0.050515283922019455,254,-0.10946405506919066
proteomics,peebo_2015,rel0_abs0,all,unfiltered,814,ter,0.1639143497804421,309,0.03672284623189771
proteomics,peebo_2015,rel0_abs0,all,unfiltered,781,oriC,0.04569144004206416,250,-0.16562890119442086
proteomics,peebo_2015,rel0_abs0,all,unfiltered,781,ter,0.14202444532625022,291,-0.05837240593635052
proteomics,peebo_2015,rel0_abs0,all,unfiltered,798,oriC,0.006263281491548232,249,-0.16292465101208467
proteomics,peebo_2015,rel0_abs0,all,unfiltered,798,ter,0.001352472259342912,301,-0.091541495170241155
proteomics,peebo_2015,rel0_abs0,all,unfiltered,769,oriC,1.397846419271307e-4,243,-0.415207114402438
proteomics,peebo_2015,rel0_abs0,all,unfiltered,769,ter,4.057896973743567e-5,287,-0.22984311699773524
proteomics,peebo_2015,rel0_abs0,all,unfiltered,804,oriC,0.008897567344384495,254,-0.17457869660704514
proteomics,peebo_2015,rel0_abs0,all,unfiltered,804,ter,6.410200915823598e-6,300,-0.20740241648769422
proteomics,peebo_2015,rel0_abs0,all,unfiltered,774,oriC,2.4905273070012545e-4,248,-0.4850703563079908
proteomics,peebo_2015,rel0_abs0,all,unfiltered,774,ter,5.138453098721715e-7,284,-0.35953730249311044
proteomics,peebo_2015,rel0_abs0,all,unfiltered,807,oriC,0.0023323777419209735,254,-0.24958481530746882
proteomics,peebo_2015,rel0_abs0,all,unfiltered,807,ter,0.0010351204332485348,306,-0.17880357032352295
proteomics,peebo_2015,rel0_abs0,all,unfiltered,778,oriC,9.446825894452465e-5,246,-0.484628210606856
proteomics,peebo_2015,rel0_abs0,all,unfiltered,778,ter,1.9805957562373495e-7,291,-0.45385542782299493
proteomics,peebo_2015,rel0_abs0,all,unfiltered,807,oriC,0.0013164742294967738,254,-0.223694933756796
proteomics,peebo_2015,rel0_abs0,all,unfiltered,807,ter,6.943114559916945e-5,307,-0.22414089735322626
proteomics,peebo_2015,rel0_abs0,all,unfiltered,775,oriC,9.553994100224934e-7,244,-0.8745918173471433
proteomics,peebo_2015,rel0_abs0,all,unfiltered,775,ter,1.264614142835625e-7,288,-0.6333628051520281
proteomics,peebo_2015,rel0_abs0,all,unfiltered,656,oriC,0.6863278651689249,199,-0.03782935471392782
proteomics,peebo_2015,rel0_abs0,all,unfiltered,656,ter,0.049275061131546186,258,-0.049813613414911924
proteomics,peebo_2015,rel0_abs0,all,unfiltered,706,oriC,0.021052624629936303,218,0.14547076523894684
proteomics,peebo_2015,rel0_abs0,all,unfiltered,706,ter,0.8457582971211905,278,0.018674053178765672
proteomics,peebo_2015,rel0_abs0,all,unfiltered,755,oriC,0.010935530581016324,231,0.1713781117459669
proteomics,peebo_2015,rel0_abs0,all,unfiltered,755,ter,0.5150175398508657,293,0.07277806322871544
proteomics,peebo_2015,rel0_abs0,all,unfiltered,646,oriC,0.3949407625214799,193,-0.025275374609666102
proteomics,peebo_2015,rel0_abs0,all,unfiltered,646,ter,0.00823171827899087,254,-0.08716200428537325
proteomics,peebo_2015,rel0_abs0,all,unfiltered,722,oriC,0.133433076101352,223,0.12713770792036427
proteomics,peebo_2015,rel0_abs0,all,unfiltered,722,ter,0.796130871790621,279,0.05343040159296293
proteomics,peebo_2015,rel0_abs0,all,unfiltered,752,oriC,0.08279500797242766,226,0.19295367945140074
proteomics,peebo_2015,rel0_abs0,all,unfiltered,752,ter,0.6413506893750518,297,0.13128010030559153
proteomics,peebo_2015,rel0_abs0,all,unfiltered,761,oriC,0.09911710086567416,235,0.09965132075112344
proteomics,peebo_2015,rel0_abs0,all,unfiltered,761,ter,0.4267198038178977,295,-0.02720033745867966
proteomics,peebo_2015,rel0_abs0,all,unfiltered,620,oriC,0.15835260984679528,187,-0.06010081975661396
proteomics,peebo_2015,rel0_abs0,all,unfiltered,620,ter,0.0014766484414256865,247,-0.12614537876685386
proteomics,peebo_2015,rel0_abs0,all,unfiltered,714,oriC,0.6404604726494526,216,0.11152739958263377
proteomics,peebo_2015,rel0_abs0,all,unfiltered,714,ter,0.61554955463761,276,0.06132067526280327
proteomics,peebo_2015,rel0_abs0,all,unfiltered,746,oriC,0.43567390441713905,225,0.18258677299855527
proteomics,peebo_2015,rel0_abs0,all,unfiltered,746,ter,0.5533633332137603,297,0.07066813639534651
proteomics,peebo_2015,rel0_abs0,all,unfiltered,690,oriC,0.9371604760544183,212,0.1035558867993831
proteomics,peebo_2015,rel0_abs0,all,unfiltered,690,ter,0.3650094273119551,268,-0.011135253214730544
proteomics,peebo_2015,rel0_abs0,all,unfiltered,732,oriC,0.4060722725204767,222,0.09454501186413126
proteomics,peebo_2015,rel0_abs0,all,unfiltered,732,ter,0.18914561704403032,288,-0.017513862099600642
proteomics,peebo_2015,rel0_abs0,all,unfiltered,628,oriC,0.19185662521462793,183,-0.057643530363821034
proteomics,peebo_2015,rel0_abs0,all,unfiltered,628,ter,0.0013370187212691596,251,-0.12102911550209551
proteomics,peebo_2015,rel0_abs0,all,unfiltered,752,oriC,0.5384819490426247,232,0.2071372254221917
proteomics,peebo_2015,rel0_abs0,all,unfiltered,752,ter,0.001165243191681417,288,-0.09441770376722342
proteomics,peebo_2015,rel0_abs0,all,unfiltered,619,oriC,0.1909261404294851,191,-0.03549726732762592
proteomics,peebo_2015,rel0_abs0,all,unfiltered,619,ter,1.4343987146848597e-5,238,-0.26645457398570427
proteomics,peebo_2015,rel0_abs0,all,unfiltered,744,oriC,0.6941137078301207,226,0.13965760173015934
proteomics,peebo_2015,rel0_abs0,all,unfiltered,744,ter,0.020442513253793978,294,-0.05565693451168249
proteomics,peebo_2015,rel0_abs0,all,unfiltered,648,oriC,0.16708804386160045,197,-0.08694211744661702
proteomics,peebo_2015,rel0_abs0,all,unfiltered,648,ter,1.4567555798149869e-5,253,-0.26074325455158465
proteomics,peebo_2015,rel0_abs0,all,unfiltered,748,oriC,0.9910810634642996,226,0.13941690886625024
proteomics,peebo_2015,rel0_abs0,all,unfiltered,748,ter,0.006303404862632929,295,-0.05745566775849386
proteomics,peebo_2015,rel0_abs0,all,unfiltered,630,oriC,0.015547146897657143,188,-0.22819977610774483
proteomics,peebo_2015,rel0_abs0,all,unfiltered,630,ter,8.660374783408044e-6,251,-0.3779342700686747
proteomics,peebo_2015,rel0_abs0,all,unfiltered,725,oriC,0.5660624987563162,231,0.006347647432614695
proteomics,peebo_2015,rel0_abs0,all,unfiltered,725,ter,0.7615604093793502,280,0.022723139797967466
proteomics,peebo_2015,rel0_abs0,all,unfiltered,773,oriC,0.19718723151923442,245,0.07616875605175602
proteomics,peebo_2015,rel0_abs0,all,unfiltered,773,ter,0.1331545055167688,294,0.07321290459646117
proteomics,peebo_2015,rel0_abs0,all,unfiltered,671,oriC,0.0380847739383804,207,-0.027466404610494207
proteomics,peebo_2015,rel0_abs0,all,unfiltered,671,ter,0.06778987525182001,253,-0.009798137612874444
proteomics,peebo_2015,rel0_abs0,all,unfiltered,738,oriC,0.6093562455376019,236,0.037667701243502674
proteomics,peebo_2015,rel0_abs0,all,unfiltered,738,ter,0.5608477370535043,279,0.04041054756458404
proteomics,peebo_2015,rel0_abs0,all,unfiltered,772,oriC,0.6684429437327951,241,0.07877156405381595
proteomics,peebo_2015,rel0_abs0,all,unfiltered,772,ter,0.49479200233034365,299,0.10841343488535801
proteomics,peebo_2015,rel0_abs0,all,unfiltered,775,oriC,0.6826455089034306,245,0.02360601975146164
proteomics,peebo_2015,rel0_abs0,all,unfiltered,775,ter,0.3555573186724185,293,0.015166301746729163
proteomics,peebo_2015,rel0_abs0,all,unfiltered,652,oriC,0.011827780394606312,203,-0.08589827632071938
proteomics,peebo_2015,rel0_abs0,all,unfiltered,652,ter,1.6978560305907727e-4,247,-0.07699293658547472
proteomics,peebo_2015,rel0_abs0,all,unfiltered,730,oriC,0.7471225228714904,228,0.021076643239915302
proteomics,peebo_2015,rel0_abs0,all,unfiltered,730,ter,0.693371346593618,278,0.07054723009881185
proteomics,peebo_2015,rel0_abs0,all,unfiltered,761,oriC,0.9856528241573976,237,0.08973157723942093
proteomics,peebo_2015,rel0_abs0,all,unfiltered,761,ter,0.7210896599942515,295,0.1236251440624961
proteomics,peebo_2015,rel0_abs0,all,unfiltered,712,oriC,0.7042945447618959,225,0.012639166189580288
proteomics,peebo_2015,rel0_abs0,all,unfiltered,712,ter,0.549200380584046,271,0.0275778519242496
proteomics,peebo_2015,rel0_abs0,all,unfiltered,744,oriC,0.97922064495417,234,0.04234087656973874
proteomics,peebo_2015,rel0_abs0,all,unfiltered,744,ter,0.07388265779464893,285,0.012828843137984594
proteomics,peebo_2015,rel0_abs0,all,unfiltered,659,oriC,0.013781315393475447,200,-0.15524924895478032
proteomics,peebo_2015,rel0_abs0,all,unfiltered,659,ter,9.689440819586081e-4,254,-0.12774293440794343
proteomics,peebo_2015,rel0_abs0,all,unfiltered,768,oriC,0.4664478773053399,241,0.02902060978801906
proteomics,peebo_2015,rel0_abs0,all,unfiltered,768,ter,0.004459772288410699,291,-0.06308386363665858
proteomics,peebo_2015,rel0_abs0,all,unfiltered,657,oriC,0.020528630939121828,205,-0.1817369108199627
proteomics,peebo_2015,rel0_abs0,all,unfiltered,657,ter,4.2015076545803126e-5,249,-0.2319531247336316
proteomics,peebo_2015,rel0_abs0,all,unfiltered,755,oriC,0.2006872757229035,237,-0.022211877175317772
proteomics,peebo_2015,rel0_abs0,all,unfiltered,755,ter,0.06296619099982251,289,0.03007343617275127
proteomics,peebo_2015,rel0_abs0,all,unfiltered,674,oriC,0.0064399066471768985,210,-0.222027860652712
proteomics,peebo_2015,rel0_abs0,all,unfiltered,674,ter,1.5614203734446946e-5,254,-0.21687710551004113
proteomics,peebo_2015,rel0_abs0,all,unfiltered,762,oriC,0.16883645070012296,238,-0.015266835005978276
proteomics,peebo_2015,rel0_abs0,all,unfiltered,762,ter,0.002798399196677504,292,-0.04667522008011265
proteomics,peebo_2015,rel0_abs0,all,unfiltered,664,oriC,4.534470444440449e-4,204,-0.3448166154564086
proteomics,peebo_2015,rel0_abs0,all,unfiltered,664,ter,7.220897968048315e-6,254,-0.34525971967375835
proteomics,peebo_2015,rel0_abs0,all,unfiltered,772,oriC,0.42516187342189454,241,0.01502830072383945
proteomics,peebo_2015,rel0_abs0,all,unfiltered,772,ter,0.5011079291626663,295,-0.004734747826296613
proteomics,peebo_2015,rel0_abs0,all,unfiltered,716,oriC,5.008083951307603e-4,224,-0.12756035397698
proteomics,peebo_2015,rel0_abs0,all,unfiltered,716,ter,4.874125645444217e-5,275,-0.10109809419211811
proteomics,peebo_2015,rel0_abs0,all,unfiltered,739,oriC,0.8191340454976226,231,0.023331658899674815
proteomics,peebo_2015,rel0_abs0,all,unfiltered,739,ter,0.34745713381345517,284,-0.0013700683535296913
proteomics,peebo_2015,rel0_abs0,all,unfiltered,763,oriC,0.40240665285718713,234,0.028874543740819734
proteomics,peebo_2015,rel0_abs0,all,unfiltered,763,ter,0.9346886343246977,298,0.05310967583098891
proteomics,peebo_2015,rel0_abs0,all,unfiltered,781,oriC,0.022466067854842144,243,-0.06599974672624048
proteomics,peebo_2015,rel0_abs0,all,unfiltered,781,ter,0.006105162165197529,301,-0.08356206031239564
proteomics,peebo_2015,rel0_abs0,all,unfiltered,711,oriC,2.7075116395268373e-7,221,-0.22023489056696274
proteomics,peebo_2015,rel0_abs0,all,unfiltered,711,ter,3.140952957118022e-8,278,-0.22634470008585278
proteomics,peebo_2015,rel0_abs0,all,unfiltered,734,oriC,0.9317150590316545,229,0.00821491919547976
proteomics,peebo_2015,rel0_abs0,all,unfiltered,734,ter,0.09207597099759277,280,-0.034281307462511706
proteomics,peebo_2015,rel0_abs0,all,unfiltered,770,oriC,0.8587763944493285,237,0.014395267593559496
proteomics,peebo_2015,rel0_abs0,all,unfiltered,770,ter,0.26410759637507697,303,0.011293315277359953
proteomics,peebo_2015,rel0_abs0,all,unfiltered,720,oriC,0.6025740402542268,225,0.010643360801829656
proteomics,peebo_2015,rel0_abs0,all,unfiltered,720,ter,0.13801503742974097,278,-0.07291770656765303
proteomics,peebo_2015,rel0_abs0,all,unfiltered,754,oriC,0.02402292932560271,229,-0.0906517994924998
proteomics,peebo_2015,rel0_abs0,all,unfiltered,754,ter,3.0256278079423335e-5,294,-0.16462261600592326
proteomics,peebo_2015,rel0_abs0,all,unfiltered,700,oriC,8.602965700738578e-6,215,-0.2902799598087796
proteomics,peebo_2015,rel0_abs0,all,unfiltered,700,ter,2.06108142662336e-8,274,-0.30765987190869226
proteomics,peebo_2015,rel0_abs0,all,unfiltered,768,oriC,0.002032674503557223,237,-0.15859255120880342
proteomics,peebo_2015,rel0_abs0,all,unfiltered,768,ter,4.970658364641443e-6,295,-0.2599700211148763
proteomics,peebo_2015,rel0_abs0,all,unfiltered,706,oriC,1.6366797987710482e-5,221,-0.3437886080039847
proteomics,peebo_2015,rel0_abs0,all,unfiltered,706,ter,3.2749613620423725e-9,271,-0.4091954643389808
proteomics,peebo_2015,rel0_abs0,all,unfiltered,764,oriC,0.0037480604000494264,238,-0.14138697125402339
proteomics,peebo_2015,rel0_abs0,all,unfiltered,764,ter,1.9505098441356626e-4,296,-0.19123454022487202
proteomics,peebo_2015,rel0_abs0,all,unfiltered,715,oriC,5.516348960709267e-6,225,-0.31858717689898397
proteomics,peebo_2015,rel0_abs0,all,unfiltered,715,ter,1.4755848952228869e-8,273,-0.48999319062116753
proteomics,peebo_2015,rel0_abs0,all,unfiltered,767,oriC,0.0041380810066127954,235,-0.17710789062864085
proteomics,peebo_2015,rel0_abs0,all,unfiltered,767,ter,2.2338622541120487e-4,298,-0.2709227069723754
proteomics,peebo_2015,rel0_abs0,all,unfiltered,705,oriC,4.607647548095228e-6,218,-0.40593934845898816
proteomics,peebo_2015,rel0_abs0,all,unfiltered,705,ter,1.1139738363747975e-7,272,-0.582994108583111
proteomics,peebo_2015,rel0_abs0,all,unfiltered,760,oriC,5.502238926707306e-4,236,-0.14332498568014468
proteomics,peebo_2015,rel0_abs0,all,unfiltered,760,ter,2.0160713023777784e-5,288,-0.12710281856759953
proteomics,peebo_2015,rel0_abs0,all,unfiltered,776,oriC,0.8129126298258399,242,0.006315129589692376
proteomics,peebo_2015,rel0_abs0,all,unfiltered,776,ter,0.36638337775691954,297,0.00952795675861499
proteomics,peebo_2015,rel0_abs0,all,unfiltered,768,oriC,0.6960925208499382,235,-0.0013530192459200168
proteomics,peebo_2015,rel0_abs0,all,unfiltered,768,ter,0.3667416920055068,297,5.191327833985736e-4
proteomics,peebo_2015,rel0_abs0,all,unfiltered,789,oriC,0.036614890502351255,246,-0.045556745621944714
proteomics,peebo_2015,rel0_abs0,all,unfiltered,789,ter,0.0034477956347078783,301,-0.10597655238289704
proteomics,peebo_2015,rel0_abs0,all,unfiltered,750,oriC,5.756804804309334e-8,233,-0.2981851056046203
proteomics,peebo_2015,rel0_abs0,all,unfiltered,750,ter,1.1513047973747101e-9,286,-0.2354101756516968
proteomics,peebo_2015,rel0_abs0,all,unfiltered,764,oriC,0.6102257517309373,238,-0.023810716186917463
proteomics,peebo_2015,rel0_abs0,all,unfiltered,764,ter,0.01032341024292314,289,-0.031515899919188003
proteomics,peebo_2015,rel0_abs0,all,unfiltered,785,oriC,0.9765133446347088,239,0.005839789793846685
proteomics,peebo_2015,rel0_abs0,all,unfiltered,785,ter,0.05255550470566319,304,-0.03069402972460549
proteomics,peebo_2015,rel0_abs0,all,unfiltered,765,oriC,0.4931906675959857,242,-0.007020233687495325
proteomics,peebo_2015,rel0_abs0,all,unfiltered,765,ter,0.05391774719426206,290,-0.06770334989652925
proteomics,peebo_2015,rel0_abs0,all,unfiltered,779,oriC,0.002684820824536025,241,-0.15186121474954167
proteomics,peebo_2015,rel0_abs0,all,unfiltered,779,ter,2.2757758331750246e-7,299,-0.1672656677462548
proteomics,peebo_2015,rel0_abs0,all,unfiltered,744,oriC,5.148247972814804e-9,230,-0.44336282557360573
proteomics,peebo_2015,rel0_abs0,all,unfiltered,744,ter,1.8825987514959971e-10,283,-0.336457167819354
proteomics,peebo_2015,rel0_abs0,all,unfiltered,772,oriC,2.9083753753886627e-5,238,-0.18999494038236436
proteomics,peebo_2015,rel0_abs0,all,unfiltered,772,ter,1.4195472252599641e-9,292,-0.25623502280819
proteomics,peebo_2015,rel0_abs0,all,unfiltered,749,oriC,8.887605503453557e-8,234,-0.42910609127855126
proteomics,peebo_2015,rel0_abs0,all,unfiltered,749,ter,1.3705022418166235e-11,281,-0.43737631543924166
proteomics,peebo_2015,rel0_abs0,all,unfiltered,769,oriC,2.2916011272818832e-5,237,-0.2315302047033515
proteomics,peebo_2015,rel0_abs0,all,unfiltered,769,ter,1.0550373382748795e-6,295,-0.22241989781173818
proteomics,peebo_2015,rel0_abs0,all,unfiltered,758,oriC,6.613335754222582e-8,237,-0.40637577547178283
proteomics,peebo_2015,rel0_abs0,all,unfiltered,758,ter,1.486683872171007e-10,289,-0.5145311831897035
proteomics,peebo_2015,rel0_abs0,all,unfiltered,772,oriC,6.808663765984242e-5,241,-0.22151641569549932
proteomics,peebo_2015,rel0_abs0,all,unfiltered,772,ter,6.775405060161283e-7,295,-0.25486420800122234
proteomics,peebo_2015,rel0_abs0,all,unfiltered,752,oriC,2.2739060430265238e-7,232,-0.6410186272813561
proteomics,peebo_2015,rel0_abs0,all,unfiltered,752,ter,1.7781390046227804e-9,286,-0.6717623851471974
proteomics,peebo_2015,rel0_abs0,all,unfiltered,727,oriC,0.10956656238359383,228,0.08258164733758262
proteomics,peebo_2015,rel0_abs0,all,unfiltered,727,ter,0.025506334370407942,272,0.06586130278542789
proteomics,peebo_2015,rel0_abs0,all,unfiltered,759,oriC,0.035051772748365594,233,0.1260506288869179
proteomics,peebo_2015,rel0_abs0,all,unfiltered,759,ter,0.020787658814373583,292,0.11486676415938885
proteomics,peebo_2015,rel0_abs0,all,unfiltered,763,oriC,0.362902230170455,239,0.002189124405689554
proteomics,peebo_2015,rel0_abs0,all,unfiltered,763,ter,0.8627749564339131,288,-0.008668112407675815
proteomics,peebo_2015,rel0_abs0,all,unfiltered,642,oriC,0.227070124647974,196,-0.029056716955659888
proteomics,peebo_2015,rel0_abs0,all,unfiltered,642,ter,0.005372298350021135,243,-0.04178224642061659
proteomics,peebo_2015,rel0_abs0,all,unfiltered,719,oriC,0.4721480666151455,223,0.08550723174212467
proteomics,peebo_2015,rel0_abs0,all,unfiltered,719,ter,0.6407439986447914,269,0.10793627066023094
proteomics,peebo_2015,rel0_abs0,all,unfiltered,753,oriC,0.35332864179377366,233,0.11033318341649438
proteomics,peebo_2015,rel0_abs0,all,unfiltered,753,ter,0.6175557448066166,289,0.15949134997431397
proteomics,peebo_2015,rel0_abs0,all,unfiltered,700,oriC,0.6585705445595037,218,0.09472712860184912
proteomics,peebo_2015,rel0_abs0,all,unfiltered,700,ter,0.683439314602979,263,0.09024539427850121
proteomics,peebo_2015,rel0_abs0,all,unfiltered,730,oriC,0.16140661098065626,226,0.06323283710360335
proteomics,peebo_2015,rel0_abs0,all,unfiltered,730,ter,0.22110883805706583,279,-0.0124451782565141
proteomics,peebo_2015,rel0_abs0,all,unfiltered,636,oriC,0.12586864867947262,188,-0.08938236073437839
proteomics,peebo_2015,rel0_abs0,all,unfiltered,636,ter,0.005464068986698978,241,-0.04775909795750576
proteomics,peebo_2015,rel0_abs0,all,unfiltered,753,oriC,0.551065610670409,234,0.042575794032511056
proteomics,peebo_2015,rel0_abs0,all,unfiltered,753,ter,0.003469131009439412,283,-0.057440846902815396
proteomics,peebo_2015,rel0_abs0,all,unfiltered,639,oriC,0.14863423569927087,196,-0.08486751204125453
proteomics,peebo_2015,rel0_abs0,all,unfiltered,639,ter,2.340340195453552e-5,237,-0.1541549881829668
proteomics,peebo_2015,rel0_abs0,all,unfiltered,741,oriC,0.9041059383555436,231,0.05166725890376713
proteomics,peebo_2015,rel0_abs0,all,unfiltered,741,ter,0.22811052418128613,282,0.030787290103116066
proteomics,peebo_2015,rel0_abs0,all,unfiltered,655,oriC,0.05657354304729158,202,-0.06739057958116658
proteomics,peebo_2015,rel0_abs0,all,unfiltered,655,ter,4.665943671025834e-5,246,-0.13305566213547132
proteomics,peebo_2015,rel0_abs0,all,unfiltered,745,oriC,0.44593328254153997,230,0.03730994344462339
proteomics,peebo_2015,rel0_abs0,all,unfiltered,745,ter,0.03436720597313622,282,-0.012188895982238997
proteomics,peebo_2015,rel0_abs0,all,unfiltered,641,oriC,0.006840642598926867,196,-0.19904651290283654
proteomics,peebo_2015,rel0_abs0,all,unfiltered,641,ter,9.971906299340788e-5,239,-0.2683065090291435
proteomics,peebo_2015,rel0_abs0,all,unfiltered,760,oriC,0.09156446649865156,234,0.0305364057367043
proteomics,peebo_2015,rel0_abs0,all,unfiltered,760,ter,0.6730758332269501,297,0.0034317718111798383
proteomics,peebo_2015,rel0_abs0,all,unfiltered,781,oriC,0.4078870191884589,245,-0.04426271942960438
proteomics,peebo_2015,rel0_abs0,all,unfiltered,781,ter,0.1833088759147315,298,-0.03856983918255483
proteomics,peebo_2015,rel0_abs0,all,unfiltered,712,oriC,2.819884536351776e-5,221,-0.21521516498607213
proteomics,peebo_2015,rel0_abs0,all,unfiltered,712,ter,4.497318297050472e-5,272,-0.16052406631498095
proteomics,peebo_2015,rel0_abs0,all,unfiltered,737,oriC,0.8718166080969196,230,0.0012948093200034925
proteomics,peebo_2015,rel0_abs0,all,unfiltered,737,ter,0.06446024405783138,280,-0.01047231906729465
proteomics,peebo_2015,rel0_abs0,all,unfiltered,777,oriC,0.6721309644535711,238,0.016706276066803843
proteomics,peebo_2015,rel0_abs0,all,unfiltered,777,ter,0.1975485828598331,304,0.012461474606260455
proteomics,peebo_2015,rel0_abs0,all,unfiltered,724,oriC,0.9873634902243298,230,-0.010312556755544097
proteomics,peebo_2015,rel0_abs0,all,unfiltered,724,ter,0.06927396496215088,274,-0.04587419720696153
proteomics,peebo_2015,rel0_abs0,all,unfiltered,752,oriC,0.03352241295426011,232,-0.11488468148892844
proteomics,peebo_2015,rel0_abs0,all,unfiltered,752,ter,3.832580172785011e-4,290,-0.11092090518010972
proteomics,peebo_2015,rel0_abs0,all,unfiltered,708,oriC,2.1564838726088858e-6,221,-0.32371587825009157
proteomics,peebo_2015,rel0_abs0,all,unfiltered,708,ter,2.9794322018577453e-8,268,-0.24327754858437664
proteomics,peebo_2015,rel0_abs0,all,unfiltered,773,oriC,0.002580886623884295,241,-0.18004873644744412
proteomics,peebo_2015,rel0_abs0,all,unfiltered,773,ter,3.151706255840741e-8,294,-0.2056186472855983
proteomics,peebo_2015,rel0_abs0,all,unfiltered,714,oriC,2.1186840141922514e-7,225,-0.3519770987724163
proteomics,peebo_2015,rel0_abs0,all,unfiltered,714,ter,1.9473453223855508e-10,270,-0.35072538121294744
proteomics,peebo_2015,rel0_abs0,all,unfiltered,761,oriC,1.8767356338243705e-4,236,-0.1683682457577846
proteomics,peebo_2015,rel0_abs0,all,unfiltered,761,ter,1.4644941162461593e-5,296,-0.18013632624002218
proteomics,peebo_2015,rel0_abs0,all,unfiltered,719,oriC,1.1609995267762793e-7,227,-0.3570540614738594
proteomics,peebo_2015,rel0_abs0,all,unfiltered,719,ter,4.3516089697562766e-10,271,-0.3775460330835641
proteomics,peebo_2015,rel0_abs0,all,unfiltered,768,oriC,5.0940130073385063e-5,236,-0.19105695602989967
proteomics,peebo_2015,rel0_abs0,all,unfiltered,768,ter,9.21770138093218e-6,299,-0.18283526800078947
proteomics,peebo_2015,rel0_abs0,all,unfiltered,710,oriC,4.1028490392577794e-8,221,-0.43437635198655805
proteomics,peebo_2015,rel0_abs0,all,unfiltered,710,ter,9.414005109897516e-9,270,-0.5209638316067926
proteomics,peebo_2015,rel0_abs0,all,unfiltered,790,oriC,0.12511346143035207,245,-0.04844778182628459
proteomics,peebo_2015,rel0_abs0,all,unfiltered,790,ter,0.01884271649041665,304,-0.07743576101715254
proteomics,peebo_2015,rel0_abs0,all,unfiltered,742,oriC,1.646088680390421e-5,227,-0.21727245726805614
proteomics,peebo_2015,rel0_abs0,all,unfiltered,742,ter,1.1845071032239158e-5,290,-0.17210648603786374
proteomics,peebo_2015,rel0_abs0,all,unfiltered,747,oriC,0.3384267221256377,228,-0.01975789348412573
proteomics,peebo_2015,rel0_abs0,all,unfiltered,747,ter,0.0018263113852221083,287,-0.031868683576348956
proteomics,peebo_2015,rel0_abs0,all,unfiltered,774,oriC,0.8916538013637407,231,0.015148668127374254
proteomics,peebo_2015,rel0_abs0,all,unfiltered,774,ter,0.08418413918850501,306,-0.014580356619766205
proteomics,peebo_2015,rel0_abs0,all,unfiltered,744,oriC,0.32444728503312903,228,-0.015818476341133893
proteomics,peebo_2015,rel0_abs0,all,unfiltered,744,ter,0.13635226362640324,289,-0.03261947163116837
proteomics,peebo_2015,rel0_abs0,all,unfiltered,762,oriC,0.01677671523580595,230,-0.13522976692072208
proteomics,peebo_2015,rel0_abs0,all,unfiltered,762,ter,4.462357841706168e-4,299,-0.12763410480721724
proteomics,peebo_2015,rel0_abs0,all,unfiltered,735,oriC,7.787983184654946e-9,222,-0.3578581743021202
proteomics,peebo_2015,rel0_abs0,all,unfiltered,735,ter,5.700793443582535e-7,286,-0.2341749253290586
proteomics,peebo_2015,rel0_abs0,all,unfiltered,766,oriC,5.136983902684835e-5,235,-0.20609973472072735
proteomics,peebo_2015,rel0_abs0,all,unfiltered,766,ter,1.1491789724882762e-9,292,-0.20828785080432605
proteomics,peebo_2015,rel0_abs0,all,unfiltered,740,oriC,8.652558574043788e-9,224,-0.3814168036129198
proteomics,peebo_2015,rel0_abs0,all,unfiltered,740,ter,2.9251100686782314e-11,287,-0.4283631264422474
proteomics,peebo_2015,rel0_abs0,all,unfiltered,759,oriC,2.9968722249844218e-6,231,-0.1726693347198911
proteomics,peebo_2015,rel0_abs0,all,unfiltered,759,ter,5.352996975896843e-7,297,-0.21790076434952416
proteomics,peebo_2015,rel0_abs0,all,unfiltered,746,oriC,4.030932705228764e-10,226,-0.3502997809020022
proteomics,peebo_2015,rel0_abs0,all,unfiltered,746,ter,5.144688402552088e-12,292,-0.45951018279035
proteomics,peebo_2015,rel0_abs0,all,unfiltered,760,oriC,1.4881048365432016e-6,230,-0.20189095413562907
proteomics,peebo_2015,rel0_abs0,all,unfiltered,760,ter,1.2459783249021517e-7,297,-0.2580539984681113
proteomics,peebo_2015,rel0_abs0,all,unfiltered,736,oriC,1.0419479799001442e-9,223,-0.5632381822424749
proteomics,peebo_2015,rel0_abs0,all,unfiltered,736,ter,5.629755072958808e-10,286,-0.656957774826632
proteomics,peebo_2015,rel0_abs0,all,unfiltered,754,oriC,0.03315777741772209,236,-0.022440777576189265
proteomics,peebo_2015,rel0_abs0,all,unfiltered,754,ter,8.0961983384133e-4,287,-0.04205013250150433
proteomics,peebo_2015,rel0_abs0,all,unfiltered,780,oriC,0.7048337004521921,243,0.014143018309211958
proteomics,peebo_2015,rel0_abs0,all,unfiltered,780,ter,0.9839495282863601,295,0.03744319092861202
proteomics,peebo_2015,rel0_abs0,all,unfiltered,794,oriC,0.762889360757089,245,0.02142511817151291
proteomics,peebo_2015,rel0_abs0,all,unfiltered,794,ter,0.9013862204077742,305,0.056680534992533727
proteomics,peebo_2015,rel0_abs0,all,unfiltered,776,oriC,0.3680115114679495,244,-0.053537239941221476
proteomics,peebo_2015,rel0_abs0,all,unfiltered,776,ter,0.6976015896120045,293,-0.01274732269532447
proteomics,peebo_2015,rel0_abs0,all,unfiltered,779,oriC,0.3152548889634717,241,-0.05428960766466207
proteomics,peebo_2015,rel0_abs0,all,unfiltered,779,ter,4.799863127757954e-5,299,-0.04558554562364187
proteomics,peebo_2015,rel0_abs0,all,unfiltered,753,oriC,2.5875723276672205e-4,235,-0.17784419124583076
proteomics,peebo_2015,rel0_abs0,all,unfiltered,753,ter,1.0118998273598839e-5,286,-0.08021182860343147
proteomics,peebo_2015,rel0_abs0,all,unfiltered,790,oriC,0.008410222085071866,246,-0.11249090775683432
proteomics,peebo_2015,rel0_abs0,all,unfiltered,790,ter,4.868805161685438e-10,301,-0.1420963135753823
proteomics,peebo_2015,rel0_abs0,all,unfiltered,758,oriC,2.551146534241921e-4,237,-0.2639834481036943
proteomics,peebo_2015,rel0_abs0,all,unfiltered,758,ter,4.1259429426673134e-8,288,-0.21352813479700478
proteomics,peebo_2015,rel0_abs0,all,unfiltered,780,oriC,0.020494652928237652,242,-0.12321430139876113
proteomics,peebo_2015,rel0_abs0,all,unfiltered,780,ter,7.123104141283747e-4,299,-0.09727692482563279
proteomics,peebo_2015,rel0_abs0,all,unfiltered,768,oriC,5.482097191688659e-6,238,-0.3055087954268312
proteomics,peebo_2015,rel0_abs0,all,unfiltered,768,ter,4.1758147182214396e-8,295,-0.30116805748464903
proteomics,peebo_2015,rel0_abs0,all,unfiltered,783,oriC,6.581113371714201e-4,244,-0.1644849013803818
proteomics,peebo_2015,rel0_abs0,all,unfiltered,783,ter,1.0493959810778736e-4,301,-0.1626093203434333
proteomics,peebo_2015,rel0_abs0,all,unfiltered,757,oriC,8.172312737401564e-6,234,-0.49753246349422564
proteomics,peebo_2015,rel0_abs0,all,unfiltered,757,ter,4.104462130641306e-7,288,-0.4753772314448118
proteomics,peebo_2015,rel0_abs0,all,unfiltered,710,oriC,0.0085215309693202,220,0.1984329554883713
proteomics,peebo_2015,rel0_abs0,all,unfiltered,710,ter,0.004008800867732026,269,0.11243018494652585
proteomics,peebo_2015,rel0_abs0,all,unfiltered,728,oriC,0.005719107287302627,223,0.2152701135229263
proteomics,peebo_2015,rel0_abs0,all,unfiltered,728,ter,0.005553121661224559,286,0.1683128724953116
proteomics,peebo_2015,rel0_abs0,all,unfiltered,686,oriC,0.09372274874118067,214,0.15985921838483957
proteomics,peebo_2015,rel0_abs0,all,unfiltered,686,ter,0.03349493089248643,260,0.1315831141321352
proteomics,peebo_2015,rel0_abs0,all,unfiltered,719,oriC,0.057619435889177464,222,0.04166076968061826
proteomics,peebo_2015,rel0_abs0,all,unfiltered,719,ter,0.6262298211699534,280,-0.012779120873917808
proteomics,peebo_2015,rel0_abs0,all,unfiltered,615,oriC,0.9228413876296698,183,0.00611595741797316
proteomics,peebo_2015,rel0_abs0,all,unfiltered,615,ter,0.042596003396629924,239,-0.022503643848799694
proteomics,peebo_2015,rel0_abs0,all,unfiltered,736,oriC,0.4898771933959451,228,0.05374065290032781
proteomics,peebo_2015,rel0_abs0,all,unfiltered,736,ter,0.015375856528739925,280,-0.03820440845200761
proteomics,peebo_2015,rel0_abs0,all,unfiltered,608,oriC,0.2847059214372727,190,-0.030416032610169876
proteomics,peebo_2015,rel0_abs0,all,unfiltered,608,ter,5.495032679362499e-4,229,-0.12087021202173485
proteomics,peebo_2015,rel0_abs0,all,unfiltered,718,oriC,0.9833453614078047,222,0.08088418920851718
proteomics,peebo_2015,rel0_abs0,all,unfiltered,718,ter,0.5864116755460635,277,0.02111052194003699
proteomics,peebo_2015,rel0_abs0,all,unfiltered,629,oriC,0.046344771792706844,193,-0.04516403842872007
proteomics,peebo_2015,rel0_abs0,all,unfiltered,629,ter,1.0207511929670956e-4,240,-0.127172331538326
proteomics,peebo_2015,rel0_abs0,all,unfiltered,724,oriC,0.9136490043595226,225,0.09847351249664067
proteomics,peebo_2015,rel0_abs0,all,unfiltered,724,ter,0.18670430862843077,277,0.015190194656719136
proteomics,peebo_2015,rel0_abs0,all,unfiltered,615,oriC,0.018250264526134343,187,-0.13132714719397748
proteomics,peebo_2015,rel0_abs0,all,unfiltered,615,ter,0.0019305062822862872,236,-0.1691051010201865
proteomics,peebo_2015,rel0_abs0,all,unfiltered,767,oriC,0.29917127157025847,232,0.015524619054428798
proteomics,peebo_2015,rel0_abs0,all,unfiltered,767,ter,0.5211795886513229,296,0.017478319035827673
proteomics,peebo_2015,rel0_abs0,all,unfiltered,705,oriC,0.8527977529841966,218,0.005956338910737571
proteomics,peebo_2015,rel0_abs0,all,unfiltered,705,ter,0.6452327656778638,269,0.0037651164680004784
proteomics,peebo_2015,rel0_abs0,all,unfiltered,741,oriC,0.0660868338926963,228,-0.07497170419392749
proteomics,peebo_2015,rel0_abs0,all,unfiltered,741,ter,0.05855002963846322,283,-0.10238025969017468
proteomics,peebo_2015,rel0_abs0,all,unfiltered,692,oriC,3.9275178084568873e-5,210,-0.22864983095942326
proteomics,peebo_2015,rel0_abs0,all,unfiltered,692,ter,4.4197352887559844e-4,263,-0.1644431489613584
proteomics,peebo_2015,rel0_abs0,all,unfiltered,754,oriC,8.213396062620717e-4,236,-0.16524039216330672
proteomics,peebo_2015,rel0_abs0,all,unfiltered,754,ter,1.0359336374064189e-5,281,-0.1620856463345636
proteomics,peebo_2015,rel0_abs0,all,unfiltered,700,oriC,1.4746924415065761e-5,215,-0.2558410130381609
proteomics,peebo_2015,rel0_abs0,all,unfiltered,700,ter,8.778702995421565e-7,262,-0.2238705057810337
proteomics,peebo_2015,rel0_abs0,all,unfiltered,742,oriC,0.0011656807537960537,229,-0.15174840027585468
proteomics,peebo_2015,rel0_abs0,all,unfiltered,742,ter,3.003574436164337e-4,282,-0.18445706451071994
proteomics,peebo_2015,rel0_abs0,all,unfiltered,708,oriC,1.6328314192439148e-6,220,-0.3292243315503556
proteomics,peebo_2015,rel0_abs0,all,unfiltered,708,ter,1.4185075714316275e-8,267,-0.27645136314458607
proteomics,peebo_2015,rel0_abs0,all,unfiltered,752,oriC,6.319321926245631e-4,229,-0.1719266086389195
proteomics,peebo_2015,rel0_abs0,all,unfiltered,752,ter,3.16823067966443e-5,286,-0.16182567495287253
proteomics,peebo_2015,rel0_abs0,all,unfiltered,697,oriC,1.7383591522380363e-8,211,-0.46994767877591936
proteomics,peebo_2015,rel0_abs0,all,unfiltered,697,ter,1.2961640812386934e-8,263,-0.4619913957114708
proteomics,peebo_2015,rel0_abs0,all,unfiltered,770,oriC,0.07257464547922905,232,-0.0880858016891366
proteomics,peebo_2015,rel0_abs0,all,unfiltered,770,ter,0.03700427468564351,305,-0.1149866730010642
proteomics,peebo_2015,rel0_abs0,all,unfiltered,729,oriC,6.520355444416001e-5,221,-0.2549920910288717
proteomics,peebo_2015,rel0_abs0,all,unfiltered,729,ter,1.2693362106443302e-5,286,-0.2194040251947708
proteomics,peebo_2015,rel0_abs0,all,unfiltered,773,oriC,2.841542661379707e-4,236,-0.16903069899255763
proteomics,peebo_2015,rel0_abs0,all,unfiltered,773,ter,2.8303937090674667e-5,298,-0.18581582837656108
proteomics,peebo_2015,rel0_abs0,all,unfiltered,729,oriC,9.167153991132477e-6,222,-0.27195024531101947
proteomics,peebo_2015,rel0_abs0,all,unfiltered,729,ter,5.80593468261177e-6,285,-0.2977787896399446
proteomics,peebo_2015,rel0_abs0,all,unfiltered,760,oriC,2.697896878355883e-4,229,-0.18661507096671776
proteomics,peebo_2015,rel0_abs0,all,unfiltered,760,ter,1.5067915123332146e-4,297,-0.17950117917113953
proteomics,peebo_2015,rel0_abs0,all,unfiltered,727,oriC,2.831363474565477e-7,221,-0.2945525296073063
proteomics,peebo_2015,rel0_abs0,all,unfiltered,727,ter,1.9853195755859904e-8,286,-0.32861790948340486
proteomics,peebo_2015,rel0_abs0,all,unfiltered,759,oriC,1.7622057728313708e-5,232,-0.16135234194593706
proteomics,peebo_2015,rel0_abs0,all,unfiltered,759,ter,1.9052549280304976e-5,294,-0.16074260192531098
proteomics,peebo_2015,rel0_abs0,all,unfiltered,733,oriC,3.6728638973151993e-9,221,-0.5330967837007355
proteomics,peebo_2015,rel0_abs0,all,unfiltered,733,ter,3.3678265438897997e-9,286,-0.44543871039138594
proteomics,peebo_2015,rel0_abs0,all,unfiltered,732,oriC,0.3023217911668582,226,-0.04693195049455672
proteomics,peebo_2015,rel0_abs0,all,unfiltered,732,ter,0.05547892166818611,282,-0.07810360708681428
proteomics,peebo_2015,rel0_abs0,all,unfiltered,670,oriC,5.388702936775802e-4,204,-0.2052650558717065
proteomics,peebo_2015,rel0_abs0,all,unfiltered,670,ter,2.5455722919676436e-4,256,-0.185167719505614
proteomics,peebo_2015,rel0_abs0,all,unfiltered,753,oriC,0.0075423244633866255,235,-0.12836640898742593
proteomics,peebo_2015,rel0_abs0,all,unfiltered,753,ter,2.1253628451235168e-4,284,-0.14247656399666703
proteomics,peebo_2015,rel0_abs0,all,unfiltered,673,oriC,1.0869534402999381e-4,207,-0.2508646637530976
proteomics,peebo_2015,rel0_abs0,all,unfiltered,673,ter,1.2907192911980359e-6,255,-0.2579954127654048
proteomics,peebo_2015,rel0_abs0,all,unfiltered,738,oriC,0.00990909724811243,228,-0.15405210610178705
proteomics,peebo_2015,rel0_abs0,all,unfiltered,738,ter,1.9122183544966026e-4,284,-0.12415814852599168
proteomics,peebo_2015,rel0_abs0,all,unfiltered,684,oriC,6.38090934844843e-6,211,-0.22168502771178644
proteomics,peebo_2015,rel0_abs0,all,unfiltered,684,ter,2.1564471402347888e-8,259,-0.21680957556353628
proteomics,peebo_2015,rel0_abs0,all,unfiltered,745,oriC,5.219085574569872e-4,227,-0.14667159101338748
proteomics,peebo_2015,rel0_abs0,all,unfiltered,745,ter,7.296353712094859e-5,289,-0.12478955674751073
proteomics,peebo_2015,rel0_abs0,all,unfiltered,674,oriC,2.394464239033826e-7,205,-0.4343962925155289
proteomics,peebo_2015,rel0_abs0,all,unfiltered,674,ter,2.575739332981272e-9,255,-0.3317864735075026
proteomics,peebo_2015,rel0_abs0,all,unfiltered,714,oriC,0.003343882376445701,217,-0.03286178900594774
proteomics,peebo_2015,rel0_abs0,all,unfiltered,714,ter,0.044817828188922965,275,-0.025637582396018797
proteomics,peebo_2015,rel0_abs0,all,unfiltered,771,oriC,9.402144861945017e-4,237,-0.04744415293750032
proteomics,peebo_2015,rel0_abs0,all,unfiltered,771,ter,7.815196712562075e-9,296,-0.08810068753617273
proteomics,peebo_2015,rel0_abs0,all,unfiltered,717,oriC,6.229666247067088e-5,220,-0.12508787238620608
proteomics,peebo_2015,rel0_abs0,all,unfiltered,717,ter,1.764385955455546e-6,276,-0.13764025034701
proteomics,peebo_2015,rel0_abs0,all,unfiltered,751,oriC,0.003907699379274195,230,-0.04088186387412272
proteomics,peebo_2015,rel0_abs0,all,unfiltered,751,ter,0.0016074148006192817,292,-0.06765229508861903
proteomics,peebo_2015,rel0_abs0,all,unfiltered,718,oriC,8.528517691702891e-5,221,-0.16980898584236953
proteomics,peebo_2015,rel0_abs0,all,unfiltered,718,ter,8.855296239034188e-7,278,-0.18573733598674302
proteomics,peebo_2015,rel0_abs0,all,unfiltered,759,oriC,0.017945413730168468,231,-0.03511541027485418
proteomics,peebo_2015,rel0_abs0,all,unfiltered,759,ter,0.002632604245616235,294,-0.08782061969581768
proteomics,peebo_2015,rel0_abs0,all,unfiltered,714,oriC,8.926758063051857e-5,217,-0.31583026460415164
proteomics,peebo_2015,rel0_abs0,all,unfiltered,714,ter,8.354896050723122e-6,274,-0.3332329380814575
proteomics,peebo_2015,rel0_abs0,all,unfiltered,731,oriC,0.5687590007604651,227,0.013954938409560485
proteomics,peebo_2015,rel0_abs0,all,unfiltered,731,ter,0.0017765069803631457,275,-0.051774270641859535
proteomics,peebo_2015,rel0_abs0,all,unfiltered,600,oriC,0.05296168903217674,179,-0.02551843793991266
proteomics,peebo_2015,rel0_abs0,all,unfiltered,600,ter,5.294188574120258e-5,229,-0.08801673807293726
proteomics,peebo_2015,rel0_abs0,all,unfiltered,717,oriC,0.6216245491396346,220,0.01779737085878627
proteomics,peebo_2015,rel0_abs0,all,unfiltered,717,ter,0.33608307335355186,273,-0.009292571609153933
proteomics,peebo_2015,rel0_abs0,all,unfiltered,628,oriC,0.06063938218868346,190,-0.008611777505845505
proteomics,peebo_2015,rel0_abs0,all,unfiltered,628,ter,2.6548577482850368e-5,238,-0.09354297454976876
proteomics,peebo_2015,rel0_abs0,all,unfiltered,721,oriC,0.4554973194880927,222,0.07470170494892076
proteomics,peebo_2015,rel0_abs0,all,unfiltered,721,ter,0.24566669009197487,275,0.01986563233261662
proteomics,peebo_2015,rel0_abs0,all,unfiltered,611,oriC,0.034038975160441,179,-0.044174909188497806
proteomics,peebo_2015,rel0_abs0,all,unfiltered,611,ter,0.003004128828211707,234,-0.18738822293811808
proteomics,peebo_2015,rel0_abs0,all,unfiltered,735,oriC,0.014665293650571657,227,-0.03856085761931749
proteomics,peebo_2015,rel0_abs0,all,unfiltered,735,ter,0.381429593727318,277,-0.019283607619923825
proteomics,peebo_2015,rel0_abs0,all,unfiltered,760,oriC,0.7688857886041447,236,0.004782292721393852
proteomics,peebo_2015,rel0_abs0,all,unfiltered,760,ter,0.46342524608598695,290,-0.016828700803151547
proteomics,peebo_2015,rel0_abs0,all,unfiltered,741,oriC,6.15932193281704e-4,229,-0.08402542165694005
proteomics,peebo_2015,rel0_abs0,all,unfiltered,741,ter,0.0023459894629199373,283,-0.0985634710183514
proteomics,peebo_2015,rel0_abs0,all,unfiltered,759,oriC,0.1788394832764291,235,-0.006767381824742921
proteomics,peebo_2015,rel0_abs0,all,unfiltered,759,ter,0.6908921886515371,288,0.0037771300976815257
proteomics,peebo_2015,rel0_abs0,all,unfiltered,738,oriC,6.674217429726803e-4,227,-0.2873629364884719
proteomics,peebo_2015,rel0_abs0,all,unfiltered,738,ter,0.0013543366184500267,278,-0.18662490753838473
proteomics,peebo_2015,rel0_abs0,all,unfiltered,716,oriC,0.18360456471813838,222,0.004710051086263803
proteomics,peebo_2015,rel0_abs0,all,unfiltered,716,ter,0.3872801191431221,271,0.0034112479176614005
proteomics,peebo_2015,rel0_abs0,all,unfiltered,621,oriC,0.15784492106714837,190,0.024180151524856315
proteomics,peebo_2015,rel0_abs0,all,unfiltered,621,ter,0.012013733268465486,232,-0.0413137711320225
proteomics,peebo_2015,rel0_abs0,all,unfiltered,724,oriC,0.30838810791424703,223,0.07644843867279441
proteomics,peebo_2015,rel0_abs0,all,unfiltered,724,ter,0.3143102250959309,276,0.05963897216263532
proteomics,peebo_2015,rel0_abs0,all,unfiltered,599,oriC,0.04694935044447743,185,-0.004521600098448964
proteomics,peebo_2015,rel0_abs0,all,unfiltered,599,ter,0.26755953958353823,226,0.002425916581448794
proteomics,peebo_2015,rel0_abs0,all,unfiltered,720,oriC,0.009826334491011494,221,-0.019282987620836738
proteomics,peebo_2015,rel0_abs0,all,unfiltered,720,ter,0.0706928088983127,278,-0.014410943500492887
proteomics,peebo_2015,rel0_abs0,all,unfiltered,742,oriC,0.9628038515784926,228,0.016312454748117516
proteomics,peebo_2015,rel0_abs0,all,unfiltered,742,ter,0.8723932023524096,284,0.002123587168536819
proteomics,peebo_2015,rel0_abs0,all,unfiltered,714,oriC,0.010080875004233731,219,-0.1301360023185197
proteomics,peebo_2015,rel0_abs0,all,unfiltered,714,ter,0.02767514936336179,271,-0.08827879808417967
proteomics,peebo_2015,rel0_abs0,all,unfiltered,728,oriC,0.22493118111419869,223,0.0381050846030478
proteomics,peebo_2015,rel0_abs0,all,unfiltered,728,ter,0.015035856921599249,280,0.040664751414880365
proteomics,peebo_2015,rel0_abs0,all,unfiltered,626,oriC,0.21683653216991283,189,-0.014992131210445844
proteomics,peebo_2015,rel0_abs0,all,unfiltered,626,ter,0.5927854055379786,236,0.03202633993782723
proteomics,peebo_2015,rel0_abs0,all,unfiltered,722,oriC,0.004224127222219114,223,-0.08258677309123041
proteomics,peebo_2015,rel0_abs0,all,unfiltered,722,ter,0.0267145623538489,273,-0.04427427902387464
proteomics,li_2014_all,rel0_abs0,all,unfiltered,2807,oriC,8.080639810571339e-29,893,-0.7878384549398141
proteomics,li_2014_all,rel0_abs0,all,unfiltered,2807,ter,5.12327120738621e-69,1055,-1.4171027750753045
proteomics,li_2014_all,rel0_abs0,all,unfiltered,2839,oriC,2.0526457102220585e-20,902,-0.5332659288239128
proteomics,li_2014_all,rel0_abs0,all,unfiltered,2839,ter,9.214069001726945e-58,1063,-1.146403553899546
proteomics,li_2014_all,rel0_abs0,all,unfiltered,2739,oriC,7.462021629645931e-4,883,0.3026311457522086
proteomics,li_2014_all,rel0_abs0,all,unfiltered,2739,ter,0.17678552379408494,1016,0.2979100410614315
proteomics,valgepea_2013_prot,rel0_abs0,all,unfiltered,861,oriC,0.07620671382864486,272,0.02676507253995145
proteomics,valgepea_2013_prot,rel0_abs0,all,unfiltered,861,ter,0.34847742301168433,341,0.020048469186657474
proteomics,valgepea_2013_prot,rel0_abs0,all,unfiltered,861,oriC,0.1948215655685717,272,-0.06634341545516097
proteomics,valgepea_2013_prot,rel0_abs0,all,unfiltered,861,ter,0.0064337787118043865,341,-0.122333827101285
proteomics,valgepea_2013_prot,rel0_abs0,all,unfiltered,861,oriC,0.001316165359038493,272,-0.2581073007575208
proteomics,valgepea_2013_prot,rel0_abs0,all,unfiltered,861,ter,2.320502360084933e-5,341,-0.24146221115734212
proteomics,valgepea_2013_prot,rel0_abs0,all,unfiltered,861,oriC,4.527209408665839e-5,272,-0.3298038678948343
proteomics,valgepea_2013_prot,rel0_abs0,all,unfiltered,861,ter,1.307009958905954e-6,341,-0.35345704067636163
proteomics,valgepea_2013_prot,rel0_abs0,all,unfiltered,759,oriC,0.001698361722380019,245,-0.07552006648674943
proteomics,valgepea_2013_prot,rel0_abs0,all,unfiltered,759,ter,0.01343696105010227,289,-0.05954052681282378
proteomics,valgepea_2013_prot,rel0_abs0,all,unfiltered,766,oriC,1.8137812346243933e-4,249,-0.2051454235483528
proteomics,valgepea_2013_prot,rel0_abs0,all,unfiltered,766,ter,1.08595463442932e-5,290,-0.13741495282886895
proteomics,valgepea_2013_prot,rel0_abs0,all,unfiltered,759,oriC,1.0992098899308648e-5,246,-0.26200396467512577
proteomics,valgepea_2013_prot,rel0_abs0,all,unfiltered,759,ter,1.091219492520386e-4,289,-0.20370466266091364
proteomics,valgepea_2013_prot,rel0_abs0,all,unfiltered,766,oriC,7.949667484267578e-6,250,-0.11965736610538266
proteomics,valgepea_2013_prot,rel0_abs0,all,unfiltered,766,ter,1.133498378669305e-8,287,-0.08591510684741184
proteomics,valgepea_2013_prot,rel0_abs0,all,unfiltered,757,oriC,0.0018494615589188643,247,-0.16152834498795487
proteomics,valgepea_2013_prot,rel0_abs0,all,unfiltered,757,ter,2.8345192016630106e-4,285,-0.10407629085002079
proteomics,valgepea_2013_prot,rel0_abs0,all,unfiltered,758,oriC,0.10588879276149772,248,-0.05196080871111709
proteomics,valgepea_2013_prot,rel0_abs0,all,unfiltered,758,ter,0.15084922578387622,283,-0.030122534170366533
proteomics,Goelzer_2015,rel0_abs0,all,unfiltered,331,oriC,0.7622470777539675,114,0.6157170774470568
proteomics,Goelzer_2015,rel0_abs0,all,unfiltered,331,ter,0.6623466104024296,107,0.35716958090297773
proteomics,Goelzer_2015,rel0_abs0,all,unfiltered,331,oriC,0.28784667552828175,113,0.6182762320112031
proteomics,Goelzer_2015,rel0_abs0,all,unfiltered,331,ter,0.026654682252477243,112,0.051025766761066474
proteomics,Goelzer_2015,rel0_abs0,all,unfiltered,297,oriC,0.01998055866351074,102,-0.45958614230417977
proteomics,Goelzer_2015,rel0_abs0,all,unfiltered,297,ter,0.0011272096868170365,89,-0.6418360177595165
proteomics,Goelzer_2015,rel0_abs0,all,unfiltered,315,oriC,0.11270102986439726,114,0.3130193888041506
proteomics,Goelzer_2015,rel0_abs0,all,unfiltered,315,ter,0.006672377708773778,93,-0.7792835111770746
proteomics,Goelzer_2015,rel0_abs0,all,unfiltered,353,oriC,0.08314126264758494,123,-0.04893768738739269
proteomics,Goelzer_2015,rel0_abs0,all,unfiltered,353,ter,0.00943503178813407,122,-0.30549926650063564
proteomics,Goelzer_2015,rel0_abs0,all,unfiltered,349,oriC,0.0029836154453535694,121,-0.860932115229961
proteomics,Goelzer_2015,rel0_abs0,all,unfiltered,349,ter,1.9095627541029466e-4,109,-1.0774983937221527
proteomics,Goelzer_2015,rel0_abs0,all,unfiltered,357,oriC,0.05245493623103513,128,-0.5772450230149093
proteomics,Goelzer_2015,rel0_abs0,all,unfiltered,357,ter,0.0031403525080214603,113,-1.175504597800813
proteomics,Goelzer_2015,rel0_abs0,all,unfiltered,334,oriC,0.03715276817123111,116,-0.6751855092391011
proteomics,Goelzer_2015,rel0_abs0,all,unfiltered,334,ter,0.014820372202458429,109,-0.7044527502630595
proteomics,Goelzer_2015,rel0_abs0,all,unfiltered,337,oriC,0.3735777707422552,121,-0.2201057728271264
proteomics,Goelzer_2015,rel0_abs0,all,unfiltered,337,ter,0.09555485891236679,111,-0.5629452351225922
proteomics,Goelzer_2015,rel0_abs0,all,unfiltered,305,oriC,0.3056633220199618,106,0.3050602288426678
proteomics,Goelzer_2015,rel0_abs0,all,unfiltered,305,ter,0.049475539520615765,92,0.4138232316640399
proteomics,zhu_B_subtilis,rel0_abs0,all,unfiltered,610,oriC,0.8815425960708473,232,0.014428489017611977
proteomics,zhu_B_subtilis,rel0_abs0,all,unfiltered,610,ter,0.7274588983059025,181,-0.029579100512420093
proteomics,zhu_B_subtilis,rel0_abs0,all,unfiltered,593,oriC,1.2571359800837227e-6,221,-10.981955821862062
proteomics,zhu_B_subtilis,rel0_abs0,all,unfiltered,593,ter,0.00461858592212794,178,-10.895649650263572
proteomics,zhu_B_subtilis,rel0_abs0,all,unfiltered,609,oriC,4.0749070865757103e-10,230,-0.7683132868042151
proteomics,zhu_B_subtilis,rel0_abs0,all,unfiltered,609,ter,1.6331092128881147e-8,181,-0.7019148863072097
proteomics,zhu_B_subtilis,rel0_abs0,all,unfiltered,593,oriC,6.015500742484084e-9,221,-10.96831492002779
proteomics,zhu_B_subtilis,rel0_abs0,all,unfiltered,593,ter,2.5101463684636496e-5,178,-10.921223263783785
proteomics,zhu_B_subtilis,rel0_abs0,all,unfiltered,593,oriC,2.786445232841159e-15,221,-11.004312660896462
proteomics,zhu_B_subtilis,rel0_abs0,all,unfiltered,593,ter,5.420230334966234e-8,178,-10.895649650263572
proteomics,zhu_B_subtilis,rel0_abs0,all,unfiltered,608,oriC,5.1326313929336346e-9,232,-0.4398140300824071
proteomics,zhu_B_subtilis,rel0_abs0,all,unfiltered,608,ter,1.6707140254956915e-10,180,-0.9198540371251243
proteomics,zhu_B_subtilis,rel0_abs0,all,unfiltered,607,oriC,2.6248255460796744e-9,231,-0.8603391937675027
proteomics,zhu_B_subtilis,rel0_abs0,all,unfiltered,607,ter,3.787286319760637e-9,180,-1.4733936339401417
proteomics,zhu_B_subtilis,rel0_abs0,all,unfiltered,593,oriC,2.775135610436661e-20,221,-11.197127432666354
proteomics,zhu_B_subtilis,rel0_abs0,all,unfiltered,593,ter,4.033900667859791e-12,178,-11.491967107285046
proteomics,zhu_B_subtilis,rel0_abs0,all,unfiltered,592,oriC,3.2350275897142826e-19,221,-11.668826365448924
proteomics,zhu_B_subtilis,rel0_abs0,all,unfiltered,592,ter,2.9917110056596737e-12,178,-11.643105645935565
proteomics,zhu_B_subtilis,rel0_abs0,all,unfiltered,594,oriC,5.149501826661424e-13,225,-11.128390792922534
proteomics,zhu_B_subtilis,rel0_abs0,all,unfiltered,594,ter,0.002487829980279514,176,-10.89013468238637
proteomics,zhu_B_subtilis,rel0_abs0,all,unfiltered,609,oriC,6.035092857321052e-17,230,-0.9014078158920749
proteomics,zhu_B_subtilis,rel0_abs0,all,unfiltered,609,ter,1.6594906915457363e-9,181,-0.8564866332433653
proteomics,zhu_B_subtilis,rel0_abs0,all,unfiltered,594,oriC,2.7071597802221255e-12,225,-11.111505347006199
proteomics,zhu_B_subtilis,rel0_abs0,all,unfiltered,594,ter,7.034292369516935e-4,176,-10.90622744602408
proteomics,zhu_B_subtilis,rel0_abs0,all,unfiltered,594,oriC,1.4042926568298162e-20,225,-11.18045474252636
proteomics,zhu_B_subtilis,rel0_abs0,all,unfiltered,594,ter,1.0590592112303975e-6,176,-10.89013468238637
proteomics,zhu_B_subtilis,rel0_abs0,all,unfiltered,609,oriC,3.4340521901510762e-12,232,-0.49881529962042237
proteomics,zhu_B_subtilis,rel0_abs0,all,unfiltered,609,ter,6.752873440787307e-11,180,-0.8833808864786561
proteomics,zhu_B_subtilis,rel0_abs0,all,unfiltered,606,oriC,6.296293647650357e-10,230,-0.9857280693857859
proteomics,zhu_B_subtilis,rel0_abs0,all,unfiltered,606,ter,1.3214959646536035e-8,179,-1.4184451682677484
proteomics,zhu_B_subtilis,rel0_abs0,all,unfiltered,594,oriC,6.230415397297102e-23,225,-11.233368215716467
proteomics,zhu_B_subtilis,rel0_abs0,all,unfiltered,594,ter,1.5969299880514876e-11,176,-11.30266349142116
proteomics,zhu_B_subtilis,rel0_abs0,all,unfiltered,593,oriC,3.726740977057962e-20,225,-11.410433171176729
proteomics,zhu_B_subtilis,rel0_abs0,all,unfiltered,593,ter,3.952499001543877e-11,176,-11.47141817653311
proteomics,zhu_B_subtilis,rel0_abs0,all,unfiltered,597,oriC,5.187731308830923e-6,223,10.123580631301353
proteomics,zhu_B_subtilis,rel0_abs0,all,unfiltered,597,ter,0.08919499291953016,176,9.337955194070382
proteomics,zhu_B_subtilis,rel0_abs0,all,unfiltered,224,oriC,0.29271122679505884,72,-0.05595224617321859
proteomics,zhu_B_subtilis,rel0_abs0,all,unfiltered,224,ter,0.04180416038740901,79,-0.06912573682745983
proteomics,zhu_B_subtilis,rel0_abs0,all,unfiltered,224,oriC,2.6182549476638556e-4,72,-0.28279022478013216
proteomics,zhu_B_subtilis,rel0_abs0,all,unfiltered,224,ter,0.006535021661419543,79,-0.2463464221856476
proteomics,zhu_B_subtilis,rel0_abs0,all,unfiltered,585,oriC,2.3407537630933367e-4,224,10.132221176533717
proteomics,zhu_B_subtilis,rel0_abs0,all,unfiltered,585,ter,0.620859206919179,172,8.135180958629213
proteomics,zhu_B_subtilis,rel0_abs0,all,unfiltered,536,oriC,0.041642614880831104,200,9.728178971754915
proteomics,zhu_B_subtilis,rel0_abs0,all,unfiltered,536,ter,0.89357375933673,162,6.886209967782993
proteomics,zhu_B_subtilis,rel0_abs0,all,unfiltered,224,oriC,1.0987778955683273e-5,72,-0.6159560441934107
proteomics,zhu_B_subtilis,rel0_abs0,all,unfiltered,224,ter,4.710543130493626e-4,79,-0.5379505629317541
proteomics,zhu_B_subtilis,rel0_abs0,all,unfiltered,224,oriC,2.8703299268701115e-5,72,-0.6687410553063473
proteomics,zhu_B_subtilis,rel0_abs0,all,unfiltered,224,ter,5.965759366198949e-4,79,-0.9794761533941143
proteomics,zhu_B_subtilis,rel0_abs0,all,unfiltered,597,oriC,6.7944634334881355e-6,223,-10.025963009044219
proteomics,zhu_B_subtilis,rel0_abs0,all,unfiltered,597,ter,0.026946606923332835,176,-9.397236373016609
proteomics,zhu_B_subtilis,rel0_abs0,all,unfiltered,597,oriC,5.193085961676693e-16,223,-10.201242819045314
proteomics,zhu_B_subtilis,rel0_abs0,all,unfiltered,597,ter,9.183441517536933e-5,176,-9.337955194070382
proteomics,zhu_B_subtilis,rel0_abs0,all,unfiltered,609,oriC,0.7810149796349786,232,0.2084568701933354
proteomics,zhu_B_subtilis,rel0_abs0,all,unfiltered,609,ter,0.08931903996854873,179,-0.10405724348106633
proteomics,zhu_B_subtilis,rel0_abs0,all,unfiltered,610,oriC,0.08478962567860762,231,-0.11643123490248257
proteomics,zhu_B_subtilis,rel0_abs0,all,unfiltered,610,ter,0.006870432851106971,181,-0.6344641509502026
proteomics,zhu_B_subtilis,rel0_abs0,all,unfiltered,597,oriC,1.1984088436445319e-22,223,-10.261048551507725
proteomics,zhu_B_subtilis,rel0_abs0,all,unfiltered,597,ter,3.5453572176791825e-9,176,-9.834454488916636
proteomics,zhu_B_subtilis,rel0_abs0,all,unfiltered,597,oriC,6.690433776093952e-18,223,-10.531149919527927
proteomics,zhu_B_subtilis,rel0_abs0,all,unfiltered,597,ter,2.1985013015776264e-9,176,-10.047036254768777
proteomics,zhu_B_subtilis,rel0_abs0,all,unfiltered,224,oriC,6.532641153095966e-7,72,-0.27295318076617925
proteomics,zhu_B_subtilis,rel0_abs0,all,unfiltered,224,ter,0.0038438285780321105,79,-0.1517390497301922
proteomics,zhu_B_subtilis,rel0_abs0,all,unfiltered,585,oriC,3.4876068274069903e-4,224,10.09990400263851
proteomics,zhu_B_subtilis,rel0_abs0,all,unfiltered,585,ter,0.5192671733696141,172,8.53693152256576
proteomics,zhu_B_subtilis,rel0_abs0,all,unfiltered,536,oriC,0.0749388571794783,200,9.700694443163528
proteomics,zhu_B_subtilis,rel0_abs0,all,unfiltered,536,ter,0.7456162682713825,162,7.161138786570115
proteomics,zhu_B_subtilis,rel0_abs0,all,unfiltered,224,oriC,1.3848055718253006e-5,72,-0.5894598598693146
proteomics,zhu_B_subtilis,rel0_abs0,all,unfiltered,224,ter,0.0012469844577346768,79,-0.3646088990691432
proteomics,zhu_B_subtilis,rel0_abs0,all,unfiltered,223,oriC,1.043366574776439e-5,72,-0.8455807191178056
proteomics,zhu_B_subtilis,rel0_abs0,all,unfiltered,223,ter,0.001836290917269982,79,-0.576472229843643
proteomics,zhu_B_subtilis,rel0_abs0,all,unfiltered,585,oriC,3.864044610835073e-7,224,10.15786820391391
proteomics,zhu_B_subtilis,rel0_abs0,all,unfiltered,585,ter,0.18068674248599143,172,8.135180958629213
proteomics,zhu_B_subtilis,rel0_abs0,all,unfiltered,536,oriC,0.0019442278568866538,200,9.764239258501666
proteomics,zhu_B_subtilis,rel0_abs0,all,unfiltered,536,ter,0.5549762800540946,162,6.886209967782993
proteomics,zhu_B_subtilis,rel0_abs0,all,unfiltered,223,oriC,0.003986316711639398,71,-0.31707190803024554
proteomics,zhu_B_subtilis,rel0_abs0,all,unfiltered,223,ter,0.006632238722205163,79,-0.1693929536294015
proteomics,zhu_B_subtilis,rel0_abs0,all,unfiltered,224,oriC,0.008848439304815948,72,-0.5176743461424583
proteomics,zhu_B_subtilis,rel0_abs0,all,unfiltered,224,ter,0.004349910604638304,79,-0.3812473444755521
proteomics,zhu_B_subtilis,rel0_abs0,all,unfiltered,594,oriC,0.0016690165111396438,224,-0.4647571388637755
proteomics,zhu_B_subtilis,rel0_abs0,all,unfiltered,594,ter,0.033096556372669346,178,-0.2987747889267163
proteomics,zhu_B_subtilis,rel0_abs0,all,unfiltered,583,oriC,8.266067274428152e-11,224,-10.295885792465619
proteomics,zhu_B_subtilis,rel0_abs0,all,unfiltered,583,ter,0.03212113074966208,172,-9.46545405020368
proteomics,zhu_B_subtilis,rel0_abs0,all,unfiltered,582,oriC,6.637805336799051e-13,224,-10.601018577944519
proteomics,zhu_B_subtilis,rel0_abs0,all,unfiltered,582,ter,3.4763902889027655e-5,172,-9.903814939178888
proteomics,zhu_B_subtilis,rel0_abs0,all,unfiltered,525,oriC,9.979183339760152e-4,198,-9.787399447852831
proteomics,zhu_B_subtilis,rel0_abs0,all,unfiltered,525,ter,0.03070291829850293,157,-8.274798835579457
proteomics,zhu_B_subtilis,rel0_abs0,all,unfiltered,518,oriC,3.089412047977157e-6,198,-10.270215566664
proteomics,zhu_B_subtilis,rel0_abs0,all,unfiltered,518,ter,0.0032652594056533117,156,-8.959337869244493
proteomics,zhu_B_subtilis,rel0_abs0,all,unfiltered,211,oriC,0.006063337433971964,69,-0.2570774833785683
proteomics,zhu_B_subtilis,rel0_abs0,all,unfiltered,211,ter,0.11079682715421485,74,-0.098244381864075
proteomics,zhu_E_coli,rel0_abs0,all,unfiltered,755,oriC,0.001294271982677701,263,0.0398934523749689
proteomics,zhu_E_coli,rel0_abs0,all,unfiltered,755,ter,0.06945345163088808,275,0.029661926079471383
proteomics,zhu_E_coli,rel0_abs0,all,unfiltered,1166,oriC,1.3935537050111497e-6,384,0.2590953314520459
proteomics,zhu_E_coli,rel0_abs0,all,unfiltered,1166,ter,1.5639661183453433e-11,431,0.4673429142501966
proteomics,zhu_E_coli,rel0_abs0,all,unfiltered,757,oriC,0.04983882325634426,262,-0.04315603192368139
proteomics,zhu_E_coli,rel0_abs0,all,unfiltered,757,ter,0.8932939274889027,277,-0.005289452313486453
proteomics,zhu_E_coli,rel0_abs0,all,unfiltered,1171,oriC,0.002105240278569142,383,0.18531059596907482
proteomics,zhu_E_coli,rel0_abs0,all,unfiltered,1171,ter,2.1839569799081439e-7,434,0.3455101305638504
proteomics,zhu_E_coli,rel0_abs0,all,unfiltered,758,oriC,1.024815821259064e-10,263,-0.4452270646805143
proteomics,zhu_E_coli,rel0_abs0,all,unfiltered,758,ter,3.880262031984637e-7,277,-0.4374853858763347
proteomics,zhu_E_coli,rel0_abs0,all,unfiltered,1170,oriC,0.03165298681414354,383,0.19586221210665394
proteomics,zhu_E_coli,rel0_abs0,all,unfiltered,1170,ter,1.729991347772806e-7,433,0.5363859648791399
proteomics,zhu_E_coli,rel0_abs0,all,unfiltered,1175,oriC,0.10321350587066304,384,0.18423649063301734
proteomics,zhu_E_coli,rel0_abs0,all,unfiltered,1175,ter,2.725700582271612e-5,435,0.4838197555183419
proteomics,zhu_E_coli,rel0_abs0,all,unfiltered,1171,oriC,0.7853358157528939,383,0.30626029803705523
proteomics,zhu_E_coli,rel0_abs0,all,unfiltered,1171,ter,0.007976166899755794,436,0.6469321543151381
proteomics,zhu_E_coli,rel0_abs0,all,unfiltered,758,oriC,7.626556271142137e-11,263,-0.5605118670620058
proteomics,zhu_E_coli,rel0_abs0,all,unfiltered,758,ter,7.504885728339089e-14,277,-0.7773300297563209
proteomics,zhu_E_coli,rel0_abs0,all,unfiltered,1146,oriC,0.7975975955163985,377,0.3413547929835882
proteomics,zhu_E_coli,rel0_abs0,all,unfiltered,1146,ter,0.24829972736648515,421,0.28804965867948823
proteomics,zhu_E_coli,rel0_abs0,all,unfiltered,1168,oriC,4.041675618651933e-4,385,0.21076379965191275
proteomics,zhu_E_coli,rel0_abs0,all,unfiltered,1168,ter,1.0636208617335226e-9,432,0.48191890654249564
proteomics,zhu_E_coli,rel0_abs0,all,unfiltered,758,oriC,8.222094071423214e-4,263,-0.10198991504353763
proteomics,zhu_E_coli,rel0_abs0,all,unfiltered,758,ter,0.6129792372624301,277,-0.04696068448301602
proteomics,zhu_E_coli,rel0_abs0,all,unfiltered,1171,oriC,0.034618956530085856,383,0.09775192642067387
proteomics,zhu_E_coli,rel0_abs0,all,unfiltered,1171,ter,2.9932365491860807e-5,434,0.2880519308634032
proteomics,zhu_E_coli,rel0_abs0,all,unfiltered,758,oriC,8.524137466578568e-13,263,-0.4299776243450327
proteomics,zhu_E_coli,rel0_abs0,all,unfiltered,758,ter,1.0797538641462503e-8,277,-0.4349498563992962
proteomics,zhu_E_coli,rel0_abs0,all,unfiltered,1170,oriC,0.21155006752414007,383,0.16574701383857196
proteomics,zhu_E_coli,rel0_abs0,all,unfiltered,1170,ter,3.094214816734796e-7,433,0.4265811226012311
proteomics,zhu_E_coli,rel0_abs0,all,unfiltered,1175,oriC,0.4351610037021909,384,0.08831728505181086
proteomics,zhu_E_coli,rel0_abs0,all,unfiltered,1175,ter,1.125848494362144e-4,435,0.38661236056189774
proteomics,zhu_E_coli,rel0_abs0,all,unfiltered,1171,oriC,0.7945710093861158,383,0.19277155911886276
proteomics,zhu_E_coli,rel0_abs0,all,unfiltered,1171,ter,0.025104044393262238,436,0.5247712251129992
proteomics,zhu_E_coli,rel0_abs0,all,unfiltered,758,oriC,1.0851837674433905e-12,263,-0.6648721311654735
proteomics,zhu_E_coli,rel0_abs0,all,unfiltered,758,ter,1.5372980603955261e-16,277,-0.8451419386767537
proteomics,zhu_E_coli,rel0_abs0,all,unfiltered,1147,oriC,0.9785227816996767,377,0.28387197815799303
proteomics,zhu_E_coli,rel0_abs0,all,unfiltered,1147,ter,0.037397579667957974,422,0.16953593861740485
proteomics,zhu_E_coli,rel0_abs0,all,unfiltered,1168,oriC,2.4342038383226036e-6,385,-0.5027376005818126
proteomics,zhu_E_coli,rel0_abs0,all,unfiltered,1168,ter,2.156486211587565e-9,432,-1.1317691544094468
proteomics,zhu_E_coli,rel0_abs0,all,unfiltered,1160,oriC,1.4576124487778779e-6,376,-0.09869269113986534
proteomics,zhu_E_coli,rel0_abs0,all,unfiltered,1160,ter,5.526385846565261e-8,433,-0.11218783012205553
proteomics,zhu_E_coli,rel0_abs0,all,unfiltered,1166,oriC,2.32074180165685e-16,385,-1.3953442478405125
proteomics,zhu_E_coli,rel0_abs0,all,unfiltered,1166,ter,3.9236461521119565e-18,430,-1.5880081114336269
proteomics,zhu_E_coli,rel0_abs0,all,unfiltered,1169,oriC,9.269593724751897e-4,378,-0.31679977984165586
proteomics,zhu_E_coli,rel0_abs0,all,unfiltered,1169,ter,9.933723262495204e-6,435,-0.45464179303550445
proteomics,zhu_E_coli,rel0_abs0,all,unfiltered,1162,oriC,0.09561252047696182,376,-0.01142116626275075
proteomics,zhu_E_coli,rel0_abs0,all,unfiltered,1162,ter,0.0011322927288038148,433,-0.1257623740481169
proteomics,zhu_E_coli,rel0_abs0,all,unfiltered,1163,oriC,6.228859468382428e-4,376,-0.1044508116547719
proteomics,zhu_E_coli,rel0_abs0,all,unfiltered,1163,ter,4.770504361862449e-7,434,-0.3714308882009373
proteomics,zhu_E_coli,rel0_abs0,all,unfiltered,1162,oriC,4.1005251424068536e-16,381,-2.052867961695752
proteomics,zhu_E_coli,rel0_abs0,all,unfiltered,1162,ter,1.303036663729855e-30,432,-2.7429927461208603
proteomics,zhu_E_coli,rel0_abs0,all,unfiltered,1162,oriC,0.0016662543925710118,376,-0.23244528545751192
proteomics,zhu_E_coli,rel0_abs0,all,unfiltered,1162,ter,9.153754009740963e-18,433,-0.6531817343979538
proteomics,zhu_E_coli,rel0_abs0,all,unfiltered,1170,oriC,0.0012461240181506769,383,0.2811446768552598
proteomics,zhu_E_coli,rel0_abs0,all,unfiltered,1170,ter,4.668873128765079e-6,433,0.7787152228133107
proteomics,zhu_E_coli,rel0_abs0,all,unfiltered,753,oriC,1.4025630624069344e-8,262,-0.1967280244715217
proteomics,zhu_E_coli,rel0_abs0,all,unfiltered,753,ter,1.1549717828327963e-9,273,-0.26951020316666546
proteomics,zhu_E_coli,rel0_abs0,all,unfiltered,1169,oriC,2.0737706679698798e-7,383,0.2575700625842364
proteomics,zhu_E_coli,rel0_abs0,all,unfiltered,1169,ter,4.029259338141713e-13,432,0.4213342348977782
proteomics,zhu_E_coli,rel0_abs0,all,unfiltered,1174,oriC,8.318492370208949e-5,384,0.18572095012672674
proteomics,zhu_E_coli,rel0_abs0,all,unfiltered,1174,ter,1.1269327715670619e-7,434,0.3261018383366987
proteomics,zhu_E_coli,rel0_abs0,all,unfiltered,1170,oriC,0.004132515665854965,383,0.2821435103270963
proteomics,zhu_E_coli,rel0_abs0,all,unfiltered,1170,ter,1.2677167316418688e-6,435,0.4773477815563186
proteomics,zhu_E_coli,rel0_abs0,all,unfiltered,758,oriC,2.6205780165223146e-6,263,-0.36861774211298887
proteomics,zhu_E_coli,rel0_abs0,all,unfiltered,758,ter,1.2893742842725807e-16,277,-0.6825864150588296
proteomics,zhu_E_coli,rel0_abs0,all,unfiltered,1146,oriC,0.00362178723424076,377,0.4012090132167829
proteomics,zhu_E_coli,rel0_abs0,all,unfiltered,1146,ter,0.4863436143761702,421,0.19034931528106952
proteomics,zhu_E_coli,rel0_abs0,all,unfiltered,1168,oriC,4.407280150294858e-13,383,-1.2988694017025932
proteomics,zhu_E_coli,rel0_abs0,all,unfiltered,1168,ter,1.0750498764772657e-15,431,-1.4321604024852541
proteomics,zhu_E_coli,rel0_abs0,all,unfiltered,1170,oriC,0.161093946182465,378,-0.08971188263016139
proteomics,zhu_E_coli,rel0_abs0,all,unfiltered,1170,ter,0.157920461286177,436,-0.24328241151307767
proteomics,zhu_E_coli,rel0_abs0,all,unfiltered,1163,oriC,0.17093810827866524,376,0.05010083097623365
proteomics,zhu_E_coli,rel0_abs0,all,unfiltered,1163,ter,0.988098689041455,434,0.017433084774736436
proteomics,zhu_E_coli,rel0_abs0,all,unfiltered,1163,oriC,0.4394330040487187,376,0.032178530955234146
proteomics,zhu_E_coli,rel0_abs0,all,unfiltered,1163,ter,0.008397517182104745,434,-0.12489231695194658
proteomics,zhu_E_coli,rel0_abs0,all,unfiltered,1164,oriC,6.219756102313068e-13,379,-1.695022724630754
proteomics,zhu_E_coli,rel0_abs0,all,unfiltered,1164,ter,5.93454842450684e-28,433,-2.613696129758667
proteomics,zhu_E_coli,rel0_abs0,all,unfiltered,1161,oriC,0.4636525439332396,376,-0.049480001441356405
proteomics,zhu_E_coli,rel0_abs0,all,unfiltered,1161,ter,5.532452470355822e-15,432,-0.48974207600697295
proteomics,zhu_E_coli,rel0_abs0,all,unfiltered,1169,oriC,1.7507442301093536e-15,383,0.7659530819331963
proteomics,zhu_E_coli,rel0_abs0,all,unfiltered,1169,ter,2.9969744718004174e-26,432,1.0410532297261768
proteomics,zhu_E_coli,rel0_abs0,all,unfiltered,1172,oriC,4.1703427467055654e-14,384,0.7013193017104938
proteomics,zhu_E_coli,rel0_abs0,all,unfiltered,1172,ter,4.979844699073912e-25,432,0.9214151831109489
proteomics,zhu_E_coli,rel0_abs0,all,unfiltered,1167,oriC,2.9551515101090085e-11,383,0.5124794668975101
proteomics,zhu_E_coli,rel0_abs0,all,unfiltered,1167,ter,2.586488014623042e-15,433,0.7395236708777778
proteomics,zhu_E_coli,rel0_abs0,all,unfiltered,737,oriC,0.01935255461760254,254,-0.10963521622113655
proteomics,zhu_E_coli,rel0_abs0,all,unfiltered,737,ter,2.2330831080151467e-14,275,-0.3175311702448054
proteomics,zhu_E_coli,rel0_abs0,all,unfiltered,1136,oriC,1.0622700745451212e-6,374,0.5934327379182531
proteomics,zhu_E_coli,rel0_abs0,all,unfiltered,1136,ter,0.0325630939824692,419,0.45008229158030194
proteomics,zhu_E_coli,rel0_abs0,all,unfiltered,1167,oriC,0.42778518576262614,377,0.0036184301973585333
proteomics,zhu_E_coli,rel0_abs0,all,unfiltered,1167,ter,0.47849119119475525,434,0.02308059018892568
proteomics,zhu_E_coli,rel0_abs0,all,unfiltered,1170,oriC,0.020206149002869617,378,0.1532638515841789
proteomics,zhu_E_coli,rel0_abs0,all,unfiltered,1170,ter,0.637764508541932,436,0.11930404743264034
proteomics,zhu_E_coli,rel0_abs0,all,unfiltered,1168,oriC,3.2435503731190765e-13,381,-1.3896872069891695
proteomics,zhu_E_coli,rel0_abs0,all,unfiltered,1168,ter,7.040596934618282e-36,433,-1.9404911004813283
proteomics,zhu_E_coli,rel0_abs0,all,unfiltered,1169,oriC,0.0430900790419832,378,0.23413461207537356
proteomics,zhu_E_coli,rel0_abs0,all,unfiltered,1169,ter,1.4973559958981175e-6,435,-0.22183228339508848
proteomics,zhu_E_coli,rel0_abs0,all,unfiltered,1163,oriC,0.2136696774923914,376,0.04513795919325136
proteomics,zhu_E_coli,rel0_abs0,all,unfiltered,1163,ter,0.002927070561867242,434,-0.08240387974041011
proteomics,zhu_E_coli,rel0_abs0,all,unfiltered,1168,oriC,4.054538642779594e-12,380,-1.2756724913095063
proteomics,zhu_E_coli,rel0_abs0,all,unfiltered,1168,ter,1.0651177579857953e-33,434,-1.7858355037352465
proteomics,zhu_E_coli,rel0_abs0,all,unfiltered,1162,oriC,0.7162618681162847,376,0.040674905802376454
proteomics,zhu_E_coli,rel0_abs0,all,unfiltered,1162,ter,4.28386219109183e-14,433,-0.5010718438023652
proteomics,zhu_E_coli,rel0_abs0,all,unfiltered,1163,oriC,4.2016744685821845e-15,379,-0.9931117337405961
proteomics,zhu_E_coli,rel0_abs0,all,unfiltered,1163,ter,2.3984172430962365e-36,435,-1.5567704887740181
proteomics,zhu_E_coli,rel0_abs0,all,unfiltered,1157,oriC,0.9850563977382999,376,-0.010716452252957987
proteomics,zhu_E_coli,rel0_abs0,all,unfiltered,1157,ter,3.480834174593607e-18,432,-0.3497213675176229
proteomics,zhu_E_coli,rel0_abs0,all,unfiltered,1103,oriC,6.499421183758742e-18,361,0.7012560394034953
proteomics,zhu_E_coli,rel0_abs0,all,unfiltered,1103,ter,1.2694909386499678e-17,412,0.6327807373102929
proteomics,zhu_V_natriegens,rel0_abs0,all,unfiltered,223,oriC,0.4005865014397269,103,-0.15137916239977603
proteomics,zhu_V_natriegens,rel0_abs0,all,unfiltered,223,ter,5.3804070753136546e-5,67,-9.103843851133975
proteomics,zhu_V_natriegens,rel0_abs0,all,unfiltered,218,oriC,0.29833782540209763,101,-0.08949152865298063
proteomics,zhu_V_natriegens,rel0_abs0,all,unfiltered,218,ter,0.057972266048715915,64,-0.20104043820993223
proteomics,zhu_V_natriegens,rel0_abs0,all,unfiltered,223,oriC,0.0463660357811262,103,-0.4524474383438306
proteomics,zhu_V_natriegens,rel0_abs0,all,unfiltered,223,ter,6.974617750446076e-6,67,-9.842087883515935
proteomics,zhu_V_natriegens,rel0_abs0,all,unfiltered,219,oriC,0.06837179497278126,101,-0.07554206983109263
proteomics,zhu_V_natriegens,rel0_abs0,all,unfiltered,219,ter,0.0035616593874024795,65,-0.4003750241574369
proteomics,zhu_V_natriegens,rel0_abs0,all,unfiltered,223,oriC,0.0031837910895234837,103,-0.6785065358057467
proteomics,zhu_V_natriegens,rel0_abs0,all,unfiltered,223,ter,3.1144940170571305e-6,67,-9.842087883515935
proteomics,zhu_V_natriegens,rel0_abs0,all,unfiltered,223,oriC,0.007442912626055603,103,-0.7941043190480045
proteomics,zhu_V_natriegens,rel0_abs0,all,unfiltered,223,ter,4.607379021163942e-6,67,-9.842087883515935
proteomics,zhu_V_natriegens,rel0_abs0,all,unfiltered,225,oriC,0.008953084588302688,103,-0.37542325723120684
proteomics,zhu_V_natriegens,rel0_abs0,all,unfiltered,225,ter,1.5818941399898214e-5,68,-1.2419541326184582
proteomics,zhu_V_natriegens,rel0_abs0,all,unfiltered,219,oriC,0.03200292932767723,101,-0.20431046818073842
proteomics,zhu_V_natriegens,rel0_abs0,all,unfiltered,219,ter,2.7968450968664064e-4,65,-1.14588882098109
proteomics,zhu_V_natriegens,rel0_abs0,all,unfiltered,221,oriC,0.008036882714392641,102,-0.9650480939309853
proteomics,zhu_V_natriegens,rel0_abs0,all,unfiltered,221,ter,1.2456123807872551e-5,66,-10.237920653859018
proteomics,zhu_V_natriegens,rel0_abs0,all,unfiltered,219,oriC,0.7475849052271804,101,-0.051601634812901545
proteomics,zhu_V_natriegens,rel0_abs0,all,unfiltered,219,ter,6.466897317088226e-4,65,-1.3271677474927883
proteomics,zhu_V_natriegens,rel0_abs0,all,unfiltered,221,oriC,0.17540013639159657,101,-0.07438244382950472
proteomics,zhu_V_natriegens,rel0_abs0,all,unfiltered,221,ter,1.269419288090646e-4,67,9.092439995515454
proteomics,zhu_V_natriegens,rel0_abs0,all,unfiltered,134,oriC,2.473681131130793e-5,72,-0.20394349680226226
proteomics,zhu_V_natriegens,rel0_abs0,all,unfiltered,134,ter,0.004028955062195615,29,-0.29771759700020967
proteomics,zhu_V_natriegens,rel0_abs0,all,unfiltered,223,oriC,0.16090438361755485,102,-0.029329894957376597
proteomics,zhu_V_natriegens,rel0_abs0,all,unfiltered,223,ter,0.013026583989432513,67,9.680529141092256
proteomics,zhu_V_natriegens,rel0_abs0,all,unfiltered,133,oriC,1.5231465365004406e-7,72,-0.2960085491711008
proteomics,zhu_V_natriegens,rel0_abs0,all,unfiltered,133,ter,0.0022970281426734304,29,-0.7282902179998421
proteomics,zhu_V_natriegens,rel0_abs0,all,unfiltered,133,oriC,3.7796784440573717e-4,72,-0.39006213435288184
proteomics,zhu_V_natriegens,rel0_abs0,all,unfiltered,133,ter,0.011409031285377555,29,-0.7594546813018097
proteomics,zhu_V_natriegens,rel0_abs0,all,unfiltered,218,oriC,0.012884514235137983,102,-0.1281626494452376
proteomics,zhu_V_natriegens,rel0_abs0,all,unfiltered,218,ter,0.6489179391402324,63,7.628655348389409
proteomics,zhu_V_natriegens,rel0_abs0,all,unfiltered,213,oriC,0.009094525732813143,101,-0.11761341986061981
proteomics,zhu_V_natriegens,rel0_abs0,all,unfiltered,213,ter,0.3940254330183142,63,7.779911541248764
proteomics,zhu_V_natriegens,rel0_abs0,all,unfiltered,134,oriC,0.0011460554764591998,72,-0.3974928505045515
proteomics,zhu_V_natriegens,rel0_abs0,all,unfiltered,134,ter,0.05429633578875501,29,-1.4431718149559232
proteomics,zhu_V_natriegens,rel0_abs0,all,unfiltered,208,oriC,0.2800332340474188,99,0.06955747779348008
proteomics,zhu_V_natriegens,rel0_abs0,all,unfiltered,208,ter,0.6210290617095379,59,5.346581520225604
proteomics,zhu_V_natriegens,rel0_abs0,all,unfiltered,221,oriC,0.14058340414616452,101,-0.3208945626346971
proteomics,zhu_V_natriegens,rel0_abs0,all,unfiltered,221,ter,2.366100431765808e-6,67,-10.337372566119742
proteomics,zhu_V_natriegens,rel0_abs0,all,unfiltered,219,oriC,0.5901392600802375,101,0.007686609491459799
proteomics,zhu_V_natriegens,rel0_abs0,all,unfiltered,219,ter,0.021064168288628678,65,-0.2634751412459813
proteomics,zhu_V_natriegens,rel0_abs0,all,unfiltered,221,oriC,0.0032415047577943265,101,-0.37546691204373533
proteomics,zhu_V_natriegens,rel0_abs0,all,unfiltered,221,ter,1.906721203982145e-6,67,-10.337372566119742
proteomics,zhu_V_natriegens,rel0_abs0,all,unfiltered,221,oriC,0.009368186962378858,101,-0.5396534535248694
proteomics,zhu_V_natriegens,rel0_abs0,all,unfiltered,221,ter,6.200101066064979e-6,67,-10.337372566119742
proteomics,zhu_V_natriegens,rel0_abs0,all,unfiltered,225,oriC,0.0129357382644287,103,-0.1740858698112383
proteomics,zhu_V_natriegens,rel0_abs0,all,unfiltered,225,ter,9.557438563063019e-6,68,-1.1982504315000384
proteomics,zhu_V_natriegens,rel0_abs0,all,unfiltered,219,oriC,0.10038214716497099,101,-0.11568913168783382
proteomics,zhu_V_natriegens,rel0_abs0,all,unfiltered,219,ter,5.462632600610306e-4,65,-1.259849714590089
proteomics,zhu_V_natriegens,rel0_abs0,all,unfiltered,219,oriC,0.008487445227296608,100,-0.707274554794489
proteomics,zhu_V_natriegens,rel0_abs0,all,unfiltered,219,ter,2.0955213650341242e-5,66,-10.453033527452707
proteomics,zhu_V_natriegens,rel0_abs0,all,unfiltered,219,oriC,0.6621076245492881,101,-0.03994280840926323
proteomics,zhu_V_natriegens,rel0_abs0,all,unfiltered,219,ter,0.0013954834010121628,65,-1.6940241293368596
proteomics,zhu_V_natriegens,rel0_abs0,all,unfiltered,223,oriC,0.17961249821882375,102,0.11540450894655337
proteomics,zhu_V_natriegens,rel0_abs0,all,unfiltered,223,ter,1.7920723259983559e-6,67,10.12081653462641
proteomics,zhu_V_natriegens,rel0_abs0,all,unfiltered,134,oriC,2.986663855483963e-6,72,-0.12590816561071255
proteomics,zhu_V_natriegens,rel0_abs0,all,unfiltered,134,ter,0.17311531842723987,29,-0.3001381267335983
proteomics,zhu_V_natriegens,rel0_abs0,all,unfiltered,133,oriC,0.008995021021442375,72,-0.1876381321039292
proteomics,zhu_V_natriegens,rel0_abs0,all,unfiltered,133,ter,0.12427590419673906,28,-0.3807801493865584
proteomics,zhu_V_natriegens,rel0_abs0,all,unfiltered,218,oriC,0.47706395080762876,102,0.1023528168233307
proteomics,zhu_V_natriegens,rel0_abs0,all,unfiltered,218,ter,5.526251630570863e-4,63,7.814023635443717
proteomics,zhu_V_natriegens,rel0_abs0,all,unfiltered,214,oriC,0.46226814204076505,101,0.037434165093683754
proteomics,zhu_V_natriegens,rel0_abs0,all,unfiltered,214,ter,0.01307526358875745,63,8.267429850028018
proteomics,zhu_V_natriegens,rel0_abs0,all,unfiltered,133,oriC,0.010247918463579276,72,-0.25129681879571325
proteomics,zhu_V_natriegens,rel0_abs0,all,unfiltered,133,ter,0.17544951773215053,28,-0.6458129587407037
proteomics,zhu_V_natriegens,rel0_abs0,all,unfiltered,207,oriC,0.9540753894754002,99,0.14887568309233382
proteomics,zhu_V_natriegens,rel0_abs0,all,unfiltered,207,ter,0.15652688052550365,58,5.526917883341083
proteomics,zhu_V_natriegens,rel0_abs0,all,unfiltered,223,oriC,1.7302713494414976e-4,102,-0.29819211961967756
proteomics,zhu_V_natriegens,rel0_abs0,all,unfiltered,223,ter,3.0212817556175118e-6,67,-10.12081653462641
proteomics,zhu_V_natriegens,rel0_abs0,all,unfiltered,223,oriC,1.0490084717751354e-4,102,-0.623647313136075
proteomics,zhu_V_natriegens,rel0_abs0,all,unfiltered,223,ter,5.190718555901861e-6,67,-10.12081653462641
proteomics,zhu_V_natriegens,rel0_abs0,all,unfiltered,225,oriC,1.557224926107564e-4,103,-0.20352281538591205
proteomics,zhu_V_natriegens,rel0_abs0,all,unfiltered,225,ter,5.08187866706467e-6,68,-1.0138822588731782
proteomics,zhu_V_natriegens,rel0_abs0,all,unfiltered,218,oriC,0.0038566592427146155,101,-0.2583950659838345
proteomics,zhu_V_natriegens,rel0_abs0,all,unfiltered,218,ter,3.008159990109641e-4,64,-0.9104301368483008
proteomics,zhu_V_natriegens,rel0_abs0,all,unfiltered,221,oriC,2.6729087412596025e-4,101,-0.6009096066116794
proteomics,zhu_V_natriegens,rel0_abs0,all,unfiltered,221,ter,5.0888758861062e-6,66,-10.169328742563778
proteomics,zhu_V_natriegens,rel0_abs0,all,unfiltered,219,oriC,0.2550178042982568,101,-0.17922217044809238
proteomics,zhu_V_natriegens,rel0_abs0,all,unfiltered,219,ter,6.163709050251044e-4,65,-1.5271103364162588
proteomics,zhu_V_natriegens,rel0_abs0,all,unfiltered,134,oriC,0.3501249454055378,72,-0.0375920184901174
proteomics,zhu_V_natriegens,rel0_abs0,all,unfiltered,134,ter,0.3413907795649046,29,-0.2761855489665963
proteomics,zhu_V_natriegens,rel0_abs0,all,unfiltered,218,oriC,2.344475068272208e-4,102,0.21738253251839199
proteomics,zhu_V_natriegens,rel0_abs0,all,unfiltered,218,ter,1.2793759138605596e-4,63,7.814023635443717
proteomics,zhu_V_natriegens,rel0_abs0,all,unfiltered,214,oriC,0.5420111254579782,101,0.19952000285560337
proteomics,zhu_V_natriegens,rel0_abs0,all,unfiltered,214,ter,7.470407469828669e-4,63,8.267429850028018
proteomics,zhu_V_natriegens,rel0_abs0,all,unfiltered,133,oriC,0.26508486659341346,71,-0.1014365663181048
proteomics,zhu_V_natriegens,rel0_abs0,all,unfiltered,133,ter,0.2993102552068844,29,-0.4587451623606875
proteomics,zhu_V_natriegens,rel0_abs0,all,unfiltered,208,oriC,0.14314571247745958,99,0.25369661863301535
proteomics,zhu_V_natriegens,rel0_abs0,all,unfiltered,208,ter,0.06719251253131105,59,5.703491824785199
proteomics,zhu_V_natriegens,rel0_abs0,all,unfiltered,218,oriC,0.0038828290421831233,102,0.4583136472404208
proteomics,zhu_V_natriegens,rel0_abs0,all,unfiltered,218,ter,4.056472236456521e-5,63,7.814023635443717
proteomics,zhu_V_natriegens,rel0_abs0,all,unfiltered,212,oriC,0.22028794733290477,100,0.10642263468000718
proteomics,zhu_V_natriegens,rel0_abs0,all,unfiltered,212,ter,3.496296865435429e-5,63,8.267429850028018
proteomics,zhu_V_natriegens,rel0_abs0,all,unfiltered,130,oriC,0.4680407015480819,70,-0.024289854718553543
proteomics,zhu_V_natriegens,rel0_abs0,all,unfiltered,130,ter,0.2596640774160042,28,-0.23720023649951455
proteomics,zhu_V_natriegens,rel0_abs0,all,unfiltered,205,oriC,0.037844394561737806,98,0.22964055696172114
proteomics,zhu_V_natriegens,rel0_abs0,all,unfiltered,205,ter,0.009495300354760096,58,5.526917883341083
proteomics,zhu_V_natriegens,rel0_abs0,all,unfiltered,223,oriC,0.7458948867116437,103,-0.008704248113742515
proteomics,zhu_V_natriegens,rel0_abs0,all,unfiltered,223,ter,0.7906378315500178,67,-0.00928373815356547
proteomics,zhu_V_natriegens,rel0_abs0,all,unfiltered,218,oriC,0.0011895476484134508,102,-0.5318302629226885
proteomics,zhu_V_natriegens,rel0_abs0,all,unfiltered,218,ter,3.9380330763800375e-5,63,-8.054968243174743
proteomics,zhu_V_natriegens,rel0_abs0,all,unfiltered,224,oriC,0.7458948867116437,103,-0.001708799345960172
proteomics,zhu_V_natriegens,rel0_abs0,all,unfiltered,224,ter,0.3805758710224985,68,-0.2739319523216143
proteomics,zhu_V_natriegens,rel0_abs0,all,unfiltered,211,oriC,0.0383133096426253,99,-0.25719635845075767
proteomics,zhu_V_natriegens,rel0_abs0,all,unfiltered,211,ter,3.3461465997459724e-6,62,-8.340073420836891
proteomics,zhu_V_natriegens,rel0_abs0,all,unfiltered,214,oriC,0.03281723332354258,99,0.032262272432043576
proteomics,zhu_V_natriegens,rel0_abs0,all,unfiltered,214,ter,0.06603604038833552,63,-0.30403493707662
proteomics,zhu_V_natriegens,rel0_abs0,all,unfiltered,202,oriC,2.788314155244872e-4,96,0.3600446514369392
proteomics,zhu_V_natriegens,rel0_abs0,all,unfiltered,202,ter,6.532245705458521e-4,57,5.703491824785199
