dataset,n_conditions,replicate,n_genes_used,beta_slope,beta_mean,beta_diff
E. coli Consensus,5,2,1682,-0.08621685045897803,-0.04689412619428117,-0.039322724264696865
E. coli Consensus,5,4,1682,-0.07956906383416523,-0.03714487187373912,-0.042424191960426114
E. coli Consensus,5,7,1058,-0.036273396200749417,4.907756581369823e-4,-0.0367641718588864
E. coli Consensus,5,10,1077,-0.02165256651029126,-6.936080643604464e-4,-0.020958958445930813
E. coli Consensus,5,11,1082,-0.10154438170031713,-0.025459837744686898,-0.07608454395563023
E. coli Consensus,5,12,1085,-0.07034199969094626,0.020061510287835198,-0.09040350997878147
E. coli Consensus,5,13,1053,0.06025008214961101,-0.06121604613656988,0.12146612828618089
E. coli Consensus,5,14,1682,-0.09667087666583969,-0.049866652897897226,-0.046804223767942466
E. coli Consensus,5,15,1085,-0.05425976079103429,-0.05083140808545257,-0.0034283527055817206
E. coli Consensus,5,16,1682,-0.08665806533160585,-0.050800323428764574,-0.03585774190284127
E. coli Consensus,5,17,1084,-0.0015925307799499195,-0.025886587713485534,0.024294056933535615
E. coli Consensus,5,18,1682,-0.11853481132803888,-0.06351153091299151,-0.055023280415047365
E. coli Consensus,5,19,1086,-0.06922339359494015,0.012590992397986295,-0.08181438599292644
E. coli Consensus,5,24,1083,-0.08290496797041318,-0.01531634901050974,-0.06758861895990344
E. coli Consensus,5,28,1083,-0.08004376266880382,-0.03125601566436382,-0.04878774700444
E. coli Consensus,5,29,1682,-0.06943431896269714,-0.03342091098378716,-0.03601340797890998
E. coli Consensus,5,30,1552,0.06874890428837449,-0.02701949823554504,0.09576840252391954
E. coli Consensus,5,31,1085,-0.01679934028202305,0.005058912506397026,-0.021858252788420077
E. coli Consensus,5,37,1552,0.09498063559505493,-0.015165251478929706,0.11014588707398464
E. coli Consensus,5,38,1682,-0.008339395028299038,-0.0446209646883225,0.036281569660023466
E. coli Consensus,5,42,1086,-0.13182313166382292,-0.05265391283666018,-0.07916921882716274
E. coli Consensus,5,43,1082,-0.08508518620233325,-0.024641363643721517,-0.060443822558611734
E. coli Consensus,5,45,1086,-0.09921286250965099,-0.028210099223413544,-0.07100276328623745
E. coli Consensus,5,46,1682,-0.09365217588117525,-0.050964973432799994,-0.042687202448375254
E. coli Consensus,5,47,1082,-0.017896058566855912,-0.00947209349079941,-0.008423965076056502
E. coli Consensus,5,53,1085,-0.045698032324939505,-0.02270055218162062,-0.022997480143318885
E. coli Consensus,5,54,1085,-0.06433677778113582,-0.01703412144821095,-0.04730265633292487
E. coli Consensus,5,57,1682,-0.1281157999273789,-0.07157902615349158,-0.056536773773887314
E. coli Consensus,5,58,1075,-0.04383087651624798,0.014419630913738877,-0.05825050742998686
E. coli Consensus,5,59,1086,0.004540869569640755,-0.02312798109222158,0.027668850661862334
E. coli Consensus,5,60,1074,-0.047671799693573054,0.002908806285019809,-0.05058060597859286
E. coli Consensus,5,62,1081,-0.08396552731183525,-0.07937644373605914,-0.004589083575776115
E. coli Consensus,5,63,1682,-0.14339191179783664,-0.08293637600267025,-0.060455535795166396
E. coli Consensus,5,65,1080,-0.02085301432005251,-0.0198493881941283,-0.001003626125924209
E. coli Consensus,5,66,1085,-0.10872539010043641,-0.019124362401995342,-0.08960102769844107
E. coli Consensus,5,67,1063,0.005918928593385441,0.006464357331887568,-5.454287385021272e-4
E. coli Consensus,5,68,1682,-0.08541155035923464,-0.04070495464535166,-0.04470659571388298
E. coli Consensus,5,69,1552,0.08311296101372403,-0.015654684377056787,0.09876764539078083
E. coli Consensus,5,70,1086,-0.02622048836329869,-0.00948586729657251,-0.01673462106672618
E. coli Consensus,5,73,1085,-0.021838779273725878,-0.005225778474499254,-0.016613000799226625
E. coli Consensus,5,75,1086,-0.10587587956595568,0.024075284197385378,-0.12995116376334107
E. coli Consensus,5,77,1061,0.0017298148422084745,-0.010495466182262245,0.01222528102447072
E. coli Consensus,5,78,1086,-0.09482235869978822,-0.004581460511877262,-0.09024089818791096
E. coli Consensus,5,81,1081,0.08027977491018326,-0.05518236666403277,0.13546214157421604
E. coli Consensus,5,83,1084,-0.0847062921307329,-0.06357562918599412,-0.02113066294473878
E. coli Consensus,5,85,1085,-0.04844154388429779,-0.024044975200784392,-0.0243965686835134
E. coli Consensus,5,86,998,-0.02090008427537056,-0.05712134205240507,0.03622125777703451
E. coli Consensus,5,88,1682,-0.1524557677979838,-0.07075904089840991,-0.0816967268995739
E. coli Consensus,5,90,1085,0.021154763206228402,-0.020878341437975366,0.04203310464420377
E. coli Consensus,5,91,1682,0.032304531120802324,-0.05533754193518474,0.08764207305598706
E. coli Consensus,5,94,1072,0.08546425778890407,-0.05159167243138516,0.13705593022028922
E. coli Consensus,5,95,1552,0.07560755868036974,-0.014806175315350346,0.09041373399572009
E. coli Consensus,5,96,1547,-0.006359283105768543,-0.04626051078614027,0.03990122768037173
E. coli Consensus,5,98,1080,-0.059681254913230175,-9.870395037573998e-4,-0.058694215409472776
E. coli Consensus,5,100,1080,-0.05474953777912547,0.019689820248191943,-0.07443935802731741
E. coli Consensus,10,1,1695,-0.058666164334264304,-0.04883596606937867,-0.009830198264885633
E. coli Consensus,10,2,1086,-0.02695508896593607,-0.004744837040149446,-0.02221025192578662
E. coli Consensus,10,3,1695,-0.03256589448518743,-0.03976601478656751,0.007200120301380078
E. coli Consensus,10,4,1695,-0.08170422577502003,-0.05514874852502799,-0.026555477249992035
E. coli Consensus,10,5,1695,-0.00946929707659516,-0.04186664565426951,0.032397348577674345
E. coli Consensus,10,6,1083,-0.02643567944021574,0.01006846221968862,-0.03650414165990436
E. coli Consensus,10,7,1626,-0.09563357832525027,-0.029226500567995136,-0.06640707775725513
E. coli Consensus,10,8,1699,-0.09829083123423771,-0.090187460883322,-0.008103370350915712
E. coli Consensus,10,9,1695,-0.061273510089574414,-0.04544739685417292,-0.015826113235401493
E. coli Consensus,10,10,1682,-0.030281079762517055,-0.05143620153605259,0.021155121773535537
E. coli Consensus,10,11,1695,-0.08166321201064468,-0.05655045654140708,-0.0251127554692376
E. coli Consensus,10,12,1627,-0.1070591883897472,-0.146825709289663,0.03976652089991578
E. coli Consensus,10,13,1627,-0.014878866792593322,-0.08916106426620296,0.07428219747360965
E. coli Consensus,10,14,1695,-0.084948196563844,-0.057606358517014886,-0.027341838046829117
E. coli Consensus,10,15,1700,-0.05815810562683941,-0.09029904322893767,0.03214093760209826
E. coli Consensus,10,16,1695,-0.09853369615529269,-0.03765477631402276,-0.060878919841269925
E. coli Consensus,10,17,1695,-0.053912203160770014,-0.04138736939359464,-0.012524833767175371
E. coli Consensus,10,18,1682,-0.10945437251798996,-0.06865170090211578,-0.040802671615874184
E. coli Consensus,10,19,1083,-0.09525647396046608,-0.0196333099885719,-0.07562316397189417
E. coli Consensus,10,20,1699,-0.09604679679413146,-0.07398441192013477,-0.022062384873996685
E. coli Consensus,10,21,1086,-0.054472179953833015,-0.008408128278596012,-0.046064051675237
E. coli Consensus,10,22,1695,-0.026421257940009973,-0.042212974286562524,0.01579171634655255
E. coli Consensus,10,23,1695,-0.13281270378096688,-0.056196555665126345,-0.07661614811584053
E. coli Consensus,10,24,1700,-0.053431776928562644,-0.07569135641019177,0.022259579481629127
E. coli Consensus,10,25,1695,-0.07512340624502115,-0.05219440618743711,-0.022929000057584033
E. coli Consensus,10,26,1695,-0.1315601314830011,-0.05351371391715649,-0.07804641756584463
E. coli Consensus,10,27,1338,-0.15648024261067267,-0.012994929491609646,-0.143485313119063
E. coli Consensus,10,28,1695,-0.09129746068909429,-0.05758696432528642,-0.03371049636380787
E. coli Consensus,10,29,1695,-0.12331517735941137,-0.07172473346814824,-0.05159044389126313
E. coli Consensus,10,30,1695,-0.07710814117972223,-0.0613084493836843,-0.015799691796037928
E. coli Consensus,10,31,1085,-0.023518677069148102,0.004226188785855956,-0.027744865855004058
E. coli Consensus,10,32,1695,-0.12615230028223895,-0.04808586792908211,-0.07806643235315684
E. coli Consensus,10,33,1695,-0.005204334753569873,-0.052211985057252865,0.047007650303682993
E. coli Consensus,10,34,1700,-0.17634003500815937,-0.08213506810640246,-0.0942049669017569
E. coli Consensus,10,35,1682,-0.045374946143714366,-0.05006398246760288,0.004689036323888514
E. coli Consensus,10,36,1695,-0.017268114921702882,-0.040472585299529,0.023204470377826115
E. coli Consensus,10,37,1695,-0.1301250503606451,-0.04561730138799251,-0.08450774897265258
E. coli Consensus,10,38,1694,-0.1467029493384509,-0.07528048062973114,-0.07142246870871977
E. coli Consensus,10,39,1698,-0.18955274975630612,-0.07144637624994422,-0.1181063735063619
E. coli Consensus,10,40,1695,-0.04691771924085442,-0.04995312002326188,0.003035400782407459
E. coli Consensus,10,41,1086,-0.020641478687601297,-0.002100067153010973,-0.018541411534590324
E. coli Consensus,10,42,1700,-0.09158033414711547,-0.06896610122834822,-0.022614232918767255
E. coli Consensus,10,43,1077,-0.08361071779210624,-0.02042148597347641,-0.06318923181862983
E. coli Consensus,10,44,1627,-0.07413925364139612,-0.11170177189136674,0.03756251824997062
E. coli Consensus,10,45,1700,-0.10268449101814395,-0.07917912541896546,-0.023505365599178485
E. coli Consensus,10,46,1699,-0.08719669337844149,-0.0946742258746782,0.0074775324962367135
E. coli Consensus,10,47,1695,-0.09252902807521317,-0.05730893627395537,-0.0352200918012578
E. coli Consensus,10,48,1699,-0.12192861394671954,-0.07458243182348911,-0.047346182123230426
E. coli Consensus,10,49,1700,-0.0784919139748558,-0.07048467480363405,-0.008007239171221758
E. coli Consensus,10,50,1695,-0.16777479359025232,-0.05636144815901755,-0.11141334543123477
E. coli Consensus,10,51,1627,-0.02864088047860817,-0.08066499464971585,0.05202411417110768
E. coli Consensus,10,52,1627,0.049670688222609546,-0.036543800422454475,0.08621448864506402
E. coli Consensus,10,53,1695,-0.11951334450549833,-0.0531724835771586,-0.06634086092833974
E. coli Consensus,10,54,1699,-0.0474373460875247,-0.05797938856585203,0.01054204247832733
E. coli Consensus,10,55,1086,-0.07165202696332318,0.015111040454458661,-0.08676306741778184
E. coli Consensus,10,56,1682,-0.1406680061810135,-0.06885655052826502,-0.07181145565274848
E. coli Consensus,10,57,1086,-0.0551546152143784,-0.035660896606123246,-0.019493718608255155
E. coli Consensus,10,58,1700,-0.1496318138985245,-0.050109685183585585,-0.09952212871493893
E. coli Consensus,10,59,1086,-0.1168843889460801,-0.03978390158514409,-0.077100487360936
E. coli Consensus,10,60,1682,-0.02946758695724847,-0.05328076310856705,0.023813176151318585
E. coli Consensus,10,61,1695,-0.06914847184258095,-0.04941978556609021,-0.019728686276490742
E. coli Consensus,10,62,1699,-0.11359731834547902,-0.06370394848402827,-0.04989336986145075
E. coli Consensus,10,63,1695,-0.07112128700350125,-0.0746331684893886,0.0035118814858873526
E. coli Consensus,10,64,1700,-0.0312461054114684,-0.07545901680721052,0.04421291139574213
E. coli Consensus,10,65,1086,-0.029662412970576632,-0.01878007830521361,-0.010882334665363022
E. coli Consensus,10,66,1086,0.021952134344160622,-0.020662707673559804,0.04261484201772042
E. coli Consensus,10,67,1086,-0.11481650550264999,-0.07195312672997174,-0.04286337877267825
E. coli Consensus,10,68,1695,-0.11064445117857094,-0.07088398204913433,-0.03976046912943661
E. coli Consensus,10,69,1695,-0.08546127600006805,-0.046469870602873505,-0.03899140539719454
E. coli Consensus,10,70,1699,-0.059589922590149315,-0.09723964201054923,0.037649719420399914
E. coli Consensus,10,71,1695,-0.09394593865849456,-0.07187148491082987,-0.022074453747664688
E. coli Consensus,10,72,1695,-0.11825039797494609,-0.06699856524555599,-0.0512518327293901
E. coli Consensus,10,73,1085,-0.030793022240880725,-0.03685180752721082,0.006058785286330092
E. coli Consensus,10,74,1083,-0.022762374057975713,-0.0065861553121128345,-0.016176218745862878
E. coli Consensus,10,75,1695,-0.11575804699765506,-0.051465544741286964,-0.0642925022563681
E. coli Consensus,10,76,1700,-0.016194683154864987,-0.07200336639516887,0.055808683240303886
E. coli Consensus,10,77,1086,-0.03873504455923651,-0.010614247446723093,-0.028120797112513415
E. coli Consensus,10,78,1086,-0.09021750216781187,0.006504268306323576,-0.09672177047413544
E. coli Consensus,10,79,1700,-0.04767253372995081,-0.0388857390066182,-0.00878679472333261
E. coli Consensus,10,80,1695,-0.04668287415377517,-0.043050789776674266,-0.0036320843771009068
E. coli Consensus,10,81,1700,-0.08227555494237435,-0.09260772159414574,0.01033216665177139
E. coli Consensus,10,82,1700,-0.04251138150998416,-0.09333113692874526,0.050819755418761096
E. coli Consensus,10,83,1695,-0.04533869816194575,-0.0468070864732091,0.0014683883112633495
E. coli Consensus,10,84,1695,-0.11377769851388037,-0.0585344723838765,-0.05524322613000387
E. coli Consensus,10,85,1086,-0.05232009175484483,0.020589625082125904,-0.07290971683697073
E. coli Consensus,10,86,1682,-0.10802461072549212,-0.07228192770029601,-0.035742683025196106
E. coli Consensus,10,87,1695,-0.06300695444080154,-0.05100060275444382,-0.012006351686357719
E. coli Consensus,10,88,1695,-0.02584266701385248,-0.06465800842948789,0.03881534141563541
E. coli Consensus,10,89,1695,-0.12671237080083647,-0.052119264097569035,-0.07459310670326744
E. coli Consensus,10,90,1682,-0.1456341980555078,-0.08192715903682338,-0.06370703901868444
E. coli Consensus,10,91,1682,-0.08836425506999554,-0.05299311580768865,-0.03537113926230689
E. coli Consensus,10,92,1627,-0.018011862574855493,-0.07275734821188451,0.054745485637029016
E. coli Consensus,10,93,1086,-0.10341294079096904,-0.06397673831844018,-0.03943620247252885
E. coli Consensus,10,94,1695,-0.05415814967859615,-0.04483905077853761,-0.00931909890005854
E. coli Consensus,10,95,1627,-0.024491045777187095,-0.08919081755732128,0.06469977178013418
E. coli Consensus,10,96,1340,-0.13373319668114797,-0.013297443815890717,-0.12043575286525725
E. coli Consensus,10,97,1695,-0.16131803887701246,-0.06390556946740844,-0.09741246940960402
E. coli Consensus,10,98,1695,-0.06321140964535918,-0.053519943331844455,-0.009691466313514724
E. coli Consensus,10,99,1626,-0.03815395437283422,-0.06931299103048309,0.031159036657648874
E. coli Consensus,10,100,1627,-0.0487188036754323,-0.04834259937554697,-3.762042998853299e-4
E. coli Consensus,15,1,1700,-0.08033793527211276,-0.08199918813389422,0.0016612528617814537
E. coli Consensus,15,2,1700,-0.09752354867778151,-0.08442232141730456,-0.013101227260476953
E. coli Consensus,15,3,1695,-0.01804251277753291,-0.04288300805182691,0.024840495274294
E. coli Consensus,15,4,1700,-0.061292592382376415,-0.06757003082078326,0.006277438438406849
E. coli Consensus,15,5,1700,-0.12794685749747206,-0.090830397720203293,-0.03711645977726877
E. coli Consensus,15,6,1695,-0.114968925558355,-0.060400484020888476,-0.054568441537466525
E. coli Consensus,15,7,1695,-0.11771741989732305,-0.06763759250963884,-0.05007982738768421
E. coli Consensus,15,8,1700,-0.13703422793850117,-0.10045489874995728,-0.036579329188543896
E. coli Consensus,15,9,1695,-0.10504335677907256,-0.038663611065595,-0.06637974571347756
E. coli Consensus,15,10,1695,-0.09353266544730901,-0.039872062350910543,-0.05366060309639847
E. coli Consensus,15,11,1700,-0.13162191249322544,-0.09249188011085695,-0.03913003238236849
E. coli Consensus,15,12,1700,-0.10640778402333848,-0.08829243350178109,-0.018115350521557383
E. coli Consensus,15,13,1700,-0.12325567712930609,-0.05285474346899421,-0.07040093366031189
E. coli Consensus,15,14,1627,-0.05285252596154475,-0.09984723773057856,0.04699471176903381
E. coli Consensus,15,15,1700,-0.09951521149166742,-0.048173808355812156,-0.051341403135855265
E. coli Consensus,15,16,1695,-0.11120098337570632,-0.04919575477660782,-0.062005228599098496
E. coli Consensus,15,17,1700,-0.09103189933442561,-0.08617377328431075,-0.004858126050114861
E. coli Consensus,15,18,1695,-0.14158353399855853,-0.06855424134647392,-0.0730292926520846
E. coli Consensus,15,19,1700,-0.15328630096981324,-0.09482921919526079,-0.05845708177455246
E. coli Consensus,15,20,1695,-0.14972252607421624,-0.04611632605881917,-0.10360620001539707
E. coli Consensus,15,21,1695,0.016071088807359253,-0.06299824400206956,0.07906933280942882
E. coli Consensus,15,22,1700,-0.1281224844591092,-0.08183474594938633,-0.04628773850972287
E. coli Consensus,15,23,1695,-0.05028673627450948,-0.05089570805916445,6.089717846549658e-4
E. coli Consensus,15,24,1700,-0.1476937293560358,-0.09850714531353998,-0.04918658404249583
E. coli Consensus,15,25,1700,-0.09917869244624554,-0.07749580957375499,-0.021682882872490553
E. coli Consensus,15,26,1700,-0.07158982678612656,-0.053598068549053475,-0.017991758237073087
E. coli Consensus,15,27,1700,-0.08744879976803203,-0.08496345482132013,-0.0024853449467119038
E. coli Consensus,15,28,1700,-0.04948381964895595,-0.061087639780288354,0.011603820131332404
E. coli Consensus,15,29,1695,-0.11508901216040901,-0.06318882660172981,-0.0519001855586792
E. coli Consensus,15,30,1695,-0.11483933186076903,-0.06003419165291658,-0.054805140207852446
E. coli Consensus,15,31,1695,-0.12605294037782427,-0.042295123437889035,-0.08375781693993524
E. coli Consensus,15,32,1700,-0.08654104177491931,-0.05800363432566237,-0.028537407449256938
E. coli Consensus,15,33,1700,-0.11142011562693704,-0.08424388706155193,-0.02717622856538511
E. coli Consensus,15,34,1086,-0.07584598521418964,-0.003690312562984065,-0.07215567265120558
E. coli Consensus,15,35,1700,-0.12495554369998156,-0.08063045986768554,-0.044325083832296025
E. coli Consensus,15,36,1700,-0.10015561412111787,-0.06833158525900519,-0.03182402886211268
E. coli Consensus,15,37,1695,-0.08628581136556318,-0.0450514329785098,-0.04123437838705338
E. coli Consensus,15,38,1700,-0.04460533496567544,-0.0736534742010535,0.029048139235378065
E. coli Consensus,15,39,1700,-0.11873179836114223,-0.08937563545363388,-0.02935616290750835
E. coli Consensus,15,40,1700,-0.06817428046030961,-0.06324469927474628,-0.004929581185563331
E. coli Consensus,15,41,1695,-0.016850767653410453,-0.04261446196422111,0.02576369431081066
E. coli Consensus,15,42,1627,-0.0304267842331283,-0.07562037268058636,0.045193588447458057
E. coli Consensus,15,43,1700,-0.11006950954886952,-0.08809088787922838,-0.021978621669641138
E. coli Consensus,15,44,1700,-0.13095351277075779,-0.09382300872062231,-0.037130504050135474
E. coli Consensus,15,45,1700,-0.08973410540217516,-0.07116008789284792,-0.018574017509327245
E. coli Consensus,15,46,1695,-0.061358559373708536,-0.04912253578485535,-0.012236023588853187
E. coli Consensus,15,47,1700,-0.060757760817323675,-0.06738008085349131,0.006622320036167639
E. coli Consensus,15,48,1700,-0.1882338313503631,-0.08986820191610702,-0.09836562943425607
E. coli Consensus,15,49,1695,-0.09233427453791251,-0.05803647056051529,-0.03429780397739723
E. coli Consensus,15,50,1700,-0.1451175122073659,-0.052001137845125396,-0.09311637436224052
E. coli Consensus,15,51,1695,-0.1325775593079669,-0.05729869877161596,-0.07527886053635095
E. coli Consensus,15,52,1700,-0.0998636036625901,-0.04768450872387312,-0.05217909493871698
E. coli Consensus,15,53,1700,-0.07818249798981976,-0.06353795636328947,-0.014644541626530283
E. coli Consensus,15,54,1700,-0.13868825388326764,-0.04165575685547409,-0.09703249702779354
E. coli Consensus,15,55,1700,-0.08511847411287066,-0.06539895624154005,-0.01971951787133061
E. coli Consensus,15,56,1695,-0.11210011429297445,-0.03917525141111979,-0.07292486288185465
E. coli Consensus,15,57,1700,-0.0685180909239889,-0.07299086605905501,0.004472775135066109
E. coli Consensus,15,58,1695,-0.09964663419684303,-0.046296737981691385,-0.05334989621515164
E. coli Consensus,15,59,1695,-0.14618523108738754,-0.0735554878355087,-0.07262974325187883
E. coli Consensus,15,60,1695,-0.12817924838180136,-0.048692225368922586,-0.07948702301287877
E. coli Consensus,15,61,1700,-0.013706933356649137,-0.06841183876186833,0.0547049054052192
E. coli Consensus,15,62,1700,-0.12808240391921552,-0.10509221422305133,-0.02299018969616419
E. coli Consensus,15,63,1695,-0.06779615120018145,-0.04179268921052419,-0.026003461989657264
E. coli Consensus,15,64,1695,-0.0682681006235502,-0.04512950848323498,-0.023138592140315217
E. coli Consensus,15,65,1700,-0.14753119007006668,-0.09037970546845825,-0.05715148460160843
E. coli Consensus,15,66,1695,-0.10034192580828881,-0.05713980524636518,-0.04320212056192363
E. coli Consensus,15,67,1700,-0.0754119930484903,-0.07205276203136068,-0.0033592310171296214
E. coli Consensus,15,68,1700,-0.013199546915038517,-0.0808666011131037,0.06766705419806518
E. coli Consensus,15,69,1695,-0.14819890962630633,-0.05273286124129422,-0.0954660483850121
E. coli Consensus,15,70,1695,-0.12834677606956582,-0.06432025881107056,-0.06402651725849526
E. coli Consensus,15,71,1700,-0.10428044189522528,-0.06897427466271637,-0.035306167232508914
E. coli Consensus,15,72,1700,-0.06749318303620497,-0.055148608555178016,-0.012344574481026951
E. coli Consensus,15,73,1700,-0.08341475440252927,-0.05495930459497607,-0.0284554498075532
E. coli Consensus,15,74,1700,-0.16703115018982623,-0.07635361892504523,-0.090677531264781
E. coli Consensus,15,75,1700,-0.07224738395347365,-0.07535557430444767,0.0031081903509740244
E. coli Consensus,15,76,1700,-0.11582471878203165,-0.06359114659135857,-0.05223357219067308
E. coli Consensus,15,77,1699,-0.1015711943091163,-0.06609760146848306,-0.03547359284063324
E. coli Consensus,15,78,1695,-0.1360836346286196,-0.07303987914586689,-0.06304375548275272
E. coli Consensus,15,79,1695,-0.1469197232671624,-0.06743914282523877,-0.07948058044192363
E. coli Consensus,15,80,1695,-0.0865116617701115,-0.06672387206924557,-0.019787789700865935
E. coli Consensus,15,81,1695,-0.12403310559849677,-0.05333176540276042,-0.07070134019573635
E. coli Consensus,15,82,1627,-0.06746672592304231,-0.07243887187470156,0.004972145951659249
E. coli Consensus,15,83,1700,-0.06013386168054673,-0.04219753518055515,-0.01793632649999158
E. coli Consensus,15,84,1695,-0.1531977920464309,-0.06728537649191427,-0.08591241555451662
E. coli Consensus,15,85,1695,-0.07940005603821564,-0.04117229341318156,-0.03822776262503408
E. coli Consensus,15,86,1695,-0.04697232218072313,-0.045049875395592576,-0.0019224467851305521
E. coli Consensus,15,87,1700,-0.08547953532675659,-0.05017730621132807,-0.03530222911542852
E. coli Consensus,15,88,1700,-0.12405911641591211,-0.0891470732956333,-0.034912043120278805
E. coli Consensus,15,89,1700,-0.15797442521126487,-0.0820064277018817,-0.07596799750938317
E. coli Consensus,15,90,1700,-0.08833568662240109,-0.03953673608291642,-0.048798950539484666
E. coli Consensus,15,91,1700,-0.13775695896001278,-0.08546093373199493,-0.05229602522801785
E. coli Consensus,15,92,1695,-0.14719428838988077,-0.05726332386865007,-0.0899309645212307
E. coli Consensus,15,93,1695,0.0018322674239265135,-0.05069237931712196,0.052524646741048474
E. coli Consensus,15,94,1700,-0.20302430732956514,-0.062001776694268415,-0.14102253063529674
E. coli Consensus,15,95,1695,-0.14770310645701465,-0.06646287137814116,-0.08124023507887349
E. coli Consensus,15,96,1700,-0.08363092700313221,-0.07593073737285816,-0.007700189630274051
E. coli Consensus,15,97,1700,-0.17774889261265017,-0.0650549292869976,-0.11269396332565257
E. coli Consensus,15,98,1699,-0.08348458913491975,-0.07444591961643339,-0.009038669518486364
E. coli Consensus,15,99,1699,-0.09170127648266416,-0.09592032215316741,0.004219045670503255
E. coli Consensus,15,100,1695,-0.0623055201443922,-0.04557886732383448,-0.01672665282055772
E. coli Consensus,20,1,1700,-0.09925960388322407,-0.05973904401409172,-0.039520559869132346
E. coli Consensus,20,2,1700,-0.14348913428238239,-0.044939929955326426,-0.09854920432705597
E. coli Consensus,20,3,1700,-0.08539529143226922,-0.09589235745646595,0.010497066024196727
E. coli Consensus,20,4,1700,-0.10542690466657807,-0.0449196771007449,-0.060507227565833176
E. coli Consensus,20,5,1700,-0.17066753305414417,-0.08505626790363122,-0.08561126515051296
E. coli Consensus,20,6,1700,-0.14753026225857707,-0.08499150770053299,-0.06253875455804409
E. coli Consensus,20,7,1700,-0.15663230497115244,-0.09454221328012438,-0.062090091691028054
E. coli Consensus,20,8,1700,-0.12077355288676289,-0.05156517249340744,-0.06920838039335545
E. coli Consensus,20,9,1700,-0.057542421755930925,-0.05904730586413364,0.0015048841082027156
E. coli Consensus,20,10,1700,-0.1287837053062862,-0.08370162219610344,-0.04508208311018275
E. coli Consensus,20,11,1700,-0.04831620427133304,-0.0665329922019032,0.01821678793057016
E. coli Consensus,20,12,1695,-0.1346964321689723,-0.04864841647615959,-0.08604801569281273
E. coli Consensus,20,13,1700,-0.049352982978292353,-0.0653937924243609,0.016040809446068546
E. coli Consensus,20,14,1700,-0.16059785303384977,-0.091841628036466,-0.06875622499738376
E. coli Consensus,20,15,1695,-0.12337440861570233,-0.04684515439590707,-0.07652925421979526
E. coli Consensus,20,16,1695,-0.0700753637794404,-0.050160008579557214,-0.01991535519988319
E. coli Consensus,20,17,1700,-0.17779021074771195,-0.08336331616215405,-0.0944268945855579
E. coli Consensus,20,18,1695,-0.16303025365797097,-0.06497396642381685,-0.09805628723415412
E. coli Consensus,20,19,1700,-0.07815896298877922,-0.08062599229647556,0.002467029307696336
E. coli Consensus,20,20,1695,-0.1067573386351346,-0.04313161205010535,-0.06362572658502925
E. coli Consensus,20,21,1700,-0.10829642640832474,-0.04816404883777323,-0.06013237757055151
E. coli Consensus,20,22,1695,-0.13057864134259503,-0.06579550043271745,-0.06478314090987758
E. coli Consensus,20,23,1700,-0.13973213995409142,-0.05216449318316187,-0.08756764677092956
E. coli Consensus,20,24,1700,-0.1173000537941784,-0.09270078486509414,-0.02459926892908426
E. coli Consensus,20,25,1700,-0.0874140400045454,-0.057739722072871584,-0.02967431793167382
E. coli Consensus,20,26,1695,-0.14637143838875327,-0.07145583831913895,-0.07491560006961433
E. coli Consensus,20,27,1700,-0.14882504254367648,-0.07073262009791807,-0.07809242244575841
E. coli Consensus,20,28,1700,-0.11542367477256657,-0.065619003849443025,-0.049804670923123545
E. coli Consensus,20,29,1700,-0.127946115101712,-0.08402287670769377,-0.043923238394018224
E. coli Consensus,20,30,1700,-0.10377779215593594,-0.09660737344564757,-0.007170418710288368
E. coli Consensus,20,31,1700,-0.17143779102624462,-0.05239247023906854,-0.11904532078717608
E. coli Consensus,20,32,1700,-0.11494652520545058,-0.06952037462135932,-0.04542615058409126
E. coli Consensus,20,33,1700,-0.1498542887543837,-0.11123060322764335,-0.03862368552674035
E. coli Consensus,20,34,1700,-0.17163889829164497,-0.08927055103846485,-0.08236834725318012
E. coli Consensus,20,35,1700,-0.13485720857635206,-0.05443008440613522,-0.08042712417021683
E. coli Consensus,20,36,1700,-0.0868954452005296,-0.04238476696182752,-0.04451067823870208
E. coli Consensus,20,37,1700,-0.16289651622788667,-0.05738201028696093,-0.10551450594092573
E. coli Consensus,20,38,1700,-0.14185120462261758,-0.03607146413588052,-0.10577974048673705
E. coli Consensus,20,39,1700,-0.09237389042470003,-0.045717173182849825,-0.0466567172418502
E. coli Consensus,20,40,1700,-0.10985730838699585,-0.06027971305095819,-0.049577595336037665
E. coli Consensus,20,41,1700,-0.13280536552049937,-0.06948120810516444,-0.06332415741533494
E. coli Consensus,20,42,1700,-0.12074695075738193,-0.07433281727119007,-0.04641413348619186
E. coli Consensus,20,43,1700,-0.10523556654764218,-0.07023160065309099,-0.035003965894551195
E. coli Consensus,20,44,1700,-0.11130814764480926,-0.08144081727613305,-0.029867330368676212
E. coli Consensus,20,45,1700,-0.12109777982426136,-0.07562492983270858,-0.04547284999155278
E. coli Consensus,20,46,1700,-0.1648085128898565,-0.0683183971667794,-0.09649011572307711
E. coli Consensus,20,47,1700,-0.11307809859322394,-0.06824347282581682,-0.04483462576740713
E. coli Consensus,20,48,1700,-0.1345484321557021,-0.05957547823698573,-0.07497295391871639
E. coli Consensus,20,49,1700,-0.14169378109022504,-0.03578617370569954,-0.10590760738452551
E. coli Consensus,20,50,1695,-0.16018064405821944,-0.07403012850769372,-0.08615051555052572
E. coli Consensus,20,51,1700,-0.15338907707840957,-0.09219000114598573,-0.06119907593242384
E. coli Consensus,20,52,1700,-0.1504197395291086,-0.05698227285454252,-0.09343746667456607
E. coli Consensus,20,53,1700,-0.1614928020550205,-0.07032988246583922,-0.09116291958918128
E. coli Consensus,20,54,1700,-0.15185559980987323,-0.07370200770826799,-0.07815359210160525
E. coli Consensus,20,55,1700,-0.11209723924772973,-0.07000685566102323,-0.0420903835867065
E. coli Consensus,20,56,1695,-0.1346847646190927,-0.0552547405540976,-0.07943002406499511
E. coli Consensus,20,57,1700,-0.1389752851267999,-0.07419167862076995,-0.06478360650602996
E. coli Consensus,20,58,1700,-0.0946091093642322,-0.05207055295414581,-0.04253855641008639
E. coli Consensus,20,59,1700,-0.11979732736854184,-0.06670891019783685,-0.05308841717070499
E. coli Consensus,20,60,1700,-0.1314339170746148,-0.06581322648735198,-0.06562069058726282
E. coli Consensus,20,61,1700,-0.09042242801569934,-0.05783878348053989,-0.03258364453515945
E. coli Consensus,20,62,1700,-0.1767474351406532,-0.09219136790005023,-0.08455606724060297
E. coli Consensus,20,63,1700,-0.16725302458756053,-0.08312088100914361,-0.08413214357841692
E. coli Consensus,20,64,1695,-0.1153730085763504,-0.04801354699247286,-0.06735946158387754
E. coli Consensus,20,65,1700,-0.13937458259364588,-0.08019551051239084,-0.059179072081255044
E. coli Consensus,20,66,1700,-0.15012332290156336,-0.05197928483875882,-0.09814403806280453
E. coli Consensus,20,67,1700,-0.12526061723924592,-0.07705785050064273,-0.04820276673860319
E. coli Consensus,20,68,1700,-0.14997732534663083,-0.09136580565579693,-0.058611519690833905
E. coli Consensus,20,69,1700,-0.12918932538144606,-0.05470014358633561,-0.07448918179511045
E. coli Consensus,20,70,1700,-0.1120129590127659,-0.07468249205964776,-0.03733046695311813
E. coli Consensus,20,71,1700,-0.15512344857687063,-0.0827723711735622,-0.07235107740330843
E. coli Consensus,20,72,1700,-0.10446416595818656,-0.07444433878310679,-0.03001982717507977
E. coli Consensus,20,73,1700,-0.07633898812785031,-0.07529142345432484,-0.0010475646735254723
E. coli Consensus,20,74,1700,-0.12188420226379271,-0.07471786846228225,-0.04716633380151046
E. coli Consensus,20,75,1700,-0.09834356911700402,-0.03217638931213048,-0.06616717980487355
E. coli Consensus,20,76,1695,-0.09403606377674274,-0.045757284159284116,-0.04827877961745863
E. coli Consensus,20,77,1695,-0.1332407617852868,-0.06512554339426004,-0.06811521839102676
E. coli Consensus,20,78,1700,-0.12681047981135532,-0.0987873784003037,-0.028023101411051618
E. coli Consensus,20,79,1700,-0.12929147869523847,-0.061000125274813397,-0.06829135342042507
E. coli Consensus,20,80,1695,-0.09681954963465243,-0.06666749220344971,-0.030152057431202722
E. coli Consensus,20,81,1700,-0.06329997752849247,-0.09340980700296139,0.030109829474468927
E. coli Consensus,20,82,1700,-0.10978396585705794,-0.06740898415970362,-0.04237498169735432
E. coli Consensus,20,83,1700,-0.09491924908072139,-0.10146667232187132,0.00654742324114993
E. coli Consensus,20,84,1700,-0.12602422364562374,-0.05859849532507707,-0.06742572832054666
E. coli Consensus,20,85,1700,-0.1143532470414905,-0.09411818846598495,-0.020235058575505546
E. coli Consensus,20,86,1700,-0.06822981258047628,-0.0580375737596899,-0.010192238820786376
E. coli Consensus,20,87,1700,-0.12586907541320352,-0.06968955678137602,-0.056179518631827505
E. coli Consensus,20,88,1700,-0.08842028952346072,-0.059567250525510686,-0.028853038997950033
E. coli Consensus,20,89,1695,-0.07106693309079407,-0.05112242807233002,-0.019944505018464044
E. coli Consensus,20,90,1700,-0.16065504419463772,-0.06811342867350104,-0.09254161552113668
E. coli Consensus,20,91,1700,-0.10786135855298308,-0.06638704992836267,-0.04147430862462041
E. coli Consensus,20,92,1700,-0.07162877034873176,-0.07136961026205722,-2.5916008667453694e-4
E. coli Consensus,20,93,1700,-0.0838365230707952,-0.0780609469975973,-0.005775576073197897
E. coli Consensus,20,94,1700,-0.13304975519796977,-0.07902792753050497,-0.0540218276674648
E. coli Consensus,20,95,1700,-0.08743027073220096,-0.06906065905017303,-0.018369611682027928
E. coli Consensus,20,96,1700,-0.12490228419441006,-0.059147073859950675,-0.06575521033445939
E. coli Consensus,20,97,1700,-0.08531076382499159,-0.050688198917975304,-0.03462256490701628
E. coli Consensus,20,98,1700,-0.1400792602622726,-0.06312407479322263,-0.07695518546904997
E. coli Consensus,20,99,1700,-0.1345965296325785,-0.0505514968070523,-0.08404503282552621
E. coli Consensus,20,100,1700,-0.10749629020955949,-0.06692346846849204,-0.04057282174106745
E. coli Consensus,25,1,1700,-0.13117275153987012,-0.053738984680333585,-0.07743376685953654
E. coli Consensus,25,2,1700,-0.1557365137833923,-0.08553092448683942,-0.07020558929655286
E. coli Consensus,25,3,1700,-0.1503265307254834,-0.06058749573888837,-0.08973903498659504
E. coli Consensus,25,4,1700,-0.08818197502854758,-0.07277038339643403,-0.015411591632113544
E. coli Consensus,25,5,1700,-0.13644256475076183,-0.10074520246009323,-0.0356973622906686
E. coli Consensus,25,6,1700,-0.13695076113319196,-0.0664534775100052,-0.07049728362318676
E. coli Consensus,25,7,1695,-0.1472948251199268,-0.04651034504658417,-0.10078448007334265
E. coli Consensus,25,8,1700,-0.1556950086657398,-0.09253421133553599,-0.0631607973302038
E. coli Consensus,25,9,1700,-0.16421679130144923,-0.07404348675046649,-0.09017330455098274
E. coli Consensus,25,10,1700,-0.11025656807806994,-0.07385285286087406,-0.036403715217195876
E. coli Consensus,25,11,1700,-0.09044711158336409,-0.06418179015866197,-0.026265321424702115
E. coli Consensus,25,12,1695,-0.15675236416536198,-0.0692650530819846,-0.08748731108337737
E. coli Consensus,25,13,1700,-0.07789030868614094,-0.05275039718096685,-0.02513991150517409
E. coli Consensus,25,14,1700,-0.12600320125814546,-0.07118413239254788,-0.05481906886559758
E. coli Consensus,25,15,1700,-0.12500242675209605,-0.058122307155370714,-0.06688011959672534
E. coli Consensus,25,16,1700,-0.12641504383222432,-0.05209290584902255,-0.07432213798320178
E. coli Consensus,25,17,1700,-0.17826426286526786,-0.057279492466019134,-0.12098477039924874
E. coli Consensus,25,18,1700,-0.1704475444696239,-0.049047070168680346,-0.12140047430094356
E. coli Consensus,25,19,1700,-0.1471810486375602,-0.08584361298900853,-0.06133743564855168
E. coli Consensus,25,20,1700,-0.16176475093273135,-0.06733261957492406,-0.09443213135780729
E. coli Consensus,25,21,1700,-0.1498233596075895,-0.09506701595734565,-0.054756343650243844
E. coli Consensus,25,22,1700,-0.15447690595576968,-0.05490848118222056,-0.09956842477354913
E. coli Consensus,25,23,1700,-0.13425632438680948,-0.0706885697403031,-0.06356775464650638
E. coli Consensus,25,24,1700,-0.15124713860689154,-0.09777662150198851,-0.053470517104903026
E. coli Consensus,25,25,1700,-0.1257951727364415,-0.06689312033233187,-0.05890205240410963
E. coli Consensus,25,26,1700,-0.10777214921398055,-0.06416207829415799,-0.043610070919822566
E. coli Consensus,25,27,1700,-0.15978089664834608,-0.06142882024503196,-0.09835207640331411
E. coli Consensus,25,28,1700,-0.14015151615960422,-0.08629034519511979,-0.05386117096448444
E. coli Consensus,25,29,1700,-0.10060734084617907,-0.07004684409599954,-0.030560496750179536
E. coli Consensus,25,30,1700,-0.15250392793303524,-0.08871390971613896,-0.06379001821689628
E. coli Consensus,25,31,1700,-0.15467728883678206,-0.08210047070564133,-0.07257681813114072
E. coli Consensus,25,32,1700,-0.11547270580297643,-0.06486639299392429,-0.050606312809052145
E. coli Consensus,25,33,1700,-0.19082873665842662,-0.06996896830073171,-0.12085976835769491
E. coli Consensus,25,34,1700,-0.09790527579370063,-0.0572575583575136,-0.04064771743618703
E. coli Consensus,25,35,1700,-0.13958533468635229,-0.09178053377674798,-0.0478048009096043
E. coli Consensus,25,36,1700,-0.1210787694366087,-0.07168397659651987,-0.049394792840088825
E. coli Consensus,25,37,1700,-0.07719597705769213,-0.060151447914435,-0.01704452914325713
E. coli Consensus,25,38,1700,-0.14999420047750534,-0.05035175470759539,-0.09964244576990994
E. coli Consensus,25,39,1700,-0.12735662584456636,-0.09012844144922229,-0.037228184395344074
E. coli Consensus,25,40,1700,-0.13014562976315971,-0.07372074319595848,-0.05642488656720124
E. coli Consensus,25,41,1700,-0.1432361022857976,-0.06430883432161326,-0.07892726796418435
E. coli Consensus,25,42,1700,-0.15925673096891574,-0.09811595429910568,-0.06114077666981006
E. coli Consensus,25,43,1700,-0.17982928327099518,-0.09041508643657448,-0.0894141968344207
E. coli Consensus,25,44,1700,-0.18542548357046226,-0.07089290355490742,-0.11453258001555484
E. coli Consensus,25,45,1700,-0.08149642378352394,-0.07372169311850997,-0.007774730665013968
E. coli Consensus,25,46,1700,-0.21221003313661688,-0.05425541144952942,-0.15795462168708746
E. coli Consensus,25,47,1695,-0.053474163332599314,-0.04649946067709508,-0.0069747026555042335
E. coli Consensus,25,48,1700,-0.14233303190982205,-0.06053630896971757,-0.08179672294010448
E. coli Consensus,25,49,1700,-0.10777088178488975,-0.08496639698196691,-0.02280448480292284
E. coli Consensus,25,50,1700,-0.0873125041024707,-0.04935445455185124,-0.03795804955061946
E. coli Consensus,25,51,1700,-0.0688576020315876,-0.06431164939406638,-0.004545952637521222
E. coli Consensus,25,52,1700,-0.07934920371596149,-0.060426433026445375,-0.018922770689516116
E. coli Consensus,25,53,1700,-0.13332667578727697,-0.08745155538971912,-0.04587512039755785
E. coli Consensus,25,54,1700,-0.06725745986667246,-0.06770496150335564,4.475016366831813e-4
E. coli Consensus,25,55,1700,-0.1538309898113876,-0.10214956006306396,-0.05168142974832364
E. coli Consensus,25,56,1700,-0.16080350345786532,-0.06933874724322,-0.09146475621464531
E. coli Consensus,25,57,1700,-0.15433723057798257,-0.09457916989035711,-0.05975806068762546
E. coli Consensus,25,58,1700,-0.1546921396435336,-0.09187514311700506,-0.06281699652652853
E. coli Consensus,25,59,1700,-0.12155699720875371,-0.053544281237923576,-0.06801271597083014
E. coli Consensus,25,60,1700,-0.14296508766050176,-0.0800009958469871,-0.06296409181351466
E. coli Consensus,25,61,1700,-0.14540804208343644,-0.06977982037224029,-0.07562822171119615
E. coli Consensus,25,62,1700,-0.06886829049685604,-0.05385351527194133,-0.015014775224914713
E. coli Consensus,25,63,1700,-0.07763102737149132,-0.051650899404799014,-0.0259801279666923
E. coli Consensus,25,64,1700,-0.14696303633828778,-0.07664317164801196,-0.07031986469027582
E. coli Consensus,25,65,1700,-0.1723902838270689,-0.05986628221975977,-0.11252400160730912
E. coli Consensus,25,66,1700,-0.1507846681578894,-0.07575533485008631,-0.07502933330780309
E. coli Consensus,25,67,1700,-0.09094877747883288,-0.057969656577240986,-0.0329791209015919
E. coli Consensus,25,68,1700,-0.1485036392634857,-0.04954643114749947,-0.09895720811598623
E. coli Consensus,25,69,1700,-0.09067190906604979,-0.06266292811854343,-0.028008980947506354
E. coli Consensus,25,70,1700,-0.1672589600997789,-0.07915145799222438,-0.08810750210755451
E. coli Consensus,25,71,1700,-0.15516527828677448,-0.09931092487805193,-0.05585435340872255
E. coli Consensus,25,72,1700,-0.16842121907624308,-0.05288906699664046,-0.11553215207960262
E. coli Consensus,25,73,1700,-0.11918296201246596,-0.08982373945621408,-0.029359222556251882
E. coli Consensus,25,74,1700,-0.08301076245180518,-0.05790097831904586,-0.02510978413275932
E. coli Consensus,25,75,1700,-0.1254316749408587,-0.059290437763560494,-0.0661412371772982
E. coli Consensus,25,76,1700,-0.17857442476075336,-0.0652691333089415,-0.11330529145181185
E. coli Consensus,25,77,1700,-0.08641124138974023,-0.08172196884525783,-0.004689272544482398
E. coli Consensus,25,78,1700,-0.1495382238257671,-0.06396915724822115,-0.08556906657754594
E. coli Consensus,25,79,1700,-0.08659247695974007,-0.05853901335115331,-0.028053463608586758
E. coli Consensus,25,80,1700,-0.1849049003221087,-0.06355983943556236,-0.12134506088654635
E. coli Consensus,25,81,1700,-0.11591375399360983,-0.059729600910021455,-0.05618415308358837
E. coli Consensus,25,82,1700,-0.13060931097858403,-0.05843576780176904,-0.07217354317681499
E. coli Consensus,25,83,1700,-0.15477206249722344,-0.05807562315032939,-0.09669643934689406
E. coli Consensus,25,84,1700,-0.14416030934165605,-0.062382554331403314,-0.08177775501025274
E. coli Consensus,25,85,1700,-0.14729322160550565,-0.047577899981393286,-0.09971532162411237
E. coli Consensus,25,86,1700,-0.16897852417654444,-0.08996927406345753,-0.0790092501130869
E. coli Consensus,25,87,1700,-0.17560591713479215,-0.07270933668806331,-0.10289658044672884
E. coli Consensus,25,88,1700,-0.12413293493464099,-0.0886353826082344,-0.035497552326406584
E. coli Consensus,25,89,1700,-0.2187540949214893,-0.045835526346913076,-0.17291856857457624
E. coli Consensus,25,90,1695,-0.15044286273598922,-0.06380216056562044,-0.08664070217036879
E. coli Consensus,25,91,1700,-0.1942067019148714,-0.05740279824081372,-0.1368039036740577
E. coli Consensus,25,92,1695,-0.11669477483654325,-0.050378145752922876,-0.06631662908362038
E. coli Consensus,25,93,1700,-0.18690375376174467,-0.07558545427886158,-0.11131829948288309
E. coli Consensus,25,94,1700,-0.17526632986634905,-0.08731476518541616,-0.08795156468093289
E. coli Consensus,25,95,1700,-0.11260959653159594,-0.09483537191541645,-0.017774224616179488
E. coli Consensus,25,96,1700,-0.10079047314021873,-0.06948967344773857,-0.03130079969248016
E. coli Consensus,25,97,1700,-0.16232747501005185,-0.09274546342920217,-0.06958201158084967
E. coli Consensus,25,98,1700,-0.11683507029031708,-0.053457475435918896,-0.06337759485439817
E. coli Consensus,25,99,1700,-0.1613637229757001,-0.11153953276951462,-0.049824190206185476
E. coli Consensus,25,100,1700,-0.08851947548520299,-0.0649976541453753,-0.023521821339827692
E. coli Consensus,30,1,1700,-0.16267233126652203,-0.0607819622759722,-0.10189036899054983
E. coli Consensus,30,2,1700,-0.11680214592345922,-0.05217240513552229,-0.06462974078793693
E. coli Consensus,30,3,1700,-0.15275078232256523,-0.0753274016245722,-0.07742338069799302
E. coli Consensus,30,4,1700,-0.16343046690642118,-0.06942953410725522,-0.09400093279916596
E. coli Consensus,30,5,1700,-0.198887463055073,-0.03943115591616572,-0.15945630713890727
E. coli Consensus,30,6,1700,-0.1264712011051078,-0.07001170851154322,-0.05645949259356457
E. coli Consensus,30,7,1700,-0.17413511610019092,-0.0613229983666605,-0.11281211773353042
E. coli Consensus,30,8,1700,-0.1425153005889622,-0.05765785181820105,-0.08485744877076115
E. coli Consensus,30,9,1700,-0.1063581473445528,-0.06357026778487024,-0.042787879559682565
E. coli Consensus,30,10,1700,-0.14037629566806642,-0.061696439841205625,-0.0786798558268608
E. coli Consensus,30,11,1700,-0.17659900886249963,-0.08315820669170432,-0.09344080217079531
E. coli Consensus,30,12,1700,-0.14188182727915355,-0.050345596560434906,-0.09153623071871864
E. coli Consensus,30,13,1700,-0.09296311654504105,-0.0547167864436621,-0.038246330101378956
E. coli Consensus,30,14,1700,-0.12565866303296877,-0.05516558685596099,-0.07049307617700779
E. coli Consensus,30,15,1700,-0.21461934274603717,-0.05083450568772259,-0.1637848370583146
E. coli Consensus,30,16,1700,-0.1946188025344682,-0.06452215410150894,-0.13009664843295926
E. coli Consensus,30,17,1700,-0.13860931827023518,-0.06754718459940773,-0.07106213367082745
E. coli Consensus,30,18,1700,-0.14422105934212087,-0.06106361111438238,-0.08315744822773849
E. coli Consensus,30,19,1700,-0.16166334400669521,-0.06013479581462478,-0.10152854819207044
E. coli Consensus,30,20,1700,-0.1402622613578667,-0.09354400620630107,-0.046718255151565635
E. coli Consensus,30,21,1700,-0.14569105257404197,-0.05688316113610443,-0.08880789143793755
E. coli Consensus,30,22,1700,-0.15646273708881162,-0.08168442617471815,-0.07477831091409347
E. coli Consensus,30,23,1700,-0.10667576048238635,-0.06274744910212864,-0.04392831138025771
E. coli Consensus,30,24,1700,-0.13429024418110044,-0.06504706531798429,-0.06924317886311615
E. coli Consensus,30,25,1700,-0.14491303714702378,-0.07761292396363573,-0.06730011318338805
E. coli Consensus,30,26,1695,-0.16291021217977342,-0.06601810803191542,-0.096892104147858
E. coli Consensus,30,27,1700,-0.13636671796168068,-0.05954157474998675,-0.07682514321169392
E. coli Consensus,30,28,1700,-0.17432928293588992,-0.06798223772848568,-0.10634704520740425
E. coli Consensus,30,29,1700,-0.1382724661923856,-0.07099015885979425,-0.06728230733259134
E. coli Consensus,30,30,1700,-0.10696896542041615,-0.05093358150738938,-0.056035383913026766
E. coli Consensus,30,31,1700,-0.1549657543848664,-0.0790704028134647,-0.0758953515714017
E. coli Consensus,30,32,1700,-0.017467474274337487,-0.06188714397311419,0.044419669698776705
E. coli Consensus,30,33,1700,-0.15836871448064146,-0.06461789662185738,-0.09375081785878409
E. coli Consensus,30,34,1700,-0.14372697764363257,-0.04631271858185007,-0.0974142590617825
E. coli Consensus,30,35,1700,-0.096522349208396,-0.06444204076373576,-0.03208030844466024
E. coli Consensus,30,36,1700,-0.11626771991721253,-0.07259847441403934,-0.04366924550317319
E. coli Consensus,30,37,1700,-0.12160868327002874,-0.06734353130083659,-0.054265151969192155
E. coli Consensus,30,38,1700,-0.15975464130308134,-0.09932219872540084,-0.060432442577680504
E. coli Consensus,30,39,1700,-0.20280333627276775,-0.03715674788050626,-0.16564658839226148
E. coli Consensus,30,40,1695,-0.08389204149858748,-0.04046600662353817,-0.043426034875049306
E. coli Consensus,30,41,1700,-0.17100250502040626,-0.06331166357386755,-0.1076908414465387
E. coli Consensus,30,42,1700,-0.150401187269808,-0.08923555341899089,-0.06116563385081711
E. coli Consensus,30,43,1700,-0.20302598230274166,-0.039426154861234686,-0.16359982744150697
E. coli Consensus,30,44,1700,-0.11974147109097345,-0.06537792750198061,-0.05436354358899284
E. coli Consensus,30,45,1700,-0.13212557119705223,-0.06936132369523369,-0.06276424750181854
E. coli Consensus,30,46,1700,-0.10206682343191266,-0.05186275926762512,-0.05020406416428754
E. coli Consensus,30,47,1700,-0.13917088793225266,-0.07385469286326322,-0.06531619506898943
E. coli Consensus,30,48,1700,-0.15189523485902615,-0.06087770083795628,-0.09101753402106987
E. coli Consensus,30,49,1700,-0.187276114665662,-0.060212082455367785,-0.12706403221029422
E. coli Consensus,30,50,1700,-0.14858330583570864,-0.051348671381447136,-0.0972346344542615
E. coli Consensus,30,51,1700,-0.1617723062285716,-0.08597037684492397,-0.07580192938364765
E. coli Consensus,30,52,1700,-0.15152839957447486,-0.07170977373296883,-0.07981862584150604
E. coli Consensus,30,53,1700,-0.0805715491600769,-0.06837710142636669,-0.012194447733710215
E. coli Consensus,30,54,1700,-0.1771496479215354,-0.05926194009776966,-0.11788770782376573
E. coli Consensus,30,55,1700,-0.14016408260700788,-0.054684845449100676,-0.0854792371579072
E. coli Consensus,30,56,1700,-0.10756093927811525,-0.05829532722947086,-0.04926561204864439
E. coli Consensus,30,57,1700,-0.11423956946944547,-0.05973789692607373,-0.05450167254337174
E. coli Consensus,30,58,1700,-0.1656822292965459,-0.08330051124171596,-0.08238171805482995
E. coli Consensus,30,59,1700,-0.1702909165940364,-0.07159301796667927,-0.09869789862735712
E. coli Consensus,30,60,1700,-0.08294498984818818,-0.05314790212916205,-0.02979708771902613
E. coli Consensus,30,61,1700,-0.13630923272205317,-0.0793023174317795,-0.05700691529027367
E. coli Consensus,30,62,1700,-0.17271180386021792,-0.06613302397678662,-0.1065787798834313
E. coli Consensus,30,63,1700,-0.16034802075254817,-0.04661133687493045,-0.11373668387761772
E. coli Consensus,30,64,1700,-0.1400808989359934,-0.05968574670210302,-0.08039515223389038
E. coli Consensus,30,65,1695,-0.13511493053400353,-0.04644702176743728,-0.08866790876656624
E. coli Consensus,30,66,1700,-0.09905430162267986,-0.04944805335536227,-0.04960624826731759
E. coli Consensus,30,67,1700,-0.14924251377486883,-0.08405428046587518,-0.06518823330899365
E. coli Consensus,30,68,1700,-0.15232817060187998,-0.07057130571539867,-0.0817568648864813
E. coli Consensus,30,69,1700,-0.1752598033892867,-0.07205860347680763,-0.10320119991247907
E. coli Consensus,30,70,1700,-0.18898429924591184,-0.06616713940668083,-0.12281715983923101
E. coli Consensus,30,71,1700,-0.2299938522980163,-0.04973187176819392,-0.1802619805298224
E. coli Consensus,30,72,1700,-0.16031725014686962,-0.06787093478315498,-0.09244631536371464
E. coli Consensus,30,73,1700,-0.11965674586752235,-0.05077287165674489,-0.06888387421077746
E. coli Consensus,30,74,1700,-0.14655824981485574,-0.047434081653727714,-0.09912416816112803
E. coli Consensus,30,75,1700,-0.19483110331649134,-0.054411989081385274,-0.14041911423510606
E. coli Consensus,30,76,1700,-0.10046478791972914,-0.07219026414899378,-0.02827452377073536
E. coli Consensus,30,77,1700,-0.15231420184503172,-0.05947602411244709,-0.09283817773258463
E. coli Consensus,30,78,1700,-0.07034248029130374,-0.05283498476124119,-0.017507495530062554
E. coli Consensus,30,79,1700,-0.2122427878167756,-0.032732345170888556,-0.17951044264588706
E. coli Consensus,30,80,1700,-0.15748658392248502,-0.10223419653243393,-0.05525238739005109
E. coli Consensus,30,81,1700,-0.16234031167789895,-0.09504703640915668,-0.06729327526874226
E. coli Consensus,30,82,1700,-0.20830284707191013,-0.06515087320202659,-0.14315197386988354
E. coli Consensus,30,83,1700,-0.1254483064624823,-0.05276971601107935,-0.07267859045140296
E. coli Consensus,30,84,1700,-0.1568606633365511,-0.057025684263408975,-0.09983497907314212
E. coli Consensus,30,85,1700,-0.1384393759135446,-0.08224660269546989,-0.05619277321807471
E. coli Consensus,30,86,1700,-0.19416239603589153,-0.04570579350005534,-0.1484566025358362
E. coli Consensus,30,87,1700,-0.10833186675518557,-0.07011272621980005,-0.03821914053538551
E. coli Consensus,30,88,1700,-0.1807390584693772,-0.06503883162354969,-0.11570022684582752
E. coli Consensus,30,89,1700,-0.04240071938792278,-0.06667853212884362,0.024277812740920834
E. coli Consensus,30,90,1700,-0.1481529450281365,-0.08153338186697558,-0.06661956316116092
E. coli Consensus,30,91,1695,-0.13786650302038156,-0.0683520382531532,-0.06951446476722836
E. coli Consensus,30,92,1700,-0.14120015683308157,-0.07109805777107019,-0.07010209906201138
E. coli Consensus,30,93,1700,-0.14324983848679135,-0.06382806300177185,-0.0794217754850195
E. coli Consensus,30,94,1700,-0.21346312862818184,-0.05644017893759527,-0.15702294969058656
E. coli Consensus,30,95,1700,-0.17626242223671054,-0.058934222945206075,-0.11732819929150447
E. coli Consensus,30,96,1700,-0.20645425600073458,-0.050081002847182414,-0.15637325315355216
E. coli Consensus,30,97,1700,-0.10823039820973192,-0.0656850033220318,-0.04254539488770012
E. coli Consensus,30,98,1700,-0.1460842291627793,-0.06169225096596497,-0.08439197819681432
E. coli Consensus,30,99,1700,-0.2040400812595138,-0.045168026392741666,-0.15887205486677214
E. coli Consensus,30,100,1700,-0.17058319326910848,-0.055969696486681125,-0.11461349678242735
E. coli Consensus,35,1,1700,-0.16752059858747625,-0.06137997080695099,-0.10614062778052527
E. coli Consensus,35,2,1700,-0.12078674412767731,-0.08124109164011623,-0.03954565248756109
E. coli Consensus,35,3,1700,-0.1593851282099605,-0.07109682816703937,-0.08828830004292114
E. coli Consensus,35,4,1700,-0.09420984650775045,-0.06304110282100397,-0.031168743686746478
E. coli Consensus,35,5,1700,-0.16028722945932455,-0.08648121529030557,-0.07380601416901898
E. coli Consensus,35,6,1700,-0.1545170261241534,-0.09322462113608541,-0.061292404988068
E. coli Consensus,35,7,1700,-0.2117038331916068,-0.057558521115770846,-0.15414531207583596
E. coli Consensus,35,8,1700,-0.1487720219711625,-0.06772690228459591,-0.08104511968656658
E. coli Consensus,35,9,1700,-0.1602441006288918,-0.05908662324178305,-0.10115747738710876
E. coli Consensus,35,10,1700,-0.14576797026425026,-0.0934345029479881,-0.052333467316262164
E. coli Consensus,35,11,1700,-0.12217877489957636,-0.05435089053682307,-0.06782788436275329
E. coli Consensus,35,12,1700,-0.11133822580847451,-0.059071830996552395,-0.052266394811922114
E. coli Consensus,35,13,1700,-0.1558996024973763,-0.09731962940460548,-0.058579973092770826
E. coli Consensus,35,14,1700,-0.18813215213151607,-0.06870151721957635,-0.11943063491193973
E. coli Consensus,35,15,1700,-0.1953653379949042,-0.06620239888552813,-0.12916293910937604
E. coli Consensus,35,16,1700,-0.17602007247413948,-0.06323348532214261,-0.11278658715199687
E. coli Consensus,35,17,1700,-0.1650257075488364,-0.0611402549879855,-0.10388545256085088
E. coli Consensus,35,18,1700,-0.1318310043172886,-0.051167171432617675,-0.08066383288467094
E. coli Consensus,35,19,1700,-0.15861750525795718,-0.0656360224778775,-0.09298148278007967
E. coli Consensus,35,20,1700,-0.15226841973149458,-0.05267745099874065,-0.09959096873275392
E. coli Consensus,35,21,1700,-0.17979273659671455,-0.05910017862054677,-0.12069255797616778
E. coli Consensus,35,22,1700,-0.15722018450320013,-0.08598028315998318,-0.07123990134321695
E. coli Consensus,35,23,1700,-0.18649233448415872,-0.06515266079889576,-0.12133967368526297
E. coli Consensus,35,24,1700,-0.13645609124901553,-0.055491063481256805,-0.08096502776775873
E. coli Consensus,35,25,1700,-0.14769208557633973,-0.08926598999370408,-0.058426095582635645
E. coli Consensus,35,26,1700,-0.16636004672801913,-0.08795821267951688,-0.07840183404850225
E. coli Consensus,35,27,1700,-0.1568956055662798,-0.07005678259605723,-0.08683882297022257
E. coli Consensus,35,28,1700,-0.21947353298129327,-0.05653413289471041,-0.16293940008658286
E. coli Consensus,35,29,1700,-0.1623016743939505,-0.07327924523351365,-0.08902242916043684
E. coli Consensus,35,30,1700,-0.11450116228720227,-0.051604702342111224,-0.06289645994509105
E. coli Consensus,35,31,1700,-0.1390289632447688,-0.09948760948170683,-0.03954135376306196
E. coli Consensus,35,32,1700,-0.16352187940889407,-0.0568337650762499,-0.10668811433264416
E. coli Consensus,35,33,1700,-0.12530218661609632,-0.04590199105834484,-0.07940019555775149
E. coli Consensus,35,34,1700,-0.14420751461697764,-0.08295109682271111,-0.061256417794266535
E. coli Consensus,35,35,1700,-0.12407518629354503,-0.07582231497371986,-0.04825287131982517
E. coli Consensus,35,36,1700,-0.15917565119512583,-0.06329693527329577,-0.09587871592183006
E. coli Consensus,35,37,1700,-0.15940120076203101,-0.06170416502421334,-0.09769703573781768
E. coli Consensus,35,38,1700,-0.1568340235630842,-0.07614256891615205,-0.08069145464693216
E. coli Consensus,35,39,1700,-0.17141006099570674,-0.08131471291927626,-0.09009534807643048
E. coli Consensus,35,40,1700,-0.1258049410777073,-0.06960953221015057,-0.05619540886755672
E. coli Consensus,35,41,1700,-0.1659681255286786,-0.10444032902055264,-0.061527796508125954
E. coli Consensus,35,42,1700,-0.17474341055315196,-0.06396699314817833,-0.11077641740497363
E. coli Consensus,35,43,1700,-0.13950580968907117,-0.057946809130645906,-0.08155900055842527
E. coli Consensus,35,44,1700,-0.16385683857033947,-0.05496311614340044,-0.10889372242693904
E. coli Consensus,35,45,1700,-0.19243926086835228,-0.05557436585636058,-0.1368648950119917
E. coli Consensus,35,46,1700,-0.18007828889806665,-0.07183981275384949,-0.10823847614421717
E. coli Consensus,35,47,1700,-0.1186039666412801,-0.06082960682108083,-0.057774359820199274
E. coli Consensus,35,48,1700,-0.2128050660521196,-0.0638076084132817,-0.1489974576388379
E. coli Consensus,35,49,1700,-0.15755892907142416,-0.06430851106693937,-0.09325041800448479
E. coli Consensus,35,50,1700,-0.1717898091201013,-0.05814267216163437,-0.11364713695846693
E. coli Consensus,35,51,1700,-0.16892326088222634,-0.08444224796972491,-0.08448101291250143
E. coli Consensus,35,52,1700,-0.1541297676157666,-0.04783476019866613,-0.10629500741710048
E. coli Consensus,35,53,1700,-0.16073357260543167,-0.05953714196926176,-0.1011964306361699
E. coli Consensus,35,54,1700,-0.1421145913157454,-0.04604589527107398,-0.09606869604467141
E. coli Consensus,35,55,1700,-0.15164867131792847,-0.09257491844367699,-0.059073752874251484
E. coli Consensus,35,56,1700,-0.15375230992815334,-0.052557955653610156,-0.10119435427454318
E. coli Consensus,35,57,1700,-0.16076142798183413,-0.0877234104289438,-0.07303801755289033
E. coli Consensus,35,58,1700,-0.1477767770502874,-0.07147504009143883,-0.07630173695884858
E. coli Consensus,35,59,1700,-0.17193638545955592,-0.07715656393386268,-0.09477982152569324
E. coli Consensus,35,60,1700,-0.13225175415427112,-0.05077438714891307,-0.08147736700535806
E. coli Consensus,35,61,1700,-0.1291284580961864,-0.05870050125739372,-0.07042795683879267
E. coli Consensus,35,62,1700,-0.15612913778470375,-0.08861996339030537,-0.06750917439439838
E. coli Consensus,35,63,1700,-0.1601313541088439,-0.06741858664549899,-0.09271276746334492
E. coli Consensus,35,64,1700,-0.14258108417463594,-0.062129234253327066,-0.08045184992130888
E. coli Consensus,35,65,1700,-0.1547613517902023,-0.06228238794498248,-0.09247896384521984
E. coli Consensus,35,66,1700,-0.14929250738602942,-0.050174441428898216,-0.09911806595713121
E. coli Consensus,35,67,1700,-0.11521986036829626,-0.05752335982642615,-0.05769650054187011
E. coli Consensus,35,68,1700,-0.1822838973761164,-0.06372030563361096,-0.11856359174250543
E. coli Consensus,35,69,1700,-0.168951149417219,-0.08258777263952237,-0.08636337677769663
E. coli Consensus,35,70,1700,-0.21720033433122818,-0.038073421698907435,-0.17912691263232075
E. coli Consensus,35,71,1700,-0.15292058162851022,-0.07459450118009378,-0.07832608044841644
E. coli Consensus,35,72,1700,-0.20083414873542701,-0.03285412613329868,-0.16798002260212833
E. coli Consensus,35,73,1700,-0.150306675433539,-0.06396298179064479,-0.08634369364289422
E. coli Consensus,35,74,1700,-0.16564257474187383,-0.06130377724141148,-0.10433879750046235
E. coli Consensus,35,75,1700,-0.1157632462645692,-0.06331422676083505,-0.05244901950373415
E. coli Consensus,35,76,1700,-0.15833415112635757,-0.08490808487500283,-0.07342606625135474
E. coli Consensus,35,77,1700,-0.15217114931504655,-0.08388406636502897,-0.06828708295001758
E. coli Consensus,35,78,1700,-0.16405709853169154,-0.04853994377793649,-0.11551715475375504
E. coli Consensus,35,79,1700,-0.1174735186618761,-0.06394395442537165,-0.05352956423650444
E. coli Consensus,35,80,1700,-0.17637141958568034,-0.06099706220236494,-0.11537435738331539
E. coli Consensus,35,81,1700,-0.1615968741806695,-0.0570835069698151,-0.10451336721085441
E. coli Consensus,35,82,1700,-0.12736774626200753,-0.056179068385495905,-0.07118867787651162
E. coli Consensus,35,83,1700,-0.16104965238316496,-0.0814163350540554,-0.07963331732910955
E. coli Consensus,35,84,1700,-0.16571041065881473,-0.08087934549649703,-0.0848310651623177
E. coli Consensus,35,85,1700,-0.20070146362566785,-0.059911379792507574,-0.14079008383316027
E. coli Consensus,35,86,1700,-0.16182099794070545,-0.08775586460403921,-0.07406513333666624
E. coli Consensus,35,87,1700,-0.17303378287942162,-0.0702193923080196,-0.10281439057140201
E. coli Consensus,35,88,1700,-0.1597848635739046,-0.08178740498198607,-0.07799745859191852
E. coli Consensus,35,89,1700,-0.17664807231818747,-0.0661135162825151,-0.11053455603567236
E. coli Consensus,35,90,1700,-0.1462243482886469,-0.06031319833425819,-0.0859111499543887
E. coli Consensus,35,91,1700,-0.09447115937666675,-0.05260663824861879,-0.04186452112804796
E. coli Consensus,35,92,1700,-0.16235311344761624,-0.05283918669613038,-0.10951392675148586
E. coli Consensus,35,93,1700,-0.15711626943571022,-0.08735303085245738,-0.06976323858325284
E. coli Consensus,35,94,1700,-0.11429923126056127,-0.06100154351885569,-0.053297687741705575
E. coli Consensus,35,95,1700,-0.2158957184420605,-0.0448616286334535,-0.17103408980860701
E. coli Consensus,35,96,1700,-0.14785531625457318,-0.07766448890864779,-0.0701908273459254
E. coli Consensus,35,97,1700,-0.1713226769023844,-0.06331554841312295,-0.10800712848926144
E. coli Consensus,35,98,1700,-0.20276635185727732,-0.054024090737474634,-0.14874226111980268
E. coli Consensus,35,99,1700,-0.1707690040005537,-0.09052732336466314,-0.08024168063589056
E. coli Consensus,35,100,1700,-0.11248495025885816,-0.048480372569032426,-0.06400457768982573
E. coli Consensus,40,1,1700,-0.14422334861625596,-0.06015670086161262,-0.08406664775464334
E. coli Consensus,40,2,1700,-0.16996016794555496,-0.0850718896105808,-0.08488827833497416
E. coli Consensus,40,3,1700,-0.1706216438316743,-0.07897738207425563,-0.09164426175741867
E. coli Consensus,40,4,1700,-0.21628549670132718,-0.046703957838636075,-0.16958153886269112
E. coli Consensus,40,5,1700,-0.14567213337790977,-0.06169804476327189,-0.08397408861463787
E. coli Consensus,40,6,1700,-0.21066301531582413,-0.0423922360896483,-0.16827077922617584
E. coli Consensus,40,7,1700,-0.17927868711892037,-0.06746023792668769,-0.11181844919223267
E. coli Consensus,40,8,1700,-0.21748800922746855,-0.039080347738644834,-0.17840766148882373
E. coli Consensus,40,9,1700,-0.23172977023441244,-0.04726624152308047,-0.18446352871133198
E. coli Consensus,40,10,1700,-0.19622798505008499,-0.07233509434130232,-0.12389289070878266
E. coli Consensus,40,11,1700,-0.16034870899355141,-0.07030488480633029,-0.09004382418722112
E. coli Consensus,40,12,1700,-0.16054301238484758,-0.0666276897889317,-0.09391532259591588
E. coli Consensus,40,13,1700,-0.11521074936249748,-0.05354934769201662,-0.061661401670480856
E. coli Consensus,40,14,1700,-0.15953905621670172,-0.0754129411651984,-0.08412611505150333
E. coli Consensus,40,15,1700,-0.17068358835268146,-0.05636608000445961,-0.11431750834822185
E. coli Consensus,40,16,1700,-0.11894728041395493,-0.06997943548770229,-0.04896784492625264
E. coli Consensus,40,17,1700,-0.17126378855795746,-0.06860041490456226,-0.1026633736533952
E. coli Consensus,40,18,1700,-0.15160385753130953,-0.07609971678229994,-0.07550414074900959
E. coli Consensus,40,19,1700,-0.20133871998847164,-0.06354140337580029,-0.13779731661267136
E. coli Consensus,40,20,1700,-0.15742669619580077,-0.06099220689763509,-0.09643448929816567
E. coli Consensus,40,21,1700,-0.17849450690722593,-0.0662247598188704,-0.11226974708835553
E. coli Consensus,40,22,1700,-0.19431500315796577,-0.04088121164345151,-0.15343379151451425
E. coli Consensus,40,23,1700,-0.18734608978968095,-0.045720946663763556,-0.1416251431259174
E. coli Consensus,40,24,1700,-0.20830257617726097,-0.05144296563137443,-0.15685961054588654
E. coli Consensus,40,25,1700,-0.2042232292393466,-0.05062709310129397,-0.15359613613805262
E. coli Consensus,40,26,1700,-0.13640313202821755,-0.047659765260434805,-0.08874336676778274
E. coli Consensus,40,27,1700,-0.1754262566411507,-0.0758888431506073,-0.09953741349054339
E. coli Consensus,40,28,1700,-0.16349191840773297,-0.06009238327811084,-0.10339953512962213
E. coli Consensus,40,29,1700,-0.21383137615694894,-0.0390410116356183,-0.17479036452133065
E. coli Consensus,40,30,1700,-0.15664224302286164,-0.055588458362949296,-0.10105378465991235
E. coli Consensus,40,31,1700,-0.1905295570746102,-0.0666945079131075,-0.12383504916150269
E. coli Consensus,40,32,1700,-0.15486635399057438,-0.07380637724048332,-0.08105997675009106
E. coli Consensus,40,33,1700,-0.10543805671471607,-0.04884681159065467,-0.0565912451240614
E. coli Consensus,40,34,1700,-0.09111016395139795,-0.059169899948338836,-0.03194026400305912
E. coli Consensus,40,35,1700,-0.16038329210153987,-0.055738982466048345,-0.10464430963549153
E. coli Consensus,40,36,1700,-0.17344834802453493,-0.061166285317408337,-0.1122820627071266
E. coli Consensus,40,37,1700,-0.15930589592016842,-0.0808372037859932,-0.07846869213417522
E. coli Consensus,40,38,1700,-0.1960084841323968,-0.06128719775514596,-0.13472128637725084
E. coli Consensus,40,39,1700,-0.20315339118176487,-0.03826590355534818,-0.1648874876264167
E. coli Consensus,40,40,1700,-0.16745469292134701,-0.05388648605835308,-0.11356820686299393
E. coli Consensus,40,41,1700,-0.1159296703844222,-0.05994049765800565,-0.05598917272641655
E. coli Consensus,40,42,1700,-0.19897002651153237,-0.035490476807999445,-0.16347954970353293
E. coli Consensus,40,43,1700,-0.15328503726675233,-0.0584707742226178,-0.09481426304413453
E. coli Consensus,40,44,1700,-0.1753644476051317,-0.05493943840825757,-0.12042500919687413
E. coli Consensus,40,45,1700,-0.14295009590420316,-0.06963892161295891,-0.07331117429124424
E. coli Consensus,40,46,1700,-0.16826852970916675,-0.06644260944386204,-0.10182592026530471
E. coli Consensus,40,47,1700,-0.1878098700223009,-0.0637123184624781,-0.1240975515598228
E. coli Consensus,40,48,1700,-0.1628129161923724,-0.04876531342382349,-0.11404760276854892
E. coli Consensus,40,49,1700,-0.12057921639116151,-0.07043355811441585,-0.050145658276745664
E. coli Consensus,40,50,1700,-0.18282611479875033,-0.0705039656054723,-0.11232214919327803
E. coli Consensus,40,51,1700,-0.16637940557559924,-0.06211861627114718,-0.10426078930445207
E. coli Consensus,40,52,1700,-0.19978051741809671,-0.04995013160824585,-0.14983038580985086
E. coli Consensus,40,53,1700,-0.21497507694371346,-0.0324910620767908,-0.18248401486692267
E. coli Consensus,40,54,1700,-0.1927705756769345,-0.06744287794872038,-0.12532769772821412
E. coli Consensus,40,55,1700,-0.13667718548119306,-0.06426393518030839,-0.07241325030088468
E. coli Consensus,40,56,1700,-0.1997819060450589,-0.0396412271246179,-0.160140678920441
E. coli Consensus,40,57,1700,-0.10063380119428043,-0.049903833296287836,-0.0507299678979926
E. coli Consensus,40,58,1700,-0.15789798765343546,-0.08297236545041378,-0.07492562220302168
E. coli Consensus,40,59,1700,-0.1613592914910143,-0.07085207008663082,-0.09050722140438348
E. coli Consensus,40,60,1700,-0.21449523798051695,-0.04083789150906354,-0.17365734647145342
E. coli Consensus,40,61,1700,-0.14088376388139856,-0.04671134317004236,-0.0941724207113562
E. coli Consensus,40,62,1700,-0.1783803592959269,-0.06663138134750975,-0.11174897794841716
E. coli Consensus,40,63,1700,-0.18280988192433453,-0.06603500387316713,-0.1167748780511674
E. coli Consensus,40,64,1700,-0.20787698790058423,-0.04466138880996161,-0.1632155990906226
E. coli Consensus,40,65,1700,-0.15678548415311788,-0.08504408640790716,-0.07174139774521072
E. coli Consensus,40,66,1700,-0.22151180684351843,-0.0468690609742208,-0.17464274586929762
E. coli Consensus,40,67,1700,-0.19972960537735054,-0.060722375088771666,-0.13900723028857886
E. coli Consensus,40,68,1700,-0.14996217948402585,-0.057191998275911475,-0.09277018120811437
E. coli Consensus,40,69,1700,-0.22310996693328952,-0.03658187444768586,-0.18652809248560365
E. coli Consensus,40,70,1700,-0.19661754469737222,-0.050127704975742114,-0.1464898397216301
E. coli Consensus,40,71,1700,-0.2128908514905524,-0.04802896268852544,-0.16486188880202696
E. coli Consensus,40,72,1700,-0.17449833691527128,-0.0646182129358446,-0.10988012397942667
E. coli Consensus,40,73,1700,-0.174363413624267,-0.08213470420900985,-0.09222870941525714
E. coli Consensus,40,74,1700,-0.17506039771125018,-0.06610584829478552,-0.10895454941646465
E. coli Consensus,40,75,1700,-0.1561758797169017,-0.05314037074131137,-0.10303550897559033
E. coli Consensus,40,76,1700,-0.16056426250482456,-0.08248011079699524,-0.07808415170782931
E. coli Consensus,40,77,1700,-0.10847505166236883,-0.059762050653223105,-0.048713001009145725
E. coli Consensus,40,78,1700,-0.21870582948896108,-0.050502530121438495,-0.1682032993675226
E. coli Consensus,40,79,1700,-0.16145789556460202,-0.0736348153822349,-0.08782308018236712
E. coli Consensus,40,80,1700,-0.1964223060630787,-0.048244813890781293,-0.14817749217229742
E. coli Consensus,40,81,1700,-0.19640327788411932,-0.06354573205196325,-0.1328575458321561
E. coli Consensus,40,82,1700,-0.22236569906877465,-0.03946954773466698,-0.18289615133410767
E. coli Consensus,40,83,1700,-0.15699279372159572,-0.08598099570786984,-0.07101179801372588
E. coli Consensus,40,84,1700,-0.16459771600092044,-0.06013477565001119,-0.10446294035090925
E. coli Consensus,40,85,1700,-0.16543452751206825,-0.05344086818787686,-0.11199365932419139
E. coli Consensus,40,86,1700,-0.2135098117223227,-0.050179166035912624,-0.16333064568641006
E. coli Consensus,40,87,1700,-0.16990610700535308,-0.06473252144448079,-0.10517358556087229
E. coli Consensus,40,88,1700,-0.14929503877404005,-0.0721589721222801,-0.07713606665175994
E. coli Consensus,40,89,1700,-0.1688083447924142,-0.07111687465734359,-0.0976914701350706
E. coli Consensus,40,90,1700,-0.22049732014066145,-0.05224353290461453,-0.16825378723604692
E. coli Consensus,40,91,1700,-0.14977557239640982,-0.04734753773938404,-0.10242803465702577
E. coli Consensus,40,92,1700,-0.12055773595104848,-0.05403630452106081,-0.06652143142998766
E. coli Consensus,40,93,1700,-0.14153621450742043,-0.050002680411600914,-0.09153353409581952
E. coli Consensus,40,94,1700,-0.14991011666453763,-0.060665412896102305,-0.08924470376843532
E. coli Consensus,40,95,1700,-0.1589109126534457,-0.06908398727578882,-0.08982692537765688
E. coli Consensus,40,96,1700,-0.16382436021426935,-0.058471587773806406,-0.10535277244046296
E. coli Consensus,40,97,1700,-0.17338607014566035,-0.0699341764805057,-0.10345189366515464
E. coli Consensus,40,98,1700,-0.15946609094066475,-0.06758370210197699,-0.09188238883868775
E. coli Consensus,40,99,1700,-0.1735333067963961,-0.06847899220451037,-0.10505431459188572
E. coli Consensus,40,100,1700,-0.21394975402378044,-0.04801911718864792,-0.16593063683513254
E. coli Consensus,45,1,1700,-0.15587461108639622,-0.07227286864095406,-0.08360174244544216
E. coli Consensus,45,2,1700,-0.1606785126080018,-0.060555567462680926,-0.10012294514532089
E. coli Consensus,45,3,1700,-0.16838560765741242,-0.06412391485928441,-0.10426169279812801
E. coli Consensus,45,4,1700,-0.17756877949021166,-0.051083947441938025,-0.12648483204827363
E. coli Consensus,45,5,1700,-0.1583619694791819,-0.0629803171722641,-0.09538165230691781
E. coli Consensus,45,6,1700,-0.2029235891036866,-0.06620580955083757,-0.13671777955284903
E. coli Consensus,45,7,1700,-0.16492699140218617,-0.0652982716188438,-0.09962871978334237
E. coli Consensus,45,8,1700,-0.20145196341473232,-0.052276053200945714,-0.1491759102137866
E. coli Consensus,45,9,1700,-0.1720303615386479,-0.062442651513187904,-0.10958771002546
E. coli Consensus,45,10,1700,-0.16304034079944862,-0.08326839130814678,-0.07977194949130184
E. coli Consensus,45,11,1700,-0.18131375324624013,-0.06756133101993614,-0.113752422226304
E. coli Consensus,45,12,1700,-0.2082112553172844,-0.04925329537091791,-0.1589579599463665
E. coli Consensus,45,13,1700,-0.17301093410572657,-0.05904636646262306,-0.1139645676431035
E. coli Consensus,45,14,1700,-0.21679937238615601,-0.042732227033607365,-0.17406714535254864
E. coli Consensus,45,15,1700,-0.20723560240531066,-0.056442867317581316,-0.15079273508772933
E. coli Consensus,45,16,1700,-0.20968594391332973,-0.052410356545269744,-0.15727558736806
E. coli Consensus,45,17,1700,-0.21193559934570416,-0.046681130475643734,-0.16525446887006043
E. coli Consensus,45,18,1700,-0.15686822282444932,-0.05843692268646381,-0.09843130013798551
E. coli Consensus,45,19,1700,-0.17065212503643026,-0.06588326118038401,-0.10476886385604625
E. coli Consensus,45,20,1700,-0.21423640358798055,-0.040401741140405824,-0.17383466244757473
E. coli Consensus,45,21,1700,-0.20159095641350114,-0.03896531570814981,-0.16262564070535132
E. coli Consensus,45,22,1700,-0.16151805173164832,-0.06494833897736198,-0.09656971275428634
E. coli Consensus,45,23,1700,-0.2122315341270135,-0.046976103431393204,-0.16525543069562032
E. coli Consensus,45,24,1700,-0.17398087719826094,-0.06729970502690943,-0.10668117217135151
E. coli Consensus,45,25,1700,-0.1662992958860231,-0.056237874291033926,-0.11006142159498918
E. coli Consensus,45,26,1700,-0.16467291970800527,-0.06887911956673312,-0.09579380014127215
E. coli Consensus,45,27,1700,-0.21464765195912086,-0.04974463046862107,-0.1649030214904998
E. coli Consensus,45,28,1700,-0.2048947564225356,-0.04758657335482242,-0.1573081830677132
E. coli Consensus,45,29,1700,-0.162421064481336,-0.08968545549522455,-0.07273560898611145
E. coli Consensus,45,30,1700,-0.2192248331337576,-0.04898606866573506,-0.17023876446802255
E. coli Consensus,45,31,1700,-0.17520604360893752,-0.068349746752443,-0.10685629685649452
E. coli Consensus,45,32,1700,-0.1619014972912639,-0.055185294756327795,-0.1067162025349361
E. coli Consensus,45,33,1700,-0.1613313870001874,-0.08687814553975025,-0.07445324146043715
E. coli Consensus,45,34,1700,-0.16606493364064057,-0.05805746811993193,-0.10800746552070864
E. coli Consensus,45,35,1700,-0.17302149798410565,-0.06342514843912817,-0.10959634954497749
E. coli Consensus,45,36,1700,-0.17656515256915103,-0.06480361483444541,-0.11176153773470562
E. coli Consensus,45,37,1700,-0.17406298977102233,-0.07041163030877805,-0.10365135946224428
E. coli Consensus,45,38,1700,-0.2112953174676204,-0.0483056755333934,-0.162989641934227
E. coli Consensus,45,39,1700,-0.12171783788497899,-0.056079862716044176,-0.06563797516893481
E. coli Consensus,45,40,1700,-0.1750454729971971,-0.05990245248990053,-0.11514302050729658
E. coli Consensus,45,41,1700,-0.21033527340373592,-0.058427592437483085,-0.15190768096625284
E. coli Consensus,45,42,1700,-0.16012986737810805,-0.06491961142657666,-0.09521025595153139
E. coli Consensus,45,43,1700,-0.1739938519457337,-0.08890879439023545,-0.08508505755549824
E. coli Consensus,45,44,1700,-0.1369006542076133,-0.06892883709345275,-0.06797181711416055
E. coli Consensus,45,45,1700,-0.12845667826940255,-0.05108011571680077,-0.07737656255260178
E. coli Consensus,45,46,1700,-0.17091972639307523,-0.049488238143693665,-0.12143148824938158
E. coli Consensus,45,47,1700,-0.17553500956623425,-0.06105312566091619,-0.11448188390531805
E. coli Consensus,45,48,1700,-0.20836989645587078,-0.051647135027982245,-0.15672276142788855
E. coli Consensus,45,49,1700,-0.17493239262874885,-0.059410645126033924,-0.11552174750271493
E. coli Consensus,45,50,1700,-0.16065227043253294,-0.05889849931842147,-0.10175377111411146
E. coli Consensus,45,51,1700,-0.21082160204728495,-0.03709540293243229,-0.17372619911485265
E. coli Consensus,45,52,1700,-0.21335271999252922,-0.050230408863937315,-0.1631223111285919
E. coli Consensus,45,53,1700,-0.1995871224062401,-0.06588987621954819,-0.13369724618669193
E. coli Consensus,45,54,1700,-0.16988099486353805,-0.06331987957342745,-0.1065611152901106
E. coli Consensus,45,55,1700,-0.12603166556483586,-0.07145391779707894,-0.05457774776775692
E. coli Consensus,45,56,1700,-0.22654765930117285,-0.044708698179846545,-0.1818389611213263
E. coli Consensus,45,57,1700,-0.20687800453451194,-0.04819410904216521,-0.15868389549234674
E. coli Consensus,45,58,1700,-0.20955054959292727,-0.05655237834800177,-0.15299817124492548
E. coli Consensus,45,59,1700,-0.18914598325783835,-0.05317608795079101,-0.13596989530704734
E. coli Consensus,45,60,1700,-0.16549906843378953,-0.06368377080857794,-0.10181529762521159
E. coli Consensus,45,61,1700,-0.15520828655728666,-0.07805950565371829,-0.07714878090356837
E. coli Consensus,45,62,1700,-0.18327941947241086,-0.06698645338123231,-0.11629296609117855
E. coli Consensus,45,63,1700,-0.18021973050664658,-0.06595429711407562,-0.11426543339257096
E. coli Consensus,45,64,1700,-0.18393612590256475,-0.06849703809673051,-0.11543908780583424
E. coli Consensus,45,65,1700,-0.17558566188273117,-0.0658917036805721,-0.10969395820215908
E. coli Consensus,45,66,1700,-0.1946493360792095,-0.06583384052163695,-0.12881549555757255
E. coli Consensus,45,67,1700,-0.17301562067633824,-0.06242728885020815,-0.11058833182613009
E. coli Consensus,45,68,1700,-0.219622676566559,-0.04958675032240968,-0.17003592624414932
E. coli Consensus,45,69,1700,-0.2072375132175101,-0.054541785704599464,-0.15269572751291063
E. coli Consensus,45,70,1700,-0.17530532539484472,-0.06230129911429706,-0.11300402628054766
E. coli Consensus,45,71,1700,-0.12509483624088713,-0.0547996406090399,-0.07029519563184723
E. coli Consensus,45,72,1700,-0.1832506463266943,-0.07055747849876348,-0.11269316782793082
E. coli Consensus,45,73,1700,-0.17027969309135904,-0.07594058290759946,-0.09433911018375958
E. coli Consensus,45,74,1700,-0.15877641179254584,-0.06962156356355122,-0.08915484822899462
E. coli Consensus,45,75,1700,-0.2023887424073777,-0.06662554010166889,-0.13576320230570882
E. coli Consensus,45,76,1700,-0.22950969917979092,-0.03473096293676555,-0.19477873624302536
E. coli Consensus,45,77,1700,-0.1756464490994402,-0.06098580470519709,-0.11466064439424309
E. coli Consensus,45,78,1700,-0.17637452927895322,-0.0689186735275014,-0.10745585575145182
E. coli Consensus,45,79,1700,-0.22050880266158526,-0.041567152426055465,-0.1789416502355298
E. coli Consensus,45,80,1700,-0.1769862979196319,-0.06826424598085637,-0.10872205193877554
E. coli Consensus,45,81,1700,-0.16868715552143398,-0.06297132369573602,-0.10571583182569796
E. coli Consensus,45,82,1700,-0.14434088914737409,-0.05459219945501143,-0.08974868969236266
E. coli Consensus,45,83,1700,-0.1806340233500031,-0.07318776276412557,-0.10744626058587751
E. coli Consensus,45,84,1700,-0.17009188716816254,-0.06743187728644433,-0.10266000988171821
E. coli Consensus,45,85,1700,-0.22311624411047506,-0.04567775259903455,-0.1774384915114405
E. coli Consensus,45,86,1700,-0.15716648295117683,-0.06222587969653396,-0.09494060325464287
E. coli Consensus,45,87,1700,-0.1861407274903888,-0.0713486546829898,-0.11479207280739899
E. coli Consensus,45,88,1700,-0.17342558833316496,-0.06511574258743928,-0.10830984574572568
E. coli Consensus,45,89,1700,-0.16754055083781358,-0.09012649474387285,-0.07741405609394073
E. coli Consensus,45,90,1700,-0.19759171744076356,-0.03705094270437262,-0.16054077473639095
E. coli Consensus,45,91,1700,-0.21605756256283648,-0.05829720571872685,-0.15776035684410963
E. coli Consensus,45,92,1700,-0.12710918859710363,-0.05956373837912663,-0.067545450217977
E. coli Consensus,45,93,1700,-0.17511278938665925,-0.06779194600687637,-0.10732084337978288
E. coli Consensus,45,94,1700,-0.161874605896596,-0.06699757093542535,-0.09487703496117064
E. coli Consensus,45,95,1700,-0.16383558381585275,-0.0582387752637817,-0.10559680855207106
E. coli Consensus,45,96,1700,-0.16938666745549105,-0.0611787722260439,-0.10820789522944715
E. coli Consensus,45,97,1700,-0.14972964947350734,-0.0494276421546814,-0.10030200731882594
E. coli Consensus,45,98,1700,-0.18102797461565376,-0.06741047992260649,-0.11361749469304727
E. coli Consensus,45,99,1700,-0.17734867930996134,-0.0747623030567179,-0.10258637625324345
E. coli Consensus,45,100,1700,-0.19390316363551294,-0.06561560373425634,-0.1282875599012566
E. coli Consensus,50,1,1700,-0.2183601719270057,-0.049498871926565075,-0.1688613000004406
E. coli Consensus,50,2,1700,-0.15933922834177291,-0.051092168062481756,-0.10824706027929115
E. coli Consensus,50,3,1700,-0.220561890311878,-0.05297569176909217,-0.16758619854278584
E. coli Consensus,50,4,1700,-0.21899435401471473,-0.04036184452281506,-0.17863250949189968
E. coli Consensus,50,5,1700,-0.16374064220166148,-0.05763543150835476,-0.10610521069330672
E. coli Consensus,50,6,1700,-0.2251127646046473,-0.04465296016322818,-0.18045980444141912
E. coli Consensus,50,7,1700,-0.21572425245056912,-0.05168533112109475,-0.16403892132947437
E. coli Consensus,50,8,1700,-0.20163616659271977,-0.04885665054294813,-0.15277951604977164
E. coli Consensus,50,9,1700,-0.18150791408029038,-0.06239539294873518,-0.1191125211315552
E. coli Consensus,50,10,1700,-0.20730201070125723,-0.04951382523330293,-0.1577881854679543
E. coli Consensus,50,11,1700,-0.21881728363663513,-0.05202208386424093,-0.1667951997723942
E. coli Consensus,50,12,1700,-0.17233565521644256,-0.05973696699905804,-0.11259868821738453
E. coli Consensus,50,13,1700,-0.17891866241031523,-0.06776246198786459,-0.11115620042245064
E. coli Consensus,50,14,1700,-0.1818947661150826,-0.061484168707258174,-0.12041059740782442
E. coli Consensus,50,15,1700,-0.21982753549575326,-0.04095047459170214,-0.17887706090405112
E. coli Consensus,50,16,1700,-0.18299128343819313,-0.06522280763149764,-0.11776847580669549
E. coli Consensus,50,17,1700,-0.2081422835391475,-0.0495518552435428,-0.15859042829560469
E. coli Consensus,50,18,1700,-0.1701881600453124,-0.06380487441486883,-0.10638328563044357
E. coli Consensus,50,19,1700,-0.17742105536653502,-0.06585164811457343,-0.11156940725196159
E. coli Consensus,50,20,1700,-0.17723703503863092,-0.05981674104698423,-0.11742029399164669
E. coli Consensus,50,21,1700,-0.1678231123326614,-0.08340649629999901,-0.08441661603266239
E. coli Consensus,50,22,1700,-0.21355863047973467,-0.048207186150978035,-0.16535144432875665
E. coli Consensus,50,23,1700,-0.21924285882361683,-0.0507602680450362,-0.16848259077858063
E. coli Consensus,50,24,1700,-0.21596657942294423,-0.047971741808020725,-0.1679948376149235
E. coli Consensus,50,25,1700,-0.1315298736172169,-0.07081665734738139,-0.060713216269835515
E. coli Consensus,50,26,1700,-0.150770398648749,-0.05702448476478406,-0.09374591388396494
E. coli Consensus,50,27,1700,-0.2153096311172082,-0.04774358814301704,-0.16756604297419114
E. coli Consensus,50,28,1700,-0.17831963919709673,-0.06828338647683938,-0.11003625272025735
E. coli Consensus,50,29,1700,-0.18002817791968675,-0.06550307207236328,-0.11452510584732348
E. coli Consensus,50,30,1700,-0.17079387996253315,-0.058687992473490415,-0.11210588748904274
E. coli Consensus,50,31,1700,-0.21688266978852971,-0.048878459527367635,-0.16800421026116208
E. coli Consensus,50,32,1700,-0.20010779578721286,-0.06296877298367486,-0.137139022803538
E. coli Consensus,50,33,1700,-0.1790013810826795,-0.06599642357799076,-0.11300495750468872
E. coli Consensus,50,34,1700,-0.16682214721235414,-0.05411984950789661,-0.11270229770445753
E. coli Consensus,50,35,1700,-0.22163229685987298,-0.04990727067901423,-0.17172502618085875
E. coli Consensus,50,36,1700,-0.22302162079664614,-0.05199779555454446,-0.1710238252421017
E. coli Consensus,50,37,1700,-0.20568588098625912,-0.04725273598735354,-0.15843314499890557
E. coli Consensus,50,38,1700,-0.12539156907638932,-0.06961077555333534,-0.055780793523053984
E. coli Consensus,50,39,1700,-0.2203009541681179,-0.053002539955070066,-0.16729841421304784
E. coli Consensus,50,40,1700,-0.17943131575306054,-0.061533474336945976,-0.11789784141611456
E. coli Consensus,50,41,1700,-0.21925354194995256,-0.05066272719606415,-0.1685908147538884
E. coli Consensus,50,42,1700,-0.20797320959478688,-0.058379876915207816,-0.14959333267957906
E. coli Consensus,50,43,1700,-0.21644745327559003,-0.042106902570700426,-0.1743405507048896
E. coli Consensus,50,44,1700,-0.16543552126152178,-0.06178178052552804,-0.10365374073599373
E. coli Consensus,50,45,1700,-0.21849644397870174,-0.05161023947558058,-0.16688620450312117
E. coli Consensus,50,46,1700,-0.18376393355399326,-0.06832680273708233,-0.11543713081691093
E. coli Consensus,50,47,1700,-0.21032714292365784,-0.05332083224575773,-0.1570063106779001
E. coli Consensus,50,48,1700,-0.17793976042723486,-0.06061169834662742,-0.11732806208060745
E. coli Consensus,50,49,1700,-0.2213076002237811,-0.054524275809862154,-0.16678332441391894
E. coli Consensus,50,50,1700,-0.21833933416491388,-0.0371026935552292,-0.1812366406096847
E. coli Consensus,50,51,1700,-0.17156759986780432,-0.06675386736643041,-0.10481373250137391
E. coli Consensus,50,52,1700,-0.17734011559759727,-0.06055152586810031,-0.11678858972949696
E. coli Consensus,50,53,1700,-0.22031135421955653,-0.04245567385968224,-0.17785568035987429
E. coli Consensus,50,54,1700,-0.21654471193017405,-0.04956056426023814,-0.1669841476699359
E. coli Consensus,50,55,1700,-0.20729553808673534,-0.04992624696078846,-0.1573692911259469
E. coli Consensus,50,56,1700,-0.21996177212877355,-0.053199237748227504,-0.16676253438054606
E. coli Consensus,50,57,1700,-0.20460195161499464,-0.0683575288601303,-0.13624442275486434
E. coli Consensus,50,58,1700,-0.21115757399943866,-0.05107129572029236,-0.1600862782791463
E. coli Consensus,50,59,1700,-0.2149707766388808,-0.038993557712859714,-0.17597721892602108
E. coli Consensus,50,60,1700,-0.18345539230243182,-0.06369665613023046,-0.11975873617220137
E. coli Consensus,50,61,1700,-0.16313803516253383,-0.05248472631899826,-0.11065330884353558
E. coli Consensus,50,62,1700,-0.18660771059083672,-0.06508321995827936,-0.12152449063255737
E. coli Consensus,50,63,1700,-0.18144656684334456,-0.06393094733027138,-0.11751561951307318
E. coli Consensus,50,64,1700,-0.21067704066950957,-0.052921147749615524,-0.15775589291989406
E. coli Consensus,50,65,1700,-0.21941797879129032,-0.04963970040807722,-0.1697782783832131
E. coli Consensus,50,66,1700,-0.18183550673215862,-0.06100578991575228,-0.12082971681640634
E. coli Consensus,50,67,1700,-0.18958972657056436,-0.05255359927917372,-0.13703612729139064
E. coli Consensus,50,68,1700,-0.20330691083371877,-0.052130698202724014,-0.15117621263099476
E. coli Consensus,50,69,1700,-0.1619489797148149,-0.05573447106011345,-0.10621450865470144
E. coli Consensus,50,70,1700,-0.17571888329038915,-0.06351592864452023,-0.11220295464586892
E. coli Consensus,50,71,1700,-0.21145487290975865,-0.03937669022210509,-0.17207818268765357
E. coli Consensus,50,72,1700,-0.21120790356906574,-0.05392095243361964,-0.1572869511354461
E. coli Consensus,50,73,1700,-0.21088539200732914,-0.055043095369323634,-0.1558422966380055
E. coli Consensus,50,74,1700,-0.1960667349438584,-0.05131949350378084,-0.14474724144007756
E. coli Consensus,50,75,1700,-0.2144982636799792,-0.052751776405608124,-0.16174648727437108
E. coli Consensus,50,76,1700,-0.20597709703064643,-0.038297656298807936,-0.1676794407318385
E. coli Consensus,50,77,1700,-0.22989192004376047,-0.041255215461805494,-0.18863670458195497
E. coli Consensus,50,78,1700,-0.20536480829767734,-0.03492824325713334,-0.170436565040544
E. coli Consensus,50,79,1700,-0.22032584184154858,-0.052653020041216136,-0.16767282180033244
E. coli Consensus,50,80,1700,-0.21777474935517824,-0.04883407146519508,-0.16894067788998315
E. coli Consensus,50,81,1700,-0.21754902196535125,-0.038080839792388584,-0.17946818217296268
E. coli Consensus,50,82,1700,-0.17235316342058402,-0.061737285395270104,-0.11061587802531392
E. coli Consensus,50,83,1700,-0.21234704720573266,-0.05292469555637011,-0.15942235164936255
E. coli Consensus,50,84,1700,-0.22393164768358556,-0.049540751938307453,-0.1743908957452781
E. coli Consensus,50,85,1700,-0.17901846140945812,-0.06507423437708726,-0.11394422703237087
E. coli Consensus,50,86,1700,-0.18156692906236127,-0.06403182919839251,-0.11753509986396876
E. coli Consensus,50,87,1700,-0.17242635614157975,-0.06211587905085609,-0.11031047709072367
E. coli Consensus,50,88,1700,-0.20872664003386732,-0.049375420259220426,-0.1593512197746469
E. coli Consensus,50,89,1700,-0.224526987926415,-0.04335850125111919,-0.18116848667529584
E. coli Consensus,50,90,1700,-0.21039917205172565,-0.05143760002081265,-0.158961572030913
E. coli Consensus,50,91,1700,-0.21554178776838978,-0.05103110332367874,-0.16451068444471104
E. coli Consensus,50,92,1700,-0.225359564108586,-0.04951206096058165,-0.17584750314800435
E. coli Consensus,50,93,1700,-0.177658916641879,-0.06204393324823372,-0.11561498339364527
E. coli Consensus,50,94,1700,-0.20335169333990666,-0.06468163538382,-0.13867005795608667
E. coli Consensus,50,95,1700,-0.1619482619580645,-0.052878693132548005,-0.1090695688255165
E. coli Consensus,50,96,1700,-0.2138240877760076,-0.04009159413555464,-0.17373249364045296
E. coli Consensus,50,97,1700,-0.18334768390153644,-0.0570034831166987,-0.12634420078483774
E. coli Consensus,50,98,1700,-0.2123387514377559,-0.05433253638150584,-0.15800621505625007
E. coli Consensus,50,99,1700,-0.16208587045158973,-0.08335228830975173,-0.078733582141838
E. coli Consensus,50,100,1700,-0.209901237023246,-0.050510621597914696,-0.1593906154253313
E. coli Consensus,55,1,1700,-0.18113958266858998,-0.06404778087627819,-0.1170918017923118
E. coli Consensus,55,2,1700,-0.22082136850212966,-0.05063815561181739,-0.17018321289031227
E. coli Consensus,55,3,1700,-0.21521712012018032,-0.04914711846483148,-0.16607000165534885
E. coli Consensus,55,4,1700,-0.21794331952220408,-0.038430506378083824,-0.17951281314412026
E. coli Consensus,55,5,1700,-0.2130115413628867,-0.052953941539012464,-0.16005759982387424
E. coli Consensus,55,6,1700,-0.21012891424484867,-0.05392174489168324,-0.15620716935316542
E. coli Consensus,55,7,1700,-0.2218793400293207,-0.05253656514313467,-0.16934277488618601
E. coli Consensus,55,8,1700,-0.22057978139818177,-0.05271012885138601,-0.16786965254679576
E. coli Consensus,55,9,1700,-0.2199265830990875,-0.05234823966174521,-0.1675783434373423
E. coli Consensus,55,10,1700,-0.17996109054123294,-0.05920750625379884,-0.1207535842874341
E. coli Consensus,55,11,1700,-0.16325458710313528,-0.058850132375649185,-0.1044044547274861
E. coli Consensus,55,12,1700,-0.21782980089455373,-0.050220540428298176,-0.16760926046625554
E. coli Consensus,55,13,1700,-0.18499476481883323,-0.06401327462721808,-0.12098149019161515
E. coli Consensus,55,14,1700,-0.17391326781235308,-0.06232765353571808,-0.111585614276635
E. coli Consensus,55,15,1700,-0.20556700465007788,-0.04901517450924537,-0.15655183014083252
E. coli Consensus,55,16,1700,-0.18112062624191078,-0.06421966307554684,-0.11690096316636393
E. coli Consensus,55,17,1700,-0.17517763410116355,-0.060833015171377305,-0.11434461892978624
E. coli Consensus,55,18,1700,-0.18007704628467303,-0.06798384472210224,-0.11209320156257079
E. coli Consensus,55,19,1700,-0.222113931776127,-0.05154620118412239,-0.1705677305920046
E. coli Consensus,55,20,1700,-0.22254398637790943,-0.05087240627238694,-0.17167158010552247
E. coli Consensus,55,21,1700,-0.22497433186219185,-0.04139489318039866,-0.1835794386817932
E. coli Consensus,55,22,1700,-0.212508019068206,-0.05043270433894958,-0.1620753147292564
E. coli Consensus,55,23,1700,-0.22104692893467537,-0.0517834968400401,-0.16926343209463526
E. coli Consensus,55,24,1700,-0.13110707604803537,-0.06856932608496573,-0.06253774996306964
E. coli Consensus,55,25,1700,-0.21889210135866183,-0.05220226057333312,-0.16668984078532872
E. coli Consensus,55,26,1700,-0.21984169412685267,-0.05145047554145172,-0.16839121858540096
E. coli Consensus,55,27,1700,-0.22012884035545743,-0.05211890038948565,-0.1680099399659718
E. coli Consensus,55,28,1700,-0.21781292376494577,-0.05318338782492189,-0.16462953594002389
E. coli Consensus,55,29,1700,-0.22215852395100025,-0.04405965052575108,-0.17809887342524916
E. coli Consensus,55,30,1700,-0.18205441990178875,-0.06644574883429086,-0.11560867106749789
E. coli Consensus,55,31,1700,-0.21164470414041078,-0.05196157908531722,-0.15968312505509358
E. coli Consensus,55,32,1700,-0.2014272166720898,-0.05338309845272188,-0.14804411821936792
E. coli Consensus,55,33,1700,-0.21223356975485821,-0.052219078116164046,-0.16001449163869416
E. coli Consensus,55,34,1700,-0.1745949449407639,-0.06583378597758882,-0.10876115896317509
E. coli Consensus,55,35,1700,-0.15984094424231388,-0.05676938312202145,-0.10307156112029242
E. coli Consensus,55,36,1700,-0.1795877636785799,-0.06847042535192728,-0.11111733832665262
E. coli Consensus,55,37,1700,-0.21211713486319977,-0.05134111802818016,-0.16077601683501963
E. coli Consensus,55,38,1700,-0.20543693521272943,-0.053851235806209714,-0.15158569940651972
E. coli Consensus,55,39,1700,-0.178150688412613,-0.06391676991935288,-0.11423391849326012
E. coli Consensus,55,40,1700,-0.2200473185579477,-0.04225286866675586,-0.17779444989119186
E. coli Consensus,55,41,1700,-0.22254306159378437,-0.05176691078969278,-0.1707761508040916
E. coli Consensus,55,42,1700,-0.18118087788233175,-0.06330013405216871,-0.11788074383016305
E. coli Consensus,55,43,1700,-0.2202398625453235,-0.05261034551031442,-0.16762951703500906
E. coli Consensus,55,44,1700,-0.2192994789935453,-0.05192239780474956,-0.16737708118879574
E. coli Consensus,55,45,1700,-0.20352328371852452,-0.053909147399167315,-0.14961413631935722
E. coli Consensus,55,46,1700,-0.21672645946397381,-0.050493315478588714,-0.1662331439853851
E. coli Consensus,55,47,1700,-0.22199541243926793,-0.05159209018835213,-0.1704033222509158
E. coli Consensus,55,48,1700,-0.2204651701106597,-0.052301719766035024,-0.16816345034462465
E. coli Consensus,55,49,1700,-0.21894048441106564,-0.050601182376311366,-0.16833930203475428
E. coli Consensus,55,50,1700,-0.22154700258732712,-0.04932663371346086,-0.17222036887386627
E. coli Consensus,55,51,1700,-0.21825214482632144,-0.051005786987563057,-0.16724635783875838
E. coli Consensus,55,52,1700,-0.18031001197813926,-0.0647750189411695,-0.11553499303696976
E. coli Consensus,55,53,1700,-0.21046794038004796,-0.053077770290430634,-0.1573901700896173
E. coli Consensus,55,54,1700,-0.17756855259312165,-0.06254880960287845,-0.1150197429902432
E. coli Consensus,55,55,1700,-0.2230253541481471,-0.05052907251473453,-0.17249628163341257
E. coli Consensus,55,56,1700,-0.21363906185798423,-0.05075105570279321,-0.16288800615519103
E. coli Consensus,55,57,1700,-0.1800413694647014,-0.06716902238813344,-0.11287234707656796
E. coli Consensus,55,58,1700,-0.16938235456688921,-0.06176461389977302,-0.10761774066711619
E. coli Consensus,55,59,1700,-0.22347839580912926,-0.053177784316422685,-0.1703006114927066
E. coli Consensus,55,60,1700,-0.1764856332711883,-0.06359478269586165,-0.11289085057532665
E. coli Consensus,55,61,1700,-0.21407804295315477,-0.051672684739586104,-0.16240535821356866
E. coli Consensus,55,62,1700,-0.2041263551789148,-0.04618738681085465,-0.15793896836806015
E. coli Consensus,55,63,1700,-0.18023532014105928,-0.0667152938432554,-0.11352002629780387
E. coli Consensus,55,64,1700,-0.1761891375505624,-0.06748715440066964,-0.10870198314989275
E. coli Consensus,55,65,1700,-0.21871468373154393,-0.05187287188984911,-0.16684181184169483
E. coli Consensus,55,66,1700,-0.2217260153267645,-0.05042654148521534,-0.17129947384154917
E. coli Consensus,55,67,1700,-0.22017023075618825,-0.05447892530558317,-0.16569130545060506
E. coli Consensus,55,68,1700,-0.21755468407896933,-0.053311255174130164,-0.16424342890483917
E. coli Consensus,55,69,1700,-0.2163695960901439,-0.039881441255308736,-0.17648815483483515
E. coli Consensus,55,70,1700,-0.21983207363513615,-0.04249497460473764,-0.17733709903039852
E. coli Consensus,55,71,1700,-0.16358978912116504,-0.06310248190520644,-0.1004873072159586
E. coli Consensus,55,72,1700,-0.21336793958202765,-0.0541520788265758,-0.15921586075545185
E. coli Consensus,55,73,1700,-0.21505548832683605,-0.049417667656359916,-0.16563782067047614
E. coli Consensus,55,74,1700,-0.21047547821109686,-0.051262989013511846,-0.15921248919758502
E. coli Consensus,55,75,1700,-0.22208600967883688,-0.05154770697838874,-0.17053830270044815
E. coli Consensus,55,76,1700,-0.2100672634212305,-0.04680801628706386,-0.16325924713416665
E. coli Consensus,55,77,1700,-0.2133699089466497,-0.04975963677760595,-0.16361027216904375
E. coli Consensus,55,78,1700,-0.1826669583999927,-0.06690517497842756,-0.11576178342156514
E. coli Consensus,55,79,1700,-0.2016930252321037,-0.06545774949110747,-0.13623527574099623
E. coli Consensus,55,80,1700,-0.21950471291200924,-0.04937712101280699,-0.17012759189920224
E. coli Consensus,55,81,1700,-0.16482124129822479,-0.06474640527757561,-0.10007483602064918
E. coli Consensus,55,82,1700,-0.21259981194268307,-0.05174568368529259,-0.16085412825739048
E. coli Consensus,55,83,1700,-0.17486482614098525,-0.061574759114951985,-0.11329006702603327
E. coli Consensus,55,84,1700,-0.20909583149044453,-0.04795892398586079,-0.16113690750458373
E. coli Consensus,55,85,1700,-0.2137382651829062,-0.05364982930923157,-0.16008843587367463
E. coli Consensus,55,86,1700,-0.21921352428431765,-0.05320944170894847,-0.16600408257536917
E. coli Consensus,55,87,1700,-0.22042601122328973,-0.05192286696037212,-0.1685031442629176
E. coli Consensus,55,88,1700,-0.2181342123033476,-0.0530153666836895,-0.1651188456196581
E. coli Consensus,55,89,1700,-0.21181523504084177,-0.04985805425753718,-0.1619571807833046
E. coli Consensus,55,90,1700,-0.20238475561399527,-0.04417446197219669,-0.1582102936417986
E. coli Consensus,55,91,1700,-0.20968395054821173,-0.05312097487519048,-0.15656297567302124
E. coli Consensus,55,92,1700,-0.2178486280660489,-0.05253746925625076,-0.16531115880979813
E. coli Consensus,55,93,1700,-0.18743601839036939,-0.053165459372563804,-0.13427055901780557
E. coli Consensus,55,94,1700,-0.21795287888170634,-0.051038667019349226,-0.1669142118623571
E. coli Consensus,55,95,1700,-0.21998996952066627,-0.05182057597373491,-0.16816939354693136
E. coli Consensus,55,96,1700,-0.21711284750130666,-0.051456162576558016,-0.16565668492474864
E. coli Consensus,55,97,1700,-0.17544853011442002,-0.061815847188086796,-0.11363268292633322
E. coli Consensus,55,98,1700,-0.22002210177282502,-0.05076942538922236,-0.16925267638360267
E. coli Consensus,55,99,1700,-0.2205227642969984,-0.051233525456264833,-0.16928923884073357
E. coli Consensus,55,100,1700,-0.20751054210892758,-0.05393469129035072,-0.15357585081857686
E. coli Consensus,60,1,1700,-0.21859066476246758,-0.05151887671516881,-0.16707178804729877
E. coli Consensus,60,2,1700,-0.21916140926963373,-0.05234911399480239,-0.16681229527483135
E. coli Consensus,60,3,1700,-0.22493979153850105,-0.04162247446796111,-0.18331731707053994
E. coli Consensus,60,4,1700,-0.22082720221336455,-0.052682901946020905,-0.16814430026734364
E. coli Consensus,60,5,1700,-0.17882904035368144,-0.06584804913228932,-0.11298099122139212
E. coli Consensus,60,6,1700,-0.22082720221336455,-0.052682901946020905,-0.16814430026734364
E. coli Consensus,60,7,1700,-0.20886854317521628,-0.053082461296140734,-0.15578608187907556
E. coli Consensus,60,8,1700,-0.21892058090959807,-0.05239534851933924,-0.16652523239025882
E. coli Consensus,60,9,1700,-0.215084375557607,-0.049747340936483676,-0.16533703462112334
E. coli Consensus,60,10,1700,-0.2186830301125065,-0.051847500350855655,-0.16683552976165084
E. coli Consensus,60,11,1700,-0.2194757869349696,-0.05147743100274728,-0.16799835593222234
E. coli Consensus,60,12,1700,-0.21395703300385757,-0.051771759344729315,-0.16218527365912827
E. coli Consensus,60,13,1700,-0.2265895799169772,-0.04217601997796328,-0.18441355993901393
E. coli Consensus,60,14,1700,-0.2198291202553485,-0.05112229265993937,-0.16870682759540914
E. coli Consensus,60,15,1700,-0.2192383162543635,-0.05110847395542535,-0.16812984229893813
E. coli Consensus,60,16,1700,-0.21162993227931626,-0.053206303165116695,-0.15842362911419955
E. coli Consensus,60,17,1700,-0.21875993775008495,-0.05329606003841585,-0.1654638777116691
E. coli Consensus,60,18,1700,-0.21883269966180163,-0.052578819162628375,-0.16625388049917325
E. coli Consensus,60,19,1700,-0.2193743109971417,-0.051479610335456685,-0.167894700661685
E. coli Consensus,60,20,1700,-0.21940652222562643,-0.05165573623310738,-0.16775078599251905
E. coli Consensus,60,21,1700,-0.21900687899468285,-0.05222933000501572,-0.16677754898966712
E. coli Consensus,60,22,1700,-0.2209821422693913,-0.05228967615662273,-0.16869246611276859
E. coli Consensus,60,23,1700,-0.21953517083719548,-0.051220058891632496,-0.16831511194556298
E. coli Consensus,60,24,1700,-0.20935261491370685,-0.052820767568487206,-0.15653184734521963
E. coli Consensus,60,25,1700,-0.21896315710869782,-0.05068103168529053,-0.16828212542340729
E. coli Consensus,60,26,1700,-0.2198391434169943,-0.05180787730964761,-0.16803126610734667
E. coli Consensus,60,27,1700,-0.22033023087361478,-0.05236146859612405,-0.16796876227749075
E. coli Consensus,60,28,1700,-0.21592199828245537,-0.052168338186662014,-0.16375366009579334
E. coli Consensus,60,29,1700,-0.22034308814969958,-0.051533437419888604,-0.16880965072981097
E. coli Consensus,60,30,1700,-0.18030936096641415,-0.06461670686909975,-0.1156926540973144
E. coli Consensus,60,31,1700,-0.18121768696973742,-0.06653302626167429,-0.11468466070806313
E. coli Consensus,60,32,1700,-0.2209946941692873,-0.0526911464219759,-0.1683035477473114
E. coli Consensus,60,33,1700,-0.17930891745910982,-0.0652245642805757,-0.11408435317853412
E. coli Consensus,60,34,1700,-0.21996492767172499,-0.051697454559388775,-0.1682674731123362
E. coli Consensus,60,35,1700,-0.2195589230799992,-0.05115856047153047,-0.16840036260846872
E. coli Consensus,60,36,1700,-0.21924414349392274,-0.05152844841239578,-0.16771569508152695
E. coli Consensus,60,37,1700,-0.18259256703864793,-0.06450401767851426,-0.11808854936013367
E. coli Consensus,60,38,1700,-0.2093967433794852,-0.05359539908679992,-0.15580134429268527
E. coli Consensus,60,39,1700,-0.18049785377758643,-0.06443053384059676,-0.11606731993698967
E. coli Consensus,60,40,1700,-0.2147500386369009,-0.051787943989255514,-0.16296209464764538
E. coli Consensus,60,41,1700,-0.20898921520259983,-0.05238792069917199,-0.15660129450342786
E. coli Consensus,60,42,1700,-0.18013614268448272,-0.06414136667470197,-0.11599477600978075
E. coli Consensus,60,43,1700,-0.2246333195765671,-0.041677135634283574,-0.18295618394228352
E. coli Consensus,60,44,1700,-0.21570370986145165,-0.05074560829513149,-0.16495810156632015
E. coli Consensus,60,45,1700,-0.21981148746316534,-0.052314633771181944,-0.1674968536919834
E. coli Consensus,60,46,1700,-0.21815915176812403,-0.05199048845928472,-0.1661686633088393
E. coli Consensus,60,47,1700,-0.21758526321114688,-0.05133138209401456,-0.16625388111713232
E. coli Consensus,60,48,1700,-0.17939801593656382,-0.06426327099145164,-0.11513474494511218
E. coli Consensus,60,49,1700,-0.221106165801548,-0.0517599986434526,-0.1693461671580954
E. coli Consensus,60,50,1700,-0.2220968169002301,-0.0507871141636063,-0.17130970273662377
E. coli Consensus,60,51,1700,-0.21812096441209256,-0.051427530390522204,-0.16669343402157036
E. coli Consensus,60,52,1700,-0.20886854317521628,-0.053082461296140734,-0.15578608187907556
E. coli Consensus,60,53,1700,-0.21177600568885982,-0.05402941549930918,-0.15774659018955065
E. coli Consensus,60,54,1700,-0.2194393518019408,-0.051398968783082526,-0.16804038301885826
E. coli Consensus,60,55,1700,-0.219471849335113,-0.05158066474953677,-0.16789118458557623
E. coli Consensus,60,56,1700,-0.21955974352073954,-0.05162313775513656,-0.167936605765603
E. coli Consensus,60,57,1700,-0.21988287731877815,-0.051476803977262627,-0.16840607334151553
E. coli Consensus,60,58,1700,-0.21910632306154182,-0.052816210278617375,-0.16629011278292444
E. coli Consensus,60,59,1700,-0.2192737956264129,-0.05143262742709019,-0.1678411681993227
E. coli Consensus,60,60,1700,-0.21896813840197052,-0.05129516316649784,-0.16767297523547267
E. coli Consensus,60,61,1700,-0.21930990595161345,-0.0517113997362214,-0.16759850621539205
E. coli Consensus,60,62,1700,-0.18153090854920106,-0.0645097921713962,-0.11702111637780487
E. coli Consensus,60,63,1700,-0.2214121167147238,-0.053269265947215996,-0.1681428507675078
E. coli Consensus,60,64,1700,-0.21927335194009762,-0.050920168722084505,-0.16835318321801312
E. coli Consensus,60,65,1700,-0.18151887959733326,-0.06427840015835717,-0.11724047943897609
E. coli Consensus,60,66,1700,-0.2197600125643195,-0.05266723703961503,-0.16709277552470447
E. coli Consensus,60,67,1700,-0.21907272509044984,-0.05145224767853916,-0.16762047741191066
E. coli Consensus,60,68,1700,-0.2208473053697955,-0.05148192815484686,-0.16936537721494863
E. coli Consensus,60,69,1700,-0.22017218740979622,-0.051954906704781915,-0.1682172807050143
E. coli Consensus,60,70,1700,-0.21955376928211431,-0.051959282445297156,-0.16759448683681716
E. coli Consensus,60,71,1700,-0.18035628503479295,-0.06415353375157203,-0.11620275128322093
E. coli Consensus,60,72,1700,-0.21307477827459367,-0.05275469545901554,-0.16032008281557814
E. coli Consensus,60,73,1700,-0.22311707448925797,-0.04101051548334342,-0.18210655900591455
E. coli Consensus,60,74,1700,-0.22148106722855912,-0.05202433970852846,-0.16945672752003066
E. coli Consensus,60,75,1700,-0.18071414569617417,-0.06292756256488616,-0.11778658313128801
E. coli Consensus,60,76,1700,-0.21982030058975555,-0.05201537130946435,-0.1678049292802912
E. coli Consensus,60,77,1700,-0.21960548823201403,-0.05136195184063076,-0.16824353639138329
E. coli Consensus,60,78,1700,-0.2121430502911617,-0.052461499057699236,-0.15968155123346248
E. coli Consensus,60,79,1700,-0.22258204912994953,-0.05131143074819714,-0.1712706183817524
E. coli Consensus,60,80,1700,-0.2190023727397244,-0.052454143330742234,-0.16654822940898217
E. coli Consensus,60,81,1700,-0.21906824211978643,-0.05286630931777891,-0.1662019328020075
E. coli Consensus,60,82,1700,-0.2203449004153207,-0.05202036588432696,-0.16832453453099375
E. coli Consensus,60,83,1700,-0.21853582607981317,-0.051500961395157176,-0.167034864684656
E. coli Consensus,60,84,1700,-0.22068776810152926,-0.05207313176321493,-0.16861463633831433
E. coli Consensus,60,85,1700,-0.21964446183458353,-0.05138312170935993,-0.1682613401252236
E. coli Consensus,60,86,1700,-0.21990311378122707,-0.05150225680517464,-0.16840085697605242
E. coli Consensus,60,87,1700,-0.20898921520259983,-0.05238792069917199,-0.15660129450342786
E. coli Consensus,60,88,1700,-0.22021499455302518,-0.05142393897619501,-0.16879105557683016
E. coli Consensus,60,89,1700,-0.2147500386369009,-0.051787943989255514,-0.16296209464764538
E. coli Consensus,60,90,1700,-0.21289489638626166,-0.05038250998345224,-0.1625123864028094
E. coli Consensus,60,91,1700,-0.18304023106195624,-0.06683531857175576,-0.11620491249020048
E. coli Consensus,60,92,1700,-0.21792991092471672,-0.05393641377631139,-0.16399349714840533
E. coli Consensus,60,93,1700,-0.21924434854502767,-0.05099235012733439,-0.16825199841769328
E. coli Consensus,60,94,1700,-0.21260826196435584,-0.052629697645902765,-0.1599785643184531
E. coli Consensus,60,95,1700,-0.21887849936863252,-0.051736568445055094,-0.16714193092357743
E. coli Consensus,60,96,1700,-0.22110711896470145,-0.05090096009867157,-0.17020615886602988
E. coli Consensus,60,97,1700,-0.21500060830028614,-0.05100435698355593,-0.1639962513167302
E. coli Consensus,60,98,1700,-0.22030817062174593,-0.05129793238781671,-0.16901023823392922
E. coli Consensus,60,99,1700,-0.21796811240379368,-0.052088626833439136,-0.16587948557035453
E. coli Consensus,60,100,1700,-0.21998832780182176,-0.05158203197565047,-0.16840629582617128
E. coli Consensus,62,1,1700,-0.21929439200165016,-0.051998738031285886,-0.16729565397036428
E. coli Consensus,62,2,1700,-0.21929439200165016,-0.051998738031285886,-0.16729565397036428
E. coli Consensus,62,3,1700,-0.21929439200165016,-0.051998738031285886,-0.16729565397036428
E. coli Consensus,62,4,1700,-0.21929439200165016,-0.051998738031285886,-0.16729565397036428
E. coli Consensus,62,5,1700,-0.21929439200165016,-0.051998738031285886,-0.16729565397036428
E. coli Consensus,62,6,1700,-0.21929439200165016,-0.051998738031285886,-0.16729565397036428
E. coli Consensus,62,7,1700,-0.21929439200165016,-0.051998738031285886,-0.16729565397036428
E. coli Consensus,62,8,1700,-0.21929439200165016,-0.051998738031285886,-0.16729565397036428
E. coli Consensus,62,9,1700,-0.21929439200165016,-0.051998738031285886,-0.16729565397036428
E. coli Consensus,62,10,1700,-0.21929439200165016,-0.051998738031285886,-0.16729565397036428
E. coli Consensus,62,11,1700,-0.21929439200165016,-0.051998738031285886,-0.16729565397036428
E. coli Consensus,62,12,1700,-0.21929439200165016,-0.051998738031285886,-0.16729565397036428
E. coli Consensus,62,13,1700,-0.21929439200165016,-0.051998738031285886,-0.16729565397036428
E. coli Consensus,62,14,1700,-0.21929439200165016,-0.051998738031285886,-0.16729565397036428
E. coli Consensus,62,15,1700,-0.21929439200165016,-0.051998738031285886,-0.16729565397036428
E. coli Consensus,62,16,1700,-0.21929439200165016,-0.051998738031285886,-0.16729565397036428
E. coli Consensus,62,17,1700,-0.21929439200165016,-0.051998738031285886,-0.16729565397036428
E. coli Consensus,62,18,1700,-0.21929439200165016,-0.051998738031285886,-0.16729565397036428
E. coli Consensus,62,19,1700,-0.21929439200165016,-0.051998738031285886,-0.16729565397036428
E. coli Consensus,62,20,1700,-0.21929439200165016,-0.051998738031285886,-0.16729565397036428
E. coli Consensus,62,21,1700,-0.21929439200165016,-0.051998738031285886,-0.16729565397036428
E. coli Consensus,62,22,1700,-0.21929439200165016,-0.051998738031285886,-0.16729565397036428
E. coli Consensus,62,23,1700,-0.21929439200165016,-0.051998738031285886,-0.16729565397036428
E. coli Consensus,62,24,1700,-0.21929439200165016,-0.051998738031285886,-0.16729565397036428
E. coli Consensus,62,25,1700,-0.21929439200165016,-0.051998738031285886,-0.16729565397036428
E. coli Consensus,62,26,1700,-0.21929439200165016,-0.051998738031285886,-0.16729565397036428
E. coli Consensus,62,27,1700,-0.21929439200165016,-0.051998738031285886,-0.16729565397036428
E. coli Consensus,62,28,1700,-0.21929439200165016,-0.051998738031285886,-0.16729565397036428
E. coli Consensus,62,29,1700,-0.21929439200165016,-0.051998738031285886,-0.16729565397036428
E. coli Consensus,62,30,1700,-0.21929439200165016,-0.051998738031285886,-0.16729565397036428
E. coli Consensus,62,31,1700,-0.21929439200165016,-0.051998738031285886,-0.16729565397036428
E. coli Consensus,62,32,1700,-0.21929439200165016,-0.051998738031285886,-0.16729565397036428
E. coli Consensus,62,33,1700,-0.21929439200165016,-0.051998738031285886,-0.16729565397036428
E. coli Consensus,62,34,1700,-0.21929439200165016,-0.051998738031285886,-0.16729565397036428
E. coli Consensus,62,35,1700,-0.21929439200165016,-0.051998738031285886,-0.16729565397036428
E. coli Consensus,62,36,1700,-0.21929439200165016,-0.051998738031285886,-0.16729565397036428
E. coli Consensus,62,37,1700,-0.21929439200165016,-0.051998738031285886,-0.16729565397036428
E. coli Consensus,62,38,1700,-0.21929439200165016,-0.051998738031285886,-0.16729565397036428
E. coli Consensus,62,39,1700,-0.21929439200165016,-0.051998738031285886,-0.16729565397036428
E. coli Consensus,62,40,1700,-0.21929439200165016,-0.051998738031285886,-0.16729565397036428
E. coli Consensus,62,41,1700,-0.21929439200165016,-0.051998738031285886,-0.16729565397036428
E. coli Consensus,62,42,1700,-0.21929439200165016,-0.051998738031285886,-0.16729565397036428
E. coli Consensus,62,43,1700,-0.21929439200165016,-0.051998738031285886,-0.16729565397036428
E. coli Consensus,62,44,1700,-0.21929439200165016,-0.051998738031285886,-0.16729565397036428
E. coli Consensus,62,45,1700,-0.21929439200165016,-0.051998738031285886,-0.16729565397036428
E. coli Consensus,62,46,1700,-0.21929439200165016,-0.051998738031285886,-0.16729565397036428
E. coli Consensus,62,47,1700,-0.21929439200165016,-0.051998738031285886,-0.16729565397036428
E. coli Consensus,62,48,1700,-0.21929439200165016,-0.051998738031285886,-0.16729565397036428
E. coli Consensus,62,49,1700,-0.21929439200165016,-0.051998738031285886,-0.16729565397036428
E. coli Consensus,62,50,1700,-0.21929439200165016,-0.051998738031285886,-0.16729565397036428
E. coli Consensus,62,51,1700,-0.21929439200165016,-0.051998738031285886,-0.16729565397036428
E. coli Consensus,62,52,1700,-0.21929439200165016,-0.051998738031285886,-0.16729565397036428
E. coli Consensus,62,53,1700,-0.21929439200165016,-0.051998738031285886,-0.16729565397036428
E. coli Consensus,62,54,1700,-0.21929439200165016,-0.051998738031285886,-0.16729565397036428
E. coli Consensus,62,55,1700,-0.21929439200165016,-0.051998738031285886,-0.16729565397036428
E. coli Consensus,62,56,1700,-0.21929439200165016,-0.051998738031285886,-0.16729565397036428
E. coli Consensus,62,57,1700,-0.21929439200165016,-0.051998738031285886,-0.16729565397036428
E. coli Consensus,62,58,1700,-0.21929439200165016,-0.051998738031285886,-0.16729565397036428
E. coli Consensus,62,59,1700,-0.21929439200165016,-0.051998738031285886,-0.16729565397036428
E. coli Consensus,62,60,1700,-0.21929439200165016,-0.051998738031285886,-0.16729565397036428
E. coli Consensus,62,61,1700,-0.21929439200165016,-0.051998738031285886,-0.16729565397036428
E. coli Consensus,62,62,1700,-0.21929439200165016,-0.051998738031285886,-0.16729565397036428
E. coli Consensus,62,63,1700,-0.21929439200165016,-0.051998738031285886,-0.16729565397036428
E. coli Consensus,62,64,1700,-0.21929439200165016,-0.051998738031285886,-0.16729565397036428
E. coli Consensus,62,65,1700,-0.21929439200165016,-0.051998738031285886,-0.16729565397036428
E. coli Consensus,62,66,1700,-0.21929439200165016,-0.051998738031285886,-0.16729565397036428
E. coli Consensus,62,67,1700,-0.21929439200165016,-0.051998738031285886,-0.16729565397036428
E. coli Consensus,62,68,1700,-0.21929439200165016,-0.051998738031285886,-0.16729565397036428
E. coli Consensus,62,69,1700,-0.21929439200165016,-0.051998738031285886,-0.16729565397036428
E. coli Consensus,62,70,1700,-0.21929439200165016,-0.051998738031285886,-0.16729565397036428
E. coli Consensus,62,71,1700,-0.21929439200165016,-0.051998738031285886,-0.16729565397036428
E. coli Consensus,62,72,1700,-0.21929439200165016,-0.051998738031285886,-0.16729565397036428
E. coli Consensus,62,73,1700,-0.21929439200165016,-0.051998738031285886,-0.16729565397036428
E. coli Consensus,62,74,1700,-0.21929439200165016,-0.051998738031285886,-0.16729565397036428
E. coli Consensus,62,75,1700,-0.21929439200165016,-0.051998738031285886,-0.16729565397036428
E. coli Consensus,62,76,1700,-0.21929439200165016,-0.051998738031285886,-0.16729565397036428
E. coli Consensus,62,77,1700,-0.21929439200165016,-0.051998738031285886,-0.16729565397036428
E. coli Consensus,62,78,1700,-0.21929439200165016,-0.051998738031285886,-0.16729565397036428
E. coli Consensus,62,79,1700,-0.21929439200165016,-0.051998738031285886,-0.16729565397036428
E. coli Consensus,62,80,1700,-0.21929439200165016,-0.051998738031285886,-0.16729565397036428
E. coli Consensus,62,81,1700,-0.21929439200165016,-0.051998738031285886,-0.16729565397036428
E. coli Consensus,62,82,1700,-0.21929439200165016,-0.051998738031285886,-0.16729565397036428
E. coli Consensus,62,83,1700,-0.21929439200165016,-0.051998738031285886,-0.16729565397036428
E. coli Consensus,62,84,1700,-0.21929439200165016,-0.051998738031285886,-0.16729565397036428
E. coli Consensus,62,85,1700,-0.21929439200165016,-0.051998738031285886,-0.16729565397036428
E. coli Consensus,62,86,1700,-0.21929439200165016,-0.051998738031285886,-0.16729565397036428
E. coli Consensus,62,87,1700,-0.21929439200165016,-0.051998738031285886,-0.16729565397036428
E. coli Consensus,62,88,1700,-0.21929439200165016,-0.051998738031285886,-0.16729565397036428
E. coli Consensus,62,89,1700,-0.21929439200165016,-0.051998738031285886,-0.16729565397036428
E. coli Consensus,62,90,1700,-0.21929439200165016,-0.051998738031285886,-0.16729565397036428
E. coli Consensus,62,91,1700,-0.21929439200165016,-0.051998738031285886,-0.16729565397036428
E. coli Consensus,62,92,1700,-0.21929439200165016,-0.051998738031285886,-0.16729565397036428
E. coli Consensus,62,93,1700,-0.21929439200165016,-0.051998738031285886,-0.16729565397036428
E. coli Consensus,62,94,1700,-0.21929439200165016,-0.051998738031285886,-0.16729565397036428
E. coli Consensus,62,95,1700,-0.21929439200165016,-0.051998738031285886,-0.16729565397036428
E. coli Consensus,62,96,1700,-0.21929439200165016,-0.051998738031285886,-0.16729565397036428
E. coli Consensus,62,97,1700,-0.21929439200165016,-0.051998738031285886,-0.16729565397036428
E. coli Consensus,62,98,1700,-0.21929439200165016,-0.051998738031285886,-0.16729565397036428
E. coli Consensus,62,99,1700,-0.21929439200165016,-0.051998738031285886,-0.16729565397036428
E. coli Consensus,62,100,1700,-0.21929439200165016,-0.051998738031285886,-0.16729565397036428
B. subtilis Consensus,5,1,951,-0.021164366641808936,-0.0992891818430414,0.07812481520123246
B. subtilis Consensus,5,2,951,-0.07993943123190762,-0.12020414516152149,0.040264713929613866
B. subtilis Consensus,5,3,951,-0.054801783655216145,-0.11583584363437185,0.06103405997915571
B. subtilis Consensus,5,4,951,-0.19479753265335414,-0.22475900937751936,0.029961476724165215
B. subtilis Consensus,5,5,951,-0.040467110923046494,-0.06117371471437075,0.020706603791324253
B. subtilis Consensus,5,6,951,-0.059484544634010976,-0.11837957789382297,0.058895033259812
B. subtilis Consensus,5,7,951,-0.10710812618195108,-0.1342499771896844,0.027141851007733322
B. subtilis Consensus,5,8,951,-0.0928167112948719,-0.08340453061705295,-0.009412180677818946
B. subtilis Consensus,5,9,951,0.11041173055628967,-0.21382058848313978,0.32423231903942945
B. subtilis Consensus,5,10,951,-0.09125154886832036,-0.11500156558724124,0.02375001671892088
B. subtilis Consensus,5,11,951,-0.059484544634010976,-0.11837957789382297,0.058895033259812
B. subtilis Consensus,5,12,951,-0.08362523201547016,-0.11213892051665533,0.028513688501185172
B. subtilis Consensus,5,13,951,0.13554760256422835,-0.2459048667807816,0.38145246934501
B. subtilis Consensus,5,14,951,-0.1541445780564679,-0.15315761378516798,-9.86964271299906e-4
B. subtilis Consensus,5,15,951,-0.08483607088999068,-0.07384699688959426,-0.01098907400039642
B. subtilis Consensus,5,16,951,-0.06413452656080049,-0.039307242975733576,-0.02482728358506691
B. subtilis Consensus,5,17,951,-0.03300781607479131,-0.08246408104528262,0.04945626497049131
B. subtilis Consensus,5,18,951,-0.024060560033891225,-0.10042226858756628,0.07636170855367505
B. subtilis Consensus,5,19,951,0.02970677603462285,-0.12915687515608856,0.1588636511907114
B. subtilis Consensus,5,20,951,-0.042194337000765136,-0.06286029550125155,0.020665958500486414
B. subtilis Consensus,5,21,951,-0.027869571252961543,-0.06318279624539855,0.035313224992437005
B. subtilis Consensus,5,22,756,-0.040596432837140095,-0.1758777144268048,0.1352812815896647
B. subtilis Consensus,5,23,951,0.07741941980761119,-0.22332871253409792,0.3007481323417091
B. subtilis Consensus,5,24,951,0.1521656733993247,-0.2717600849803506,0.4239257583796753
B. subtilis Consensus,5,25,951,-0.03642307270716514,-0.0975403217733329,0.06111724906616776
B. subtilis Consensus,5,26,951,-0.05482392039896555,-0.08837721564478415,0.0335532952458186
B. subtilis Consensus,5,27,951,-0.007202234465736077,-0.1023772264443918,0.09517499197865573
B. subtilis Consensus,5,28,951,0.18020166542800717,-0.21845770312733886,0.398659368555346
B. subtilis Consensus,5,29,950,0.1755108814392959,-0.30425084635813393,0.47976172779742987
B. subtilis Consensus,5,30,951,-0.0010030288733137492,-0.08939880929095144,0.0883957804176377
B. subtilis Consensus,5,31,951,-0.09063441372182034,-0.1039497402515512,0.013315326529730859
B. subtilis Consensus,5,32,951,0.2707520302414918,-0.3073366061003258,0.5780886363418176
B. subtilis Consensus,5,33,951,-0.09134266174135013,-0.09623168483819215,0.004889023096842027
B. subtilis Consensus,5,34,951,-0.07658006774095112,-0.028726212571425457,-0.047853855169525665
B. subtilis Consensus,5,35,951,-0.0885933837731145,-0.09568021462455743,0.007086830851442932
B. subtilis Consensus,5,36,951,-0.08167092242285466,-0.07142291693914585,-0.010248005483708814
B. subtilis Consensus,5,37,951,-0.059484544634010976,-0.11837957789382297,0.058895033259812
B. subtilis Consensus,5,38,951,0.08200360346699044,-0.20162283576807044,0.28362643923506087
B. subtilis Consensus,5,39,951,-0.08187696570889895,-0.00650214090689298,-0.07537482480200597
B. subtilis Consensus,5,40,951,-0.036972238931882,-0.0915700120609197,0.054597773129037706
B. subtilis Consensus,5,41,951,-0.08071930100360318,-0.11160319827545301,0.030883897271849828
B. subtilis Consensus,5,42,951,0.008891802813588432,-0.1180561098719706,0.12694791268555902
B. subtilis Consensus,5,43,756,0.041107003321669666,-0.22721731593199782,0.2683243192536675
B. subtilis Consensus,5,44,951,-0.05538722046868369,-0.09691145305413032,0.04152423258544663
B. subtilis Consensus,5,45,951,-0.036324668236571975,-0.06636471827272632,0.030040050036154342
B. subtilis Consensus,5,46,950,-0.07816014076603778,-0.13472522313430493,0.056565082368267156
B. subtilis Consensus,5,47,928,0.15995022315167,-0.23700878378621265,0.39695900693788266
B. subtilis Consensus,5,48,950,-0.07816014076603778,-0.13472522313430493,0.056565082368267156
B. subtilis Consensus,5,49,951,0.05265280917841235,-0.16389834630016356,0.2165511554785759
B. subtilis Consensus,5,50,951,-0.0928167112948719,-0.08340453061705295,-0.009412180677818946
B. subtilis Consensus,5,51,951,-0.01550316401315977,-0.11257966924739708,0.09707650523423732
B. subtilis Consensus,5,52,945,0.2221560481780201,-0.3342067734435672,0.5563628216215872
B. subtilis Consensus,5,53,951,0.11797886983676625,-0.21686022936623087,0.33483909920299715
B. subtilis Consensus,5,54,951,-0.08495913455846793,-0.014421371120332621,-0.07053776343813531
B. subtilis Consensus,5,55,951,-0.07018816342506924,-0.06319472956367898,-0.006993433861390258
B. subtilis Consensus,5,56,951,-0.06780819499311051,-0.10220427214645787,0.03439607715334736
B. subtilis Consensus,5,57,951,0.08296463865189879,-0.12003960427730209,0.20300424292920088
B. subtilis Consensus,5,58,951,-0.07658006774095112,-0.028726212571425457,-0.047853855169525665
B. subtilis Consensus,5,59,951,0.0778981219682105,-0.12106286639836716,0.19896098836657766
B. subtilis Consensus,5,60,951,-0.0013437843050678445,-0.09822054843022428,0.09687676412515643
B. subtilis Consensus,5,61,951,0.1562379802813935,-0.20572796197848556,0.36196594225987905
B. subtilis Consensus,5,62,951,-0.11742741864437611,-0.14920950084331286,0.031782082198936745
B. subtilis Consensus,5,63,951,-0.054801783655216145,-0.11583584363437185,0.06103405997915571
B. subtilis Consensus,5,64,951,-0.06780819499311051,-0.10220427214645787,0.03439607715334736
B. subtilis Consensus,5,65,951,-0.06904744706808141,-0.06928710733749903,2.3966026941761587e-4
B. subtilis Consensus,5,66,951,-0.025521020608451697,-0.07271583250199969,0.04719481189354799
B. subtilis Consensus,5,67,951,0.15155791758888978,-0.2068012144477677,0.3583591320366575
B. subtilis Consensus,5,68,951,-0.027869571252961543,-0.06318279624539855,0.035313224992437005
B. subtilis Consensus,5,69,951,-0.024060560033891225,-0.10042226858756628,0.07636170855367505
B. subtilis Consensus,5,70,950,0.13699634941523162,-0.24926912058862508,0.3862654700038567
B. subtilis Consensus,5,71,951,-0.001265143832351339,-0.07801720053970952,0.07675205670735818
B. subtilis Consensus,5,72,951,0.09310869609091775,-0.2124800261164711,0.30558872220738886
B. subtilis Consensus,5,73,951,-0.09400917734215108,-0.05884183904178004,-0.03516733830037105
B. subtilis Consensus,5,74,951,-0.06358590146348342,-0.141962978437072,0.07837707697358859
B. subtilis Consensus,5,75,951,0.20628679631040678,-0.24558463582635512,0.4518714321367619
B. subtilis Consensus,5,76,946,0.2262299984211962,-0.32985511365006287,0.5560851120712591
B. subtilis Consensus,5,77,756,0.059417170578640884,-0.23147089581093347,0.2908880663895744
B. subtilis Consensus,5,78,951,-0.17851434974494806,-0.19551229813931315,0.01699794839436508
B. subtilis Consensus,5,79,951,-0.05785547528184151,-0.14908222275071467,0.09122674746887316
B. subtilis Consensus,5,80,951,-0.07760974471844756,-0.04480379681591644,-0.03280594790253112
B. subtilis Consensus,5,81,951,0.2707520302414918,-0.3073366061003258,0.5780886363418176
B. subtilis Consensus,5,82,951,-0.03300781607479131,-0.08246408104528262,0.04945626497049131
B. subtilis Consensus,5,83,951,0.004829071717737141,-0.09079243210806079,0.09562150382579793
B. subtilis Consensus,5,84,928,0.15995022315167,-0.23700878378621265,0.39695900693788266
B. subtilis Consensus,5,85,951,-0.10684066634948412,-0.17066208057721396,0.06382141422772984
B. subtilis Consensus,5,86,951,-0.0744311748825913,-0.028805559714165496,-0.045625615168425795
B. subtilis Consensus,5,87,951,-0.07144237629995034,-0.0456346782892017,-0.025807698010748642
B. subtilis Consensus,5,88,951,-0.09977148572234085,-0.07113598241834777,-0.028635503303993073
B. subtilis Consensus,5,89,951,-0.054801783655216145,-0.11583584363437185,0.06103405997915571
B. subtilis Consensus,5,90,951,-0.06023211965639145,-0.08759264024016955,0.0273605205837781
B. subtilis Consensus,5,91,951,-0.12241821374509315,-0.14212248696955218,0.01970427322445903
B. subtilis Consensus,5,92,951,-0.04458611219711305,-0.10206506650296832,0.057478954305855263
B. subtilis Consensus,5,93,951,-0.08085997815897392,-0.13188433277788225,0.051024354618908335
B. subtilis Consensus,5,94,950,-0.03203720876810176,-0.15898833616302738,0.12695112739492562
B. subtilis Consensus,5,95,951,0.07972030152832633,-0.18723684667920307,0.2669571482075294
B. subtilis Consensus,5,96,951,0.17083013974999708,-0.21446980142864727,0.38529994117864436
B. subtilis Consensus,5,97,951,-0.29564624103331566,-0.3154424826074369,0.019796241574121243
B. subtilis Consensus,5,98,951,-0.17782876603447093,-0.19359681279584656,0.015768046761375637
B. subtilis Consensus,5,99,951,0.20987482997166404,-0.24408800139077919,0.4539628313624432
B. subtilis Consensus,5,100,951,-0.06396766626268921,-0.07109325528758562,0.007125589024896406
B. subtilis Consensus,6,1,951,0.007214322219518519,-0.10560534936866803,0.11281967158818655
B. subtilis Consensus,6,2,951,-0.10724461044570467,-0.0490790196099561,-0.05816559083574857
B. subtilis Consensus,6,3,951,-0.09134266174135013,-0.09623168483819215,0.004889023096842027
B. subtilis Consensus,6,4,951,-0.05224907306963644,-0.05115601238751516,-0.001093060682121283
B. subtilis Consensus,6,5,951,-0.15579408105463557,-0.15920025580552577,0.003406174750890195
B. subtilis Consensus,6,6,951,-0.007202234465736077,-0.1023772264443918,0.09517499197865573
B. subtilis Consensus,6,7,951,-0.08767573424910166,-0.003739614172093373,-0.08393612007700829
B. subtilis Consensus,6,8,951,-0.09467164600351191,-0.11535820051348564,0.020686554509973726
B. subtilis Consensus,6,9,951,-0.04849710036705358,-0.07906561759614537,0.03056851722909179
B. subtilis Consensus,6,10,951,-0.059337104388146183,-0.047379345293530765,-0.011957759094615418
B. subtilis Consensus,6,11,951,-0.08495913455846793,-0.014421371120332621,-0.07053776343813531
B. subtilis Consensus,6,12,951,-0.08657109085415511,-0.09934163238812832,0.01277054153397321
B. subtilis Consensus,6,13,951,0.016767401424050962,-0.14590932203628676,0.16267672346033774
B. subtilis Consensus,6,14,951,-0.03642307270716514,-0.0975403217733329,0.06111724906616776
B. subtilis Consensus,6,15,951,0.008891802813588432,-0.1180561098719706,0.12694791268555902
B. subtilis Consensus,6,16,951,-0.06310616122691587,-0.09429794627695105,0.031191785050035184
B. subtilis Consensus,6,17,951,-0.05320927776895146,-0.05744308117497167,0.004233803406020212
B. subtilis Consensus,6,18,951,-0.05785547528184151,-0.14908222275071467,0.09122674746887316
B. subtilis Consensus,6,19,951,-0.04853307258280633,-0.06598978672531026,0.017456714142503937
B. subtilis Consensus,6,20,946,0.2262299984211962,-0.32985511365006287,0.5560851120712591
B. subtilis Consensus,6,21,951,0.1804652026780267,-0.22225920721313056,0.40272440989115726
B. subtilis Consensus,6,22,951,-0.06596673819109364,-0.10374791501953702,0.03778117682844338
B. subtilis Consensus,6,23,951,-0.05320927776895146,-0.05744308117497167,0.004233803406020212
B. subtilis Consensus,6,24,951,0.019413292564818864,-0.12135627558485333,0.1407695681496722
B. subtilis Consensus,6,25,951,-0.06736532519419466,-0.0805929877314017,0.01322766253720703
B. subtilis Consensus,6,26,951,0.09076580956033152,-0.20540893199445362,0.2961747415547851
B. subtilis Consensus,6,27,951,-0.09503344628532975,-0.11139937974330612,0.016365933457976364
B. subtilis Consensus,6,28,951,-0.07856219691059095,-0.062020995749558286,-0.016541201161032665
B. subtilis Consensus,6,29,951,-0.09306749361656261,-0.12070273290615027,0.027635239289587665
B. subtilis Consensus,6,30,951,0.03209079837793495,-0.11221369016959273,0.1443044885475277
B. subtilis Consensus,6,31,951,-0.05482431867709467,-0.08454612853684264,0.02972180985974797
B. subtilis Consensus,6,32,951,-0.09661349771627917,-0.09115874148228219,-0.00545475623399698
B. subtilis Consensus,6,33,951,-0.00187602817383728,-0.10476739444100791,0.10289136626717063
B. subtilis Consensus,6,34,756,0.07660684125064458,-0.26103474920521935,0.33764159045586395
B. subtilis Consensus,6,35,951,-0.13188141494811148,-0.14018445755364203,0.008303042605530553
B. subtilis Consensus,6,36,951,-0.057111979464236275,-0.11001557888917754,0.052903599424941265
B. subtilis Consensus,6,37,950,0.15353170321008194,-0.28436563637423556,0.43789733958431754
B. subtilis Consensus,6,38,951,0.010202303837794125,-0.15771479730470367,0.1679171011424978
B. subtilis Consensus,6,39,951,-0.06207142283472617,-0.07781238378041529,0.015740960945689116
B. subtilis Consensus,6,40,951,-0.1352771732248243,-0.1346590711578269,-6.181020669973891e-4
B. subtilis Consensus,6,41,951,-0.10140809862574313,-0.07680136633541727,-0.024606732290325853
B. subtilis Consensus,6,42,951,-0.01935523639605897,-0.06951663432242164,0.050161397926362664
B. subtilis Consensus,6,43,951,-0.07091685360015261,-0.0488932615308087,-0.022023592069343907
B. subtilis Consensus,6,44,951,-0.09977148572234085,-0.07113598241834777,-0.028635503303993073
B. subtilis Consensus,6,45,951,0.028409379657892052,-0.12232816108164467,0.1507375407395367
B. subtilis Consensus,6,46,951,-0.11535925314479062,-0.0879983373408747,-0.02736091580391592
B. subtilis Consensus,6,47,951,-0.004288653966145856,-0.12740914689959054,0.12312049293344468
B. subtilis Consensus,6,48,951,-0.078536441386106,-0.0575076325276721,-0.021028808858433903
B. subtilis Consensus,6,49,951,-0.04496727399196849,-0.06033066637965378,0.01536339238768529
B. subtilis Consensus,6,50,951,-0.10619129563617595,-0.10619978596795272,8.490331776772608e-6
B. subtilis Consensus,6,51,951,0.20153531537746,-0.31311274114070264,0.5146480565181626
B. subtilis Consensus,6,52,951,0.13469847082886424,-0.2563866369430249,0.3910851077718891
B. subtilis Consensus,6,53,951,-0.09125154886832036,-0.11500156558724124,0.02375001671892088
B. subtilis Consensus,6,54,951,-0.21143331688860154,-0.23095201509898133,0.019518698210379798
B. subtilis Consensus,6,55,951,-0.03620584918787694,-0.10162374778213536,0.06541789859425842
B. subtilis Consensus,6,56,951,-0.09088403161030968,-0.07662135022872976,-0.01426268138157992
B. subtilis Consensus,6,57,951,-0.20373753225366262,-0.2121775026223002,0.008439970368637584
B. subtilis Consensus,6,58,951,-0.11184944254289747,-0.13567513189978278,0.02382568935688531
B. subtilis Consensus,6,59,951,-0.06938404797310999,-0.07625205372726054,0.006868005754150558
B. subtilis Consensus,6,60,951,-0.020555706117655666,-0.11150666230199432,0.09095095618433865
B. subtilis Consensus,6,61,951,-0.0744311748825913,-0.028805559714165496,-0.045625615168425795
B. subtilis Consensus,6,62,951,-0.08050406166724187,-0.06172024361300936,-0.018783818054232515
B. subtilis Consensus,6,63,951,-0.02350382125745818,-0.07730980913420463,0.053805987876746446
B. subtilis Consensus,6,64,951,-0.08799719851557067,-0.07308062276744562,-0.01491657574812505
B. subtilis Consensus,6,65,951,-0.1256482870240613,-0.10324796134034432,-0.022400325683716985
B. subtilis Consensus,6,66,951,-0.06637479162407106,-0.05704801130682616,-0.009326780317244904
B. subtilis Consensus,6,67,951,-0.030487253326304087,-0.07586140803335807,0.045374154707053985
B. subtilis Consensus,6,68,951,0.12340213697189571,-0.18615416693004588,0.3095563039019416
B. subtilis Consensus,6,69,951,-0.07122990658532728,-0.08633539058377825,0.015105483998450964
B. subtilis Consensus,6,70,951,0.11004399518415611,-0.24032947792787704,0.35037347311203315
B. subtilis Consensus,6,71,951,0.0013460289574785476,-0.08798648439636322,0.08933251335384178
B. subtilis Consensus,6,72,951,-0.08479154160496408,-0.09385079948436838,0.0090592578794043
B. subtilis Consensus,6,73,951,-0.08078302051596468,-0.09513174164832397,0.014348721132359285
B. subtilis Consensus,6,74,951,-0.0893493586542005,-0.11528681171157776,0.025937453057377255
B. subtilis Consensus,6,75,951,-0.042194337000765136,-0.06286029550125155,0.020665958500486414
B. subtilis Consensus,6,76,951,-0.0395419799924218,-0.05944983060412004,0.01990785061169824
B. subtilis Consensus,6,77,951,-0.09306749361656261,-0.12070273290615027,0.027635239289587665
B. subtilis Consensus,6,78,951,-0.09160510257701587,-0.10897503348035252,0.017369930903336647
B. subtilis Consensus,6,79,951,-0.104445086780611,-0.10455692975903369,1.1184297842269098e-4
B. subtilis Consensus,6,80,951,-0.07356829242509917,-0.03506987289000023,-0.03849841953509894
B. subtilis Consensus,6,81,951,-0.10194062505022207,-0.11510956134739522,0.013168936297173153
B. subtilis Consensus,6,82,951,-0.02474796134014588,-0.08338903491159264,0.05864107357144675
B. subtilis Consensus,6,83,951,-0.08758229739126529,-0.08735663809262938,-2.2565929863591072e-4
B. subtilis Consensus,6,84,951,-0.12132944373291052,-0.09496806355210807,-0.026361380180802446
B. subtilis Consensus,6,85,951,-0.05017497470262011,-0.0643401974495005,0.014165222746880382
B. subtilis Consensus,6,86,951,0.21166433698683146,-0.25080075558886006,0.4624650925756915
B. subtilis Consensus,6,87,951,-0.0952840635012399,-0.13618024740090517,0.040896183899665275
B. subtilis Consensus,6,88,951,0.1804652026780267,-0.22225920721313056,0.40272440989115726
B. subtilis Consensus,6,89,951,-0.0885933837731145,-0.09568021462455743,0.007086830851442932
B. subtilis Consensus,6,90,951,-0.039819389176875296,-0.07899161607855218,0.03917222690167688
B. subtilis Consensus,6,91,951,-0.16653772786305124,-0.15972410734429926,-0.006813620518751978
B. subtilis Consensus,6,92,951,-0.043397255681203374,-0.09270175185922173,0.04930449617801836
B. subtilis Consensus,6,93,951,0.1612502911472081,-0.20644617589386957,0.36769646704107767
B. subtilis Consensus,6,94,951,0.058869232809216174,-0.1688077762817645,0.22767700909098065
B. subtilis Consensus,6,95,951,-0.039819389176875296,-0.07899161607855218,0.03917222690167688
B. subtilis Consensus,6,96,951,-0.05483131603921208,-0.054736693580624315,-9.462245858776752e-5
B. subtilis Consensus,6,97,951,-0.08879433683784103,-0.020060973004403532,-0.0687333638334375
B. subtilis Consensus,6,98,951,-0.14913307127885883,-0.1649756868413808,0.015842615562521978
B. subtilis Consensus,6,99,951,-0.024230953749033588,-0.09479454482355372,0.07056359107452014
B. subtilis Consensus,6,100,951,-0.13152395799389033,-0.13655065605422245,0.005026698060332124
B. subtilis Consensus,7,1,951,-0.06073041458344409,-0.1530630162462138,0.09233260166276971
B. subtilis Consensus,7,2,951,-0.014982114155496478,-0.07968330983627275,0.06470119568077627
B. subtilis Consensus,7,3,951,-0.12246986850681388,-0.11613523778474215,-0.00633463072207173
B. subtilis Consensus,7,4,951,-0.03736677796483861,-0.10050077360845987,0.06313399564362127
B. subtilis Consensus,7,5,951,-0.11132287094876026,-0.13954388147628494,0.02822101052752468
B. subtilis Consensus,7,6,951,-0.06376416491308348,-0.07310002582593995,0.009335860912856472
B. subtilis Consensus,7,7,951,-0.09222682468972175,-0.03253664987383444,-0.05969017481588731
B. subtilis Consensus,7,8,951,-0.04222288183434759,-0.08828428976631779,0.0460614079319702
B. subtilis Consensus,7,9,951,0.01695004981619979,-0.12544264115648385,0.14239269097268364
B. subtilis Consensus,7,10,951,-0.05879223178811249,-0.11928634347068603,0.06049411168257354
B. subtilis Consensus,7,11,951,-0.07644066493426184,-0.08925156285456562,0.01281089792030378
B. subtilis Consensus,7,12,951,-0.05255790836472159,-0.043326638930486244,-0.009231269434235342
B. subtilis Consensus,7,13,951,-0.0718520440026143,-0.07558594776729773,0.0037339037646834244
B. subtilis Consensus,7,14,951,-0.037130517329817085,-0.06718580095267444,0.030055283622857358
B. subtilis Consensus,7,15,951,-0.0844869359046158,-0.11509825256872484,0.030611316664109045
B. subtilis Consensus,7,16,951,-0.04672436232500673,-0.10624411933183148,0.05951975700682475
B. subtilis Consensus,7,17,951,0.028957986155795,-0.13860644395584384,0.16756443011163885
B. subtilis Consensus,7,18,951,-0.057359500596510106,-0.08188376877691736,0.024524268180407253
B. subtilis Consensus,7,19,951,0.0047465440211348206,-0.1294672631445833,0.1342138071657181
B. subtilis Consensus,7,20,951,-0.09712941890711808,-0.10961396938773608,0.012484550480618
B. subtilis Consensus,7,21,951,-0.05718923470857196,-0.06409468981587484,0.00690545510730288
B. subtilis Consensus,7,22,951,-0.01496471655474583,-0.0942259903522536,0.07926127379750776
B. subtilis Consensus,7,23,951,-0.1372645672404979,-0.15988076176452226,0.022616194524024358
B. subtilis Consensus,7,24,951,-0.05879223178811249,-0.11928634347068603,0.06049411168257354
B. subtilis Consensus,7,25,951,-0.02984062437099246,-0.08384117773882346,0.05400055336783101
B. subtilis Consensus,7,26,951,-0.0556811888398911,-0.09819680551874914,0.04251561667885804
B. subtilis Consensus,7,27,951,0.008891802813588432,-0.1180561098719706,0.12694791268555902
B. subtilis Consensus,7,28,951,0.0901314525454134,-0.18816680335128555,0.27829825589669893
B. subtilis Consensus,7,29,951,-0.11143531470095698,-0.08525192388726005,-0.02618339081369693
B. subtilis Consensus,7,30,951,-0.09194671487320921,-0.022198640242529235,-0.06974807463067997
B. subtilis Consensus,7,31,951,-0.049773484927868775,-0.09108075999499055,0.04130727506712177
B. subtilis Consensus,7,32,951,-0.058887805121349494,-0.0705064764522389,0.011618671330889403
B. subtilis Consensus,7,33,951,-0.060499677283558304,-0.04989177514601105,-0.010607902137547254
B. subtilis Consensus,7,34,951,-0.13732553297069516,-0.15239297309902836,0.015067440128333193
B. subtilis Consensus,7,35,951,-0.024626833621939532,-0.10892127427014255,0.08429444064820302
B. subtilis Consensus,7,36,951,-0.06293909329405206,-0.0693601135549707,0.006421020260918633
B. subtilis Consensus,7,37,951,0.00846434555599379,-0.10697348270749116,0.11543782826348495
B. subtilis Consensus,7,38,951,-0.07511232537364347,-0.11439384593928421,0.03928152056564074
B. subtilis Consensus,7,39,951,-0.048430680996958186,-0.0916592971157411,0.04322861611878291
B. subtilis Consensus,7,40,951,-0.1099696136744974,-0.08480653778275167,-0.025163075891745726
B. subtilis Consensus,7,41,951,-0.006553409937837825,-0.09278873070484783,0.08623532076701
B. subtilis Consensus,7,42,951,0.17232810692951986,-0.2934125369260162,0.46574064385553604
B. subtilis Consensus,7,43,951,-0.05318482143538689,-0.08833279235380218,0.03514797091841528
B. subtilis Consensus,7,44,951,-0.06147466381113427,-0.09216405157413894,0.030689387763004672
B. subtilis Consensus,7,45,951,-0.0952840635012399,-0.13618024740090517,0.040896183899665275
B. subtilis Consensus,7,46,951,-0.054845867867486346,-0.08644257379045431,0.03159670592296796
B. subtilis Consensus,7,47,951,-0.08421031523701722,-0.09947634312103257,0.015266027884015348
B. subtilis Consensus,7,48,951,-0.026696957443344403,-0.09973641609887253,0.07303945865552813
B. subtilis Consensus,7,49,951,-0.1099696136744974,-0.08480653778275167,-0.025163075891745726
B. subtilis Consensus,7,50,951,-0.08847676170044577,-0.007011681467984073,-0.0814650802324617
B. subtilis Consensus,7,51,951,-0.08286134063956282,-0.12625266728723544,0.04339132664767262
B. subtilis Consensus,7,52,951,-0.07615933577656589,-0.09292775552387049,0.0167684197473046
B. subtilis Consensus,7,53,951,-0.03057607313895987,-0.07434078076971759,0.043764707630757724
B. subtilis Consensus,7,54,951,0.014089534259662072,-0.13588532696579378,0.14997486122545586
B. subtilis Consensus,7,55,951,0.00863123813017462,-0.1435800637432054,0.15221130187338
B. subtilis Consensus,7,56,951,-0.01496471655474583,-0.0942259903522536,0.07926127379750776
B. subtilis Consensus,7,57,951,-0.05268529630458946,-0.09495396327097859,0.04226866696638913
B. subtilis Consensus,7,58,951,-0.13442401357240766,-0.16636047810554574,0.03193646453313809
B. subtilis Consensus,7,59,951,-0.11258970771532427,-0.08737058824993711,-0.025219119465387158
B. subtilis Consensus,7,60,951,-0.006951409392671894,-0.09955869366961877,0.09260728427694687
B. subtilis Consensus,7,61,951,-0.06124126431176426,-0.04067357232500103,-0.020567691986763226
B. subtilis Consensus,7,62,951,-0.07854430515778875,-0.06301413554762986,-0.015530169610158892
B. subtilis Consensus,7,63,951,-0.07126341746182,-0.05443577997380405,-0.016827637488015947
B. subtilis Consensus,7,64,951,-0.10640870328825754,-0.061623892492204776,-0.04478481079605276
B. subtilis Consensus,7,65,951,-0.012331133746170179,-0.0883505461143915,0.07601941236822132
B. subtilis Consensus,7,66,951,-0.019269447013823437,-0.1185719193948718,0.09930247238104836
B. subtilis Consensus,7,67,951,-0.07970936407666677,-0.10315554674330148,0.023446182666634702
B. subtilis Consensus,7,68,951,-0.0168775906586146,-0.08618182636433547,0.06930423570572086
B. subtilis Consensus,7,69,951,-0.044904270346693295,-0.11261019925529875,0.06770592890860545
B. subtilis Consensus,7,70,951,-0.15275582636685783,-0.17534945217273284,0.02259362580587501
B. subtilis Consensus,7,71,951,-0.12547231008458684,-0.14778209219995336,0.022309782115366522
B. subtilis Consensus,7,72,951,-0.0844869359046158,-0.11509825256872484,0.030611316664109045
B. subtilis Consensus,7,73,951,-0.009687615665032952,-0.11054282207718301,0.10085520641215005
B. subtilis Consensus,7,74,951,0.018643769489137485,-0.08949055424294863,0.10813432373208612
B. subtilis Consensus,7,75,951,-0.07704321282122174,-0.07248049477408262,-0.004562718047139119
B. subtilis Consensus,7,76,951,-0.21673169898262765,-0.21621699983378145,-5.146991488461927e-4
B. subtilis Consensus,7,77,951,-0.08217441452632823,-0.0665938492462079,-0.015580565280120334
B. subtilis Consensus,7,78,951,-0.12473952044747376,-0.1112873586461609,-0.013452161801312854
B. subtilis Consensus,7,79,951,-0.015265066442866217,-0.11031781558110144,0.09505274913823522
B. subtilis Consensus,7,80,951,0.022588402751118373,-0.13953342863520452,0.16212183138632288
B. subtilis Consensus,7,81,951,0.03592009046583914,-0.13946469060026462,0.17538478106610375
B. subtilis Consensus,7,82,951,-0.025702854893595705,-0.07620302812110001,0.0505001732275043
B. subtilis Consensus,7,83,951,-0.057832185186680644,-0.06545278222858804,0.007620597041907394
B. subtilis Consensus,7,84,951,-0.21143331688860154,-0.23095201509898133,0.019518698210379798
B. subtilis Consensus,7,85,951,-0.042521136729236915,-0.08253110282891787,0.04000996609968096
B. subtilis Consensus,7,86,951,0.0287706010768812,-0.130282265282775,0.1590528663596562
B. subtilis Consensus,7,87,951,-0.05812930002804874,-0.10507411519609965,0.04694481516805091
B. subtilis Consensus,7,88,951,-0.11143531470095698,-0.08525192388726005,-0.02618339081369693
B. subtilis Consensus,7,89,951,-0.05989273759129041,-0.057381483084673224,-0.002511254506617183
B. subtilis Consensus,7,90,951,0.03859912189046625,-0.13946039889354933,0.17805952078401557
B. subtilis Consensus,7,91,951,-0.030438035920123698,-0.11125796009525593,0.08081992417513223
B. subtilis Consensus,7,92,951,0.1265716305192361,-0.23581853069240935,0.36239016121164547
B. subtilis Consensus,7,93,951,-0.18855967211519828,-0.18142948006020107,-0.007130192054997209
B. subtilis Consensus,7,94,951,-0.07276845706228982,-0.06915021284444911,-0.0036182442178407104
B. subtilis Consensus,7,95,951,-0.04834862755491181,-0.053923128636699125,0.005574501081787316
B. subtilis Consensus,7,96,951,-0.060446977217142206,-0.09103918961407963,0.03059221239693742
B. subtilis Consensus,7,97,951,-0.08076438487025145,-0.07001531329460839,-0.01074907157564306
B. subtilis Consensus,7,98,951,-0.07856219691059095,-0.062020995749558286,-0.016541201161032665
B. subtilis Consensus,7,99,951,-0.04666446907683967,-0.05169941624406673,0.0050349471672270635
B. subtilis Consensus,7,100,951,-0.10026797859981404,-0.1169430406353775,0.01667506203556346
B. subtilis Consensus,8,1,951,-0.06882380031022929,-0.066930623039899,-0.0018931772703302957
B. subtilis Consensus,8,2,951,-0.07310876773680455,-0.08881838859361203,0.01570962085680748
B. subtilis Consensus,8,3,951,-0.08801801233368929,-0.0904738384535999,0.0024558261199106035
B. subtilis Consensus,8,4,951,-0.05697466095678364,-0.07381498895665356,0.016840327999869918
B. subtilis Consensus,8,5,951,-0.055282707845729154,-0.05827494691058764,0.0029922390648584873
B. subtilis Consensus,8,6,951,-0.044066009509210594,-0.12384258814665441,0.07977657863744382
B. subtilis Consensus,8,7,951,-0.11435293284494537,-0.10546407044895174,-0.008888862395993624
B. subtilis Consensus,8,8,951,-0.09936061970563932,-0.05355343289442385,-0.04580718681121547
B. subtilis Consensus,8,9,951,-0.04033659288471588,-0.07856141324272058,0.038224820358004695
B. subtilis Consensus,8,10,951,-0.02625765572711689,-0.07374897383555484,0.04749131810843796
B. subtilis Consensus,8,11,951,-0.10330367395415681,-0.07675793570774216,-0.026545738246414652
B. subtilis Consensus,8,12,951,-0.0585981548228647,-0.07887614839349127,0.020277993570626575
B. subtilis Consensus,8,13,951,-0.07149003351227567,-0.07144846231191179,-4.15712003638824e-5
B. subtilis Consensus,8,14,951,-0.09655263871515295,-0.024382924655308592,-0.07216971405984435
B. subtilis Consensus,8,15,951,-0.05146751266537934,-0.08758278330956869,0.036115270644189346
B. subtilis Consensus,8,16,951,-0.049804240379234525,-0.12102907294469079,0.07122483256545625
B. subtilis Consensus,8,17,951,-0.05671832646135313,-0.06569234538404246,0.008974018922689335
B. subtilis Consensus,8,18,951,-0.03073700623731684,-0.06692422151531406,0.03618721527799722
B. subtilis Consensus,8,19,951,-0.033683815196312875,-0.10037664800859773,0.06669283281228486
B. subtilis Consensus,8,20,951,-0.0395419799924218,-0.05944983060412004,0.01990785061169824
B. subtilis Consensus,8,21,951,0.01229377004384798,-0.12199151879351508,0.13428528883736307
B. subtilis Consensus,8,22,951,-0.10283519942836157,-0.04520369199381946,-0.05763150743454211
B. subtilis Consensus,8,23,951,-0.058687477184535784,-0.10298670949091096,0.044299232306375176
B. subtilis Consensus,8,24,951,-0.10708050715030755,-0.065416163870547,-0.041664343279760555
B. subtilis Consensus,8,25,951,-0.06218419421734756,-0.08519602024024592,0.023011826022898356
B. subtilis Consensus,8,26,951,-0.029902131191640473,-0.0787703385939637,0.048868207402323234
B. subtilis Consensus,8,27,951,-0.07255295384946349,-0.03487470947579448,-0.03767824437366901
B. subtilis Consensus,8,28,951,-0.08381408687919008,-0.0865854880287764,0.0027714011495863222
B. subtilis Consensus,8,29,951,0.06140292843478154,-0.20557852056870413,0.26698144900348564
B. subtilis Consensus,8,30,951,-0.04529926583500471,-0.1063694781000555,0.061070212265050786
B. subtilis Consensus,8,31,951,-0.04500008854803516,-0.10749116889042737,0.06249108034239221
B. subtilis Consensus,8,32,951,-0.05196150759615572,-0.07359880601656467,0.02163729842040895
B. subtilis Consensus,8,33,951,-0.008628795345344102,-0.10299175242166463,0.09436295707632053
B. subtilis Consensus,8,34,951,-0.10640870328825754,-0.061623892492204776,-0.04478481079605276
B. subtilis Consensus,8,35,951,-0.08668648715382335,-0.07081855036164414,-0.01586793679217921
B. subtilis Consensus,8,36,951,0.02254077711725045,-0.11699003345989643,0.1395308105771469
B. subtilis Consensus,8,37,951,-0.1294286416481649,-0.12426694138937837,-0.005161700258786525
B. subtilis Consensus,8,38,951,0.09076580956033152,-0.20540893199445362,0.2961747415547851
B. subtilis Consensus,8,39,951,-0.05463230146201838,-0.10629546898196535,0.05166316751994696
B. subtilis Consensus,8,40,951,-0.065488511690876,-0.07236285956750678,0.006874347876630785
B. subtilis Consensus,8,41,951,-0.0617585052328794,-0.10023255412265754,0.03847404888977814
B. subtilis Consensus,8,42,951,-0.015658564877473597,-0.14579371110244466,0.13013514622497105
B. subtilis Consensus,8,43,951,-0.07403756142687334,-0.0700295048275904,-0.004008056599282939
B. subtilis Consensus,8,44,951,-6.58869689292666e-5,-0.09206344886205624,0.09199756189312697
B. subtilis Consensus,8,45,951,-0.032917460719472165,-0.07229367169535729,0.039376210975885124
B. subtilis Consensus,8,46,951,-0.03570430442930628,-0.09986991093279687,0.0641656065034906
B. subtilis Consensus,8,47,951,-0.07883479326027526,-0.04080130561564773,-0.03803348764462753
B. subtilis Consensus,8,48,951,-0.0645583837546072,-0.07394290315656434,0.009384519401957142
B. subtilis Consensus,8,49,951,-0.08446413036281497,-0.07126453498394467,-0.013199595378870305
B. subtilis Consensus,8,50,951,0.09076580956033152,-0.20540893199445362,0.2961747415547851
B. subtilis Consensus,8,51,951,0.006896054585079596,-0.123943746751033,0.1308398013361126
B. subtilis Consensus,8,52,951,0.05439304155732127,-0.16184570811975577,0.21623874967707704
B. subtilis Consensus,8,53,951,-0.030438035920123698,-0.11125796009525593,0.08081992417513223
B. subtilis Consensus,8,54,951,-0.03318152098174892,-0.07186105283624707,0.03867953185449815
B. subtilis Consensus,8,55,951,-0.08139515323414498,-0.1085864148299764,0.02719126159583142
B. subtilis Consensus,8,56,951,-0.125931419994416,-0.07882368100759284,-0.047107738986823175
B. subtilis Consensus,8,57,951,-0.11818576265696015,-0.11490111317701265,-0.003284649479947499
B. subtilis Consensus,8,58,951,-0.09357603590483639,-0.021652791610376417,-0.07192324429445997
B. subtilis Consensus,8,59,951,-0.057578274669118225,-0.10256769589160385,0.04498942122248562
B. subtilis Consensus,8,60,951,-0.021820766558435515,-0.11227733638222268,0.09045656982378716
B. subtilis Consensus,8,61,951,-0.036460487788977786,-0.10715265221075396,0.07069216442177617
B. subtilis Consensus,8,62,951,-0.08881142043329232,-0.12662672711836295,0.03781530668507063
B. subtilis Consensus,8,63,951,-0.08669279412178436,-0.08698320545231675,2.9041133053238355e-4
B. subtilis Consensus,8,64,951,0.015011350228447686,-0.14678269595165505,0.16179404618010274
B. subtilis Consensus,8,65,951,-0.08790702651096072,-0.10550821126475675,0.01760118475379603
B. subtilis Consensus,8,66,951,-0.06716819378778902,-0.037848800340854076,-0.02931939344693494
B. subtilis Consensus,8,67,951,-0.08563100882339443,-0.0821784484972351,-0.003452560326159329
B. subtilis Consensus,8,68,951,-0.11261857881251618,-0.12142062187387317,0.008802043061356998
B. subtilis Consensus,8,69,951,-0.08326805026236532,-0.1029743028753206,0.019706252612955277
B. subtilis Consensus,8,70,951,-0.02069213777926752,-0.10571003591290133,0.0850178981336338
B. subtilis Consensus,8,71,951,-0.08668648715382335,-0.07081855036164414,-0.01586793679217921
B. subtilis Consensus,8,72,951,-0.07943315463222743,-0.1104375729130639,0.03100441828083647
B. subtilis Consensus,8,73,951,-0.03506086361222589,-0.11151591751440526,0.07645505390217937
B. subtilis Consensus,8,74,951,-0.09149608747145369,-0.05813162388609703,-0.033364463585356656
B. subtilis Consensus,8,75,951,-0.12079385917611016,-0.12621325216612625,0.005419392990016092
B. subtilis Consensus,8,76,951,-0.06700322479066143,-0.0822164692931532,0.015213244502491771
B. subtilis Consensus,8,77,951,-0.053905956094904776,-0.09999866194371833,0.04609270584881355
B. subtilis Consensus,8,78,951,0.0456607188567833,-0.16192564300591475,0.20758636186269805
B. subtilis Consensus,8,79,951,-0.10136762064018255,-0.061143730732740646,-0.040223889907441905
B. subtilis Consensus,8,80,951,-0.09866369037111536,-0.05058535618893267,-0.048078334182182686
B. subtilis Consensus,8,81,951,-0.08122659277580228,-0.06832590907719151,-0.012900683698610776
B. subtilis Consensus,8,82,951,-0.05448064268738682,-0.07106564859880349,0.01658500591141667
B. subtilis Consensus,8,83,951,-0.033078048471420145,-0.08197210119065981,0.04889405271923967
B. subtilis Consensus,8,84,951,-0.07738237971290532,-0.04220208248193528,-0.03518029723097004
B. subtilis Consensus,8,85,951,-0.09486047385231033,-0.09909566754171892,0.004235193689408584
B. subtilis Consensus,8,86,951,-0.024354993270721503,-0.09011601717915955,0.06576102390843805
B. subtilis Consensus,8,87,951,-0.05358806101842948,-0.059994641924605796,0.0064065809061763165
B. subtilis Consensus,8,88,951,-0.10842560352916156,-0.08711634105351997,-0.02130926247564159
B. subtilis Consensus,8,89,951,-0.04643678574576616,-0.06609688061101936,0.0196600948652532
B. subtilis Consensus,8,90,951,-5.450635330813915e-4,-0.11955042089605399,0.11900535736297259
B. subtilis Consensus,8,91,951,-0.05897384395006346,-0.10732576364666073,0.048351919696597266
B. subtilis Consensus,8,92,951,-0.08801801233368929,-0.0904738384535999,0.0024558261199106035
B. subtilis Consensus,8,93,951,-0.095396590347904,-0.017799822118776124,-0.07759676822912788
B. subtilis Consensus,8,94,951,-0.04120250139038991,-0.08932236267138521,0.0481198612809953
B. subtilis Consensus,8,95,951,-0.03743857481709731,-0.08060342918691898,0.043164854369821676
B. subtilis Consensus,8,96,951,-0.027544761060697535,-0.052256837597513824,0.02471207653681629
B. subtilis Consensus,8,97,951,-0.04324989693297347,-0.10099869424965348,0.057748797316680006
B. subtilis Consensus,8,98,951,-0.13732553297069516,-0.15239297309902836,0.015067440128333193
B. subtilis Consensus,8,99,951,-0.04895640446281141,-0.0536965868372884,0.004740182374476994
B. subtilis Consensus,8,100,951,-0.08809852483280597,-0.09690310307539475,0.008804578242588776
B. subtilis Consensus,9,1,951,-0.08415576359388396,-0.07283349279445399,-0.011322270799429976
B. subtilis Consensus,9,2,951,0.021021344423344055,-0.14165584872599082,0.16267719314933488
B. subtilis Consensus,9,3,951,-0.15136167556179195,-0.15051497783080348,-8.466977309884716e-4
B. subtilis Consensus,9,4,951,-0.09344580077900753,-0.03677639718510099,-0.05666940359390654
B. subtilis Consensus,9,5,951,-0.02768044383685811,-0.08775421847411462,0.06007377463725651
B. subtilis Consensus,9,6,951,-0.05667043795728793,-0.09197084978901249,0.03530041183172456
B. subtilis Consensus,9,7,951,-0.119747118773393,-0.12337978782841189,0.0036326690550188834
B. subtilis Consensus,9,8,951,-0.12493687622273623,-0.12312567564363674,-0.0018112005790994895
B. subtilis Consensus,9,9,951,-0.02427638269825634,-0.10553107658046852,0.08125469388221218
B. subtilis Consensus,9,10,951,-0.049628042414022654,-0.07781311197868279,0.028185069564660138
B. subtilis Consensus,9,11,951,-0.09435591621622415,-0.10292593804543813,0.008570021829213986
B. subtilis Consensus,9,12,951,-0.07823664365623186,-0.06936409951022679,-0.008872544146005065
B. subtilis Consensus,9,13,951,-0.1257189109677111,-0.0974606235925994,-0.0282582873751117
B. subtilis Consensus,9,14,951,-0.0376862653500644,-0.09989922095545045,0.062212955605386054
B. subtilis Consensus,9,15,951,-0.06443890963489082,-0.1033423939765162,0.03890348434162538
B. subtilis Consensus,9,16,951,-0.08862917850125361,-0.042325597287131526,-0.046303581214122085
B. subtilis Consensus,9,17,951,-0.1175734092291719,-0.10980133010115442,-0.007772079128017473
B. subtilis Consensus,9,18,951,0.014406167349880775,-0.12390554738954868,0.13831171473942944
B. subtilis Consensus,9,19,951,-0.04991449242401775,-0.06820979571142177,0.018295303287404023
B. subtilis Consensus,9,20,951,0.06709810750500081,-0.17033323469623818,0.237431342201239
B. subtilis Consensus,9,21,951,-0.08486772153884262,-0.046203926617376094,-0.03866379492146652
B. subtilis Consensus,9,22,951,-0.09049928899990008,-0.062046623269146166,-0.02845266573075391
B. subtilis Consensus,9,23,951,-0.11340320534795015,-0.10796289701179297,-0.005440308336157176
B. subtilis Consensus,9,24,951,0.0011007732178967755,-0.09671248849052451,0.09781326170842128
B. subtilis Consensus,9,25,951,0.0011007732178967755,-0.09671248849052451,0.09781326170842128
B. subtilis Consensus,9,26,951,-0.07635614424314162,-0.09397083976144134,0.017614695518299722
B. subtilis Consensus,9,27,951,-0.06583939046546285,-0.08543110441129938,0.01959171394583653
B. subtilis Consensus,9,28,951,-0.10659529890347526,-0.06616243945549219,-0.04043285944798307
B. subtilis Consensus,9,29,951,-0.06290933549857805,-0.06305957864227522,1.502431436971735e-4
B. subtilis Consensus,9,30,951,-0.08361701696792954,-0.07929563369736212,-0.004321383270567428
B. subtilis Consensus,9,31,951,-0.04803004464545069,-0.07559488237793284,0.027564837732482153
B. subtilis Consensus,9,32,951,-0.08752277911493209,-0.10408173706678253,0.016558957951850445
B. subtilis Consensus,9,33,951,-0.060189009055970286,-0.04630591982635503,-0.013883089229615259
B. subtilis Consensus,9,34,951,-0.06583939046546285,-0.08543110441129938,0.01959171394583653
B. subtilis Consensus,9,35,951,-0.041895531439253286,-0.1348249895683326,0.09292945812907932
B. subtilis Consensus,9,36,951,-0.09740398793497829,-0.10849009419737546,0.011086106262397172
B. subtilis Consensus,9,37,951,-0.10136762064018255,-0.061143730732740646,-0.040223889907441905
B. subtilis Consensus,9,38,951,-0.09035071988901619,-0.07069397713787252,-0.019656742751143666
B. subtilis Consensus,9,39,951,-0.026916812707237774,-0.11290813631748527,0.0859913236102475
B. subtilis Consensus,9,40,951,-0.05277023757192682,-0.061036045566949755,0.008265807995022932
B. subtilis Consensus,9,41,951,-0.03493979345402172,-0.09146961281420103,0.05652981936017931
B. subtilis Consensus,9,42,951,0.015442229345325487,-0.12381605417767787,0.13925828352300335
B. subtilis Consensus,9,43,951,-0.03317232158881025,-0.0716468062429582,0.038474484654147954
B. subtilis Consensus,9,44,951,-0.05155868901388161,-0.0481217803701658,-0.0034369086437158122
B. subtilis Consensus,9,45,951,-0.07997798730838307,-0.08778956379335454,0.007811576484971466
B. subtilis Consensus,9,46,951,-0.09856399683783623,-0.09474485885080774,-0.003819137987028487
B. subtilis Consensus,9,47,951,-0.04361371597006531,-0.09593239757153381,0.0523186816014685
B. subtilis Consensus,9,48,951,-0.09706402226367979,-0.08036979840085647,-0.01669422386282332
B. subtilis Consensus,9,49,951,-0.06823041888956212,-0.07954440365557112,0.011313984766009005
B. subtilis Consensus,9,50,951,-0.11747582048558573,-0.12080671793996464,0.003330897454378909
B. subtilis Consensus,9,51,951,-0.12248092517624515,-0.11167431059755832,-0.010806614578686827
B. subtilis Consensus,9,52,951,-0.04496304023695237,-0.08517073930955987,0.0402076990726075
B. subtilis Consensus,9,53,951,-0.08021675472518261,-0.026428846483675845,-0.05378790824150677
B. subtilis Consensus,9,54,951,-0.05968551282025287,-0.1095817865975733,0.04989627377732043
B. subtilis Consensus,9,55,951,0.06065345637498741,-0.15375788979904437,0.2144113461740318
B. subtilis Consensus,9,56,951,-0.06990435351340209,-0.09808436653790613,0.02818001302450404
B. subtilis Consensus,9,57,951,-0.08502472202769877,-0.09552928663608477,0.010504564608386002
B. subtilis Consensus,9,58,951,-0.017609455403304285,-0.08529636874362179,0.0676869133403175
B. subtilis Consensus,9,59,951,-0.09520475090531462,-0.1064418131854246,0.011237062280109983
B. subtilis Consensus,9,60,951,-0.03565969617774201,-0.1157427694432514,0.0800830732655094
B. subtilis Consensus,9,61,951,-0.033683815196312875,-0.10037664800859773,0.06669283281228486
B. subtilis Consensus,9,62,951,-0.0868059074755642,-0.09092203447575262,0.004116127000188416
B. subtilis Consensus,9,63,951,-0.03133639556066231,-0.09192787157957621,0.0605914760189139
B. subtilis Consensus,9,64,951,-0.07250308774112228,-0.07952081682006133,0.00701772907893905
B. subtilis Consensus,9,65,951,-0.11146205097623485,-0.07268567225928824,-0.03877637871694661
B. subtilis Consensus,9,66,951,-0.09456399057054626,-0.0827302264308329,-0.011833764139713362
B. subtilis Consensus,9,67,951,-0.07034531401094656,-0.05741501431179958,-0.012930299699146976
B. subtilis Consensus,9,68,951,-0.09049928899990008,-0.062046623269146166,-0.02845266573075391
B. subtilis Consensus,9,69,951,-0.021855091110387755,-0.08711271408722791,0.06525762297684015
B. subtilis Consensus,9,70,951,-0.0797443917862134,-0.05464667835200288,-0.025097713434210515
B. subtilis Consensus,9,71,951,-0.053168379843634477,-0.08116744448472402,0.02799906464108954
B. subtilis Consensus,9,72,951,-0.092885305471029,-0.10928192873326595,0.016396623262236953
B. subtilis Consensus,9,73,951,-0.08307772029862899,-0.0892179555505978,0.006140235251968815
B. subtilis Consensus,9,74,951,-0.03649908821089771,-0.0718810917367007,0.03538200352580299
B. subtilis Consensus,9,75,951,0.010045642128982997,-0.12159062412528822,0.13163626625427122
B. subtilis Consensus,9,76,951,-0.038918656740952184,-0.06182398311308408,0.0229053263721319
B. subtilis Consensus,9,77,951,0.014406167349880775,-0.12390554738954868,0.13831171473942944
B. subtilis Consensus,9,78,951,-0.035532097947120096,-0.047500629528777955,0.011968531581657858
B. subtilis Consensus,9,79,951,-0.07747963215944283,-0.03403071619688372,-0.043448915962559106
B. subtilis Consensus,9,80,951,-0.06727690469035008,-0.03154930350122809,-0.035727601189121994
B. subtilis Consensus,9,81,951,-0.06822052112711709,-0.04889435648180725,-0.01932616464530984
B. subtilis Consensus,9,82,951,-0.06080750904690871,-0.08355850417782501,0.0227509951309163
B. subtilis Consensus,9,83,951,-0.06585937392702228,-0.061181487156308195,-0.004677886770714082
B. subtilis Consensus,9,84,951,-0.08615202569839917,-0.10669576271375851,0.020543737015359345
B. subtilis Consensus,9,85,951,-0.0889469630736888,-0.10153792746666673,0.012590964392977938
B. subtilis Consensus,9,86,951,-0.08034576071138222,-0.10512727746761995,0.02478151675623773
B. subtilis Consensus,9,87,951,-0.046495050812847764,-0.09800415753735589,0.051509106724508126
B. subtilis Consensus,9,88,951,-0.13563959875414752,-0.14492422378970896,0.009284625035561433
B. subtilis Consensus,9,89,951,-0.12710925322776434,-0.12962903918042804,0.0025197859526636945
B. subtilis Consensus,9,90,951,-0.006054183346655651,-0.1219601105009718,0.11590592715431615
B. subtilis Consensus,9,91,951,-0.011649565699184763,-0.1120319219940185,0.10038235629483373
B. subtilis Consensus,9,92,951,-0.08922502114680275,-0.09686941885551784,0.007644397708715084
B. subtilis Consensus,9,93,951,-0.08119933675417801,-0.0490044313337245,-0.03219490542045351
B. subtilis Consensus,9,94,951,-0.05218280227060558,-0.07292555066699213,0.020742748396386554
B. subtilis Consensus,9,95,951,-0.01532487743252,-0.11502304142191531,0.09969816398939532
B. subtilis Consensus,9,96,951,0.005437733470381919,-0.13396303334506363,0.13940076681544555
B. subtilis Consensus,9,97,951,-0.029318426635584482,-0.10959009258721085,0.08027166595162637
B. subtilis Consensus,9,98,951,-0.12497857450299743,-0.10153566641204002,-0.023442908090957407
B. subtilis Consensus,9,99,951,-0.00286529023757184,-0.10224932908828005,0.0993840388507082
B. subtilis Consensus,9,100,951,-0.04215958175732593,-0.10666646431472851,0.06450688255740258
B. subtilis Consensus,10,1,951,-0.11356164312496499,-0.09149507682594603,-0.022066566299018958
B. subtilis Consensus,10,2,951,-0.07804566267952193,-0.08480218914254503,0.006756526463023105
B. subtilis Consensus,10,3,951,-0.037210376816986,-0.07192398123777924,0.034713604420793236
B. subtilis Consensus,10,4,951,-0.06011654240428956,-0.09293406036153258,0.03281751795724302
B. subtilis Consensus,10,5,951,-0.07613349505342107,-0.06934498632670744,-0.006788508726713632
B. subtilis Consensus,10,6,951,-0.0754778490802131,-0.054370705228818976,-0.021107143851394124
B. subtilis Consensus,10,7,951,-0.04822065606152569,-0.07491334484199307,0.026692688780467377
B. subtilis Consensus,10,8,951,-0.06925649690843506,-0.07874198106320632,0.009485484154771254
B. subtilis Consensus,10,9,951,-0.07643029389859439,-0.0795444531710372,0.0031141592724428097
B. subtilis Consensus,10,10,951,-0.10255363023854057,-0.07176401295894147,-0.0307896172795991
B. subtilis Consensus,10,11,951,-0.04889723838575005,-0.04874116673340388,-1.5607165234617082e-4
B. subtilis Consensus,10,12,951,-0.06639549986753183,-0.048685875523105264,-0.01770962434442657
B. subtilis Consensus,10,13,951,-0.11870355445510776,-0.1024038720994013,-0.01629968235570646
B. subtilis Consensus,10,14,951,-0.07804566267952193,-0.08480218914254503,0.006756526463023105
B. subtilis Consensus,10,15,951,-0.059260518586960576,-0.0576845460482964,-0.0015759725386641776
B. subtilis Consensus,10,16,951,-0.071159294530313,-0.03943335931075004,-0.03172593521956296
B. subtilis Consensus,10,17,951,-0.029226410283950652,-0.06264667525290361,0.033420264968952965
B. subtilis Consensus,10,18,951,-0.07271682106094876,-0.08264392158567918,0.00992710052473042
B. subtilis Consensus,10,19,951,-0.06637669977063926,-0.057826579292990364,-0.008550120477648894
B. subtilis Consensus,10,20,951,-0.04456150241836639,-0.07255701358634482,0.02799551116797843
B. subtilis Consensus,10,21,951,-0.02446621570869684,-0.1043942166801206,0.07992800097142376
B. subtilis Consensus,10,22,951,-0.07395475364886782,-0.10019407756765195,0.026239323918784127
B. subtilis Consensus,10,23,951,-0.03235105664125022,-0.09159120378708835,0.059240147145838126
B. subtilis Consensus,10,24,951,-0.047121155620409,-0.05586968100808115,0.008748525387672151
B. subtilis Consensus,10,25,951,-0.047132300363662505,-0.09511828353289606,0.047985983169233554
B. subtilis Consensus,10,26,951,-0.054850577755356476,-0.073610117281994,0.018759539526637524
B. subtilis Consensus,10,27,951,-0.025382727552864977,-0.10582204362265635,0.08043931606979138
B. subtilis Consensus,10,28,951,-0.09234574231843486,-0.11520697846258313,0.02286123614414827
B. subtilis Consensus,10,29,951,-0.04028486139151486,-0.07259023671484376,0.032305375323328896
B. subtilis Consensus,10,30,951,-0.06769390472342568,-0.09785028185472222,0.03015637713129654
B. subtilis Consensus,10,31,951,-0.0887607210173715,-0.04663842922705112,-0.04212229179032037
B. subtilis Consensus,10,32,951,-0.11290730215986947,-0.099751508395431,-0.01315579376443847
B. subtilis Consensus,10,33,951,-0.10804415263335966,-0.06531779011876933,-0.04272636251459033
B. subtilis Consensus,10,34,951,-0.04456150241836639,-0.07255701358634482,0.02799551116797843
B. subtilis Consensus,10,35,951,-0.09538249140708985,-0.10331839080671358,0.007935899399623733
B. subtilis Consensus,10,36,951,-0.08530010175671462,-0.09236558978134188,0.007065488024627253
B. subtilis Consensus,10,37,951,-0.08108956744977547,-0.0926101863700852,0.011520618920309728
B. subtilis Consensus,10,38,951,-0.06424326606871618,-0.05534032140888621,-0.008902944659829971
B. subtilis Consensus,10,39,951,-0.10264495866026488,-0.11585093289220712,0.013205974231942239
B. subtilis Consensus,10,40,951,-0.11927626650866424,-0.1158686687232428,-0.0034075977854214484
B. subtilis Consensus,10,41,951,-0.030379180122057696,-0.10102956087976538,0.07065038075770769
B. subtilis Consensus,10,42,951,-0.08680466211978805,-0.09522049874323053,0.008415836623442488
B. subtilis Consensus,10,43,951,0.03661971252721115,-0.14219967179051266,0.17881938431772382
B. subtilis Consensus,10,44,951,-0.04712469249309477,-0.07370304678835861,0.02657835429526384
B. subtilis Consensus,10,45,951,-0.09167901042698078,-0.05900540502728041,-0.032673605399700364
B. subtilis Consensus,10,46,951,-3.017174301263252e-4,-0.10677745139856394,0.10647573396843761
B. subtilis Consensus,10,47,951,-0.09692029491632942,-0.1004414882675902,0.0035211933512607763
B. subtilis Consensus,10,48,951,-0.05051760932712696,-0.03484166521702159,-0.015675944110105373
B. subtilis Consensus,10,49,951,-0.12497857450299743,-0.10153566641204002,-0.023442908090957407
B. subtilis Consensus,10,50,951,-0.0670161971865321,-0.06895791045350279,0.0019417132669706932
B. subtilis Consensus,10,51,951,-0.0974257862226506,-0.10847867706331014,0.011052890840659538
B. subtilis Consensus,10,52,951,-0.08776750437981577,-0.08051725497035649,-0.007250249409459286
B. subtilis Consensus,10,53,951,-0.0730340099644306,-0.058912392308791264,-0.014121617655639337
B. subtilis Consensus,10,54,951,-0.022263745099345433,-0.1093031673253195,0.08703942222597406
B. subtilis Consensus,10,55,951,-0.04312883037660465,-0.06866170339233604,0.025532873015731393
B. subtilis Consensus,10,56,951,-0.06377349217047239,-0.06504046479612013,0.001266972625647747
B. subtilis Consensus,10,57,951,-0.09185441965302663,-0.09505108801058626,0.0031966683575596344
B. subtilis Consensus,10,58,951,-0.03434013956053676,-0.064322229320531693,0.02998208975999493
B. subtilis Consensus,10,59,951,-0.03137211460221641,-0.06950335141678567,0.03813123681456926
B. subtilis Consensus,10,60,951,-0.0038037521247243442,-0.11579378139040207,0.11199002926567772
B. subtilis Consensus,10,61,951,-0.0689104795028672,-0.09785294080230435,0.028942461299437144
B. subtilis Consensus,10,62,951,0.023256531414005698,-0.14061134347168983,0.1638678748856955
B. subtilis Consensus,10,63,951,-0.062308542244878466,-0.05447137239400535,-0.007837169850873113
B. subtilis Consensus,10,64,951,-0.055602025747428216,-0.0626665357814357,0.007064510034007487
B. subtilis Consensus,10,65,951,-0.10291829030690336,-0.11161375708772582,0.008695466780822461
B. subtilis Consensus,10,66,951,-0.10800728279505434,-0.07158024921372787,-0.03642703358132647
B. subtilis Consensus,10,67,951,-0.03238524721463191,-0.09455346874798733,0.06216822153335542
B. subtilis Consensus,10,68,951,-0.008428054929434542,-0.10073147249876074,0.0923034175693262
B. subtilis Consensus,10,69,951,-0.02813895886939065,-0.07225359986133842,0.04411464099194777
B. subtilis Consensus,10,70,951,0.01845124132068303,-0.13010144925444625,0.14855269057512926
B. subtilis Consensus,10,71,951,-0.03758073406996283,-0.09402214550244055,0.05644141143247772
B. subtilis Consensus,10,72,951,0.0486564866929615,-0.1586088839943948,0.2072653706873563
B. subtilis Consensus,10,73,951,-0.028840167854248835,-0.09889690941895037,0.07005674156470153
B. subtilis Consensus,10,74,951,-0.044146955539265724,-0.10987468145912399,0.06572772591985826
B. subtilis Consensus,10,75,951,-0.06850053072659149,-0.08850802625029783,0.020007495523706342
B. subtilis Consensus,10,76,951,-0.06949215715685816,-0.06527031317835154,-0.004221843978506626
B. subtilis Consensus,10,77,951,-0.07614991472954034,-0.07953889723259887,0.003388982503058524
B. subtilis Consensus,10,78,951,0.028013976599941932,-0.13958097916242096,0.16759495576236288
B. subtilis Consensus,10,79,951,-0.0047361157625509746,-0.09331709007759041,0.08858097431503943
B. subtilis Consensus,10,80,951,-0.0667415510782745,-0.07477927033166361,0.008037719253389114
B. subtilis Consensus,10,81,951,-0.06385633603520936,-0.07001535625784773,0.006159020222638367
B. subtilis Consensus,10,82,951,-0.08251139474998627,-0.0939381536917311,0.01142675894174483
B. subtilis Consensus,10,83,951,-0.1130175824277389,-0.055471248512046205,-0.0575463339156927
B. subtilis Consensus,10,84,951,-0.05241419120665316,-0.057713070640501254,0.005298879433848096
B. subtilis Consensus,10,85,951,-0.07627782660839656,-0.10273368178330441,0.026455855174907852
B. subtilis Consensus,10,86,951,-0.04550631565633246,-0.07235438680228955,0.026848071145957088
B. subtilis Consensus,10,87,951,-0.035536115542798,-0.05792966587087212,0.02239355032807412
B. subtilis Consensus,10,88,951,-0.07112756785265244,-0.10422890461295474,0.0331013367603023
B. subtilis Consensus,10,89,951,-0.022908952225644496,-0.08092792184602354,0.05801896962037904
B. subtilis Consensus,10,90,951,-0.005523553854545609,-0.11954131045162171,0.1140177565970761
B. subtilis Consensus,10,91,951,-0.0655694420932531,-0.0941549734305154,0.0285855313372623
B. subtilis Consensus,10,92,951,-0.06786509830229273,-0.08626734000249098,0.018402241700198246
B. subtilis Consensus,10,93,951,0.00436655091138907,-0.12367946561981073,0.1280460165311998
B. subtilis Consensus,10,94,951,-0.08423137132859887,-0.115098824208366,0.030867452879767124
B. subtilis Consensus,10,95,951,-0.09663904349590577,-0.12745570234891182,0.03081665885300605
B. subtilis Consensus,10,96,951,-0.05851907680332815,-0.07617720221817859,0.017658125414850435
B. subtilis Consensus,10,97,951,-0.019904839614583603,-0.09980541495066883,0.07990057533608523
B. subtilis Consensus,10,98,951,-0.08379543186114728,-0.0827399460066928,-0.0010554858544544882
B. subtilis Consensus,10,99,951,-0.02973151756165435,-0.07656206623658238,0.04683054867492803
B. subtilis Consensus,10,100,951,-0.044576723226070813,-0.07761035615728909,0.033033632931218276
B. subtilis Consensus,11,1,951,-0.03360328043807264,-0.0954507816397891,0.061847501201716455
B. subtilis Consensus,11,2,951,-0.067531513259488,-0.08034942080069041,0.012817907541202406
B. subtilis Consensus,11,3,951,-0.1291967029247231,-0.13204800084013582,0.0028512979154127205
B. subtilis Consensus,11,4,951,-0.08404484811776802,-0.10054308055725882,0.016498232439490793
B. subtilis Consensus,11,5,951,-0.07802906332063045,-0.06558311824572452,-0.012445945074905929
B. subtilis Consensus,11,6,951,-0.11058243698133877,-0.10473305482236048,-0.005849382158978289
B. subtilis Consensus,11,7,951,-0.06057572162860706,-0.09930006604074576,0.0387243444121387
B. subtilis Consensus,11,8,951,-0.07206289600223847,-0.05673000978419536,-0.015332886218043115
B. subtilis Consensus,11,9,951,-0.05299644408564635,-0.06048619734067301,0.007489753255026661
B. subtilis Consensus,11,10,951,-0.07045219472297037,-0.09723756611643718,0.026785371393466803
B. subtilis Consensus,11,11,951,-0.07619972436192804,-0.05128640049838721,-0.02491332386354083
B. subtilis Consensus,11,12,951,-0.07619972436192804,-0.05128640049838721,-0.02491332386354083
B. subtilis Consensus,11,13,951,-0.07725213903085398,-0.09285522886071003,0.015603089829856046
B. subtilis Consensus,11,14,951,-0.06867643007377147,-0.055482997456341866,-0.013193432617429605
B. subtilis Consensus,11,15,951,-0.07376554573592989,-0.06957800923142367,-0.00418753650450622
B. subtilis Consensus,11,16,951,-0.04940464720467011,-0.05189249143635233,0.002487844231682218
B. subtilis Consensus,11,17,951,-0.08491610945234157,-0.09867005859188739,0.01375394913954582
B. subtilis Consensus,11,18,951,-0.06891112998251625,-0.07424016401313227,0.00532903403061602
B. subtilis Consensus,11,19,951,-0.053867881684082235,-0.08885965661488239,0.034991774930800155
B. subtilis Consensus,11,20,951,-0.07109731791881423,-0.07223554613345358,0.001138228214639353
B. subtilis Consensus,11,21,951,-0.10303906014439865,-0.09674958174017292,-0.0062894784042257235
B. subtilis Consensus,11,22,951,-0.07540593553092989,-0.08018328444591886,0.004777348914988974
B. subtilis Consensus,11,23,951,-0.11837840263489796,-0.11491568639550534,-0.0034627162393926214
B. subtilis Consensus,11,24,951,-0.03481248372638868,-0.10994640892205317,0.07513392519566449
B. subtilis Consensus,11,25,951,-0.05851907680332815,-0.07617720221817859,0.017658125414850435
B. subtilis Consensus,11,26,951,-0.07749845996868894,-0.05635125590022969,-0.021147204068459248
B. subtilis Consensus,11,27,951,0.05246174022603059,-0.1650911092111057,0.2175528494371363
B. subtilis Consensus,11,28,951,-0.0016768085293173438,-0.09267686963365487,0.09100006110433753
B. subtilis Consensus,11,29,951,-0.06832881389145948,-0.08908860992039565,0.02075979602893617
B. subtilis Consensus,11,30,951,-0.06120299302225083,-0.08320224540730872,0.021999252385057892
B. subtilis Consensus,11,31,951,-0.06463916439427507,-0.10469066743299428,0.04005150303871921
B. subtilis Consensus,11,32,951,-0.05042318069684178,-0.08082034148162284,0.030397160784781066
B. subtilis Consensus,11,33,951,-0.11940825195344516,-0.07823040312285286,-0.041177848830592306
B. subtilis Consensus,11,34,951,-0.059678358015080826,-0.06429492449422822,0.004616566479147391
B. subtilis Consensus,11,35,951,-0.07191735289481499,-0.09847326851678329,0.026555915621968296
B. subtilis Consensus,11,36,951,-0.01972587830712074,-0.09243552864335328,0.07270965033623253
B. subtilis Consensus,11,37,951,-0.06365209385439674,-0.06261216087863976,-0.0010399329757569825
B. subtilis Consensus,11,38,951,-0.07872676028075258,-0.06808654131889531,-0.010640218961857267
B. subtilis Consensus,11,39,951,-0.08788880129329522,-0.10314716426410296,0.015258362970807737
B. subtilis Consensus,11,40,951,0.017006356750235315,-0.1335432947059756,0.1505496514562109
B. subtilis Consensus,11,41,951,-0.03664019236066847,-0.07239728672420376,0.03575709436353529
B. subtilis Consensus,11,42,951,-0.08404484811776802,-0.10054308055725882,0.016498232439490793
B. subtilis Consensus,11,43,951,-0.05851907680332815,-0.07617720221817859,0.017658125414850435
B. subtilis Consensus,11,44,951,-0.057055760657708815,-0.04496912528458544,-0.012086635373123378
B. subtilis Consensus,11,45,951,-0.06255419906888628,-0.08703339827746989,0.024479199208583616
B. subtilis Consensus,11,46,951,-0.01854778842866066,-0.10832322760097601,0.08977543917231535
B. subtilis Consensus,11,47,951,-0.038619076768027456,-0.09855113367813112,0.059932056910103663
B. subtilis Consensus,11,48,951,-0.07206289600223847,-0.05673000978419536,-0.015332886218043115
B. subtilis Consensus,11,49,951,-0.0315381050731496,-0.07306256069426076,0.04152445562111116
B. subtilis Consensus,11,50,951,-0.0858233586807593,-0.0656665014322713,-0.020156857248487994
B. subtilis Consensus,11,51,951,-0.12116581047595802,-0.11899254615936476,-0.0021732643165932597
B. subtilis Consensus,11,52,951,-0.07786989194769935,-0.08088363994060839,0.003013747992909044
B. subtilis Consensus,11,53,951,-0.04656692659065802,-0.105785391366239,0.05921846477558099
B. subtilis Consensus,11,54,951,0.010666373200466888,-0.12190575841111995,0.13257213161158685
B. subtilis Consensus,11,55,951,-0.10719737498704887,-0.08768592291173308,-0.019511452075315794
B. subtilis Consensus,11,56,951,-0.07905670655486945,-0.08201923512931034,0.0029625285744408897
B. subtilis Consensus,11,57,951,-0.04545008681623381,-0.060428766114458736,0.014978679298224926
B. subtilis Consensus,11,58,951,-0.059373037189457384,-0.0493201698911996,-0.010052867298257787
B. subtilis Consensus,11,59,951,-0.05224018965333871,-0.0840199031638948,0.031779713510556085
B. subtilis Consensus,11,60,951,-0.09543167423100335,-0.05253197651355938,-0.04289969771744397
B. subtilis Consensus,11,61,951,-0.06732520597258228,-0.07268490435543128,0.005359698382848999
B. subtilis Consensus,11,62,951,-0.0724683710602787,-0.07460874239909095,0.002140371338812244
B. subtilis Consensus,11,63,951,-0.09434391243932384,-0.09160818750128419,-0.0027357249380396548
B. subtilis Consensus,11,64,951,-0.03481248372638868,-0.10994640892205317,0.07513392519566449
B. subtilis Consensus,11,65,951,-0.05851907680332815,-0.07617720221817859,0.017658125414850435
B. subtilis Consensus,11,66,951,0.010882430992145264,-0.11021141393888577,0.12109384493103104
B. subtilis Consensus,11,67,951,-0.06013017936545628,-0.08549240250000084,0.02536222313454456
B. subtilis Consensus,11,68,951,-0.05328170951637804,-0.07715777766090448,0.02387606814452644
B. subtilis Consensus,11,69,951,-0.053029194166380224,-0.06028108754692305,0.007251893380542829
B. subtilis Consensus,11,70,951,-0.06605630942832588,-0.07191835322674042,0.00586204379841454
B. subtilis Consensus,11,71,951,-0.02189304337756123,-0.06556860527212773,0.04367556189456649
B. subtilis Consensus,11,72,951,-0.05864208661768972,-0.057424666616078916,-0.0012174200016108055
B. subtilis Consensus,11,73,951,-0.04476214303578329,-0.08488005522385855,0.04011791218807526
B. subtilis Consensus,11,74,951,-0.05042318069684178,-0.08082034148162284,0.030397160784781066
B. subtilis Consensus,11,75,951,-0.004669426343159333,-0.09612699133361718,0.09145756499045785
B. subtilis Consensus,11,76,951,-0.10443373861953992,-0.0699719572512897,-0.03446178136825022
B. subtilis Consensus,11,77,951,-0.07871702706316228,-0.07752978677576015,-0.001187240287402122
B. subtilis Consensus,11,78,951,-0.04164864305554713,-0.06971345215148776,0.028064809095940633
B. subtilis Consensus,11,79,951,0.031014550839147285,-0.13999372774585236,0.17100827858499965
B. subtilis Consensus,11,80,951,0.02151419796524621,-0.13573325666478145,0.15724745463002765
B. subtilis Consensus,11,81,951,-0.07010038648775625,-0.05520995990208142,-0.014890426585674833
B. subtilis Consensus,11,82,951,-0.08149195532836437,-0.07544236895449555,-0.0060495863738688205
B. subtilis Consensus,11,83,951,-0.07020188457671184,-0.05827520419348438,-0.011926680383227459
B. subtilis Consensus,11,84,951,-0.05599003197879719,-0.05186637317725452,-0.004123658801542675
B. subtilis Consensus,11,85,951,-0.0670290227634871,-0.08240341297728986,0.015374390213802755
B. subtilis Consensus,11,86,951,-0.04683113348249263,-0.04816028200124961,0.001329148518756977
B. subtilis Consensus,11,87,951,-0.03402952088701425,-0.09205963133323779,0.05803011044622354
B. subtilis Consensus,11,88,951,-0.07431460132955629,-0.08309944151278714,0.00878484018323085
B. subtilis Consensus,11,89,951,-0.09751681720227544,-0.08603753875345455,-0.011479278448820893
B. subtilis Consensus,11,90,951,0.001056602851171064,-0.1268236563800734,0.12788025923124446
B. subtilis Consensus,11,91,951,-0.11820769526993899,-0.10836093864644619,-0.009846756623492797
B. subtilis Consensus,11,92,951,-0.04972446786516202,-0.10219714519242305,0.05247267732726103
B. subtilis Consensus,11,93,951,-0.042029762715785,-0.04560277515075245,0.0035730124349674514
B. subtilis Consensus,11,94,951,-0.09428561925456187,-0.11723600689553716,0.02295038764097529
B. subtilis Consensus,11,95,951,-0.024024128390189886,-0.10592001403271166,0.08189588564252177
B. subtilis Consensus,11,96,951,-0.09744919544475857,-0.07432571759515769,-0.02312347784960088
B. subtilis Consensus,11,97,951,-0.08214218679922768,-0.06511669346242119,-0.017025493336806488
B. subtilis Consensus,11,98,951,-0.10821953754808794,-0.09286951040112121,-0.015350027146966733
B. subtilis Consensus,11,99,951,-0.06316151721881576,-0.07555447465550325,0.012392957436687488
B. subtilis Consensus,11,100,951,-0.09966665917568679,-0.12563418495293557,0.025967525777248784
B. subtilis Consensus,12,1,951,-0.07903828842441095,-0.0902020920767925,0.011163803652381551
B. subtilis Consensus,12,2,951,-0.07566866387257153,-0.07138971411149458,-0.004278949761076942
B. subtilis Consensus,12,3,951,-0.021086807039932647,-0.09878546989221985,0.07769866285228721
B. subtilis Consensus,12,4,951,-0.0713644040784647,-0.06576971041624115,-0.005594693662223552
B. subtilis Consensus,12,5,951,-0.05734769359258274,-0.06439841580472545,0.0070507222121427154
B. subtilis Consensus,12,6,951,-0.017096492687266502,-0.0817889610882171,0.0646924684009506
B. subtilis Consensus,12,7,951,-0.07135785276231635,-0.051268549568991434,-0.020089303193324914
B. subtilis Consensus,12,8,951,-0.12324083969398307,-0.11799850010853616,-0.005242339585446912
B. subtilis Consensus,12,9,951,0.002625416358483875,-0.11977589206684142,0.12240130842532529
B. subtilis Consensus,12,10,951,-0.03652969759077211,-0.07985788560129992,0.043328188010527804
B. subtilis Consensus,12,11,951,-0.06351144994801533,-0.057526912620361206,-0.005984537327654124
B. subtilis Consensus,12,12,951,-0.060083651342744,-0.05839429366294071,-0.0016893576798032925
B. subtilis Consensus,12,13,951,-0.027096688550656046,-0.11157513493521803,0.08447844638456199
B. subtilis Consensus,12,14,951,-0.07253997700205604,-0.061045879565944844,-0.011494097436111197
B. subtilis Consensus,12,15,951,0.010815306211463855,-0.1259756131919238,0.13679091940338764
B. subtilis Consensus,12,16,951,-0.028594140584251918,-0.10371141182590848,0.07511727124165657
B. subtilis Consensus,12,17,951,-0.08127607905671627,-0.04999545739873322,-0.03128062165798305
B. subtilis Consensus,12,18,951,-0.06223011830659634,-0.06886765542421579,0.006637537117619448
B. subtilis Consensus,12,19,951,-0.08093809543255027,-0.08586998958120842,0.0049318941486581475
B. subtilis Consensus,12,20,951,-0.006519480061934342,-0.10205227358747856,0.09553279352554422
B. subtilis Consensus,12,21,951,-0.0657635185346132,-0.0784145269808877,0.012651008446274509
B. subtilis Consensus,12,22,951,-0.08186072771950248,-0.07874884359552198,-0.0031118841239805017
B. subtilis Consensus,12,23,951,-0.07455356033826493,-0.06199258256397285,-0.012560977774292083
B. subtilis Consensus,12,24,951,-0.03652969759077211,-0.07985788560129992,0.043328188010527804
B. subtilis Consensus,12,25,951,-0.08121577603985217,-0.09857640545201847,0.017360629412166304
B. subtilis Consensus,12,26,951,-0.11260577306015031,-0.09471743384060843,-0.017888339219541874
B. subtilis Consensus,12,27,951,-0.08594364875698796,-0.05560853072156817,-0.030335118035419786
B. subtilis Consensus,12,28,951,-0.028276557590919425,-0.09776038699179643,0.069483829400877
B. subtilis Consensus,12,29,951,-0.08357530827695332,-0.09312953664132456,0.00955422836437124
B. subtilis Consensus,12,30,951,-0.017599204046280577,-0.09901030022742274,0.08141109618114217
B. subtilis Consensus,12,31,951,-0.0615580980130396,-0.06420460837879151,0.0026465103657519057
B. subtilis Consensus,12,32,951,-0.11514252102659982,-0.10344805094190576,-0.011694470084694056
B. subtilis Consensus,12,33,951,-0.0688209093653834,-0.06211937262330171,-0.006701536742081696
B. subtilis Consensus,12,34,951,-0.07890606569362169,-0.0860011488692728,0.007095083175651121
B. subtilis Consensus,12,35,951,-0.04126003404266248,-0.055566446098887244,0.014306412056224765
B. subtilis Consensus,12,36,951,-0.01407525354393714,-0.1102946012927054,0.09621934774876825
B. subtilis Consensus,12,37,951,-0.06996178431472758,-0.0814451036354788,0.011483319320751223
B. subtilis Consensus,12,38,951,-0.0709221965513905,-0.0839442542594487,0.013022057708058199
B. subtilis Consensus,12,39,951,-0.046213629012281765,-0.0889092443327645,0.04269561532048273
B. subtilis Consensus,12,40,951,-0.05325938651892937,-0.06736675748350274,0.014107370964573367
B. subtilis Consensus,12,41,951,-0.07890606569362169,-0.0860011488692728,0.007095083175651121
B. subtilis Consensus,12,42,951,-0.05325938651892937,-0.06736675748350274,0.014107370964573367
B. subtilis Consensus,12,43,951,-0.07400267713599937,-0.07235317108901664,-0.0016495060469827322
B. subtilis Consensus,12,44,951,-0.08210038725598297,-0.09649540907430718,0.014395021818324208
B. subtilis Consensus,12,45,951,-0.041165303691528966,-0.07694895054238768,0.03578364685085871
B. subtilis Consensus,12,46,951,-0.08002390751977355,-0.07567080927096087,-0.0043530982488126785
B. subtilis Consensus,12,47,951,-0.016679040108960614,-0.11120325353630468,0.09452421342734407
B. subtilis Consensus,12,48,951,-0.11514252102659982,-0.10344805094190576,-0.011694470084694056
B. subtilis Consensus,12,49,951,-0.0531586259915259,-0.05480581049184478,0.0016471845003188795
B. subtilis Consensus,12,50,951,-0.07623745215280309,-0.0842113573458642,0.007973905193061112
B. subtilis Consensus,12,51,951,-0.08287577481510078,-0.04665181439373153,-0.036223960421369245
B. subtilis Consensus,12,52,951,-0.03605895643996244,-0.09302068037083151,0.056961723930869075
B. subtilis Consensus,12,53,951,-0.07149894873382996,-0.0781706045083135,0.006671655774483531
B. subtilis Consensus,12,54,951,-0.0471118676309958,-0.07668062362785769,0.029568755996861887
B. subtilis Consensus,12,55,951,-0.06505621068153714,-0.08405460406445629,0.018998393382919157
B. subtilis Consensus,12,56,951,7.198724695843367e-4,-0.12228354399988363,0.12300341646946797
B. subtilis Consensus,12,57,951,-0.01407525354393714,-0.1102946012927054,0.09621934774876825
B. subtilis Consensus,12,58,951,-0.055138185631034786,-0.06478491918654478,0.00964673355550999
B. subtilis Consensus,12,59,951,-0.0615580980130396,-0.06420460837879151,0.0026465103657519057
B. subtilis Consensus,12,60,951,-0.05530803712609695,-0.053910674083411436,-0.0013973630426855135
B. subtilis Consensus,12,61,951,0.02995531829785765,-0.14360749516548874,0.1735628134633464
B. subtilis Consensus,12,62,951,-0.05341748207362327,-0.1014912727403293,0.048073790666706036
B. subtilis Consensus,12,63,951,-0.028594140584251918,-0.10371141182590848,0.07511727124165657
B. subtilis Consensus,12,64,951,-0.07608534363904042,-0.07566057694248685,-4.247666965535718e-4
B. subtilis Consensus,12,65,951,-0.053221423163784726,-0.08261824413329989,0.029396820969515167
B. subtilis Consensus,12,66,951,-0.07566866387257153,-0.07138971411149458,-0.004278949761076942
B. subtilis Consensus,12,67,951,-0.029361273900788576,-0.09768213066275307,0.06832085676196449
B. subtilis Consensus,12,68,951,-0.07286033043852132,-0.06700012293782844,-0.005860207500692882
B. subtilis Consensus,12,69,951,-0.028276557590919425,-0.09776038699179643,0.069483829400877
B. subtilis Consensus,12,70,951,0.025581079389215878,-0.1437653719440471,0.16934645133326298
B. subtilis Consensus,12,71,951,-0.0667731493519104,-0.0562957706606357,-0.010477378691274693
B. subtilis Consensus,12,72,951,-0.06053407722214552,-0.078601025545327885,0.018066948323182362
B. subtilis Consensus,12,73,951,-0.01067890177992139,-0.10997214437277039,0.099293242592849
B. subtilis Consensus,12,74,951,-0.05729154812448138,-0.09649782794835723,0.03920627982387585
B. subtilis Consensus,12,75,951,-0.07455356033826493,-0.06199258256397285,-0.012560977774292083
B. subtilis Consensus,12,76,951,-0.11514252102659982,-0.10344805094190576,-0.011694470084694056
B. subtilis Consensus,12,77,951,-0.07129952987981315,-0.07313380343106227,0.0018342735512491132
B. subtilis Consensus,12,78,951,-0.07125337908977775,-0.044144332809411026,-0.02710904628036672
B. subtilis Consensus,12,79,951,-0.013996617850754548,-0.10173439462591709,0.08773777677516253
B. subtilis Consensus,12,80,951,-0.06547531766615884,-0.080863975939191507,0.015388658273032665
B. subtilis Consensus,12,81,951,-0.10855646438658269,-0.08043471598899156,-0.02812174839759113
B. subtilis Consensus,12,82,951,-0.07637100765238292,-0.0826212213508473,0.006250213698464388
B. subtilis Consensus,12,83,951,-0.06486845494924624,-0.06931049136452662,0.004442036415280376
B. subtilis Consensus,12,84,951,-0.055363800235506466,-0.067759019398122,0.012395219162615531
B. subtilis Consensus,12,85,951,-0.06377946281837367,-0.07961958202381794,0.015840119205444272
B. subtilis Consensus,12,86,951,-0.028615325542340052,-0.10184644112834251,0.07323111558600245
B. subtilis Consensus,12,87,951,-0.0763869802502589,-0.04728050587686149,-0.029106474373397417
B. subtilis Consensus,12,88,951,-0.02520213935730157,-0.10053751057800178,0.07533537122070022
B. subtilis Consensus,12,89,951,-0.08874012608552005,-0.1045708178278706,0.01583069174235055
B. subtilis Consensus,12,90,951,-0.08492479452225314,-0.09879872763866775,0.013873933116414605
B. subtilis Consensus,12,91,951,-0.06824247167737223,-0.054851900384970016,-0.01339057129240221
B. subtilis Consensus,12,92,951,-0.018946944777839536,-0.09963057152916252,0.08068362675132298
B. subtilis Consensus,12,93,951,-0.07535003954765564,-0.07016038692838515,-0.005189652619270485
B. subtilis Consensus,12,94,951,-0.09126053573734615,-0.1077127285444014,0.01645219280705526
B. subtilis Consensus,12,95,951,-0.05530803712609695,-0.053910674083411436,-0.0013973630426855135
B. subtilis Consensus,12,96,951,-0.03326481365353508,-0.10274302123097577,0.06947820757744069
B. subtilis Consensus,12,97,951,-0.04452495952858838,-0.058329359059192405,0.013804399530604028
B. subtilis Consensus,12,98,951,-0.0838818738219215,-0.10055758883891436,0.01667571501699286
B. subtilis Consensus,12,99,951,-0.07455356033826493,-0.06199258256397285,-0.012560977774292083
B. subtilis Consensus,12,100,951,-0.0793126473052292,-0.08178822166672516,0.0024755743614959524
B. subtilis Consensus,13,1,951,-0.06709505767451815,-0.07694501249984981,0.009849954825331658
B. subtilis Consensus,13,2,951,-0.063881325819165,-0.05968148588370611,-0.004199839935458895
B. subtilis Consensus,13,3,951,-0.06582351992371441,-0.0770788330125531,0.01125531308883869
B. subtilis Consensus,13,4,951,-0.07085477639155807,-0.07670809923111926,0.0058533228395611925
B. subtilis Consensus,13,5,951,-0.11222025779702975,-0.09290729679250581,-0.01931296100452394
B. subtilis Consensus,13,6,951,-0.07085477639155807,-0.07670809923111926,0.0058533228395611925
B. subtilis Consensus,13,7,951,-0.08459938659852982,-0.0621307954730592,-0.022468591125470623
B. subtilis Consensus,13,8,951,-0.06624394470399313,-0.07047301246123722,0.00422906775724409
B. subtilis Consensus,13,9,951,-0.020206773926600908,-0.10155603309572601,0.08134925916912511
B. subtilis Consensus,13,10,951,-0.04932138345525755,-0.08207087821794871,0.032749494762691164
B. subtilis Consensus,13,11,951,-0.05237375347677261,-0.08378960053282726,0.03141584705605465
B. subtilis Consensus,13,12,951,-0.0639737692471272,-0.06860962823941835,0.004635858992291159
B. subtilis Consensus,13,13,951,-0.014466735444896463,-0.11223547416103861,0.09776873871614215
B. subtilis Consensus,13,14,951,-0.07432919266245931,-0.07914255618643073,0.004813363523971423
B. subtilis Consensus,13,15,951,-0.06986673061078726,-0.07336890206566742,0.0035021714548801597
B. subtilis Consensus,13,16,951,-0.06236429333840779,-0.05824497349484324,-0.004119319843564548
B. subtilis Consensus,13,17,951,-0.07527814993900604,-0.07612619608184465,8.480461428386071e-4
B. subtilis Consensus,13,18,951,-0.060902313976175196,-0.06131720247965325,4.1488850347805306e-4
B. subtilis Consensus,13,19,951,-0.08676125682635369,-0.05194754168194096,-0.03481371514441273
B. subtilis Consensus,13,20,951,-0.03793231143963828,-0.06367245125255151,0.025740139812913232
B. subtilis Consensus,13,21,951,-0.04932138345525755,-0.08207087821794871,0.032749494762691164
B. subtilis Consensus,13,22,951,-0.06582351992371441,-0.0770788330125531,0.01125531308883869
B. subtilis Consensus,13,23,951,0.005855546378194014,-0.12609184239529847,0.1319473887734925
B. subtilis Consensus,13,24,951,-0.08676125682635369,-0.05194754168194096,-0.03481371514441273
B. subtilis Consensus,13,25,951,-0.020206773926600908,-0.10155603309572601,0.08134925916912511
B. subtilis Consensus,13,26,951,-0.0712268991018602,-0.058127064107006535,-0.013099834994853662
B. subtilis Consensus,13,27,951,-0.05404473361294471,-0.07187514590473927,0.017830412291794558
B. subtilis Consensus,13,28,951,-0.06444174567877306,-0.05227430438603414,-0.012167441292738918
B. subtilis Consensus,13,29,951,-0.09596110158508961,-0.06901296969902164,-0.02694813188606797
B. subtilis Consensus,13,30,951,-0.05944866545700375,-0.06323466321920419,0.003785997762200441
B. subtilis Consensus,13,31,951,-0.06985064371256912,-0.0496070519391261,-0.020243591773443016
B. subtilis Consensus,13,32,951,-0.0960459836823206,-0.06339368904058675,-0.03265229464173386
B. subtilis Consensus,13,33,951,-0.063881325819165,-0.05968148588370611,-0.004199839935458895
B. subtilis Consensus,13,34,951,-0.06709505767451815,-0.07694501249984981,0.009849954825331658
B. subtilis Consensus,13,35,951,-0.0699032376691999,-0.06687782005990035,-0.003025417609299544
B. subtilis Consensus,13,36,951,-0.053469776555103404,-0.0664026979182777,0.012932921363174296
B. subtilis Consensus,13,37,951,-0.08000346957280483,-0.09051306195690245,0.010509592384097627
B. subtilis Consensus,13,38,951,-0.02306684695514088,-0.10299496001693345,0.07992811306179257
B. subtilis Consensus,13,39,951,-0.06973176287272292,-0.0789267094604205,0.00919494658769758
B. subtilis Consensus,13,40,951,-0.08676125682635369,-0.05194754168194096,-0.03481371514441273
B. subtilis Consensus,13,41,951,-0.021863602087904603,-0.09942547448573567,0.07756187239783108
B. subtilis Consensus,13,42,951,-0.07516036516056906,-0.07816068742801362,0.0030003222674445523
B. subtilis Consensus,13,43,951,-0.07291280933620226,-0.07797943949568496,0.005066630159482707
B. subtilis Consensus,13,44,951,-0.06986673061078726,-0.07336890206566742,0.0035021714548801597
B. subtilis Consensus,13,45,951,-0.08676125682635369,-0.05194754168194096,-0.03481371514441273
B. subtilis Consensus,13,46,951,-0.047255373533735816,-0.07570832021189695,0.028452946678161138
B. subtilis Consensus,13,47,951,-0.06582351992371441,-0.0770788330125531,0.01125531308883869
B. subtilis Consensus,13,48,951,-0.11280770666264116,-0.08010337660510589,-0.03270433005753527
B. subtilis Consensus,13,49,951,-0.08556224761054643,-0.0965205226394669,0.010958275028920467
B. subtilis Consensus,13,50,951,-0.06928990640494889,-0.0670881549028217,-0.002201751502127189
B. subtilis Consensus,13,51,951,-0.06986673061078726,-0.07336890206566742,0.0035021714548801597
B. subtilis Consensus,13,52,951,-0.0960459836823206,-0.06339368904058675,-0.03265229464173386
B. subtilis Consensus,13,53,951,-0.05335868923185821,-0.08072594736172684,0.027367258129868628
B. subtilis Consensus,13,54,951,-0.02463026181115167,-0.10438660509562614,0.07975634328447447
B. subtilis Consensus,13,55,951,-0.051909071061514975,-0.07952936405981777,0.027620292998302792
B. subtilis Consensus,13,56,951,-0.06985064371256912,-0.0496070519391261,-0.020243591773443016
B. subtilis Consensus,13,57,951,-0.07005431160995436,-0.07782261630579841,0.007768304695844053
B. subtilis Consensus,13,58,951,-0.07527814993900604,-0.07612619608184465,8.480461428386071e-4
B. subtilis Consensus,13,59,951,-0.08860738901669696,-0.1033266863254276,0.014719297308730644
B. subtilis Consensus,13,60,951,-0.07432919266245931,-0.07914255618643073,0.004813363523971423
B. subtilis Consensus,13,61,951,-0.07179572323283305,-0.06736493654098767,-0.004430786691845379
B. subtilis Consensus,13,62,951,-0.07278323432653827,-0.07515813080567606,0.0023748964791377863
B. subtilis Consensus,13,63,951,-0.07527814993900604,-0.07612619608184465,8.480461428386071e-4
B. subtilis Consensus,13,64,951,-0.08459938659852982,-0.0621307954730592,-0.022468591125470623
B. subtilis Consensus,13,65,951,-0.07085477639155807,-0.07670809923111926,0.0058533228395611925
B. subtilis Consensus,13,66,951,-0.05944866545700375,-0.06323466321920419,0.003785997762200441
B. subtilis Consensus,13,67,951,-0.03793231143963828,-0.06367245125255151,0.025740139812913232
B. subtilis Consensus,13,68,951,-0.02463026181115167,-0.10438660509562614,0.07975634328447447
B. subtilis Consensus,13,69,951,-0.07432919266245931,-0.07914255618643073,0.004813363523971423
B. subtilis Consensus,13,70,951,-0.07662341982680498,-0.07978727753418208,0.0031638577073770935
B. subtilis Consensus,13,71,951,-0.024970347050404816,-0.10412134027218725,0.07915099322178243
B. subtilis Consensus,13,72,951,-0.08340947582404996,-0.0918360323785095,0.008426556554459536
B. subtilis Consensus,13,73,951,-0.024970347050404816,-0.10412134027218725,0.07915099322178243
B. subtilis Consensus,13,74,951,-0.05076986629487792,-0.057661614391881826,0.006891748097003908
B. subtilis Consensus,13,75,951,-0.04932138345525755,-0.08207087821794871,0.032749494762691164
B. subtilis Consensus,13,76,951,-0.08459938659852982,-0.0621307954730592,-0.022468591125470623
B. subtilis Consensus,13,77,951,-0.06011246323426233,-0.0636915285387592,0.0035790653044968715
B. subtilis Consensus,13,78,951,-0.06549368533611412,-0.07329016056943753,0.007796475233323413
B. subtilis Consensus,13,79,951,0.005855546378194014,-0.12609184239529847,0.1319473887734925
B. subtilis Consensus,13,80,951,-0.06973176287272292,-0.0789267094604205,0.00919494658769758
B. subtilis Consensus,13,81,951,-0.07041066782199307,-0.0510479115486719,-0.019362756273321166
B. subtilis Consensus,13,82,951,-0.062173412971959295,-0.09047852903439782,0.028305116062438525
B. subtilis Consensus,13,83,951,-0.0792395449510951,-0.09201433462816971,0.012774789677074613
B. subtilis Consensus,13,84,951,-0.07432919266245931,-0.07914255618643073,0.004813363523971423
B. subtilis Consensus,13,85,951,-0.04980319280473575,-0.055356647062586924,0.00555345425785117
B. subtilis Consensus,13,86,951,-0.07527814993900604,-0.07612619608184465,8.480461428386071e-4
B. subtilis Consensus,13,87,951,-0.0960459836823206,-0.06339368904058675,-0.03265229464173386
B. subtilis Consensus,13,88,951,-0.02463725946371086,-0.10281206697117787,0.07817480750746701
B. subtilis Consensus,13,89,951,-0.08607239926656356,-0.04221903251956261,-0.043853366747000945
B. subtilis Consensus,13,90,951,-0.014466735444896463,-0.11223547416103861,0.09776873871614215
B. subtilis Consensus,13,91,951,0.014766926850297108,-0.130514890244029,0.1452818170943261
B. subtilis Consensus,13,92,951,-0.06895364364929892,-0.07078057755606976,0.0018269339067708418
B. subtilis Consensus,13,93,951,-0.11280770666264116,-0.08010337660510589,-0.03270433005753527
B. subtilis Consensus,13,94,951,-0.05263273685581322,-0.08086654395169506,0.028233807095881837
B. subtilis Consensus,13,95,951,0.014766926850297108,-0.130514890244029,0.1452818170943261
B. subtilis Consensus,13,96,951,-0.03962576070977042,-0.08039767853276504,0.04077191782299462
B. subtilis Consensus,13,97,951,-0.08556224761054643,-0.0965205226394669,0.010958275028920467
B. subtilis Consensus,13,98,951,-0.03793231143963828,-0.06367245125255151,0.025740139812913232
B. subtilis Consensus,13,99,951,-0.08556224761054643,-0.0965205226394669,0.010958275028920467
B. subtilis Consensus,13,100,951,-0.0699032376691999,-0.06687782005990035,-0.003025417609299544
B. subtilis Consensus,14,1,951,-0.06293305039010548,-0.06548659466149653,0.0025535442713910533
B. subtilis Consensus,14,2,951,-0.018675300147835264,-0.10683335990289192,0.08815805975505665
B. subtilis Consensus,14,3,951,-0.0730414828152078,-0.0757077905537299,0.0026663077385221112
B. subtilis Consensus,14,4,951,-0.06296419922720935,-0.059093991580979124,-0.0038702076462302226
B. subtilis Consensus,14,5,951,-0.06980804940793166,-0.07293527809711621,0.0031272286891845524
B. subtilis Consensus,14,6,951,-0.06293305039010548,-0.06548659466149653,0.0025535442713910533
B. subtilis Consensus,14,7,951,-0.07304107153628082,-0.07195566241452955,-0.0010854091217512712
B. subtilis Consensus,14,8,951,-0.06980804940793166,-0.07293527809711621,0.0031272286891845524
B. subtilis Consensus,14,9,951,-0.06296419922720935,-0.059093991580979124,-0.0038702076462302226
B. subtilis Consensus,14,10,951,-0.06980804940793166,-0.07293527809711621,0.0031272286891845524
B. subtilis Consensus,14,11,951,-0.06296419922720935,-0.059093991580979124,-0.0038702076462302226
B. subtilis Consensus,14,12,951,-0.06980804940793166,-0.07293527809711621,0.0031272286891845524
B. subtilis Consensus,14,13,951,-0.05574142261751757,-0.060770859399799204,0.0050294367822816335
B. subtilis Consensus,14,14,951,-0.045140885129815914,-0.08160914858683269,0.03646826345701677
B. subtilis Consensus,14,15,951,-0.018675300147835264,-0.10683335990289192,0.08815805975505665
B. subtilis Consensus,14,16,951,-0.07304107153628082,-0.07195566241452955,-0.0010854091217512712
B. subtilis Consensus,14,17,951,-0.059663406834964544,-0.07391981326508638,0.01425640643012184
B. subtilis Consensus,14,18,951,-0.045140885129815914,-0.08160914858683269,0.03646826345701677
B. subtilis Consensus,14,19,951,-0.05574142261751757,-0.060770859399799204,0.0050294367822816335
B. subtilis Consensus,14,20,951,-0.05574142261751757,-0.060770859399799204,0.0050294367822816335
B. subtilis Consensus,14,21,951,-0.08701115753828735,-0.058514319576878124,-0.028496837961409227
B. subtilis Consensus,14,22,951,-0.018675300147835264,-0.10683335990289192,0.08815805975505665
B. subtilis Consensus,14,23,951,-0.06449430338813165,-0.07338186759551044,0.008887564207378781
B. subtilis Consensus,14,24,951,-0.06449430338813165,-0.07338186759551044,0.008887564207378781
B. subtilis Consensus,14,25,951,-0.08014224605399961,-0.08500524027349927,0.004862994219499664
B. subtilis Consensus,14,26,951,-0.08701115753828735,-0.058514319576878124,-0.028496837961409227
B. subtilis Consensus,14,27,951,-0.06449430338813165,-0.07338186759551044,0.008887564207378781
B. subtilis Consensus,14,28,951,-0.05574142261751757,-0.060770859399799204,0.0050294367822816335
B. subtilis Consensus,14,29,951,-0.0730414828152078,-0.0757077905537299,0.0026663077385221112
B. subtilis Consensus,14,30,951,-0.08701115753828735,-0.058514319576878124,-0.028496837961409227
B. subtilis Consensus,14,31,951,-0.06293305039010548,-0.06548659466149653,0.0025535442713910533
B. subtilis Consensus,14,32,951,-0.071076872165795,-0.07421049819119138,0.00313362602539638
B. subtilis Consensus,14,33,951,-0.08701115753828735,-0.058514319576878124,-0.028496837961409227
B. subtilis Consensus,14,34,951,-0.05574142261751757,-0.060770859399799204,0.0050294367822816335
B. subtilis Consensus,14,35,951,-0.045140885129815914,-0.08160914858683269,0.03646826345701677
B. subtilis Consensus,14,36,951,-0.045140885129815914,-0.08160914858683269,0.03646826345701677
B. subtilis Consensus,14,37,951,-0.06980804940793166,-0.07293527809711621,0.0031272286891845524
B. subtilis Consensus,14,38,951,-0.08701115753828735,-0.058514319576878124,-0.028496837961409227
B. subtilis Consensus,14,39,951,-0.06293305039010548,-0.06548659466149653,0.0025535442713910533
B. subtilis Consensus,14,40,951,-0.06832438482766108,-0.06280492345794636,-0.0055194613697147205
B. subtilis Consensus,14,41,951,-0.018675300147835264,-0.10683335990289192,0.08815805975505665
B. subtilis Consensus,14,42,951,-0.018675300147835264,-0.10683335990289192,0.08815805975505665
B. subtilis Consensus,14,43,951,-0.07243628497625433,-0.06946772075983294,-0.0029685642164213877
B. subtilis Consensus,14,44,951,-0.059663406834964544,-0.07391981326508638,0.01425640643012184
B. subtilis Consensus,14,45,951,-0.059663406834964544,-0.07391981326508638,0.01425640643012184
B. subtilis Consensus,14,46,951,-0.06449430338813165,-0.07338186759551044,0.008887564207378781
B. subtilis Consensus,14,47,951,-0.06832438482766108,-0.06280492345794636,-0.0055194613697147205
B. subtilis Consensus,14,48,951,-0.08701115753828735,-0.058514319576878124,-0.028496837961409227
B. subtilis Consensus,14,49,951,-0.071076872165795,-0.07421049819119138,0.00313362602539638
B. subtilis Consensus,14,50,951,-0.06980804940793166,-0.07293527809711621,0.0031272286891845524
B. subtilis Consensus,14,51,951,-0.0730414828152078,-0.0757077905537299,0.0026663077385221112
B. subtilis Consensus,14,52,951,-0.059663406834964544,-0.07391981326508638,0.01425640643012184
B. subtilis Consensus,14,53,951,-0.06832438482766108,-0.06280492345794636,-0.0055194613697147205
B. subtilis Consensus,14,54,951,-0.06293305039010548,-0.06548659466149653,0.0025535442713910533
B. subtilis Consensus,14,55,951,-0.06296419922720935,-0.059093991580979124,-0.0038702076462302226
B. subtilis Consensus,14,56,951,-0.06296419922720935,-0.059093991580979124,-0.0038702076462302226
B. subtilis Consensus,14,57,951,-0.06293305039010548,-0.06548659466149653,0.0025535442713910533
B. subtilis Consensus,14,58,951,-0.06980804940793166,-0.07293527809711621,0.0031272286891845524
B. subtilis Consensus,14,59,951,-0.07304107153628082,-0.07195566241452955,-0.0010854091217512712
B. subtilis Consensus,14,60,951,-0.05574142261751757,-0.060770859399799204,0.0050294367822816335
B. subtilis Consensus,14,61,951,-0.06293305039010548,-0.06548659466149653,0.0025535442713910533
B. subtilis Consensus,14,62,951,-0.045140885129815914,-0.08160914858683269,0.03646826345701677
B. subtilis Consensus,14,63,951,-0.06293305039010548,-0.06548659466149653,0.0025535442713910533
B. subtilis Consensus,14,64,951,-0.05574142261751757,-0.060770859399799204,0.0050294367822816335
B. subtilis Consensus,14,65,951,-0.08014224605399961,-0.08500524027349927,0.004862994219499664
B. subtilis Consensus,14,66,951,-0.07243628497625433,-0.06946772075983294,-0.0029685642164213877
B. subtilis Consensus,14,67,951,-0.059663406834964544,-0.07391981326508638,0.01425640643012184
B. subtilis Consensus,14,68,951,-0.06296419922720935,-0.059093991580979124,-0.0038702076462302226
B. subtilis Consensus,14,69,951,-0.06449430338813165,-0.07338186759551044,0.008887564207378781
B. subtilis Consensus,14,70,951,-0.06980804940793166,-0.07293527809711621,0.0031272286891845524
B. subtilis Consensus,14,71,951,-0.08014224605399961,-0.08500524027349927,0.004862994219499664
B. subtilis Consensus,14,72,951,-0.06449430338813165,-0.07338186759551044,0.008887564207378781
B. subtilis Consensus,14,73,951,-0.071076872165795,-0.07421049819119138,0.00313362602539638
B. subtilis Consensus,14,74,951,-0.07304107153628082,-0.07195566241452955,-0.0010854091217512712
B. subtilis Consensus,14,75,951,-0.06832438482766108,-0.06280492345794636,-0.0055194613697147205
B. subtilis Consensus,14,76,951,-0.045140885129815914,-0.08160914858683269,0.03646826345701677
B. subtilis Consensus,14,77,951,-0.0730414828152078,-0.0757077905537299,0.0026663077385221112
B. subtilis Consensus,14,78,951,-0.06296419922720935,-0.059093991580979124,-0.0038702076462302226
B. subtilis Consensus,14,79,951,-0.05574142261751757,-0.060770859399799204,0.0050294367822816335
B. subtilis Consensus,14,80,951,-0.06980804940793166,-0.07293527809711621,0.0031272286891845524
B. subtilis Consensus,14,81,951,-0.07243628497625433,-0.06946772075983294,-0.0029685642164213877
B. subtilis Consensus,14,82,951,-0.0730414828152078,-0.0757077905537299,0.0026663077385221112
B. subtilis Consensus,14,83,951,-0.05574142261751757,-0.060770859399799204,0.0050294367822816335
B. subtilis Consensus,14,84,951,-0.06449430338813165,-0.07338186759551044,0.008887564207378781
B. subtilis Consensus,14,85,951,-0.06832438482766108,-0.06280492345794636,-0.0055194613697147205
B. subtilis Consensus,14,86,951,-0.06293305039010548,-0.06548659466149653,0.0025535442713910533
B. subtilis Consensus,14,87,951,-0.071076872165795,-0.07421049819119138,0.00313362602539638
B. subtilis Consensus,14,88,951,-0.08014224605399961,-0.08500524027349927,0.004862994219499664
B. subtilis Consensus,14,89,951,-0.07304107153628082,-0.07195566241452955,-0.0010854091217512712
B. subtilis Consensus,14,90,951,-0.07304107153628082,-0.07195566241452955,-0.0010854091217512712
B. subtilis Consensus,14,91,951,-0.05574142261751757,-0.060770859399799204,0.0050294367822816335
B. subtilis Consensus,14,92,951,-0.08014224605399961,-0.08500524027349927,0.004862994219499664
B. subtilis Consensus,14,93,951,-0.06980804940793166,-0.07293527809711621,0.0031272286891845524
B. subtilis Consensus,14,94,951,-0.06296419922720935,-0.059093991580979124,-0.0038702076462302226
B. subtilis Consensus,14,95,951,-0.045140885129815914,-0.08160914858683269,0.03646826345701677
B. subtilis Consensus,14,96,951,-0.045140885129815914,-0.08160914858683269,0.03646826345701677
B. subtilis Consensus,14,97,951,-0.018675300147835264,-0.10683335990289192,0.08815805975505665
B. subtilis Consensus,14,98,951,-0.018675300147835264,-0.10683335990289192,0.08815805975505665
B. subtilis Consensus,14,99,951,-0.08701115753828735,-0.058514319576878124,-0.028496837961409227
B. subtilis Consensus,14,100,951,-0.06293305039010548,-0.06548659466149653,0.0025535442713910533
B. subtilis Consensus,15,1,951,-0.06754601919721215,-0.06887971235426435,0.0013336931570522015
B. subtilis Consensus,15,2,951,-0.06754601919721215,-0.06887971235426435,0.0013336931570522015
B. subtilis Consensus,15,3,951,-0.06754601919721215,-0.06887971235426435,0.0013336931570522015
B. subtilis Consensus,15,4,951,-0.06754601919721215,-0.06887971235426435,0.0013336931570522015
B. subtilis Consensus,15,5,951,-0.06754601919721215,-0.06887971235426435,0.0013336931570522015
B. subtilis Consensus,15,6,951,-0.06754601919721215,-0.06887971235426435,0.0013336931570522015
B. subtilis Consensus,15,7,951,-0.06754601919721215,-0.06887971235426435,0.0013336931570522015
B. subtilis Consensus,15,8,951,-0.06754601919721215,-0.06887971235426435,0.0013336931570522015
B. subtilis Consensus,15,9,951,-0.06754601919721215,-0.06887971235426435,0.0013336931570522015
B. subtilis Consensus,15,10,951,-0.06754601919721215,-0.06887971235426435,0.0013336931570522015
B. subtilis Consensus,15,11,951,-0.06754601919721215,-0.06887971235426435,0.0013336931570522015
B. subtilis Consensus,15,12,951,-0.06754601919721215,-0.06887971235426435,0.0013336931570522015
B. subtilis Consensus,15,13,951,-0.06754601919721215,-0.06887971235426435,0.0013336931570522015
B. subtilis Consensus,15,14,951,-0.06754601919721215,-0.06887971235426435,0.0013336931570522015
B. subtilis Consensus,15,15,951,-0.06754601919721215,-0.06887971235426435,0.0013336931570522015
B. subtilis Consensus,15,16,951,-0.06754601919721215,-0.06887971235426435,0.0013336931570522015
B. subtilis Consensus,15,17,951,-0.06754601919721215,-0.06887971235426435,0.0013336931570522015
B. subtilis Consensus,15,18,951,-0.06754601919721215,-0.06887971235426435,0.0013336931570522015
B. subtilis Consensus,15,19,951,-0.06754601919721215,-0.06887971235426435,0.0013336931570522015
B. subtilis Consensus,15,20,951,-0.06754601919721215,-0.06887971235426435,0.0013336931570522015
B. subtilis Consensus,15,21,951,-0.06754601919721215,-0.06887971235426435,0.0013336931570522015
B. subtilis Consensus,15,22,951,-0.06754601919721215,-0.06887971235426435,0.0013336931570522015
B. subtilis Consensus,15,23,951,-0.06754601919721215,-0.06887971235426435,0.0013336931570522015
B. subtilis Consensus,15,24,951,-0.06754601919721215,-0.06887971235426435,0.0013336931570522015
B. subtilis Consensus,15,25,951,-0.06754601919721215,-0.06887971235426435,0.0013336931570522015
B. subtilis Consensus,15,26,951,-0.06754601919721215,-0.06887971235426435,0.0013336931570522015
B. subtilis Consensus,15,27,951,-0.06754601919721215,-0.06887971235426435,0.0013336931570522015
B. subtilis Consensus,15,28,951,-0.06754601919721215,-0.06887971235426435,0.0013336931570522015
B. subtilis Consensus,15,29,951,-0.06754601919721215,-0.06887971235426435,0.0013336931570522015
B. subtilis Consensus,15,30,951,-0.06754601919721215,-0.06887971235426435,0.0013336931570522015
B. subtilis Consensus,15,31,951,-0.06754601919721215,-0.06887971235426435,0.0013336931570522015
B. subtilis Consensus,15,32,951,-0.06754601919721215,-0.06887971235426435,0.0013336931570522015
B. subtilis Consensus,15,33,951,-0.06754601919721215,-0.06887971235426435,0.0013336931570522015
B. subtilis Consensus,15,34,951,-0.06754601919721215,-0.06887971235426435,0.0013336931570522015
B. subtilis Consensus,15,35,951,-0.06754601919721215,-0.06887971235426435,0.0013336931570522015
B. subtilis Consensus,15,36,951,-0.06754601919721215,-0.06887971235426435,0.0013336931570522015
B. subtilis Consensus,15,37,951,-0.06754601919721215,-0.06887971235426435,0.0013336931570522015
B. subtilis Consensus,15,38,951,-0.06754601919721215,-0.06887971235426435,0.0013336931570522015
B. subtilis Consensus,15,39,951,-0.06754601919721215,-0.06887971235426435,0.0013336931570522015
B. subtilis Consensus,15,40,951,-0.06754601919721215,-0.06887971235426435,0.0013336931570522015
B. subtilis Consensus,15,41,951,-0.06754601919721215,-0.06887971235426435,0.0013336931570522015
B. subtilis Consensus,15,42,951,-0.06754601919721215,-0.06887971235426435,0.0013336931570522015
B. subtilis Consensus,15,43,951,-0.06754601919721215,-0.06887971235426435,0.0013336931570522015
B. subtilis Consensus,15,44,951,-0.06754601919721215,-0.06887971235426435,0.0013336931570522015
B. subtilis Consensus,15,45,951,-0.06754601919721215,-0.06887971235426435,0.0013336931570522015
B. subtilis Consensus,15,46,951,-0.06754601919721215,-0.06887971235426435,0.0013336931570522015
B. subtilis Consensus,15,47,951,-0.06754601919721215,-0.06887971235426435,0.0013336931570522015
B. subtilis Consensus,15,48,951,-0.06754601919721215,-0.06887971235426435,0.0013336931570522015
B. subtilis Consensus,15,49,951,-0.06754601919721215,-0.06887971235426435,0.0013336931570522015
B. subtilis Consensus,15,50,951,-0.06754601919721215,-0.06887971235426435,0.0013336931570522015
B. subtilis Consensus,15,51,951,-0.06754601919721215,-0.06887971235426435,0.0013336931570522015
B. subtilis Consensus,15,52,951,-0.06754601919721215,-0.06887971235426435,0.0013336931570522015
B. subtilis Consensus,15,53,951,-0.06754601919721215,-0.06887971235426435,0.0013336931570522015
B. subtilis Consensus,15,54,951,-0.06754601919721215,-0.06887971235426435,0.0013336931570522015
B. subtilis Consensus,15,55,951,-0.06754601919721215,-0.06887971235426435,0.0013336931570522015
B. subtilis Consensus,15,56,951,-0.06754601919721215,-0.06887971235426435,0.0013336931570522015
B. subtilis Consensus,15,57,951,-0.06754601919721215,-0.06887971235426435,0.0013336931570522015
B. subtilis Consensus,15,58,951,-0.06754601919721215,-0.06887971235426435,0.0013336931570522015
B. subtilis Consensus,15,59,951,-0.06754601919721215,-0.06887971235426435,0.0013336931570522015
B. subtilis Consensus,15,60,951,-0.06754601919721215,-0.06887971235426435,0.0013336931570522015
B. subtilis Consensus,15,61,951,-0.06754601919721215,-0.06887971235426435,0.0013336931570522015
B. subtilis Consensus,15,62,951,-0.06754601919721215,-0.06887971235426435,0.0013336931570522015
B. subtilis Consensus,15,63,951,-0.06754601919721215,-0.06887971235426435,0.0013336931570522015
B. subtilis Consensus,15,64,951,-0.06754601919721215,-0.06887971235426435,0.0013336931570522015
B. subtilis Consensus,15,65,951,-0.06754601919721215,-0.06887971235426435,0.0013336931570522015
B. subtilis Consensus,15,66,951,-0.06754601919721215,-0.06887971235426435,0.0013336931570522015
B. subtilis Consensus,15,67,951,-0.06754601919721215,-0.06887971235426435,0.0013336931570522015
B. subtilis Consensus,15,68,951,-0.06754601919721215,-0.06887971235426435,0.0013336931570522015
B. subtilis Consensus,15,69,951,-0.06754601919721215,-0.06887971235426435,0.0013336931570522015
B. subtilis Consensus,15,70,951,-0.06754601919721215,-0.06887971235426435,0.0013336931570522015
B. subtilis Consensus,15,71,951,-0.06754601919721215,-0.06887971235426435,0.0013336931570522015
B. subtilis Consensus,15,72,951,-0.06754601919721215,-0.06887971235426435,0.0013336931570522015
B. subtilis Consensus,15,73,951,-0.06754601919721215,-0.06887971235426435,0.0013336931570522015
B. subtilis Consensus,15,74,951,-0.06754601919721215,-0.06887971235426435,0.0013336931570522015
B. subtilis Consensus,15,75,951,-0.06754601919721215,-0.06887971235426435,0.0013336931570522015
B. subtilis Consensus,15,76,951,-0.06754601919721215,-0.06887971235426435,0.0013336931570522015
B. subtilis Consensus,15,77,951,-0.06754601919721215,-0.06887971235426435,0.0013336931570522015
B. subtilis Consensus,15,78,951,-0.06754601919721215,-0.06887971235426435,0.0013336931570522015
B. subtilis Consensus,15,79,951,-0.06754601919721215,-0.06887971235426435,0.0013336931570522015
B. subtilis Consensus,15,80,951,-0.06754601919721215,-0.06887971235426435,0.0013336931570522015
B. subtilis Consensus,15,81,951,-0.06754601919721215,-0.06887971235426435,0.0013336931570522015
B. subtilis Consensus,15,82,951,-0.06754601919721215,-0.06887971235426435,0.0013336931570522015
B. subtilis Consensus,15,83,951,-0.06754601919721215,-0.06887971235426435,0.0013336931570522015
B. subtilis Consensus,15,84,951,-0.06754601919721215,-0.06887971235426435,0.0013336931570522015
B. subtilis Consensus,15,85,951,-0.06754601919721215,-0.06887971235426435,0.0013336931570522015
B. subtilis Consensus,15,86,951,-0.06754601919721215,-0.06887971235426435,0.0013336931570522015
B. subtilis Consensus,15,87,951,-0.06754601919721215,-0.06887971235426435,0.0013336931570522015
B. subtilis Consensus,15,88,951,-0.06754601919721215,-0.06887971235426435,0.0013336931570522015
B. subtilis Consensus,15,89,951,-0.06754601919721215,-0.06887971235426435,0.0013336931570522015
B. subtilis Consensus,15,90,951,-0.06754601919721215,-0.06887971235426435,0.0013336931570522015
B. subtilis Consensus,15,91,951,-0.06754601919721215,-0.06887971235426435,0.0013336931570522015
B. subtilis Consensus,15,92,951,-0.06754601919721215,-0.06887971235426435,0.0013336931570522015
B. subtilis Consensus,15,93,951,-0.06754601919721215,-0.06887971235426435,0.0013336931570522015
B. subtilis Consensus,15,94,951,-0.06754601919721215,-0.06887971235426435,0.0013336931570522015
B. subtilis Consensus,15,95,951,-0.06754601919721215,-0.06887971235426435,0.0013336931570522015
B. subtilis Consensus,15,96,951,-0.06754601919721215,-0.06887971235426435,0.0013336931570522015
B. subtilis Consensus,15,97,951,-0.06754601919721215,-0.06887971235426435,0.0013336931570522015
B. subtilis Consensus,15,98,951,-0.06754601919721215,-0.06887971235426435,0.0013336931570522015
B. subtilis Consensus,15,99,951,-0.06754601919721215,-0.06887971235426435,0.0013336931570522015
B. subtilis Consensus,15,100,951,-0.06754601919721215,-0.06887971235426435,0.0013336931570522015
V. natriegens,5,1,1443,-0.0195016080238474,-0.18378546737363738,0.16428385934978998
V. natriegens,5,2,1443,0.1092118209686244,-0.24021172663987642,0.3494235476085008
V. natriegens,5,3,1443,-0.004378656674439213,-0.2022456029149061,0.19786694624046688
V. natriegens,5,4,1443,-0.09289923318505146,-0.23141510864000692,0.13851587545495547
V. natriegens,5,5,1443,0.05416232656246835,-0.20547441849664175,0.2596367450591101
V. natriegens,5,6,1443,-0.041876999498420324,-0.1889961948588601,0.14711919536043977
V. natriegens,5,7,1443,-0.07285613224334724,-0.2045916054064185,0.13173547316307127
V. natriegens,5,8,1443,-0.0168723945563929,-0.1723858699669023,0.15551347541050942
V. natriegens,5,9,1443,-0.04507783178054237,-0.19850832893923379,0.15343049715869142
V. natriegens,5,10,1443,0.0015588047485797867,-0.16329287416261631,0.1648516789111961
V. natriegens,5,11,1443,0.07932416917496096,-0.204508856164048,0.28383302533900895
V. natriegens,5,12,1443,0.021684278829873373,-0.16636341070998073,0.1880476895398541
V. natriegens,5,13,1443,0.1443312966742469,-0.26287081533438095,0.4072021120086279
V. natriegens,5,14,1443,0.014370796257821523,-0.15515890588113887,0.1695297021389604
V. natriegens,5,15,1443,-0.09327136814950203,-0.22567710231109597,0.13240573416159396
V. natriegens,5,16,1443,0.08283721945179844,-0.21808359291369092,0.30092081236548934
V. natriegens,5,17,1443,-0.05458000820469834,-0.2113467850132868,0.15676677680858847
V. natriegens,5,18,1443,0.11679747953948577,-0.2288934093232279,0.3456908888627137
V. natriegens,5,19,1443,0.08283721945179844,-0.21808359291369092,0.30092081236548934
V. natriegens,5,20,1443,-0.11766681773909743,-0.26300190584038113,0.1453350881012837
V. natriegens,5,21,1443,0.14997016153042647,-0.2724042942870319,0.42237445581745836
V. natriegens,5,22,1443,-0.052412109496878176,-0.18439620620217642,0.13198409670529826
V. natriegens,5,23,1443,-0.016640776284643038,-0.19675923409501792,0.1801184578103749
V. natriegens,5,24,1443,4.291946353877439e-5,-0.17241960770539222,0.17246252716893098
V. natriegens,5,25,1443,-0.016081970062459015,-0.1871576188441448,0.1710756487816858
V. natriegens,5,26,1443,-0.046713334688953355,-0.17772576772757961,0.13101243303862625
V. natriegens,5,27,1443,0.16148901690385895,-0.2753462187858848,0.4368352356897437
V. natriegens,5,28,1443,-0.10599911479653541,-0.24450203434067858,0.13850291954414318
V. natriegens,5,29,1443,-0.0897448912162108,-0.22854890099723152,0.1388040097810207
V. natriegens,5,30,1443,-0.06715239997278175,-0.20006298139062959,0.13291058141784784
V. natriegens,5,31,1443,-0.012873813178755564,-0.1736550084693427,0.16078119529058715
V. natriegens,5,32,1443,0.12206626019363133,-0.2529802189627126,0.3750464791563439
V. natriegens,5,33,1443,0.08923056553297701,-0.21949068664955526,0.30872125218253227
V. natriegens,5,34,1443,0.15348029671428498,-0.27827866448254096,0.43175896119682594
V. natriegens,5,35,1443,0.056074391718807216,-0.17455030777293637,0.23062469949174358
V. natriegens,5,36,1443,0.08923056553297701,-0.21949068664955526,0.30872125218253227
V. natriegens,5,37,1443,0.0391777560393086,-0.14370639295693258,0.18288414899624117
V. natriegens,5,38,1443,-0.08210079172087664,-0.22180190478452616,0.13970111306364952
V. natriegens,5,39,1443,0.034245034271941074,-0.17368029726515205,0.20792533153709314
V. natriegens,5,40,1443,-0.08777303604470799,-0.23361478614474224,0.14584175010003425
V. natriegens,5,41,1443,-0.03169045519859255,-0.1851534738067824,0.15346301860818984
V. natriegens,5,42,1443,-0.044444246378810684,-0.17959988079560546,0.1351556344167948
V. natriegens,5,43,1443,-0.05093299066219651,-0.19055429734296433,0.13962130668076783
V. natriegens,5,44,1443,0.0662425251905234,-0.1715527627464268,0.2377952879369502
V. natriegens,5,45,1443,-0.024692964672094146,-0.16467790383318942,0.13998493916109528
V. natriegens,5,46,1443,-0.07497314228062368,-0.2124639252010839,0.13749078292046021
V. natriegens,5,47,1443,0.08489896154702947,-0.22927309874445972,0.3141720602914892
V. natriegens,5,48,1443,-0.0813717580200966,-0.22905833032393288,0.1476865723038363
V. natriegens,5,49,1443,-0.055873947158453355,-0.21285649908984447,0.1569825519313911
V. natriegens,5,50,1443,0.046897192421960596,-0.1805307976535817,0.22742799007554232
V. natriegens,5,51,1443,-0.028274898502263227,-0.19530694007784188,0.16703204157557866
V. natriegens,5,52,1443,-0.05654335096228676,-0.2175245944726748,0.16098124351038803
V. natriegens,5,53,1443,0.09898293156123288,-0.2179453120609237,0.3169282436221566
V. natriegens,5,54,1443,-0.03630954659236409,-0.1860205919370769,0.1497110453447128
V. natriegens,5,55,1443,0.037408237070950194,-0.20179424866311937,0.23920248573406958
V. natriegens,5,56,1443,-0.049368286164883805,-0.18139790700943395,0.13202962084455014
V. natriegens,5,57,1443,0.03339575064933609,-0.13987282458730402,0.1732685752366401
V. natriegens,5,58,1443,-0.04623414920122574,-0.20466753722844144,0.1584333880272157
V. natriegens,5,59,1443,-0.01601386060343239,-0.20437250225119924,0.18835864164776686
V. natriegens,5,60,1443,6.869746956849396e-4,-0.19176602828513897,0.1924530029808239
V. natriegens,5,61,1443,5.226209906627542e-5,-0.18700384152190383,0.1870561036209701
V. natriegens,5,62,1443,0.02810049598523871,-0.1779526100003967,0.2060531059856354
V. natriegens,5,63,1443,-0.009060300233381396,-0.16051119614269985,0.15145089590931846
V. natriegens,5,64,1443,-0.018752376738304495,-0.17022839970475584,0.15147602296645135
V. natriegens,5,65,1443,0.15384260728314217,-0.27296640704600084,0.426809014329143
V. natriegens,5,66,1443,-0.010117149616424067,-0.19399450935999404,0.18387735974356997
V. natriegens,5,67,1443,0.04329464386056921,-0.19091885272959994,0.23421349659016916
V. natriegens,5,68,1443,0.07208395612337011,-0.1888301963157753,0.2609141524391454
V. natriegens,5,69,1443,-0.005830140957982196,-0.19255258745157397,0.18672244649359176
V. natriegens,5,70,1443,-0.0641463861559473,-0.20386787875252904,0.13972149259658173
V. natriegens,5,71,1443,0.04582520612906672,-0.20350545848067964,0.24933066460974634
V. natriegens,5,72,1443,-0.12108406875361694,-0.25658551400601903,0.1355014452524021
V. natriegens,5,73,1443,-0.10258541418528692,-0.24282204939231333,0.1402366352070264
V. natriegens,5,74,1443,-0.021059213725104414,-0.16178964141799593,0.1407304276928915
V. natriegens,5,75,1443,0.014460037769071517,-0.16711817051998867,0.18157820828906018
V. natriegens,5,76,1443,0.011429727112650095,-0.1551704819159378,0.16660020902858788
V. natriegens,5,77,1443,-0.035594987943121964,-0.17906352225625938,0.1434685343131374
V. natriegens,5,78,1443,-0.04626519212668291,-0.19942953984788972,0.1531643477212068
V. natriegens,5,79,1443,0.0031972786432373727,-0.1942194897962731,0.19741676843951048
V. natriegens,5,80,1443,0.1344523936040312,-0.24133735640201423,0.3757897500060454
V. natriegens,5,81,1443,0.1092118209686244,-0.24021172663987642,0.3494235476085008
V. natriegens,5,82,1443,0.021493798583439045,-0.205049123750701,0.22654292233414006
V. natriegens,5,83,1443,0.01959001660173789,-0.17278298297133504,0.19237299957307294
V. natriegens,5,84,1443,0.08580398779822077,-0.21606874808055837,0.30187273587877916
V. natriegens,5,85,1443,-0.030259667458782717,-0.17443122552420068,0.14417155806541795
V. natriegens,5,86,1443,-0.039634845445168425,-0.19409410144468808,0.15445925599951965
V. natriegens,5,87,1443,0.15384260728314217,-0.27296640704600084,0.426809014329143
V. natriegens,5,88,1443,-0.05458000820469834,-0.2113467850132868,0.15676677680858847
V. natriegens,5,89,1443,0.006296395637411282,-0.19697170193483043,0.2032680975722417
V. natriegens,5,90,1443,-0.06858618910959326,-0.2166635931665928,0.14807740405699954
V. natriegens,5,91,1443,0.07337066858988783,-0.2300129485814197,0.3033836171713076
V. natriegens,5,92,1443,0.012491568005069852,-0.16930359035359976,0.1817951583586696
V. natriegens,5,93,1443,0.08574645248390378,-0.20345608071746704,0.2892025332013708
V. natriegens,5,94,1443,0.09412256693559823,-0.22614384851760724,0.32026641545320544
V. natriegens,5,95,1443,0.05134907932738191,-0.19189854623345415,0.24324762556083607
V. natriegens,5,96,1443,0.0015588047485797867,-0.16329287416261631,0.1648516789111961
V. natriegens,5,97,1443,-0.04138571034983064,-0.2014763595396952,0.16009064918986454
V. natriegens,5,98,1443,-0.1115239095687651,-0.24819635354961714,0.13667244398085204
V. natriegens,5,99,1443,0.10375111712035784,-0.21666001714194938,0.3204111342623072
V. natriegens,5,100,1443,-0.014168524869796936,-0.16139402023811375,0.1472254953683168
V. natriegens,6,1,1443,-0.0658928060962768,-0.20165851471607488,0.1357657086197981
V. natriegens,6,2,1443,0.014792647625512856,-0.17502108705760955,0.1898137346831224
V. natriegens,6,3,1443,-0.02097663025823175,-0.1791036948126976,0.15812706455446585
V. natriegens,6,4,1443,-0.07749758397098724,-0.2266936632377736,0.14919607926678635
V. natriegens,6,5,1443,0.0321719656336624,-0.16597665995733232,0.19814862559099472
V. natriegens,6,6,1443,0.025230629511948332,-0.16628216732291923,0.19151279683486755
V. natriegens,6,7,1443,0.023013862668685884,-0.1880713024601353,0.21108516512882117
V. natriegens,6,8,1443,0.024440474326277287,-0.17307884907931168,0.19751932340558898
V. natriegens,6,9,1443,0.09175386532726236,-0.20035026008094087,0.29210412540820324
V. natriegens,6,10,1443,0.11782383124814325,-0.2410287292546109,0.35885256050275416
V. natriegens,6,11,1443,0.006285760684857988,-0.16899002620983067,0.17527578689468865
V. natriegens,6,12,1443,0.12362035364308879,-0.24558834354526976,0.3692086971883586
V. natriegens,6,13,1443,-0.0801153500954718,-0.2212688497884256,0.1411534996929538
V. natriegens,6,14,1443,0.10967269529111198,-0.2190062771716416,0.32867897246275357
V. natriegens,6,15,1443,-0.06708069324403505,-0.20923943012096377,0.1421587368769287
V. natriegens,6,16,1443,-0.06504595441289643,-0.21468685553795278,0.14964090112505635
V. natriegens,6,17,1443,-0.03484297095147741,-0.19200431095971693,0.1571613400082395
V. natriegens,6,18,1443,0.031188755283599465,-0.17159895988037682,0.20278771516397628
V. natriegens,6,19,1443,0.04193664488440782,-0.1873957640872142,0.22933240897162202
V. natriegens,6,20,1443,0.03617544929791145,-0.18851442095911844,0.22468987025702988
V. natriegens,6,21,1443,-8.091239825261381e-4,-0.18772169392815205,0.1869125699456259
V. natriegens,6,22,1443,-0.0197177762285333,-0.19695755580273594,0.17723977957420264
V. natriegens,6,23,1443,0.09884193310495455,-0.21827159478135028,0.3171135278863048
V. natriegens,6,24,1443,0.0059781884743053,-0.15560788258971067,0.16158607106401598
V. natriegens,6,25,1443,-0.0015456514523107423,-0.1873901182847543,0.18584446683244354
V. natriegens,6,26,1443,0.026519149126288378,-0.18142018591194506,0.20793933503823345
V. natriegens,6,27,1443,0.12818967026913983,-0.2472656582420453,0.3754553285111851
V. natriegens,6,28,1443,0.05017566257881465,-0.18257937308410374,0.23275503566291839
V. natriegens,6,29,1443,-0.018199657858395907,-0.1772157343310285,0.15901607647263258
V. natriegens,6,30,1443,-0.09564912613639488,-0.24610920537153733,0.15046007923514243
V. natriegens,6,31,1443,-0.09197779810212739,-0.22637492366293036,0.13439712556080297
V. natriegens,6,32,1443,0.030557023704544495,-0.1807997987931804,0.2113568224977249
V. natriegens,6,33,1443,0.007962308918685069,-0.1664422310351203,0.17440453995380537
V. natriegens,6,34,1443,0.022754182825453245,-0.16289866745041057,0.1856528502758638
V. natriegens,6,35,1443,0.006538971388618792,-0.17337352979056395,0.17991250117918273
V. natriegens,6,36,1443,-0.036298451403515786,-0.19189256989957956,0.15559411849606378
V. natriegens,6,37,1443,0.0032385218375292303,-0.18069393249622895,0.18393245433375818
V. natriegens,6,38,1443,0.013831699262199813,-0.16782003296910142,0.18165173223130124
V. natriegens,6,39,1443,-0.019908555365393953,-0.19229236896172613,0.17238381359633217
V. natriegens,6,40,1443,-0.028531920903906965,-0.17907187245807957,0.1505399515541726
V. natriegens,6,41,1443,0.031188755283599465,-0.17159895988037682,0.20278771516397628
V. natriegens,6,42,1443,-0.01489024905216236,-0.1613066429711412,0.14641639391897884
V. natriegens,6,43,1443,0.05068780889547109,-0.16609835180771299,0.21678616070318407
V. natriegens,6,44,1443,-0.050207579687934344,-0.21098653996901984,0.1607789602810855
V. natriegens,6,45,1443,-0.027422110569896938,-0.2011371029599833,0.17371499239008636
V. natriegens,6,46,1443,-0.04817131500455014,-0.19166189192709054,0.1434905769225404
V. natriegens,6,47,1443,-0.0015456514523107423,-0.1873901182847543,0.18584446683244354
V. natriegens,6,48,1443,0.009185094114015425,-0.19951156227466485,0.20869665638868026
V. natriegens,6,49,1443,0.03269222016135787,-0.17120989368491846,0.20390211384627632
V. natriegens,6,50,1443,0.13454605570859762,-0.2556886517646059,0.39023470747320355
V. natriegens,6,51,1443,0.043737686825337574,-0.19510346820782182,0.2388411550331594
V. natriegens,6,52,1443,-0.030445718731973298,-0.1979922833704242,0.1675465646384509
V. natriegens,6,53,1443,0.007962308918685069,-0.1664422310351203,0.17440453995380537
V. natriegens,6,54,1443,0.028723435616511042,-0.17809287687619907,0.2068163124927101
V. natriegens,6,55,1443,0.04737036042010058,-0.19376736132748001,0.24113772174758058
V. natriegens,6,56,1443,-0.07820342667691442,-0.21352140060433503,0.13531797392742062
V. natriegens,6,57,1443,-0.1131730904531151,-0.24843099242418074,0.13525790197106563
V. natriegens,6,58,1443,-0.07681699862735425,-0.21214367792943237,0.13532667930207812
V. natriegens,6,59,1443,-0.011628312242413431,-0.1646080788134101,0.15297976657099668
V. natriegens,6,60,1443,0.036990402325065626,-0.18430132108588398,0.2212917234109496
V. natriegens,6,61,1443,0.03722922466482412,-0.17744076573174358,0.2146699903965677
V. natriegens,6,62,1443,-0.006482395945150285,-0.19435250815673358,0.18787011221158328
V. natriegens,6,63,1443,-0.032526670025914715,-0.19702197712276148,0.16449530709684676
V. natriegens,6,64,1443,0.07299562454265834,-0.20183494658557447,0.27483057112823284
V. natriegens,6,65,1443,-0.01462200943611536,-0.16308959710234766,0.1484675876662323
V. natriegens,6,66,1443,-0.00309366103086509,-0.20006895685728796,0.19697529582642287
V. natriegens,6,67,1443,0.10480544696262029,-0.23302115975335327,0.33782660671597353
V. natriegens,6,68,1443,-0.021229674381278908,-0.18574617724410258,0.16451650286282368
V. natriegens,6,69,1443,0.031188755283599465,-0.17159895988037682,0.20278771516397628
V. natriegens,6,70,1443,0.10967269529111198,-0.2190062771716416,0.32867897246275357
V. natriegens,6,71,1443,-0.02097663025823175,-0.1791036948126976,0.15812706455446585
V. natriegens,6,72,1443,-0.008586392039464884,-0.1993213003778831,0.19073490833841822
V. natriegens,6,73,1443,-0.003154143344093713,-0.1642520175069964,0.16109787416290267
V. natriegens,6,74,1443,0.03722922466482412,-0.17744076573174358,0.2146699903965677
V. natriegens,6,75,1443,0.07854197885988347,-0.2123452541400043,0.2908872329998878
V. natriegens,6,76,1443,0.12371944006489838,-0.23807930758907903,0.3617987476539774
V. natriegens,6,77,1443,0.0878705607438191,-0.2108849526098411,0.29875551335366024
V. natriegens,6,78,1443,0.06707649444539827,-0.1974715613540634,0.26454805579946167
V. natriegens,6,79,1443,-0.10845465526488562,-0.23760716676592103,0.1291525115010354
V. natriegens,6,80,1443,0.031188755283599465,-0.17159895988037682,0.20278771516397628
V. natriegens,6,81,1443,0.07625981962330965,-0.2017015595104009,0.27796137913371055
V. natriegens,6,82,1443,0.03269222016135787,-0.17120989368491846,0.20390211384627632
V. natriegens,6,83,1443,0.03617544929791145,-0.18851442095911844,0.22468987025702988
V. natriegens,6,84,1443,0.12256849141507972,-0.25105278919300705,0.37362128060808675
V. natriegens,6,85,1443,-0.127951774300296,-0.2644007258535138,0.13644895155321782
V. natriegens,6,86,1443,0.04547168648460328,-0.17141423249811646,0.21688591898271975
V. natriegens,6,87,1443,0.07299562454265834,-0.20183494658557447,0.27483057112823284
V. natriegens,6,88,1443,-0.043301069346508535,-0.20490807977408174,0.1616070104275732
V. natriegens,6,89,1443,0.061492718128370434,-0.1998974638709646,0.26139018199933506
V. natriegens,6,90,1443,-0.04771452493975817,-0.21424617708536076,0.1665316521456026
V. natriegens,6,91,1443,0.044661783555007516,-0.1901549837029843,0.23481676725799183
V. natriegens,6,92,1443,0.09544562954715839,-0.23620511044098094,0.3316507399881393
V. natriegens,6,93,1443,0.02360400900668741,-0.17930971144937224,0.20291372045605965
V. natriegens,6,94,1443,0.006538971388618792,-0.17337352979056395,0.17991250117918273
V. natriegens,6,95,1443,-0.11787636742534927,-0.25641716057405717,0.1385407931487079
V. natriegens,6,96,1443,-0.127951774300296,-0.2644007258535138,0.13644895155321782
V. natriegens,6,97,1443,-0.044425457302006255,-0.1860974087699011,0.14167195146789485
V. natriegens,6,98,1443,0.036287976716915575,-0.16845736487554555,0.20474534159246113
V. natriegens,6,99,1443,-0.03745771800266384,-0.19327870018685284,0.155820982184189
V. natriegens,6,100,1443,-0.04817131500455014,-0.19166189192709054,0.1434905769225404
V. natriegens,7,1,1443,0.009006433773282302,-0.1800569469968329,0.1890633807701152
V. natriegens,7,2,1443,0.09075654375168637,-0.2156624256257506,0.30641896937743696
V. natriegens,7,3,1443,0.05439408892250531,-0.17578529396632836,0.23017938288883366
V. natriegens,7,4,1443,-0.019919408441584845,-0.1831367400186258,0.16321733157704094
V. natriegens,7,5,1443,0.10124912342207237,-0.20950990855390522,0.3107590319759776
V. natriegens,7,6,1443,-0.05673815841047829,-0.20589557016109175,0.14915741175061348
V. natriegens,7,7,1443,-0.033738491203932415,-0.19763439760290827,0.16389590639897586
V. natriegens,7,8,1443,0.09075654375168637,-0.2156624256257506,0.30641896937743696
V. natriegens,7,9,1443,-0.006917757112056868,-0.1698921770486802,0.16297441993662334
V. natriegens,7,10,1443,0.08380913098277636,-0.20280642270628432,0.28661555368906066
V. natriegens,7,11,1443,0.047372163627651204,-0.18793734002390577,0.23530950365155698
V. natriegens,7,12,1443,-0.042245853515381376,-0.21006145168789556,0.16781559817251418
V. natriegens,7,13,1443,-0.05129219710079234,-0.2030878141743178,0.15179561707352546
V. natriegens,7,14,1443,0.04691788239879635,-0.1939270313768833,0.24084491377567965
V. natriegens,7,15,1443,0.012290881410339714,-0.1744973823679812,0.18678826377832092
V. natriegens,7,16,1443,0.1126103458219013,-0.24377290104350222,0.3563832468654035
V. natriegens,7,17,1443,-0.0032854167640271447,-0.19383552888343916,0.19055011211941203
V. natriegens,7,18,1443,0.009022006978227864,-0.1553474133765863,0.16436942035481417
V. natriegens,7,19,1443,-0.00985418649319105,-0.16373158982422525,0.1538774033310342
V. natriegens,7,20,1443,-0.015597333468638036,-0.17979063105766183,0.1641932975890238
V. natriegens,7,21,1443,-0.03301916821123407,-0.18872386824799678,0.1557047000367627
V. natriegens,7,22,1443,-0.022258365480631905,-0.16514912011061625,0.14289075462998435
V. natriegens,7,23,1443,-0.010052410160696239,-0.17037900706786413,0.16032659690716788
V. natriegens,7,24,1443,0.018911640049433544,-0.1753868054908198,0.19429844554025336
V. natriegens,7,25,1443,0.048180551322986036,-0.18295596022285873,0.23113651154584477
V. natriegens,7,26,1443,0.012032299687831642,-0.15844837528817418,0.17048067497600583
V. natriegens,7,27,1443,-0.10378746621790379,-0.2403930704323751,0.13660560421447132
V. natriegens,7,28,1443,0.04089850717610465,-0.16340177900588948,0.20430028618199414
V. natriegens,7,29,1443,0.01683406581322006,-0.16769030855785674,0.1845243743710768
V. natriegens,7,30,1443,0.048180551322986036,-0.18295596022285873,0.23113651154584477
V. natriegens,7,31,1443,0.030314327081693848,-0.17278602434346305,0.2031003514251569
V. natriegens,7,32,1443,0.0167683966883402,-0.1657715879234197,0.1825399846117599
V. natriegens,7,33,1443,0.03337342303866532,-0.17892931968371173,0.21230274272237704
V. natriegens,7,34,1443,0.04963517890370561,-0.1880852373379346,0.23772041624164023
V. natriegens,7,35,1443,-0.02488032728030439,-0.17525794478523565,0.15037761750493125
V. natriegens,7,36,1443,-0.01499189250398054,-0.17787694760717998,0.16288505510319945
V. natriegens,7,37,1443,0.05333054168043759,-0.19482759244604328,0.24815813412648086
V. natriegens,7,38,1443,-0.06999365288865854,-0.21397662170500847,0.14398296881634992
V. natriegens,7,39,1443,-0.05673815841047829,-0.20589557016109175,0.14915741175061348
V. natriegens,7,40,1443,0.0639259224195195,-0.20760064435082273,0.27152656677034226
V. natriegens,7,41,1443,0.08873902279645583,-0.22685008775232945,0.3155891105487853
V. natriegens,7,42,1443,-0.0029412617141745157,-0.1740717702103057,0.17113050849613118
V. natriegens,7,43,1443,0.018839166551867143,-0.1745402308494631,0.19337939740133026
V. natriegens,7,44,1443,0.02344758984052366,-0.18486369337345523,0.2083112832139789
V. natriegens,7,45,1443,0.06859191352103329,-0.20315063919818427,0.27174255271921754
V. natriegens,7,46,1443,0.038143263813967265,-0.19051704675862882,0.2286603105725961
V. natriegens,7,47,1443,-0.021640806691229652,-0.18023279157424696,0.15859198488301732
V. natriegens,7,48,1443,-0.023942078981096404,-0.19292958615271033,0.16898750717161393
V. natriegens,7,49,1443,-0.05420073945348095,-0.18881205262995512,0.13461131317647418
V. natriegens,7,50,1443,0.08873902279645583,-0.22685008775232945,0.3155891105487853
V. natriegens,7,51,1443,-0.021562651315781042,-0.18701355601229788,0.16545090469651685
V. natriegens,7,52,1443,-0.03796129502319219,-0.20598610602090706,0.16802481099771488
V. natriegens,7,53,1443,0.07343379633980274,-0.20858335522796964,0.2820171515677724
V. natriegens,7,54,1443,-0.05673815841047829,-0.20589557016109175,0.14915741175061348
V. natriegens,7,55,1443,0.013757280658862602,-0.17245564176779654,0.18621292242665916
V. natriegens,7,56,1443,-0.03796129502319219,-0.20598610602090706,0.16802481099771488
V. natriegens,7,57,1443,0.04678881456171903,-0.17229999767723056,0.2190888122389496
V. natriegens,7,58,1443,0.06153663090044215,-0.21162851535132907,0.27316514625177124
V. natriegens,7,59,1443,0.009022006978227864,-0.1553474133765863,0.16436942035481417
V. natriegens,7,60,1443,-0.0072228593377854046,-0.17922565079591346,0.17200279145812805
V. natriegens,7,61,1443,0.07294099355245114,-0.20228962026474864,0.27523061381719977
V. natriegens,7,62,1443,0.09566417775651237,-0.2262349922081297,0.3218991699646421
V. natriegens,7,63,1443,0.1334782979662846,-0.25464523499850705,0.38812353296479163
V. natriegens,7,64,1443,-0.08426135887639907,-0.22681014532653454,0.14254878645013547
V. natriegens,7,65,1443,-0.0072228593377854046,-0.17922565079591346,0.17200279145812805
V. natriegens,7,66,1443,0.042970220291575524,-0.17475445666700223,0.21772467695857775
V. natriegens,7,67,1443,0.05498163719645886,-0.1999473713462649,0.25492900854272377
V. natriegens,7,68,1443,0.1126103458219013,-0.24377290104350222,0.3563832468654035
V. natriegens,7,69,1443,-0.04843476490081288,-0.19497944136266174,0.14654467646184885
V. natriegens,7,70,1443,-0.11111830206473713,-0.25216050130666195,0.14104219924192482
V. natriegens,7,71,1443,-0.013821130453145524,-0.19194709216677014,0.1781259617136246
V. natriegens,7,72,1443,-0.03577766817813132,-0.19487427495231463,0.1590966067741833
V. natriegens,7,73,1443,-0.023915512589816754,-0.18333585265988178,0.15942034007006503
V. natriegens,7,74,1443,0.019420447511457526,-0.16559281606255075,0.18501326357400827
V. natriegens,7,75,1443,0.009577343219659262,-0.16373445616317395,0.1733117993828332
V. natriegens,7,76,1443,-0.029256551561435366,-0.17378927852040035,0.144532726958965
V. natriegens,7,77,1443,0.015359406055265713,-0.17626385010157694,0.19162325615684264
V. natriegens,7,78,1443,0.012290881410339714,-0.1744973823679812,0.18678826377832092
V. natriegens,7,79,1443,0.013757280658862602,-0.17245564176779654,0.18621292242665916
V. natriegens,7,80,1443,0.08638524854063921,-0.21863184080197356,0.3050170893426128
V. natriegens,7,81,1443,-0.0482858573597342,-0.1978031030511364,0.1495172456914022
V. natriegens,7,82,1443,0.10838007069612655,-0.22764310177083427,0.33602317246696084
V. natriegens,7,83,1443,-0.10159981079109812,-0.24370376135561062,0.1421039505645125
V. natriegens,7,84,1443,-0.03336335561536808,-0.19208267552457933,0.15871931990921126
V. natriegens,7,85,1443,0.062157308133467544,-0.20242267297334215,0.2645799811068097
V. natriegens,7,86,1443,-0.04221981534242842,-0.21090719347300949,0.16868737813058107
V. natriegens,7,87,1443,0.03788153606482581,-0.18597894164864667,0.22386047771347248
V. natriegens,7,88,1443,-0.039231856674867435,-0.1769908049645042,0.13775894828963675
V. natriegens,7,89,1443,0.08287826243102794,-0.20402625166690463,0.2869045140979326
V. natriegens,7,90,1443,-0.026171931666252025,-0.18737994981415695,0.16120801814790492
V. natriegens,7,91,1443,0.029154283002914023,-0.17472897736244794,0.20388326036536197
V. natriegens,7,92,1443,-0.03301916821123407,-0.18872386824799678,0.1557047000367627
V. natriegens,7,93,1443,-0.023058480405927253,-0.18853011468587078,0.16547163427994352
V. natriegens,7,94,1443,0.06810603288636732,-0.20684280432584415,0.27494883721221147
V. natriegens,7,95,1443,0.015359406055265713,-0.17626385010157694,0.19162325615684264
V. natriegens,7,96,1443,0.05498163719645886,-0.1999473713462649,0.25492900854272377
V. natriegens,7,97,1443,-0.02013903325208027,-0.18048476955340256,0.1603457363013223
V. natriegens,7,98,1443,-0.025529482930442386,-0.1950834312976193,0.1695539483671769
V. natriegens,7,99,1443,-0.018625449513622508,-0.1889246221823949,0.17029917266877237
V. natriegens,7,100,1443,-0.0129254832766181,-0.1743552682128964,0.1614297849362783
V. natriegens,8,1,1443,-0.018069945117536037,-0.1775657883059793,0.15949584318844326
V. natriegens,8,2,1443,-0.08546451401935345,-0.2208952749405243,0.13543076092117085
V. natriegens,8,3,1443,0.0873418222670579,-0.21714377961269685,0.30448560187975476
V. natriegens,8,4,1443,0.039939033194600446,-0.19279634971197723,0.2327353829065777
V. natriegens,8,5,1443,0.017923081079746137,-0.1679095607676025,0.18583264184734863
V. natriegens,8,6,1443,0.018589520634040447,-0.17428348717369446,0.19287300780773492
V. natriegens,8,7,1443,0.04237226384124123,-0.19270269679450455,0.2350749606357458
V. natriegens,8,8,1443,0.01103142856157617,-0.16004959402436772,0.17108102258594388
V. natriegens,8,9,1443,0.02818105617368307,-0.18925412287518092,0.217435179048864
V. natriegens,8,10,1443,-0.06180004697198051,-0.20734537729076336,0.14554533031878286
V. natriegens,8,11,1443,0.014956205089156528,-0.17557416059787243,0.19053036568702894
V. natriegens,8,12,1443,-0.008829880456873851,-0.1812016566926755,0.17237177623580163
V. natriegens,8,13,1443,0.030732608915031358,-0.17372768737211725,0.2044602962871486
V. natriegens,8,14,1443,-0.02075741008475439,-0.17416926501970442,0.15341185493495002
V. natriegens,8,15,1443,-5.70101746959646e-4,-0.164426911887054,0.16385681014009434
V. natriegens,8,16,1443,0.013565275929171814,-0.1642714399210922,0.177836715850264
V. natriegens,8,17,1443,-0.06456076841641607,-0.20302870003946377,0.1384679316230477
V. natriegens,8,18,1443,-0.0549375018174843,-0.20401603731703163,0.14907853549954733
V. natriegens,8,19,1443,0.01103142856157617,-0.16004959402436772,0.17108102258594388
V. natriegens,8,20,1443,0.04226874965466329,-0.18602221012612552,0.2282909597807888
V. natriegens,8,21,1443,0.02717350275288126,-0.17771092836112934,0.2048844311140106
V. natriegens,8,22,1443,-0.02376320684839358,-0.17610333424143057,0.15234012739303698
V. natriegens,8,23,1443,-0.04341530678675351,-0.18316617026330134,0.13975086347654783
V. natriegens,8,24,1443,-0.04341530678675351,-0.18316617026330134,0.13975086347654783
V. natriegens,8,25,1443,-0.02349861786678814,-0.18433560270299015,0.160836984836202
V. natriegens,8,26,1443,-0.0255500172325443,-0.19454817438375602,0.16899815715121172
V. natriegens,8,27,1443,0.0873418222670579,-0.21714377961269685,0.30448560187975476
V. natriegens,8,28,1443,-0.005636334985428482,-0.18909029103436306,0.18345395604893458
V. natriegens,8,29,1443,-0.03704592809964859,-0.1808838315838244,0.1438379034841758
V. natriegens,8,30,1443,0.014248403894173483,-0.16997588056501847,0.18422428445919195
V. natriegens,8,31,1443,-0.010420894413771788,-0.17527990740133897,0.1648590129875672
V. natriegens,8,32,1443,0.008162804692196358,-0.17970325490042777,0.18786605959262412
V. natriegens,8,33,1443,0.020605254563928053,-0.17967057465043237,0.20027582921436043
V. natriegens,8,34,1443,-0.030654830456877228,-0.18219877486434324,0.15154394440746602
V. natriegens,8,35,1443,0.019999593818102297,-0.18569210806011854,0.20569170187822083
V. natriegens,8,36,1443,-0.027280789057123184,-0.18926842093503246,0.16198763187790927
V. natriegens,8,37,1443,0.02818105617368307,-0.18925412287518092,0.217435179048864
V. natriegens,8,38,1443,0.038366953269662114,-0.18726510299294216,0.22563205626260427
V. natriegens,8,39,1443,0.0708014326734884,-0.20599419462749366,0.27679562730098206
V. natriegens,8,40,1443,0.04380978014516748,-0.1831578803974807,0.2269676605426482
V. natriegens,8,41,1443,-0.04852694566553807,-0.2028640222113421,0.15433707654580403
V. natriegens,8,42,1443,-0.015227607156524417,-0.1763648546522959,0.1611372474957715
V. natriegens,8,43,1443,-0.047099535416156024,-0.19946002298628066,0.15236048757012463
V. natriegens,8,44,1443,-0.010353969041387379,-0.17384022375918187,0.1634862547177945
V. natriegens,8,45,1443,0.045719469138222286,-0.1685559106418535,0.21427537978007577
V. natriegens,8,46,1443,-0.04852694566553807,-0.2028640222113421,0.15433707654580403
V. natriegens,8,47,1443,-0.02581643147113754,-0.18155390690408824,0.1557374754329507
V. natriegens,8,48,1443,0.0082825489200589,-0.17613788142860604,0.18442043034866493
V. natriegens,8,49,1443,-0.018066672196960384,-0.16644680990913066,0.1483801377121703
V. natriegens,8,50,1443,0.00906502077778088,-0.17358722774108123,0.1826522485188621
V. natriegens,8,51,1443,0.019999593818102297,-0.18569210806011854,0.20569170187822083
V. natriegens,8,52,1443,-0.007559639147332166,-0.18430101659424844,0.1767413774469163
V. natriegens,8,53,1443,-0.01759905331817737,-0.18686952604658558,0.1692704727284082
V. natriegens,8,54,1443,0.11720334688036775,-0.2430407382314569,0.36024408511182465
V. natriegens,8,55,1443,-0.02581643147113754,-0.18155390690408824,0.1557374754329507
V. natriegens,8,56,1443,0.04380978014516748,-0.1831578803974807,0.2269676605426482
V. natriegens,8,57,1443,-0.02349861786678814,-0.18433560270299015,0.160836984836202
V. natriegens,8,58,1443,-0.027280789057123184,-0.18926842093503246,0.16198763187790927
V. natriegens,8,59,1443,-0.0388250694196141,-0.2077337433278647,0.1689086739082506
V. natriegens,8,60,1443,-0.02376320684839358,-0.17610333424143057,0.15234012739303698
V. natriegens,8,61,1443,-0.05355472471662867,-0.20769637018159856,0.1541416454649699
V. natriegens,8,62,1443,-0.035293438959856115,-0.1999060765782822,0.16461263761842607
V. natriegens,8,63,1443,-0.026753522898791144,-0.17916828202046675,0.1524147591216756
V. natriegens,8,64,1443,0.11720334688036775,-0.2430407382314569,0.36024408511182465
V. natriegens,8,65,1443,-0.019551358155372994,-0.16889987299860656,0.14934851484323358
V. natriegens,8,66,1443,-0.04000232709336129,-0.186469488574393,0.1464671614810317
V. natriegens,8,67,1443,0.019999593818102297,-0.18569210806011854,0.20569170187822083
V. natriegens,8,68,1443,-0.02075741008475439,-0.17416926501970442,0.15341185493495002
V. natriegens,8,69,1443,0.008661920030694716,-0.1705288886056651,0.1791908086363598
V. natriegens,8,70,1443,0.017711979237535872,-0.17036195121719158,0.18807393045472745
V. natriegens,8,71,1443,0.008860281718598427,-0.17605394372676778,0.1849142254453662
V. natriegens,8,72,1443,0.048029790639733574,-0.176918728658454,0.2249485192981876
V. natriegens,8,73,1443,0.059249147163874805,-0.19179487824161914,0.251044025405494
V. natriegens,8,74,1443,0.04237226384124123,-0.19270269679450455,0.2350749606357458
V. natriegens,8,75,1443,-0.030654830456877228,-0.18219877486434324,0.15154394440746602
V. natriegens,8,76,1443,0.06596941309722852,-0.20208936258536303,0.26805877568259157
V. natriegens,8,77,1443,-0.06642378191806805,-0.2179373710710685,0.15151358915300045
V. natriegens,8,78,1443,-0.04852694566553807,-0.2028640222113421,0.15433707654580403
V. natriegens,8,79,1443,-0.03926831496995601,-0.19034199867165946,0.15107368370170346
V. natriegens,8,80,1443,-0.02349861786678814,-0.18433560270299015,0.160836984836202
V. natriegens,8,81,1443,-0.005822720430115165,-0.17684355204028743,0.17102083161017226
V. natriegens,8,82,1443,0.04763449083858943,-0.1949777300059341,0.24261222084452352
V. natriegens,8,83,1443,0.018589520634040447,-0.17428348717369446,0.19287300780773492
V. natriegens,8,84,1443,-0.022033383389629017,-0.179045811541776,0.157012428152147
V. natriegens,8,85,1443,-0.04000232709336129,-0.186469488574393,0.1464671614810317
V. natriegens,8,86,1443,-0.02581643147113754,-0.18155390690408824,0.1557374754329507
V. natriegens,8,87,1443,-0.010353969041387379,-0.17384022375918187,0.1634862547177945
V. natriegens,8,88,1443,-0.047099535416156024,-0.19946002298628066,0.15236048757012463
V. natriegens,8,89,1443,-0.029164950679016564,-0.17869696870447233,0.14953201802545577
V. natriegens,8,90,1443,-0.018069945117536037,-0.1775657883059793,0.15949584318844326
V. natriegens,8,91,1443,-0.0549375018174843,-0.20401603731703163,0.14907853549954733
V. natriegens,8,92,1443,-0.06180004697198051,-0.20734537729076336,0.14554533031878286
V. natriegens,8,93,1443,0.011107548654854166,-0.17702409696578064,0.1881316456206348
V. natriegens,8,94,1443,0.06603379968621777,-0.2001896853705488,0.2662234850567666
V. natriegens,8,95,1443,-0.022033383389629017,-0.179045811541776,0.157012428152147
V. natriegens,8,96,1443,0.02581479896244257,-0.18286881947985278,0.20868361844229535
V. natriegens,8,97,1443,-0.0375554463963799,-0.18930066244278274,0.15174521604640284
V. natriegens,8,98,1443,0.10606329167368639,-0.22353527789337865,0.329598569567065
V. natriegens,8,99,1443,0.027516943600940157,-0.17828797069936664,0.20580491430030678
V. natriegens,8,100,1443,0.04763449083858943,-0.1949777300059341,0.24261222084452352
V. natriegens,9,1,1443,0.09613877694730597,-0.2171488254604061,0.31328760240771203
V. natriegens,9,2,1443,-0.040055893817055974,-0.18542662126757686,0.14537072745052088
V. natriegens,9,3,1443,-0.029569968203396836,-0.19209924154111338,0.16252927333771655
V. natriegens,9,4,1443,-0.03514509721235813,-0.1859298730963527,0.15078477588399458
V. natriegens,9,5,1443,-0.0020220509879506124,-0.17434490703892036,0.17232285605096975
V. natriegens,9,6,1443,-0.03832501583083089,-0.19156783298851923,0.15324281715768834
V. natriegens,9,7,1443,0.04444935579656362,-0.1777295015211501,0.22217885731771372
V. natriegens,9,8,1443,0.024255836525991004,-0.17538058909081186,0.19963642561680287
V. natriegens,9,9,1443,0.05560734284967845,-0.1847260005423712,0.24033334339204965
V. natriegens,9,10,1443,0.0792822298265843,-0.21406761759116694,0.2933498474177512
V. natriegens,9,11,1443,-0.017810718341846804,-0.1875216710247103,0.1697109526828635
V. natriegens,9,12,1443,-0.0326486229992505,-0.19855134643122843,0.16590272343197793
V. natriegens,9,13,1443,-0.04274477630766066,-0.19555381023251195,0.1528090339248513
V. natriegens,9,14,1443,0.05560734284967845,-0.1847260005423712,0.24033334339204965
V. natriegens,9,15,1443,-0.0020220509879506124,-0.17434490703892036,0.17232285605096975
V. natriegens,9,16,1443,-0.016623297736703496,-0.17472504102568315,0.15810174328897966
V. natriegens,9,17,1443,-0.05071634671532202,-0.20250960563394327,0.15179325891862125
V. natriegens,9,18,1443,-0.016623297736703496,-0.17472504102568315,0.15810174328897966
V. natriegens,9,19,1443,0.011777342856382045,-0.1766761464286036,0.18845348928498565
V. natriegens,9,20,1443,0.024255836525991004,-0.17538058909081186,0.19963642561680287
V. natriegens,9,21,1443,0.04514429223944846,-0.1727446178819541,0.21788891012140257
V. natriegens,9,22,1443,0.01493853544014142,-0.17591910243592876,0.19085763787607019
V. natriegens,9,23,1443,0.008872598344978201,-0.16490900907388234,0.17378160741886053
V. natriegens,9,24,1443,0.0792822298265843,-0.21406761759116694,0.2933498474177512
V. natriegens,9,25,1443,0.005233576869866394,-0.1695678633158896,0.174801440185756
V. natriegens,9,26,1443,0.02085386495509668,-0.17050741522810478,0.19136128018320145
V. natriegens,9,27,1443,-0.03514509721235813,-0.1859298730963527,0.15078477588399458
V. natriegens,9,28,1443,0.0375379788007523,-0.18410451033623568,0.22164248913698797
V. natriegens,9,29,1443,0.03832331809332757,-0.19394013422186288,0.23226345231519044
V. natriegens,9,30,1443,0.0062119313414762,-0.17548232308713257,0.1816942544286088
V. natriegens,9,31,1443,0.008063249923829235,-0.17811580999083035,0.18617905991465958
V. natriegens,9,32,1443,0.008063249923829235,-0.17811580999083035,0.18617905991465958
V. natriegens,9,33,1443,0.005233576869866394,-0.1695678633158896,0.174801440185756
V. natriegens,9,34,1443,-0.022417443940721194,-0.17146830125717402,0.14905085731645282
V. natriegens,9,35,1443,-0.03832501583083089,-0.19156783298851923,0.15324281715768834
V. natriegens,9,36,1443,0.00576913030700563,-0.17251641911156607,0.1782855494185717
V. natriegens,9,37,1443,0.06033938328538933,-0.19283414476099028,0.2531735280463796
V. natriegens,9,38,1443,0.005233576869866394,-0.1695678633158896,0.174801440185756
V. natriegens,9,39,1443,-0.022417443940721194,-0.17146830125717402,0.14905085731645282
V. natriegens,9,40,1443,-0.040055893817055974,-0.18542662126757686,0.14537072745052088
V. natriegens,9,41,1443,0.024255836525991004,-0.17538058909081186,0.19963642561680287
V. natriegens,9,42,1443,0.02414189309442644,-0.17844136514041165,0.20258325823483808
V. natriegens,9,43,1443,-0.007837981624613003,-0.17061290391517095,0.16277492229055796
V. natriegens,9,44,1443,-0.020752276274724753,-0.18087981485973215,0.1601275385850074
V. natriegens,9,45,1443,0.058316927451385496,-0.19359733195953935,0.2519142594109248
V. natriegens,9,46,1443,0.06033938328538933,-0.19283414476099028,0.2531735280463796
V. natriegens,9,47,1443,0.0062119313414762,-0.17548232308713257,0.1816942544286088
V. natriegens,9,48,1443,-0.007837981624613003,-0.17061290391517095,0.16277492229055796
V. natriegens,9,49,1443,-0.0326486229992505,-0.19855134643122843,0.16590272343197793
V. natriegens,9,50,1443,0.0074627056746233355,-0.18152253907107904,0.18898524474570239
V. natriegens,9,51,1443,0.0011857875491765488,-0.17448020584806423,0.1756659933972408
V. natriegens,9,52,1443,0.04514429223944846,-0.1727446178819541,0.21788891012140257
V. natriegens,9,53,1443,0.004509632795602619,-0.162364885949924,0.1668745187455266
V. natriegens,9,54,1443,-0.016623297736703496,-0.17472504102568315,0.15810174328897966
V. natriegens,9,55,1443,0.04514429223944846,-0.1727446178819541,0.21788891012140257
V. natriegens,9,56,1443,-0.03514509721235813,-0.1859298730963527,0.15078477588399458
V. natriegens,9,57,1443,0.004509632795602619,-0.162364885949924,0.1668745187455266
V. natriegens,9,58,1443,-0.031279205522833635,-0.18491208906722784,0.1536328835443942
V. natriegens,9,59,1443,0.024255836525991004,-0.17538058909081186,0.19963642561680287
V. natriegens,9,60,1443,0.06033938328538933,-0.19283414476099028,0.2531735280463796
V. natriegens,9,61,1443,0.04444935579656362,-0.1777295015211501,0.22217885731771372
V. natriegens,9,62,1443,0.005233576869866394,-0.1695678633158896,0.174801440185756
V. natriegens,9,63,1443,-0.016623297736703496,-0.17472504102568315,0.15810174328897966
V. natriegens,9,64,1443,-0.031313454464795755,-0.1793361895861674,0.14802273512137165
V. natriegens,9,65,1443,-0.017810718341846804,-0.1875216710247103,0.1697109526828635
V. natriegens,9,66,1443,-0.031279205522833635,-0.18491208906722784,0.1536328835443942
V. natriegens,9,67,1443,-0.0233657317544293,-0.17755100384395595,0.15418527208952665
V. natriegens,9,68,1443,-0.022417443940721194,-0.17146830125717402,0.14905085731645282
V. natriegens,9,69,1443,-0.016623297736703496,-0.17472504102568315,0.15810174328897966
V. natriegens,9,70,1443,-0.016623297736703496,-0.17472504102568315,0.15810174328897966
V. natriegens,9,71,1443,0.011777342856382045,-0.1766761464286036,0.18845348928498565
V. natriegens,9,72,1443,-0.002232568262287742,-0.1696645335286112,0.16743196526632345
V. natriegens,9,73,1443,-0.03832501583083089,-0.19156783298851923,0.15324281715768834
V. natriegens,9,74,1443,0.05560734284967845,-0.1847260005423712,0.24033334339204965
V. natriegens,9,75,1443,-0.0020220509879506124,-0.17434490703892036,0.17232285605096975
V. natriegens,9,76,1443,0.01493853544014142,-0.17591910243592876,0.19085763787607019
V. natriegens,9,77,1443,0.023674135219163433,-0.1849017475225136,0.20857588274167702
V. natriegens,9,78,1443,0.0011857875491765488,-0.17448020584806423,0.1756659933972408
V. natriegens,9,79,1443,0.0792822298265843,-0.21406761759116694,0.2933498474177512
V. natriegens,9,80,1443,0.026843312847643765,-0.1816938630533025,0.20853717590094628
V. natriegens,9,81,1443,0.035798263370652644,-0.1916651383697814,0.22746340174043406
V. natriegens,9,82,1443,0.02085386495509668,-0.17050741522810478,0.19136128018320145
V. natriegens,9,83,1443,0.00576913030700563,-0.17251641911156607,0.1782855494185717
V. natriegens,9,84,1443,0.05560734284967845,-0.1847260005423712,0.24033334339204965
V. natriegens,9,85,1443,0.03832331809332757,-0.19394013422186288,0.23226345231519044
V. natriegens,9,86,1443,-0.05071634671532202,-0.20250960563394327,0.15179325891862125
V. natriegens,9,87,1443,-0.03832501583083089,-0.19156783298851923,0.15324281715768834
V. natriegens,9,88,1443,-0.0233657317544293,-0.17755100384395595,0.15418527208952665
V. natriegens,9,89,1443,0.008872598344978201,-0.16490900907388234,0.17378160741886053
V. natriegens,9,90,1443,0.06033938328538933,-0.19283414476099028,0.2531735280463796
V. natriegens,9,91,1443,0.023674135219163433,-0.1849017475225136,0.20857588274167702
V. natriegens,9,92,1443,-0.031313454464795755,-0.1793361895861674,0.14802273512137165
V. natriegens,9,93,1443,-0.00805431400060908,-0.1755823926832212,0.16752807868261213
V. natriegens,9,94,1443,0.054688806191523116,-0.1917693355223523,0.24645814171387542
V. natriegens,9,95,1443,-0.040055893817055974,-0.18542662126757686,0.14537072745052088
V. natriegens,9,96,1443,0.04514429223944846,-0.1727446178819541,0.21788891012140257
V. natriegens,9,97,1443,0.09613877694730597,-0.2171488254604061,0.31328760240771203
V. natriegens,9,98,1443,-0.05349159363629264,-0.1960278793279424,0.14253628569164978
V. natriegens,9,99,1443,0.00576913030700563,-0.17251641911156607,0.1782855494185717
V. natriegens,9,100,1443,-0.040055893817055974,-0.18542662126757686,0.14537072745052088
V. natriegens,10,1,1443,0.023616268499243292,-0.18141657921673177,0.20503284771597505
V. natriegens,10,2,1443,0.011922152373594347,-0.17661340798609876,0.1885355603596931
V. natriegens,10,3,1443,0.011527773675318603,-0.17908090054861728,0.19060867422393588
V. natriegens,10,4,1443,0.011527773675318603,-0.17908090054861728,0.19060867422393588
V. natriegens,10,5,1443,-0.0051957766322021735,-0.1723806241352074,0.16718484750300525
V. natriegens,10,6,1443,0.011922152373594347,-0.17661340798609876,0.1885355603596931
V. natriegens,10,7,1443,-0.03424088074111246,-0.183323056162479,0.14908217542136654
V. natriegens,10,8,1443,-0.0051957766322021735,-0.1723806241352074,0.16718484750300525
V. natriegens,10,9,1443,0.011527773675318603,-0.17908090054861728,0.19060867422393588
V. natriegens,10,10,1443,-0.0051957766322021735,-0.1723806241352074,0.16718484750300525
V. natriegens,10,11,1443,0.011922152373594347,-0.17661340798609876,0.1885355603596931
V. natriegens,10,12,1443,0.005555360169678662,-0.17233499118608206,0.17789035135576073
V. natriegens,10,13,1443,0.011922152373594347,-0.17661340798609876,0.1885355603596931
V. natriegens,10,14,1443,0.016676214149195758,-0.17040412264692661,0.18708033679612238
V. natriegens,10,15,1443,0.011922152373594347,-0.17661340798609876,0.1885355603596931
V. natriegens,10,16,1443,0.011922152373594347,-0.17661340798609876,0.1885355603596931
V. natriegens,10,17,1443,0.011922152373594347,-0.17661340798609876,0.1885355603596931
V. natriegens,10,18,1443,0.052326965123687084,-0.1855581617317313,0.2378851268554184
V. natriegens,10,19,1443,-0.0016682624255636388,-0.17636050109965135,0.1746922386740877
V. natriegens,10,20,1443,0.005555360169678662,-0.17233499118608206,0.17789035135576073
V. natriegens,10,21,1443,0.011922152373594347,-0.17661340798609876,0.1885355603596931
V. natriegens,10,22,1443,0.016676214149195758,-0.17040412264692661,0.18708033679612238
V. natriegens,10,23,1443,0.023616268499243292,-0.18141657921673177,0.20503284771597505
V. natriegens,10,24,1443,0.052326965123687084,-0.1855581617317313,0.2378851268554184
V. natriegens,10,25,1443,0.011527773675318603,-0.17908090054861728,0.19060867422393588
V. natriegens,10,26,1443,0.011527773675318603,-0.17908090054861728,0.19060867422393588
V. natriegens,10,27,1443,0.0020414413166454557,-0.17148999513164903,0.1735314364482945
V. natriegens,10,28,1443,-0.041103422744319884,-0.19581223799493705,0.15470881525061717
V. natriegens,10,29,1443,0.0020414413166454557,-0.17148999513164903,0.1735314364482945
V. natriegens,10,30,1443,-0.041103422744319884,-0.19581223799493705,0.15470881525061717
V. natriegens,10,31,1443,0.011922152373594347,-0.17661340798609876,0.1885355603596931
V. natriegens,10,32,1443,0.011527773675318603,-0.17908090054861728,0.19060867422393588
V. natriegens,10,33,1443,-0.0016682624255636388,-0.17636050109965135,0.1746922386740877
V. natriegens,10,34,1443,-0.03424088074111246,-0.183323056162479,0.14908217542136654
V. natriegens,10,35,1443,-0.0016682624255636388,-0.17636050109965135,0.1746922386740877
V. natriegens,10,36,1443,0.023616268499243292,-0.18141657921673177,0.20503284771597505
V. natriegens,10,37,1443,-0.041103422744319884,-0.19581223799493705,0.15470881525061717
V. natriegens,10,38,1443,0.0020414413166454557,-0.17148999513164903,0.1735314364482945
V. natriegens,10,39,1443,0.005555360169678662,-0.17233499118608206,0.17789035135576073
V. natriegens,10,40,1443,0.0020414413166454557,-0.17148999513164903,0.1735314364482945
V. natriegens,10,41,1443,-0.041103422744319884,-0.19581223799493705,0.15470881525061717
V. natriegens,10,42,1443,0.005555360169678662,-0.17233499118608206,0.17789035135576073
V. natriegens,10,43,1443,0.011922152373594347,-0.17661340798609876,0.1885355603596931
V. natriegens,10,44,1443,0.052326965123687084,-0.1855581617317313,0.2378851268554184
V. natriegens,10,45,1443,0.005555360169678662,-0.17233499118608206,0.17789035135576073
V. natriegens,10,46,1443,0.011527773675318603,-0.17908090054861728,0.19060867422393588
V. natriegens,10,47,1443,0.011922152373594347,-0.17661340798609876,0.1885355603596931
V. natriegens,10,48,1443,0.011527773675318603,-0.17908090054861728,0.19060867422393588
V. natriegens,10,49,1443,0.011527773675318603,-0.17908090054861728,0.19060867422393588
V. natriegens,10,50,1443,0.005555360169678662,-0.17233499118608206,0.17789035135576073
V. natriegens,10,51,1443,0.0020414413166454557,-0.17148999513164903,0.1735314364482945
V. natriegens,10,52,1443,0.016676214149195758,-0.17040412264692661,0.18708033679612238
V. natriegens,10,53,1443,-0.0051957766322021735,-0.1723806241352074,0.16718484750300525
V. natriegens,10,54,1443,0.052326965123687084,-0.1855581617317313,0.2378851268554184
V. natriegens,10,55,1443,0.016676214149195758,-0.17040412264692661,0.18708033679612238
V. natriegens,10,56,1443,-0.041103422744319884,-0.19581223799493705,0.15470881525061717
V. natriegens,10,57,1443,-0.0051957766322021735,-0.1723806241352074,0.16718484750300525
V. natriegens,10,58,1443,0.023616268499243292,-0.18141657921673177,0.20503284771597505
V. natriegens,10,59,1443,0.011922152373594347,-0.17661340798609876,0.1885355603596931
V. natriegens,10,60,1443,-0.0016682624255636388,-0.17636050109965135,0.1746922386740877
V. natriegens,10,61,1443,-0.0051957766322021735,-0.1723806241352074,0.16718484750300525
V. natriegens,10,62,1443,-0.041103422744319884,-0.19581223799493705,0.15470881525061717
V. natriegens,10,63,1443,0.023616268499243292,-0.18141657921673177,0.20503284771597505
V. natriegens,10,64,1443,0.016676214149195758,-0.17040412264692661,0.18708033679612238
V. natriegens,10,65,1443,0.011527773675318603,-0.17908090054861728,0.19060867422393588
V. natriegens,10,66,1443,0.005555360169678662,-0.17233499118608206,0.17789035135576073
V. natriegens,10,67,1443,0.011527773675318603,-0.17908090054861728,0.19060867422393588
V. natriegens,10,68,1443,0.011527773675318603,-0.17908090054861728,0.19060867422393588
V. natriegens,10,69,1443,0.0020414413166454557,-0.17148999513164903,0.1735314364482945
V. natriegens,10,70,1443,0.023616268499243292,-0.18141657921673177,0.20503284771597505
V. natriegens,10,71,1443,0.023616268499243292,-0.18141657921673177,0.20503284771597505
V. natriegens,10,72,1443,0.0020414413166454557,-0.17148999513164903,0.1735314364482945
V. natriegens,10,73,1443,-0.0051957766322021735,-0.1723806241352074,0.16718484750300525
V. natriegens,10,74,1443,0.011527773675318603,-0.17908090054861728,0.19060867422393588
V. natriegens,10,75,1443,0.0020414413166454557,-0.17148999513164903,0.1735314364482945
V. natriegens,10,76,1443,0.0020414413166454557,-0.17148999513164903,0.1735314364482945
V. natriegens,10,77,1443,-0.03424088074111246,-0.183323056162479,0.14908217542136654
V. natriegens,10,78,1443,0.023616268499243292,-0.18141657921673177,0.20503284771597505
V. natriegens,10,79,1443,0.023616268499243292,-0.18141657921673177,0.20503284771597505
V. natriegens,10,80,1443,0.0020414413166454557,-0.17148999513164903,0.1735314364482945
V. natriegens,10,81,1443,0.052326965123687084,-0.1855581617317313,0.2378851268554184
V. natriegens,10,82,1443,0.023616268499243292,-0.18141657921673177,0.20503284771597505
V. natriegens,10,83,1443,-0.041103422744319884,-0.19581223799493705,0.15470881525061717
V. natriegens,10,84,1443,-0.0051957766322021735,-0.1723806241352074,0.16718484750300525
V. natriegens,10,85,1443,0.011527773675318603,-0.17908090054861728,0.19060867422393588
V. natriegens,10,86,1443,0.016676214149195758,-0.17040412264692661,0.18708033679612238
V. natriegens,10,87,1443,0.023616268499243292,-0.18141657921673177,0.20503284771597505
V. natriegens,10,88,1443,-0.041103422744319884,-0.19581223799493705,0.15470881525061717
V. natriegens,10,89,1443,-0.0051957766322021735,-0.1723806241352074,0.16718484750300525
V. natriegens,10,90,1443,-0.041103422744319884,-0.19581223799493705,0.15470881525061717
V. natriegens,10,91,1443,0.011922152373594347,-0.17661340798609876,0.1885355603596931
V. natriegens,10,92,1443,0.016676214149195758,-0.17040412264692661,0.18708033679612238
V. natriegens,10,93,1443,0.023616268499243292,-0.18141657921673177,0.20503284771597505
V. natriegens,10,94,1443,-0.0051957766322021735,-0.1723806241352074,0.16718484750300525
V. natriegens,10,95,1443,0.011922152373594347,-0.17661340798609876,0.1885355603596931
V. natriegens,10,96,1443,0.011527773675318603,-0.17908090054861728,0.19060867422393588
V. natriegens,10,97,1443,0.052326965123687084,-0.1855581617317313,0.2378851268554184
V. natriegens,10,98,1443,0.023616268499243292,-0.18141657921673177,0.20503284771597505
V. natriegens,10,99,1443,0.0020414413166454557,-0.17148999513164903,0.1735314364482945
V. natriegens,10,100,1443,0.052326965123687084,-0.1855581617317313,0.2378851268554184
V. natriegens,11,1,1443,0.002663173094079701,-0.17377049387516458,0.17643366696924428
V. natriegens,11,2,1443,0.002663173094079701,-0.17377049387516458,0.17643366696924428
V. natriegens,11,3,1443,0.002663173094079701,-0.17377049387516458,0.17643366696924428
V. natriegens,11,4,1443,0.002663173094079701,-0.17377049387516458,0.17643366696924428
V. natriegens,11,5,1443,0.002663173094079701,-0.17377049387516458,0.17643366696924428
V. natriegens,11,6,1443,0.002663173094079701,-0.17377049387516458,0.17643366696924428
V. natriegens,11,7,1443,0.002663173094079701,-0.17377049387516458,0.17643366696924428
V. natriegens,11,8,1443,0.002663173094079701,-0.17377049387516458,0.17643366696924428
V. natriegens,11,9,1443,0.002663173094079701,-0.17377049387516458,0.17643366696924428
V. natriegens,11,10,1443,0.002663173094079701,-0.17377049387516458,0.17643366696924428
V. natriegens,11,11,1443,0.002663173094079701,-0.17377049387516458,0.17643366696924428
V. natriegens,11,12,1443,0.002663173094079701,-0.17377049387516458,0.17643366696924428
V. natriegens,11,13,1443,0.002663173094079701,-0.17377049387516458,0.17643366696924428
V. natriegens,11,14,1443,0.002663173094079701,-0.17377049387516458,0.17643366696924428
V. natriegens,11,15,1443,0.002663173094079701,-0.17377049387516458,0.17643366696924428
V. natriegens,11,16,1443,0.002663173094079701,-0.17377049387516458,0.17643366696924428
V. natriegens,11,17,1443,0.002663173094079701,-0.17377049387516458,0.17643366696924428
V. natriegens,11,18,1443,0.002663173094079701,-0.17377049387516458,0.17643366696924428
V. natriegens,11,19,1443,0.002663173094079701,-0.17377049387516458,0.17643366696924428
V. natriegens,11,20,1443,0.002663173094079701,-0.17377049387516458,0.17643366696924428
V. natriegens,11,21,1443,0.002663173094079701,-0.17377049387516458,0.17643366696924428
V. natriegens,11,22,1443,0.002663173094079701,-0.17377049387516458,0.17643366696924428
V. natriegens,11,23,1443,0.002663173094079701,-0.17377049387516458,0.17643366696924428
V. natriegens,11,24,1443,0.002663173094079701,-0.17377049387516458,0.17643366696924428
V. natriegens,11,25,1443,0.002663173094079701,-0.17377049387516458,0.17643366696924428
V. natriegens,11,26,1443,0.002663173094079701,-0.17377049387516458,0.17643366696924428
V. natriegens,11,27,1443,0.002663173094079701,-0.17377049387516458,0.17643366696924428
V. natriegens,11,28,1443,0.002663173094079701,-0.17377049387516458,0.17643366696924428
V. natriegens,11,29,1443,0.002663173094079701,-0.17377049387516458,0.17643366696924428
V. natriegens,11,30,1443,0.002663173094079701,-0.17377049387516458,0.17643366696924428
V. natriegens,11,31,1443,0.002663173094079701,-0.17377049387516458,0.17643366696924428
V. natriegens,11,32,1443,0.002663173094079701,-0.17377049387516458,0.17643366696924428
V. natriegens,11,33,1443,0.002663173094079701,-0.17377049387516458,0.17643366696924428
V. natriegens,11,34,1443,0.002663173094079701,-0.17377049387516458,0.17643366696924428
V. natriegens,11,35,1443,0.002663173094079701,-0.17377049387516458,0.17643366696924428
V. natriegens,11,36,1443,0.002663173094079701,-0.17377049387516458,0.17643366696924428
V. natriegens,11,37,1443,0.002663173094079701,-0.17377049387516458,0.17643366696924428
V. natriegens,11,38,1443,0.002663173094079701,-0.17377049387516458,0.17643366696924428
V. natriegens,11,39,1443,0.002663173094079701,-0.17377049387516458,0.17643366696924428
V. natriegens,11,40,1443,0.002663173094079701,-0.17377049387516458,0.17643366696924428
V. natriegens,11,41,1443,0.002663173094079701,-0.17377049387516458,0.17643366696924428
V. natriegens,11,42,1443,0.002663173094079701,-0.17377049387516458,0.17643366696924428
V. natriegens,11,43,1443,0.002663173094079701,-0.17377049387516458,0.17643366696924428
V. natriegens,11,44,1443,0.002663173094079701,-0.17377049387516458,0.17643366696924428
V. natriegens,11,45,1443,0.002663173094079701,-0.17377049387516458,0.17643366696924428
V. natriegens,11,46,1443,0.002663173094079701,-0.17377049387516458,0.17643366696924428
V. natriegens,11,47,1443,0.002663173094079701,-0.17377049387516458,0.17643366696924428
V. natriegens,11,48,1443,0.002663173094079701,-0.17377049387516458,0.17643366696924428
V. natriegens,11,49,1443,0.002663173094079701,-0.17377049387516458,0.17643366696924428
V. natriegens,11,50,1443,0.002663173094079701,-0.17377049387516458,0.17643366696924428
V. natriegens,11,51,1443,0.002663173094079701,-0.17377049387516458,0.17643366696924428
V. natriegens,11,52,1443,0.002663173094079701,-0.17377049387516458,0.17643366696924428
V. natriegens,11,53,1443,0.002663173094079701,-0.17377049387516458,0.17643366696924428
V. natriegens,11,54,1443,0.002663173094079701,-0.17377049387516458,0.17643366696924428
V. natriegens,11,55,1443,0.002663173094079701,-0.17377049387516458,0.17643366696924428
V. natriegens,11,56,1443,0.002663173094079701,-0.17377049387516458,0.17643366696924428
V. natriegens,11,57,1443,0.002663173094079701,-0.17377049387516458,0.17643366696924428
V. natriegens,11,58,1443,0.002663173094079701,-0.17377049387516458,0.17643366696924428
V. natriegens,11,59,1443,0.002663173094079701,-0.17377049387516458,0.17643366696924428
V. natriegens,11,60,1443,0.002663173094079701,-0.17377049387516458,0.17643366696924428
V. natriegens,11,61,1443,0.002663173094079701,-0.17377049387516458,0.17643366696924428
V. natriegens,11,62,1443,0.002663173094079701,-0.17377049387516458,0.17643366696924428
V. natriegens,11,63,1443,0.002663173094079701,-0.17377049387516458,0.17643366696924428
V. natriegens,11,64,1443,0.002663173094079701,-0.17377049387516458,0.17643366696924428
V. natriegens,11,65,1443,0.002663173094079701,-0.17377049387516458,0.17643366696924428
V. natriegens,11,66,1443,0.002663173094079701,-0.17377049387516458,0.17643366696924428
V. natriegens,11,67,1443,0.002663173094079701,-0.17377049387516458,0.17643366696924428
V. natriegens,11,68,1443,0.002663173094079701,-0.17377049387516458,0.17643366696924428
V. natriegens,11,69,1443,0.002663173094079701,-0.17377049387516458,0.17643366696924428
V. natriegens,11,70,1443,0.002663173094079701,-0.17377049387516458,0.17643366696924428
V. natriegens,11,71,1443,0.002663173094079701,-0.17377049387516458,0.17643366696924428
V. natriegens,11,72,1443,0.002663173094079701,-0.17377049387516458,0.17643366696924428
V. natriegens,11,73,1443,0.002663173094079701,-0.17377049387516458,0.17643366696924428
V. natriegens,11,74,1443,0.002663173094079701,-0.17377049387516458,0.17643366696924428
V. natriegens,11,75,1443,0.002663173094079701,-0.17377049387516458,0.17643366696924428
V. natriegens,11,76,1443,0.002663173094079701,-0.17377049387516458,0.17643366696924428
V. natriegens,11,77,1443,0.002663173094079701,-0.17377049387516458,0.17643366696924428
V. natriegens,11,78,1443,0.002663173094079701,-0.17377049387516458,0.17643366696924428
V. natriegens,11,79,1443,0.002663173094079701,-0.17377049387516458,0.17643366696924428
V. natriegens,11,80,1443,0.002663173094079701,-0.17377049387516458,0.17643366696924428
V. natriegens,11,81,1443,0.002663173094079701,-0.17377049387516458,0.17643366696924428
V. natriegens,11,82,1443,0.002663173094079701,-0.17377049387516458,0.17643366696924428
V. natriegens,11,83,1443,0.002663173094079701,-0.17377049387516458,0.17643366696924428
V. natriegens,11,84,1443,0.002663173094079701,-0.17377049387516458,0.17643366696924428
V. natriegens,11,85,1443,0.002663173094079701,-0.17377049387516458,0.17643366696924428
V. natriegens,11,86,1443,0.002663173094079701,-0.17377049387516458,0.17643366696924428
V. natriegens,11,87,1443,0.002663173094079701,-0.17377049387516458,0.17643366696924428
V. natriegens,11,88,1443,0.002663173094079701,-0.17377049387516458,0.17643366696924428
V. natriegens,11,89,1443,0.002663173094079701,-0.17377049387516458,0.17643366696924428
V. natriegens,11,90,1443,0.002663173094079701,-0.17377049387516458,0.17643366696924428
V. natriegens,11,91,1443,0.002663173094079701,-0.17377049387516458,0.17643366696924428
V. natriegens,11,92,1443,0.002663173094079701,-0.17377049387516458,0.17643366696924428
V. natriegens,11,93,1443,0.002663173094079701,-0.17377049387516458,0.17643366696924428
V. natriegens,11,94,1443,0.002663173094079701,-0.17377049387516458,0.17643366696924428
V. natriegens,11,95,1443,0.002663173094079701,-0.17377049387516458,0.17643366696924428
V. natriegens,11,96,1443,0.002663173094079701,-0.17377049387516458,0.17643366696924428
V. natriegens,11,97,1443,0.002663173094079701,-0.17377049387516458,0.17643366696924428
V. natriegens,11,98,1443,0.002663173094079701,-0.17377049387516458,0.17643366696924428
V. natriegens,11,99,1443,0.002663173094079701,-0.17377049387516458,0.17643366696924428
V. natriegens,11,100,1443,0.002663173094079701,-0.17377049387516458,0.17643366696924428
