assay,dataset,cutoff,gene_filter,fc_mode,n_total,group,p,n_genes,med_log2fc
proteomics,schmidt_2016,rel0_abs0,all,unfiltered,2043,oriC,0.18368002513671802,714,0.007825629021172767
proteomics,schmidt_2016,rel0_abs0,all,unfiltered,2043,ter,0.005036466826944004,659,0.033034060386915344
proteomics,schmidt_2016,rel0_abs0,all,unfiltered,2043,oriC,0.38763792305509875,714,-0.004331592084266318
proteomics,schmidt_2016,rel0_abs0,all,unfiltered,2043,ter,0.10137444809806606,659,-0.06170687360842344
proteomics,schmidt_2016,rel0_abs0,all,unfiltered,2043,oriC,0.0032327774259159666,714,-0.11184659978356176
proteomics,schmidt_2016,rel0_abs0,all,unfiltered,2043,ter,0.005869393408738728,659,-0.09861414511497413
proteomics,schmidt_2016,rel0_abs0,all,unfiltered,2043,oriC,0.09492769327464529,714,0.013281272183277518
proteomics,schmidt_2016,rel0_abs0,all,unfiltered,2043,ter,0.32475384941067564,659,0.002533194939165952
proteomics,schmidt_2016,rel0_abs0,all,unfiltered,2043,oriC,0.002402326430386314,714,0.07391101175224973
proteomics,schmidt_2016,rel0_abs0,all,unfiltered,2043,ter,0.455765012825892,659,-0.013975150370909689
proteomics,schmidt_2016,rel0_abs0,all,unfiltered,2043,oriC,0.14441156780606065,714,-0.01045952438914641
proteomics,schmidt_2016,rel0_abs0,all,unfiltered,2043,ter,0.055471145989346375,659,-0.021408501018674884
proteomics,schmidt_2016,rel0_abs0,all,unfiltered,2043,oriC,0.6991123456821979,714,-0.050937931693161194
proteomics,schmidt_2016,rel0_abs0,all,unfiltered,2043,ter,0.001091881041169397,659,-0.12636346358807216
proteomics,schmidt_2016,rel0_abs0,all,unfiltered,2043,oriC,0.04417760421635943,714,0.02561903525694987
proteomics,schmidt_2016,rel0_abs0,all,unfiltered,2043,ter,0.4790726616920528,659,0.006269333332959552
proteomics,schmidt_2016,rel0_abs0,all,unfiltered,2043,oriC,0.0018541719759721268,714,0.03711047926687111
proteomics,schmidt_2016,rel0_abs0,all,unfiltered,2043,ter,0.4292783404962387,659,-0.017839809250337974
proteomics,schmidt_2016,rel0_abs0,all,unfiltered,2043,oriC,0.3562707532685682,714,-0.013912915873710113
proteomics,schmidt_2016,rel0_abs0,all,unfiltered,2043,ter,0.0339104705593935,659,-0.06549213776169631
proteomics,schmidt_2016,rel0_abs0,all,unfiltered,2043,oriC,0.002248115839718782,714,0.05037314770712796
proteomics,schmidt_2016,rel0_abs0,all,unfiltered,2043,ter,0.7161853112942818,659,0.00989518109197275
proteomics,schmidt_2016,rel0_abs0,all,unfiltered,2043,oriC,0.5801220647767479,714,-0.1268818379847689
proteomics,schmidt_2016,rel0_abs0,all,unfiltered,2043,ter,0.09913392903500388,659,-0.17184054863745926
proteomics,schmidt_2016,rel0_abs0,all,unfiltered,2043,oriC,0.031664733556935096,714,0.02294372488951245
proteomics,schmidt_2016,rel0_abs0,all,unfiltered,2043,ter,0.17008790882022265,659,-0.08947386926288083
proteomics,schmidt_2016,rel0_abs0,all,unfiltered,2043,oriC,0.03635503810756098,714,0.011305785886082824
proteomics,schmidt_2016,rel0_abs0,all,unfiltered,2043,ter,0.39774705554575135,659,-0.05485531774487401
proteomics,schmidt_2016,rel0_abs0,all,unfiltered,2043,oriC,0.4542367697735296,714,-0.08168657951303485
proteomics,schmidt_2016,rel0_abs0,all,unfiltered,2043,ter,0.5285140700458655,659,-0.04931584474747806
proteomics,schmidt_2016,rel0_abs0,all,unfiltered,2043,oriC,0.2850477018935329,714,-0.031234543629916116
proteomics,schmidt_2016,rel0_abs0,all,unfiltered,2043,ter,0.0786636005699419,659,-0.10041770808751435
proteomics,schmidt_2016,rel0_abs0,all,unfiltered,2043,oriC,0.006196595299990748,714,0.06587280618840702
proteomics,schmidt_2016,rel0_abs0,all,unfiltered,2043,ter,0.20101919272523172,659,-0.13179500227752836
proteomics,schmidt_2016,rel0_abs0,all,unfiltered,2043,oriC,0.9570390494400245,714,-0.08743855100438601
proteomics,schmidt_2016,rel0_abs0,all,unfiltered,2043,ter,1.739885984927075e-9,659,-0.3746719925234891
proteomics,schmidt_2016,rel0_abs0,all,unfiltered,2043,oriC,0.4444534659940742,714,-0.01067990201256458
proteomics,schmidt_2016,rel0_abs0,all,unfiltered,2043,ter,3.975115852405853e-13,659,-0.4108663121014043
proteomics,schmidt_2016,rel0_abs0,all,unfiltered,2043,oriC,0.21736703702980054,714,0.00698397033842524
proteomics,schmidt_2016,rel0_abs0,all,unfiltered,2043,ter,6.994418328588238e-5,659,-0.16089956942710576
proteomics,schmidt_2016,rel0_abs0,all,unfiltered,2043,oriC,5.326067617915967e-4,714,-0.11228745716380165
proteomics,schmidt_2016,rel0_abs0,all,unfiltered,2043,ter,4.553902804413246e-6,659,-0.15153363587363625
proteomics,schmidt_2016,rel0_abs0,all,unfiltered,2043,oriC,0.10912861275556927,714,-0.03757116052657415
proteomics,schmidt_2016,rel0_abs0,all,unfiltered,2043,ter,0.004759204620262933,659,-0.032631068565304865
proteomics,schmidt_2016,rel0_abs0,all,unfiltered,2043,oriC,6.140183086671234e-4,714,0.06630932507782461
proteomics,schmidt_2016,rel0_abs0,all,unfiltered,2043,ter,0.006968755485412836,659,-0.06664175437625476
proteomics,schmidt_2016,rel0_abs0,all,unfiltered,2043,oriC,0.17510216540153867,714,-0.005596607394246179
proteomics,schmidt_2016,rel0_abs0,all,unfiltered,2043,ter,8.543675141492515e-5,659,-0.09947273347811549
proteomics,schmidt_2016,rel0_abs0,all,unfiltered,2043,oriC,0.9022704715281067,714,-0.0724715868308475
proteomics,schmidt_2016,rel0_abs0,all,unfiltered,2043,ter,1.418787554328331e-7,659,-0.19090342475168967
proteomics,schmidt_2016,rel0_abs0,all,unfiltered,2043,oriC,0.028631679743093025,714,7.7814924286759e-4
proteomics,schmidt_2016,rel0_abs0,all,unfiltered,2043,ter,0.1533021907145674,659,-0.044557995879115894
proteomics,schmidt_2016,rel0_abs0,all,unfiltered,2043,oriC,0.003904916365722061,714,0.01757203089108615
proteomics,schmidt_2016,rel0_abs0,all,unfiltered,2043,ter,0.03545392143405341,659,-0.08512329201076048
proteomics,schmidt_2016,rel0_abs0,all,unfiltered,2043,oriC,0.545245782442193,714,-0.03448622625278236
proteomics,schmidt_2016,rel0_abs0,all,unfiltered,2043,ter,2.135711622535214e-4,659,-0.12979597165471013
proteomics,schmidt_2016,rel0_abs0,all,unfiltered,2043,oriC,0.036209545093923746,714,0.008433526814411826
proteomics,schmidt_2016,rel0_abs0,all,unfiltered,2043,ter,0.03008299011001317,659,-0.04919381260298509
proteomics,schmidt_2016,rel0_abs0,all,unfiltered,2043,oriC,0.42251904225756637,714,-0.13646418111995645
proteomics,schmidt_2016,rel0_abs0,all,unfiltered,2043,ter,0.046340634854712806,659,-0.2384902159641471
proteomics,schmidt_2016,rel0_abs0,all,unfiltered,2043,oriC,0.022036945301340077,714,0.03158067813375666
proteomics,schmidt_2016,rel0_abs0,all,unfiltered,2043,ter,0.0030913750714634644,659,-0.14716950206082707
proteomics,schmidt_2016,rel0_abs0,all,unfiltered,2043,oriC,0.04926033691921676,714,0.01804972478684162
proteomics,schmidt_2016,rel0_abs0,all,unfiltered,2043,ter,0.1419232260821105,659,-0.11795578714710589
proteomics,schmidt_2016,rel0_abs0,all,unfiltered,2043,oriC,0.518232366346491,714,-0.0687059806041469
proteomics,schmidt_2016,rel0_abs0,all,unfiltered,2043,ter,0.12122249885719827,659,-0.12488207203032455
proteomics,schmidt_2016,rel0_abs0,all,unfiltered,2043,oriC,0.45074442582301594,714,-0.06405423662672276
proteomics,schmidt_2016,rel0_abs0,all,unfiltered,2043,ter,0.0013827958340055105,659,-0.1861622204330404
proteomics,schmidt_2016,rel0_abs0,all,unfiltered,2043,oriC,0.005381513552912758,714,0.023317380053244168
proteomics,schmidt_2016,rel0_abs0,all,unfiltered,2043,ter,0.09517639208723307,659,-0.18369656332763912
proteomics,schmidt_2016,rel0_abs0,all,unfiltered,2043,oriC,0.9382664408831575,714,-0.12239435543376104
proteomics,schmidt_2016,rel0_abs0,all,unfiltered,2043,ter,4.0417460186613674e-13,659,-0.45679662067300325
proteomics,schmidt_2016,rel0_abs0,all,unfiltered,2043,oriC,0.47304346481946224,714,-0.024986444687948674
proteomics,schmidt_2016,rel0_abs0,all,unfiltered,2043,ter,4.08862007217292e-16,659,-0.519904772596799
proteomics,schmidt_2016,rel0_abs0,all,unfiltered,2043,oriC,1.5268307474141985e-7,714,-0.09328939904855127
proteomics,schmidt_2016,rel0_abs0,all,unfiltered,2043,ter,0.1221585515204627,659,-0.011717103498263746
proteomics,schmidt_2016,rel0_abs0,all,unfiltered,2043,oriC,0.10793081801990487,714,-0.025067099419731582
proteomics,schmidt_2016,rel0_abs0,all,unfiltered,2043,ter,0.24989104565437964,659,0.0731664141019157
proteomics,schmidt_2016,rel0_abs0,all,unfiltered,2043,oriC,3.5951399478404628e-6,714,0.13091702815390077
proteomics,schmidt_2016,rel0_abs0,all,unfiltered,2043,ter,0.13500772785348203,659,0.07461516411676761
proteomics,schmidt_2016,rel0_abs0,all,unfiltered,2043,oriC,0.0013204426552617706,714,0.05464323994455687
proteomics,schmidt_2016,rel0_abs0,all,unfiltered,2043,ter,0.29382014901300507,659,0.07453509155042023
proteomics,schmidt_2016,rel0_abs0,all,unfiltered,2043,oriC,0.2569540921216578,714,-0.0049378327259067675
proteomics,schmidt_2016,rel0_abs0,all,unfiltered,2043,ter,0.25660342001747555,659,0.0011564425717658327
proteomics,schmidt_2016,rel0_abs0,all,unfiltered,2043,oriC,9.250789511472911e-5,714,0.07268163546262474
proteomics,schmidt_2016,rel0_abs0,all,unfiltered,2043,ter,0.007041893902750408,659,0.1191227726339819
proteomics,schmidt_2016,rel0_abs0,all,unfiltered,2043,oriC,6.54423242222261e-6,714,0.08476000153835972
proteomics,schmidt_2016,rel0_abs0,all,unfiltered,2043,ter,0.07999397813311852,659,0.06142462828783048
proteomics,schmidt_2016,rel0_abs0,all,unfiltered,2043,oriC,0.014921048827573984,714,0.03135486575506826
proteomics,schmidt_2016,rel0_abs0,all,unfiltered,2043,ter,0.540219336852167,659,0.01796209024006429
proteomics,schmidt_2016,rel0_abs0,all,unfiltered,2043,oriC,0.003895924761009925,714,0.05394554469739064
proteomics,schmidt_2016,rel0_abs0,all,unfiltered,2043,ter,0.4084468420392077,659,0.06473815078963556
proteomics,schmidt_2016,rel0_abs0,all,unfiltered,2043,oriC,0.3803068879288006,714,-0.12198177574280983
proteomics,schmidt_2016,rel0_abs0,all,unfiltered,2043,ter,0.9298349471229903,659,-0.028139772398156727
proteomics,schmidt_2016,rel0_abs0,all,unfiltered,2043,oriC,0.0011030579870376287,714,0.05286504114876865
proteomics,schmidt_2016,rel0_abs0,all,unfiltered,2043,ter,0.36841591699553045,659,0.041308619928939805
proteomics,schmidt_2016,rel0_abs0,all,unfiltered,2043,oriC,0.00974257866040026,714,0.06718022969327797
proteomics,schmidt_2016,rel0_abs0,all,unfiltered,2043,ter,0.2271705870505046,659,0.06646611685942029
proteomics,schmidt_2016,rel0_abs0,all,unfiltered,2043,oriC,0.8438449380294605,714,-0.04022281468676074
proteomics,schmidt_2016,rel0_abs0,all,unfiltered,2043,ter,0.19069855023961305,659,-9.196957341928161e-4
proteomics,schmidt_2016,rel0_abs0,all,unfiltered,2043,oriC,0.08022156030800254,714,0.028198205308581262
proteomics,schmidt_2016,rel0_abs0,all,unfiltered,2043,ter,0.9868633427939767,659,-9.354758859502682e-4
proteomics,schmidt_2016,rel0_abs0,all,unfiltered,2043,oriC,8.287812470391275e-4,714,0.07613674739367504
proteomics,schmidt_2016,rel0_abs0,all,unfiltered,2043,ter,0.09521695429621951,659,0.030944244882855614
proteomics,schmidt_2016,rel0_abs0,all,unfiltered,2043,oriC,0.6275421099698522,714,-0.027542687996550106
proteomics,schmidt_2016,rel0_abs0,all,unfiltered,2043,ter,8.778123727036508e-6,659,-0.23908670091669895
proteomics,schmidt_2016,rel0_abs0,all,unfiltered,2043,oriC,0.36628733515811523,714,0.014854681390587869
proteomics,schmidt_2016,rel0_abs0,all,unfiltered,2043,ter,4.080294421002753e-9,659,-0.28961798211084067
proteomics,schmidt_2016,rel0_abs0,all,unfiltered,2043,oriC,2.4276972541243108e-5,714,0.103127771816141
proteomics,schmidt_2016,rel0_abs0,all,unfiltered,2043,ter,0.021223241398501638,659,0.033419255399855546
proteomics,schmidt_2016,rel0_abs0,all,unfiltered,2043,oriC,4.1836323995431894e-20,714,0.20823438746901737
proteomics,schmidt_2016,rel0_abs0,all,unfiltered,2043,ter,0.06934393809676595,659,0.06436459940815825
proteomics,schmidt_2016,rel0_abs0,all,unfiltered,2043,oriC,8.263319447107094e-22,714,0.1706097266626189
proteomics,schmidt_2016,rel0_abs0,all,unfiltered,2043,ter,0.005753033105922419,659,0.041999074120864226
proteomics,schmidt_2016,rel0_abs0,all,unfiltered,2043,oriC,4.03347891766796e-7,714,0.12227712143754138
proteomics,schmidt_2016,rel0_abs0,all,unfiltered,2043,ter,0.9007892860644728,659,-0.007179589169484103
proteomics,schmidt_2016,rel0_abs0,all,unfiltered,2043,oriC,2.503161041219824e-17,714,0.15108835775811968
proteomics,schmidt_2016,rel0_abs0,all,unfiltered,2043,ter,2.7124959041226618e-5,659,0.11196286492065297
proteomics,schmidt_2016,rel0_abs0,all,unfiltered,2043,oriC,3.6503924473305594e-19,714,0.19194010852735222
proteomics,schmidt_2016,rel0_abs0,all,unfiltered,2043,ter,0.00380278449569949,659,0.06616738465999247
proteomics,schmidt_2016,rel0_abs0,all,unfiltered,2043,oriC,1.010610144482841e-11,714,0.14255659395742631
proteomics,schmidt_2016,rel0_abs0,all,unfiltered,2043,ter,0.11951288895439698,659,0.018154888804438697
proteomics,schmidt_2016,rel0_abs0,all,unfiltered,2043,oriC,1.1190719235564372e-11,714,0.14466535559423424
proteomics,schmidt_2016,rel0_abs0,all,unfiltered,2043,ter,0.16067462388017456,659,0.03443582142514087
proteomics,schmidt_2016,rel0_abs0,all,unfiltered,2043,oriC,0.21307003403585775,714,-0.0452220713555715
proteomics,schmidt_2016,rel0_abs0,all,unfiltered,2043,ter,0.7457177902020118,659,-0.05757174500884057
proteomics,schmidt_2016,rel0_abs0,all,unfiltered,2043,oriC,4.5925426978505755e-8,714,0.10605950308979675
proteomics,schmidt_2016,rel0_abs0,all,unfiltered,2043,ter,0.26143673928601,659,0.031331143382633944
proteomics,schmidt_2016,rel0_abs0,all,unfiltered,2043,oriC,1.7195930077700883e-7,714,0.16087795654311257
proteomics,schmidt_2016,rel0_abs0,all,unfiltered,2043,ter,0.08052413518836378,659,0.04594623476385372
proteomics,schmidt_2016,rel0_abs0,all,unfiltered,2043,oriC,7.087611185584373e-4,714,0.01571189178604264
proteomics,schmidt_2016,rel0_abs0,all,unfiltered,2043,ter,0.0055195861472330885,659,0.046691292958229304
proteomics,schmidt_2016,rel0_abs0,all,unfiltered,2043,oriC,2.2603927721358977e-4,714,0.08481292692235168
proteomics,schmidt_2016,rel0_abs0,all,unfiltered,2043,ter,0.969082163594732,659,-0.004635382479444141
proteomics,schmidt_2016,rel0_abs0,all,unfiltered,2043,oriC,7.729467568991296e-10,714,0.1570905035001099
proteomics,schmidt_2016,rel0_abs0,all,unfiltered,2043,ter,0.15824825161925524,659,0.013713806719035668
proteomics,schmidt_2016,rel0_abs0,all,unfiltered,2043,oriC,0.009110767487069706,714,0.02471348495345846
proteomics,schmidt_2016,rel0_abs0,all,unfiltered,2043,ter,1.5839310198985986e-6,659,-0.23698140020272718
proteomics,schmidt_2016,rel0_abs0,all,unfiltered,2043,oriC,0.001434800214459568,714,0.10489035053265525
proteomics,schmidt_2016,rel0_abs0,all,unfiltered,2043,ter,1.588400149546979e-9,659,-0.27761150788928973
proteomics,schmidt_2016,rel0_abs0,all,unfiltered,2043,oriC,1.5790072248089784e-5,714,0.09903311146381825
proteomics,schmidt_2016,rel0_abs0,all,unfiltered,2043,ter,0.2414072281019254,659,-0.021864758508559123
proteomics,schmidt_2016,rel0_abs0,all,unfiltered,2043,oriC,2.6068751973478516e-4,714,0.05132314017379964
proteomics,schmidt_2016,rel0_abs0,all,unfiltered,2043,ter,0.361810193062491,659,-0.009600786046177654
proteomics,schmidt_2016,rel0_abs0,all,unfiltered,2043,oriC,0.540435439044294,714,-0.034955091497708785
proteomics,schmidt_2016,rel0_abs0,all,unfiltered,2043,ter,2.7718668908935743e-5,659,-0.14854409718298237
proteomics,schmidt_2016,rel0_abs0,all,unfiltered,2043,oriC,6.345183287177942e-5,714,0.06651055327628451
proteomics,schmidt_2016,rel0_abs0,all,unfiltered,2043,ter,0.5863268944982916,659,-0.010662819754340741
proteomics,schmidt_2016,rel0_abs0,all,unfiltered,2043,oriC,6.781858577650568e-5,714,0.05321733535238987
proteomics,schmidt_2016,rel0_abs0,all,unfiltered,2043,ter,0.9896373668259435,659,-0.01092807490867701
proteomics,schmidt_2016,rel0_abs0,all,unfiltered,2043,oriC,0.02538466536912178,714,0.01550790954613675
proteomics,schmidt_2016,rel0_abs0,all,unfiltered,2043,ter,0.07697474742025874,659,-0.05621401905177428
proteomics,schmidt_2016,rel0_abs0,all,unfiltered,2043,oriC,8.989128091634772e-6,714,0.03568343906400523
proteomics,schmidt_2016,rel0_abs0,all,unfiltered,2043,ter,0.41661236271025803,659,-0.016073144643253153
proteomics,schmidt_2016,rel0_abs0,all,unfiltered,2043,oriC,0.9898698981212515,714,-0.10053380758368957
proteomics,schmidt_2016,rel0_abs0,all,unfiltered,2043,ter,0.25574689856876753,659,-0.14389762914690687
proteomics,schmidt_2016,rel0_abs0,all,unfiltered,2043,oriC,0.0065361109611615726,714,0.03833775978887177
proteomics,schmidt_2016,rel0_abs0,all,unfiltered,2043,ter,0.056787776421707556,659,-0.07906559050742615
proteomics,schmidt_2016,rel0_abs0,all,unfiltered,2043,oriC,0.03476612273926314,714,0.017397501691130385
proteomics,schmidt_2016,rel0_abs0,all,unfiltered,2043,ter,0.46072289132635746,659,-0.056812266043863455
proteomics,schmidt_2016,rel0_abs0,all,unfiltered,2043,oriC,0.39768050060775945,714,-0.07220708383034313
proteomics,schmidt_2016,rel0_abs0,all,unfiltered,2043,ter,0.6240142035149625,659,-0.10866049389496225
proteomics,schmidt_2016,rel0_abs0,all,unfiltered,2043,oriC,0.10576191435509837,714,-0.012075787456548633
proteomics,schmidt_2016,rel0_abs0,all,unfiltered,2043,ter,0.019592786749074463,659,-0.13274875144108397
proteomics,schmidt_2016,rel0_abs0,all,unfiltered,2043,oriC,2.0761440245207292e-4,714,0.07092112424136432
proteomics,schmidt_2016,rel0_abs0,all,unfiltered,2043,ter,0.5291832720921186,659,-0.08991516966412294
proteomics,schmidt_2016,rel0_abs0,all,unfiltered,2043,oriC,0.47584484927997134,714,-0.06385284709767015
proteomics,schmidt_2016,rel0_abs0,all,unfiltered,2043,ter,1.8099560965130495e-12,659,-0.4287017965974176
proteomics,schmidt_2016,rel0_abs0,all,unfiltered,2043,oriC,0.20253233370772883,714,-0.004275808121517554
proteomics,schmidt_2016,rel0_abs0,all,unfiltered,2043,ter,6.704960916054954e-16,659,-0.45454449206000325
proteomics,schmidt_2016,rel0_abs0,all,unfiltered,2043,oriC,0.035473641977267115,714,-0.048485524201896626
proteomics,schmidt_2016,rel0_abs0,all,unfiltered,2043,ter,0.500802016558398,659,1.8236880458382727e-4
proteomics,schmidt_2016,rel0_abs0,all,unfiltered,2043,oriC,1.3216173468905762e-6,714,-0.12188974390146154
proteomics,schmidt_2016,rel0_abs0,all,unfiltered,2043,ter,0.13110001002714086,659,-0.03125514462896861
proteomics,schmidt_2016,rel0_abs0,all,unfiltered,2043,oriC,0.479105818463354,714,-0.025661008298147867
proteomics,schmidt_2016,rel0_abs0,all,unfiltered,2043,ter,0.0055057165242663325,659,0.039819340781114945
proteomics,schmidt_2016,rel0_abs0,all,unfiltered,2043,oriC,0.11952336689887524,714,-0.05033706516403462
proteomics,schmidt_2016,rel0_abs0,all,unfiltered,2043,ter,0.42238509609895375,659,-0.005699447060352106
proteomics,schmidt_2016,rel0_abs0,all,unfiltered,2043,oriC,4.281625487908138e-5,714,-0.0929283380552004
proteomics,schmidt_2016,rel0_abs0,all,unfiltered,2043,ter,0.43443078958749176,659,-0.016559477155254222
proteomics,schmidt_2016,rel0_abs0,all,unfiltered,2043,oriC,0.24277378190568466,714,-0.03437213066016409
proteomics,schmidt_2016,rel0_abs0,all,unfiltered,2043,ter,0.20640321896363703,659,0.02398318255862022
proteomics,schmidt_2016,rel0_abs0,all,unfiltered,2043,oriC,5.482584490155958e-4,714,-0.2178486900716835
proteomics,schmidt_2016,rel0_abs0,all,unfiltered,2043,ter,0.6915913062671919,659,-0.07414583437725057
proteomics,schmidt_2016,rel0_abs0,all,unfiltered,2043,oriC,0.19807111067552186,714,-0.0845786682139916
proteomics,schmidt_2016,rel0_abs0,all,unfiltered,2043,ter,0.49122359480968486,659,-0.018748301837843612
proteomics,schmidt_2016,rel0_abs0,all,unfiltered,2043,oriC,0.1054883697373591,714,-0.08045252115527746
proteomics,schmidt_2016,rel0_abs0,all,unfiltered,2043,ter,0.36483306056683196,659,-0.008132019366384082
proteomics,schmidt_2016,rel0_abs0,all,unfiltered,2043,oriC,0.00685101909790284,714,-0.1843433163721283
proteomics,schmidt_2016,rel0_abs0,all,unfiltered,2043,ter,0.8309894606475083,659,-0.0592899079289638
proteomics,schmidt_2016,rel0_abs0,all,unfiltered,2043,oriC,0.001457461217619557,714,-0.1327105721796519
proteomics,schmidt_2016,rel0_abs0,all,unfiltered,2043,ter,0.003780549243360561,659,-0.0898614701182321
proteomics,schmidt_2016,rel0_abs0,all,unfiltered,2043,oriC,0.053487689062553474,714,0.004951037491934637
proteomics,schmidt_2016,rel0_abs0,all,unfiltered,2043,ter,0.4408303675628399,659,-0.011602339002697078
proteomics,schmidt_2016,rel0_abs0,all,unfiltered,2043,oriC,0.015842486975701155,714,-0.15524619172588877
proteomics,schmidt_2016,rel0_abs0,all,unfiltered,2043,ter,2.7925106828416843e-11,659,-0.3413800569364233
proteomics,schmidt_2016,rel0_abs0,all,unfiltered,2043,oriC,0.45719526203873484,714,-0.0777548312074651
proteomics,schmidt_2016,rel0_abs0,all,unfiltered,2043,ter,1.1386268204813538e-12,659,-0.32089874544089037
proteomics,schmidt_2016,rel0_abs0,all,unfiltered,2043,oriC,0.01634599021332677,714,-0.03218419362935996
proteomics,schmidt_2016,rel0_abs0,all,unfiltered,2043,ter,4.963341662865617e-4,659,-0.05164425443604876
proteomics,schmidt_2016,rel0_abs0,all,unfiltered,2043,oriC,0.12138700806023095,714,0.012843835341686136
proteomics,schmidt_2016,rel0_abs0,all,unfiltered,2043,ter,5.751990001737712e-4,659,0.06201453726572108
proteomics,schmidt_2016,rel0_abs0,all,unfiltered,2043,oriC,0.0016736491402724255,714,0.011251797774113184
proteomics,schmidt_2016,rel0_abs0,all,unfiltered,2043,ter,0.8574003605726032,659,-0.003533357565662719
proteomics,schmidt_2016,rel0_abs0,all,unfiltered,2043,oriC,0.02143403386051752,714,-0.030402320218711143
proteomics,schmidt_2016,rel0_abs0,all,unfiltered,2043,ter,0.35858888004238376,659,-0.019779122936121957
proteomics,schmidt_2016,rel0_abs0,all,unfiltered,2043,oriC,0.1646117614714407,714,-0.03701590336414555
proteomics,schmidt_2016,rel0_abs0,all,unfiltered,2043,ter,0.22016569854255266,659,-0.02558567188991326
proteomics,schmidt_2016,rel0_abs0,all,unfiltered,2043,oriC,0.036647519243029926,714,-0.12356581991013138
proteomics,schmidt_2016,rel0_abs0,all,unfiltered,2043,ter,0.4772959744101226,659,-0.09400462207533143
proteomics,schmidt_2016,rel0_abs0,all,unfiltered,2043,oriC,0.09094118023546888,714,0.03949374859476344
proteomics,schmidt_2016,rel0_abs0,all,unfiltered,2043,ter,0.6888780489386526,659,-0.03351278526184259
proteomics,schmidt_2016,rel0_abs0,all,unfiltered,2043,oriC,0.10266902582600439,714,0.031380885527546754
proteomics,schmidt_2016,rel0_abs0,all,unfiltered,2043,ter,0.629814655106139,659,-0.010771031549298803
proteomics,schmidt_2016,rel0_abs0,all,unfiltered,2043,oriC,0.4681351470501643,714,-0.053495755017115176
proteomics,schmidt_2016,rel0_abs0,all,unfiltered,2043,ter,0.7778234153343967,659,-0.06870104640033367
proteomics,schmidt_2016,rel0_abs0,all,unfiltered,2043,oriC,0.5749172824711002,714,-0.04261884036753154
proteomics,schmidt_2016,rel0_abs0,all,unfiltered,2043,ter,0.027960833320271678,659,-0.09319627241010987
proteomics,schmidt_2016,rel0_abs0,all,unfiltered,2043,oriC,9.281738259712181e-4,714,0.07389262552636702
proteomics,schmidt_2016,rel0_abs0,all,unfiltered,2043,ter,0.6576745935661034,659,-0.04502424906190698
proteomics,schmidt_2016,rel0_abs0,all,unfiltered,2043,oriC,0.6580803014017773,714,-0.06512459353358671
proteomics,schmidt_2016,rel0_abs0,all,unfiltered,2043,ter,5.449153486160349e-12,659,-0.27768657526952517
proteomics,schmidt_2016,rel0_abs0,all,unfiltered,2043,oriC,0.978728734830674,714,-0.04246716831715598
proteomics,schmidt_2016,rel0_abs0,all,unfiltered,2043,ter,8.148266789759067e-13,659,-0.3232606591122818
proteomics,schmidt_2016,rel0_abs0,all,unfiltered,2043,oriC,0.01506372102014547,714,0.05921517128475759
proteomics,schmidt_2016,rel0_abs0,all,unfiltered,2043,ter,1.631570457233119e-8,659,0.10743313116952542
proteomics,schmidt_2016,rel0_abs0,all,unfiltered,2043,oriC,4.793297779652046e-9,714,0.09387464849180456
proteomics,schmidt_2016,rel0_abs0,all,unfiltered,2043,ter,3.11369181154937e-4,659,0.060845230353233644
proteomics,schmidt_2016,rel0_abs0,all,unfiltered,2043,oriC,0.3440185072319031,714,0.009890217674076579
proteomics,schmidt_2016,rel0_abs0,all,unfiltered,2043,ter,1.0942372215484056e-4,659,0.049243677503986054
proteomics,schmidt_2016,rel0_abs0,all,unfiltered,2043,oriC,0.49272826005690484,714,0.01962454007700034
proteomics,schmidt_2016,rel0_abs0,all,unfiltered,2043,ter,0.010053721257440746,659,0.07156158324438676
proteomics,schmidt_2016,rel0_abs0,all,unfiltered,2043,oriC,0.03935389587193924,714,-0.1347831453115804
proteomics,schmidt_2016,rel0_abs0,all,unfiltered,2043,ter,0.1488771962448771,659,-0.0062405935026456525
proteomics,schmidt_2016,rel0_abs0,all,unfiltered,2043,oriC,0.004467448641663025,714,0.03203792339164505
proteomics,schmidt_2016,rel0_abs0,all,unfiltered,2043,ter,0.02590068482768024,659,0.02010664233198046
proteomics,schmidt_2016,rel0_abs0,all,unfiltered,2043,oriC,0.0016265673461078347,714,0.05303778094545522
proteomics,schmidt_2016,rel0_abs0,all,unfiltered,2043,ter,0.0021451725467917693,659,0.07792043829055056
proteomics,schmidt_2016,rel0_abs0,all,unfiltered,2043,oriC,0.4823789499083872,714,-0.05700475348547962
proteomics,schmidt_2016,rel0_abs0,all,unfiltered,2043,ter,0.0863585544372035,659,0.006172742373242328
proteomics,schmidt_2016,rel0_abs0,all,unfiltered,2043,oriC,0.03822458928066221,714,0.02661271052026908
proteomics,schmidt_2016,rel0_abs0,all,unfiltered,2043,ter,0.935689104399644,659,-0.01570844506093336
proteomics,schmidt_2016,rel0_abs0,all,unfiltered,2043,oriC,2.329213533627113e-7,714,0.11308508286049948
proteomics,schmidt_2016,rel0_abs0,all,unfiltered,2043,ter,0.011970100131914366,659,0.026934646486694826
proteomics,schmidt_2016,rel0_abs0,all,unfiltered,2043,oriC,0.3206851569202505,714,-0.013209796868395927
proteomics,schmidt_2016,rel0_abs0,all,unfiltered,2043,ter,2.375242351705734e-7,659,-0.19409954390786413
proteomics,schmidt_2016,rel0_abs0,all,unfiltered,2043,oriC,0.11029644954607762,714,0.08378112118757636
proteomics,schmidt_2016,rel0_abs0,all,unfiltered,2043,ter,4.729315623933029e-8,659,-0.2295205146234303
proteomics,schmidt_2016,rel0_abs0,all,unfiltered,2043,oriC,0.04716315284906045,714,0.014306462351952695
proteomics,schmidt_2016,rel0_abs0,all,unfiltered,2043,ter,0.006596875875454213,659,-0.034329900982013176
proteomics,schmidt_2016,rel0_abs0,all,unfiltered,2043,oriC,0.014492860619396261,714,-0.04117661184079248
proteomics,schmidt_2016,rel0_abs0,all,unfiltered,2043,ter,1.516648732440169e-7,659,-0.08659206643284603
proteomics,schmidt_2016,rel0_abs0,all,unfiltered,2043,oriC,0.2737612444151721,714,-0.015419881300161628
proteomics,schmidt_2016,rel0_abs0,all,unfiltered,2043,ter,0.044989350666650094,659,-0.019880827153340316
proteomics,schmidt_2016,rel0_abs0,all,unfiltered,2043,oriC,0.0015915641842431949,714,-0.1297623003597167
proteomics,schmidt_2016,rel0_abs0,all,unfiltered,2043,ter,0.020167568795964128,659,-0.14990756274044623
proteomics,schmidt_2016,rel0_abs0,all,unfiltered,2043,oriC,0.33648773514734753,714,0.0010988244807845118
proteomics,schmidt_2016,rel0_abs0,all,unfiltered,2043,ter,0.005847415579185649,659,-0.09381784601916678
proteomics,schmidt_2016,rel0_abs0,all,unfiltered,2043,oriC,0.9241368616461066,714,-0.028352580987277262
proteomics,schmidt_2016,rel0_abs0,all,unfiltered,2043,ter,0.08703577027885964,659,-0.05550966672060446
proteomics,schmidt_2016,rel0_abs0,all,unfiltered,2043,oriC,0.01212539788264751,714,-0.13730110907182125
proteomics,schmidt_2016,rel0_abs0,all,unfiltered,2043,ter,0.07793615034351323,659,-0.10467816687001077
proteomics,schmidt_2016,rel0_abs0,all,unfiltered,2043,oriC,0.2634805149273072,714,-0.06576545527361527
proteomics,schmidt_2016,rel0_abs0,all,unfiltered,2043,ter,3.9175871126236586e-5,659,-0.12501493391445392
proteomics,schmidt_2016,rel0_abs0,all,unfiltered,2043,oriC,0.009217524356916636,714,0.046675245192582815
proteomics,schmidt_2016,rel0_abs0,all,unfiltered,2043,ter,0.2811232659194231,659,-0.06311275644051724
proteomics,schmidt_2016,rel0_abs0,all,unfiltered,2043,oriC,0.46347636720793295,714,-0.10559810290547333
proteomics,schmidt_2016,rel0_abs0,all,unfiltered,2043,ter,4.807199647704771e-16,659,-0.33425519389925584
proteomics,schmidt_2016,rel0_abs0,all,unfiltered,2043,oriC,0.9114693104084429,714,-0.049523921208347955
proteomics,schmidt_2016,rel0_abs0,all,unfiltered,2043,ter,4.3132415999663706e-17,659,-0.40963328140785765
proteomics,schmidt_2016,rel0_abs0,all,unfiltered,2043,oriC,0.016362202135295604,714,-0.03622436623159129
proteomics,schmidt_2016,rel0_abs0,all,unfiltered,2043,ter,0.34966552858043726,659,-0.0073948968355244445
proteomics,schmidt_2016,rel0_abs0,all,unfiltered,2043,oriC,1.9192418843635085e-6,714,-0.19933219032328342
proteomics,schmidt_2016,rel0_abs0,all,unfiltered,2043,ter,0.07048066999538434,659,-0.15457840910393375
proteomics,schmidt_2016,rel0_abs0,all,unfiltered,2043,oriC,0.20850639511813765,714,-0.04784374907627993
proteomics,schmidt_2016,rel0_abs0,all,unfiltered,2043,ter,0.11055955100532545,659,-0.07541372747755101
proteomics,schmidt_2016,rel0_abs0,all,unfiltered,2043,oriC,0.7766579208052773,714,-0.019552958125517175
proteomics,schmidt_2016,rel0_abs0,all,unfiltered,2043,ter,0.9058111427999231,659,-0.0031463458762083837
proteomics,schmidt_2016,rel0_abs0,all,unfiltered,2043,oriC,1.2303200038853623e-5,714,-0.159514203914763
proteomics,schmidt_2016,rel0_abs0,all,unfiltered,2043,ter,0.26291636985636857,659,-0.08263560790284064
proteomics,schmidt_2016,rel0_abs0,all,unfiltered,2043,oriC,0.01630552213811695,714,-0.06538290068425465
proteomics,schmidt_2016,rel0_abs0,all,unfiltered,2043,ter,0.0010200363043457719,659,-0.07789910847094146
proteomics,schmidt_2016,rel0_abs0,all,unfiltered,2043,oriC,0.055446111556402555,714,0.022466207813813782
proteomics,schmidt_2016,rel0_abs0,all,unfiltered,2043,ter,0.799391054781814,659,-0.0512688311209044
proteomics,schmidt_2016,rel0_abs0,all,unfiltered,2043,oriC,0.2727289334588458,714,-0.07431814604362208
proteomics,schmidt_2016,rel0_abs0,all,unfiltered,2043,ter,9.000078661117822e-14,659,-0.25603066451421697
proteomics,schmidt_2016,rel0_abs0,all,unfiltered,2043,oriC,0.9762694804603704,714,-0.026785609237773192
proteomics,schmidt_2016,rel0_abs0,all,unfiltered,2043,ter,1.8717497214054393e-13,659,-0.3065803372038753
proteomics,schmidt_2016,rel0_abs0,all,unfiltered,2043,oriC,0.2740794151471239,714,0.035187100297748394
proteomics,schmidt_2016,rel0_abs0,all,unfiltered,2043,ter,0.435272928402048,659,0.0383227719677413
proteomics,schmidt_2016,rel0_abs0,all,unfiltered,2043,oriC,0.02292537258200809,714,-0.1061880297455579
proteomics,schmidt_2016,rel0_abs0,all,unfiltered,2043,ter,0.8998177659391235,659,-0.04432721863733105
proteomics,schmidt_2016,rel0_abs0,all,unfiltered,2043,oriC,0.010627159010109513,714,0.017703085074433147
proteomics,schmidt_2016,rel0_abs0,all,unfiltered,2043,ter,0.6017593506399792,659,0.003314429834273191
proteomics,schmidt_2016,rel0_abs0,all,unfiltered,2043,oriC,0.0047551857239726365,714,0.062085933179663946
proteomics,schmidt_2016,rel0_abs0,all,unfiltered,2043,ter,0.14951155190286536,659,0.03126599981498236
proteomics,schmidt_2016,rel0_abs0,all,unfiltered,2043,oriC,0.7880805835116587,714,-0.05133259832858507
proteomics,schmidt_2016,rel0_abs0,all,unfiltered,2043,ter,0.14675852944639334,659,-0.011634070795517515
proteomics,schmidt_2016,rel0_abs0,all,unfiltered,2043,oriC,0.13319061284232278,714,0.010400831568912318
proteomics,schmidt_2016,rel0_abs0,all,unfiltered,2043,ter,0.26527823462130046,659,-0.01521896951362994
proteomics,schmidt_2016,rel0_abs0,all,unfiltered,2043,oriC,1.8000739094638492e-5,714,0.0944730190442018
proteomics,schmidt_2016,rel0_abs0,all,unfiltered,2043,ter,0.026423839541565814,659,0.03820962488935356
proteomics,schmidt_2016,rel0_abs0,all,unfiltered,2043,oriC,0.6262561785977621,714,-0.007154177775017712
proteomics,schmidt_2016,rel0_abs0,all,unfiltered,2043,ter,4.963647465155014e-8,659,-0.2072656642046938
proteomics,schmidt_2016,rel0_abs0,all,unfiltered,2043,oriC,0.2885765522968718,714,7.726697548664751e-4
proteomics,schmidt_2016,rel0_abs0,all,unfiltered,2043,ter,3.4542217155151546e-10,659,-0.2994802113172324
proteomics,schmidt_2016,rel0_abs0,all,unfiltered,2043,oriC,0.068050190449143,714,-0.15243166911865086
proteomics,schmidt_2016,rel0_abs0,all,unfiltered,2043,ter,0.4936734928287802,659,-0.1394300451847355
proteomics,schmidt_2016,rel0_abs0,all,unfiltered,2043,oriC,0.71204828086608285,714,-0.016261402553549336
proteomics,schmidt_2016,rel0_abs0,all,unfiltered,2043,ter,0.33000689693689705,659,-0.05587793859726264
proteomics,schmidt_2016,rel0_abs0,all,unfiltered,2043,oriC,0.32174694540478166,714,-0.024320598165047537
proteomics,schmidt_2016,rel0_abs0,all,unfiltered,2043,ter,0.7338262904865107,659,-0.0219192377584854
proteomics,schmidt_2016,rel0_abs0,all,unfiltered,2043,oriC,0.08202361870905532,714,-0.14932613978960033
proteomics,schmidt_2016,rel0_abs0,all,unfiltered,2043,ter,0.48788171273402126,659,-0.08062714814173769
proteomics,schmidt_2016,rel0_abs0,all,unfiltered,2043,oriC,0.5539576076733994,714,-0.08018367213633029
proteomics,schmidt_2016,rel0_abs0,all,unfiltered,2043,ter,0.003483706138085286,659,-0.07529490778022101
proteomics,schmidt_2016,rel0_abs0,all,unfiltered,2043,oriC,0.0191823760605422,714,0.05972975714615633
proteomics,schmidt_2016,rel0_abs0,all,unfiltered,2043,ter,0.9899637314791917,659,-0.05833837516571256
proteomics,schmidt_2016,rel0_abs0,all,unfiltered,2043,oriC,0.45587904243315386,714,-0.09347506512174732
proteomics,schmidt_2016,rel0_abs0,all,unfiltered,2043,ter,4.480301963600478e-14,659,-0.34222203143580643
proteomics,schmidt_2016,rel0_abs0,all,unfiltered,2043,oriC,0.7942288308337968,714,-0.0360562804515432
proteomics,schmidt_2016,rel0_abs0,all,unfiltered,2043,ter,1.2370367673446676e-15,659,-0.3805488578282159
proteomics,schmidt_2016,rel0_abs0,all,unfiltered,2043,oriC,9.865077820525715e-9,714,0.18116788277020424
proteomics,schmidt_2016,rel0_abs0,all,unfiltered,2043,ter,0.08851777790386364,659,0.07371911764045296
proteomics,schmidt_2016,rel0_abs0,all,unfiltered,2043,oriC,0.31689924074101167,714,0.03256776410318558
proteomics,schmidt_2016,rel0_abs0,all,unfiltered,2043,ter,0.11681687229210999,659,0.04225253383024153
proteomics,schmidt_2016,rel0_abs0,all,unfiltered,2043,oriC,0.0026455395033499105,714,0.1801769861109816
proteomics,schmidt_2016,rel0_abs0,all,unfiltered,2043,ter,0.6100450903115955,659,0.020470553278292773
proteomics,schmidt_2016,rel0_abs0,all,unfiltered,2043,oriC,2.1092549164811664e-10,714,0.20463733105524015
proteomics,schmidt_2016,rel0_abs0,all,unfiltered,2043,ter,0.6795631670725011,659,0.017783117111571534
proteomics,schmidt_2016,rel0_abs0,all,unfiltered,2043,oriC,0.003032137274244277,714,0.12349723166901432
proteomics,schmidt_2016,rel0_abs0,all,unfiltered,2043,ter,9.05734630309293e-4,659,-0.19927020836620682
proteomics,schmidt_2016,rel0_abs0,all,unfiltered,2043,oriC,1.526902988752186e-4,714,0.22061616118595653
proteomics,schmidt_2016,rel0_abs0,all,unfiltered,2043,ter,1.0539639713555124e-5,659,-0.18052397397994085
proteomics,schmidt_2016,rel0_abs0,all,unfiltered,2043,oriC,0.7996891354038729,714,-0.002227633246556057
proteomics,schmidt_2016,rel0_abs0,all,unfiltered,2043,ter,0.07358685011863339,659,0.03776434890594439
proteomics,schmidt_2016,rel0_abs0,all,unfiltered,2043,oriC,1.6481933930427228e-4,714,-0.1067888998544137
proteomics,schmidt_2016,rel0_abs0,all,unfiltered,2043,ter,0.3473519513245644,659,-0.06773236172347362
proteomics,schmidt_2016,rel0_abs0,all,unfiltered,2043,oriC,0.6252282508258913,714,-0.007657852833190625
proteomics,schmidt_2016,rel0_abs0,all,unfiltered,2043,ter,0.5828133810809699,659,0.0024458125667326746
proteomics,schmidt_2016,rel0_abs0,all,unfiltered,2043,oriC,1.6362626494491501e-4,714,0.08461768969673975
proteomics,schmidt_2016,rel0_abs0,all,unfiltered,2043,ter,0.11175250178626449,659,0.01660767380674925
proteomics,schmidt_2016,rel0_abs0,all,unfiltered,2043,oriC,0.5624922498735577,714,-0.010238491897377834
proteomics,schmidt_2016,rel0_abs0,all,unfiltered,2043,ter,5.466386657908956e-7,659,-0.19851603005583235
proteomics,schmidt_2016,rel0_abs0,all,unfiltered,2043,oriC,0.07783841514945056,714,0.06828655450148852
proteomics,schmidt_2016,rel0_abs0,all,unfiltered,2043,ter,4.828399981646093e-8,659,-0.23623331939912992
proteomics,schmidt_2016,rel0_abs0,all,unfiltered,2043,oriC,1.645000342018369e-6,714,-0.14985842370460836
proteomics,schmidt_2016,rel0_abs0,all,unfiltered,2043,ter,0.15113558053492449,659,-0.0561540399204825
proteomics,schmidt_2016,rel0_abs0,all,unfiltered,2043,oriC,0.09507133450135825,714,-0.021907562099420484
proteomics,schmidt_2016,rel0_abs0,all,unfiltered,2043,ter,0.0023874825257176103,659,-0.07684189673987572
proteomics,schmidt_2016,rel0_abs0,all,unfiltered,2043,oriC,0.021260062677386077,714,0.0590079026790543
proteomics,schmidt_2016,rel0_abs0,all,unfiltered,2043,ter,0.49393175676607537,659,-0.03286422779278436
proteomics,schmidt_2016,rel0_abs0,all,unfiltered,2043,oriC,0.504816105498429,714,-0.029273038492977535
proteomics,schmidt_2016,rel0_abs0,all,unfiltered,2043,ter,2.065557505724013e-12,659,-0.23990514253562562
proteomics,schmidt_2016,rel0_abs0,all,unfiltered,2043,oriC,0.02070561383552999,714,0.04383025434887634
proteomics,schmidt_2016,rel0_abs0,all,unfiltered,2043,ter,5.3558833637269596e-12,659,-0.24374275644988705
proteomics,schmidt_2016,rel0_abs0,all,unfiltered,2043,oriC,0.0011136941564647814,714,0.12828017524212962
proteomics,schmidt_2016,rel0_abs0,all,unfiltered,2043,ter,0.5918274999865749,659,0.01410179543064478
proteomics,schmidt_2016,rel0_abs0,all,unfiltered,2043,oriC,5.4421874959395495e-11,714,0.18841585295835309
proteomics,schmidt_2016,rel0_abs0,all,unfiltered,2043,ter,0.7355212483946914,659,0.03128471815635903
proteomics,schmidt_2016,rel0_abs0,all,unfiltered,2043,oriC,0.0033600721125984557,714,0.13944831670865165
proteomics,schmidt_2016,rel0_abs0,all,unfiltered,2043,ter,2.618589415687482e-5,659,-0.1466320137286395
proteomics,schmidt_2016,rel0_abs0,all,unfiltered,2043,oriC,9.554039399890049e-5,714,0.20632075925980906
proteomics,schmidt_2016,rel0_abs0,all,unfiltered,2043,ter,6.551784724985123e-7,659,-0.20582367070148613
proteomics,schmidt_2016,rel0_abs0,all,unfiltered,2043,oriC,0.015352674408757776,714,0.07037618690558672
proteomics,schmidt_2016,rel0_abs0,all,unfiltered,2043,ter,0.0686878268819374,659,0.009463907397889361
proteomics,schmidt_2016,rel0_abs0,all,unfiltered,2043,oriC,0.11922211636808945,714,0.01586926946897184
proteomics,schmidt_2016,rel0_abs0,all,unfiltered,2043,ter,7.001802164577065e-7,659,-0.15888301666135418
proteomics,schmidt_2016,rel0_abs0,all,unfiltered,2043,oriC,0.0030934687244827948,714,0.09990137558959886
proteomics,schmidt_2016,rel0_abs0,all,unfiltered,2043,ter,4.421212963441763e-9,659,-0.24410524993987515
proteomics,schmidt_2016,rel0_abs0,all,unfiltered,2043,oriC,0.031808912250029873,714,-0.12518132996121792
proteomics,schmidt_2016,rel0_abs0,all,unfiltered,2043,ter,2.2672972760121158e-8,659,-0.19193046649619494
proteomics,schmidt_2016,rel0_abs0,all,unfiltered,2043,oriC,0.5476588981690489,714,-0.002510161144689063
proteomics,schmidt_2016,rel0_abs0,all,unfiltered,2043,ter,5.929814502401737e-8,659,-0.2590436794038786
proteomics,schmidt_2016,rel0_abs0,all,unfiltered,2043,oriC,0.020665786541854442,714,0.07813703232413444
proteomics,schmidt_2016,rel0_abs0,all,unfiltered,2043,ter,3.0433205938134607e-4,659,-0.02430925871414683
proteomics,peebo_2015,rel0_abs0,all,unfiltered,1272,oriC,0.39660078421853906,452,0.006117082010808692
proteomics,peebo_2015,rel0_abs0,all,unfiltered,1272,ter,0.3505557810405339,391,0.0012267715960306304
proteomics,peebo_2015,rel0_abs0,all,unfiltered,1280,oriC,0.002608156939392231,461,0.042709925581461784
proteomics,peebo_2015,rel0_abs0,all,unfiltered,1280,ter,0.6126955324531982,383,0.0020973621475566077
proteomics,peebo_2015,rel0_abs0,all,unfiltered,1198,oriC,0.0037563381758897196,420,0.04258454229742483
proteomics,peebo_2015,rel0_abs0,all,unfiltered,1198,ter,0.20350460678022753,371,-0.047950435205677704
proteomics,peebo_2015,rel0_abs0,all,unfiltered,1222,oriC,2.5054445317260597e-5,435,0.05155040172393693
proteomics,peebo_2015,rel0_abs0,all,unfiltered,1222,ter,0.010697315124984643,374,-0.05546228762233969
proteomics,peebo_2015,rel0_abs0,all,unfiltered,1234,oriC,2.103939618146605e-5,438,0.043008978924283583
proteomics,peebo_2015,rel0_abs0,all,unfiltered,1234,ter,0.0464456852351914,376,-0.012958641280584111
proteomics,peebo_2015,rel0_abs0,all,unfiltered,1248,oriC,2.4974363809684698e-5,443,0.04414473266533422
proteomics,peebo_2015,rel0_abs0,all,unfiltered,1248,ter,0.12617573019250825,378,-0.005386322951723029
proteomics,peebo_2015,rel0_abs0,all,unfiltered,1213,oriC,0.11117915225050246,425,-0.02202797985025456
proteomics,peebo_2015,rel0_abs0,all,unfiltered,1213,ter,8.781999159300245e-10,370,-0.1587252840139643
proteomics,peebo_2015,rel0_abs0,all,unfiltered,1240,oriC,1.197719862441798e-5,442,0.08993153808728369
proteomics,peebo_2015,rel0_abs0,all,unfiltered,1240,ter,0.061381153472672395,375,-0.0225833676820533
proteomics,peebo_2015,rel0_abs0,all,unfiltered,1239,oriC,6.45951586382395e-5,434,0.10902018078159931
proteomics,peebo_2015,rel0_abs0,all,unfiltered,1239,ter,0.05678929311889295,380,-0.009890135159324145
proteomics,peebo_2015,rel0_abs0,all,unfiltered,1270,oriC,0.008677908434405576,456,0.014555759777945024
proteomics,peebo_2015,rel0_abs0,all,unfiltered,1270,ter,1.1460788210360977e-5,384,-0.128356763380162
proteomics,peebo_2015,rel0_abs0,all,unfiltered,1196,oriC,0.5043160497237471,421,-0.07166285043547337
proteomics,peebo_2015,rel0_abs0,all,unfiltered,1196,ter,3.035496316309249e-12,367,-0.2927887351961364
proteomics,peebo_2015,rel0_abs0,all,unfiltered,1235,oriC,2.843402932892893e-5,438,0.11033525988047177
proteomics,peebo_2015,rel0_abs0,all,unfiltered,1235,ter,0.005741805587010062,371,-0.09567637904173346
proteomics,peebo_2015,rel0_abs0,all,unfiltered,1274,oriC,7.771122650399452e-6,444,0.1365210245907557
proteomics,peebo_2015,rel0_abs0,all,unfiltered,1274,ter,0.03543521450364519,392,-0.021794206315865892
proteomics,peebo_2015,rel0_abs0,all,unfiltered,1221,oriC,7.875041327940965e-5,433,0.12012334953837335
proteomics,peebo_2015,rel0_abs0,all,unfiltered,1221,ter,0.016416401348545932,373,-0.12047263308145509
proteomics,peebo_2015,rel0_abs0,all,unfiltered,1249,oriC,0.003439129925931637,442,0.054969067437764405
proteomics,peebo_2015,rel0_abs0,all,unfiltered,1249,ter,3.4064377889050204e-9,384,-0.21072911757231877
proteomics,peebo_2015,rel0_abs0,all,unfiltered,1190,oriC,0.6576225984027892,416,-0.10576736960981084
proteomics,peebo_2015,rel0_abs0,all,unfiltered,1190,ter,7.30989248922771e-13,363,-0.34691929157946716
proteomics,peebo_2015,rel0_abs0,all,unfiltered,1256,oriC,0.10372628661637859,442,-0.0031503709908996297
proteomics,peebo_2015,rel0_abs0,all,unfiltered,1256,ter,1.3839798644630628e-10,382,-0.28466527272585207
proteomics,peebo_2015,rel0_abs0,all,unfiltered,1194,oriC,0.6150042662983141,418,-0.16362994546200166
proteomics,peebo_2015,rel0_abs0,all,unfiltered,1194,ter,1.4365646535408476e-13,364,-0.4782765315897558
proteomics,peebo_2015,rel0_abs0,all,unfiltered,1245,oriC,0.19557047808786665,439,-0.022231349633386292
proteomics,peebo_2015,rel0_abs0,all,unfiltered,1245,ter,3.677474215674839e-8,381,-0.2913154271668957
proteomics,peebo_2015,rel0_abs0,all,unfiltered,1203,oriC,0.7344053722028356,419,-0.1270875556822875
proteomics,peebo_2015,rel0_abs0,all,unfiltered,1203,ter,2.008703949197151e-12,369,-0.5932762541982679
proteomics,peebo_2015,rel0_abs0,all,unfiltered,1251,oriC,0.03189995939686169,440,0.07409803273475557
proteomics,peebo_2015,rel0_abs0,all,unfiltered,1251,ter,9.743773316843316e-8,383,-0.28934621571204355
proteomics,peebo_2015,rel0_abs0,all,unfiltered,1196,oriC,0.7944983259962457,422,-0.17034147119023807
proteomics,peebo_2015,rel0_abs0,all,unfiltered,1196,ter,3.6859407418696684e-10,366,-0.7516434505264382
proteomics,peebo_2015,rel0_abs0,all,unfiltered,1238,oriC,0.0020405603849602888,447,0.0355285672061565
proteomics,peebo_2015,rel0_abs0,all,unfiltered,1238,ter,0.01852483843217703,378,-0.04551789229588575
proteomics,peebo_2015,rel0_abs0,all,unfiltered,1241,oriC,0.001755927933027367,443,0.023771562064583796
proteomics,peebo_2015,rel0_abs0,all,unfiltered,1241,ter,0.1554793824704009,383,-0.011522238271050247
proteomics,peebo_2015,rel0_abs0,all,unfiltered,1288,oriC,5.958862795140428e-4,463,0.045145484171841194
proteomics,peebo_2015,rel0_abs0,all,unfiltered,1288,ter,0.09074115291856298,391,-0.013570460944206572
proteomics,peebo_2015,rel0_abs0,all,unfiltered,1229,oriC,0.44923780344713676,440,-0.0470809000002939
proteomics,peebo_2015,rel0_abs0,all,unfiltered,1229,ter,2.5757341329978615e-9,373,-0.1860621952882399
proteomics,peebo_2015,rel0_abs0,all,unfiltered,1253,oriC,6.034231801232457e-4,447,0.05952534773832008
proteomics,peebo_2015,rel0_abs0,all,unfiltered,1253,ter,0.04434436975203866,384,-0.035703928597344226
proteomics,peebo_2015,rel0_abs0,all,unfiltered,1276,oriC,0.0010505343991380788,457,0.06723364632056901
proteomics,peebo_2015,rel0_abs0,all,unfiltered,1276,ter,0.027476608864751065,388,-0.04185837218025763
proteomics,peebo_2015,rel0_abs0,all,unfiltered,1285,oriC,0.10591114531391661,463,-0.02083092660382409
proteomics,peebo_2015,rel0_abs0,all,unfiltered,1285,ter,5.483138213569107e-6,395,-0.16192558874013827
proteomics,peebo_2015,rel0_abs0,all,unfiltered,1222,oriC,0.7178090826771788,440,-0.11936784284235427
proteomics,peebo_2015,rel0_abs0,all,unfiltered,1222,ter,2.343340866314877e-12,375,-0.29647609981932327
proteomics,peebo_2015,rel0_abs0,all,unfiltered,1248,oriC,6.318434956280516e-4,449,0.06574608234691905
proteomics,peebo_2015,rel0_abs0,all,unfiltered,1248,ter,0.0021170615264895316,378,-0.09971520178635701
proteomics,peebo_2015,rel0_abs0,all,unfiltered,1287,oriC,1.6465568121745009e-4,460,0.09805297046211302
proteomics,peebo_2015,rel0_abs0,all,unfiltered,1287,ter,0.028903429027251248,396,-0.04684054016865145
proteomics,peebo_2015,rel0_abs0,all,unfiltered,1233,oriC,0.002305033213216959,443,0.0663058977409924
proteomics,peebo_2015,rel0_abs0,all,unfiltered,1233,ter,0.012066344818695311,378,-0.15283952922812966
proteomics,peebo_2015,rel0_abs0,all,unfiltered,1263,oriC,0.09255054197458204,451,-0.004674961187746237
proteomics,peebo_2015,rel0_abs0,all,unfiltered,1263,ter,1.6285025547568894e-10,388,-0.2517189139227753
proteomics,peebo_2015,rel0_abs0,all,unfiltered,1215,oriC,0.7576434511094472,433,-0.155769750124645
proteomics,peebo_2015,rel0_abs0,all,unfiltered,1215,ter,5.963871969916837e-13,374,-0.41801825420877003
proteomics,peebo_2015,rel0_abs0,all,unfiltered,1295,oriC,0.325434718594173,465,-0.04751069284115119
proteomics,peebo_2015,rel0_abs0,all,unfiltered,1295,ter,3.4582018668298483e-10,395,-0.3131684289228827
proteomics,peebo_2015,rel0_abs0,all,unfiltered,1223,oriC,0.8982442726633022,435,-0.19071105220850468
proteomics,peebo_2015,rel0_abs0,all,unfiltered,1223,ter,4.4278954135278974e-14,376,-0.5771076225872698
proteomics,peebo_2015,rel0_abs0,all,unfiltered,1274,oriC,0.36381514499355816,455,-0.038253902846717286
proteomics,peebo_2015,rel0_abs0,all,unfiltered,1274,ter,1.0146840760022295e-7,390,-0.31096895155308335
proteomics,peebo_2015,rel0_abs0,all,unfiltered,1223,oriC,0.770681268790619,437,-0.14922407125605
proteomics,peebo_2015,rel0_abs0,all,unfiltered,1223,ter,9.645743832827559e-13,377,-0.6438133415697339
proteomics,peebo_2015,rel0_abs0,all,unfiltered,1290,oriC,0.1450511926087472,459,-0.012590204513828638
proteomics,peebo_2015,rel0_abs0,all,unfiltered,1290,ter,1.250850793222745e-7,397,-0.314430251814106
proteomics,peebo_2015,rel0_abs0,all,unfiltered,1220,oriC,0.743903061257118,437,-0.25466942269975373
proteomics,peebo_2015,rel0_abs0,all,unfiltered,1220,ter,1.910889109593169e-10,373,-0.7763333255999362
proteomics,peebo_2015,rel0_abs0,all,unfiltered,1253,oriC,0.017566200860032313,457,0.01929030517720307
proteomics,peebo_2015,rel0_abs0,all,unfiltered,1253,ter,0.3806113302360625,370,0.011608759537119213
proteomics,peebo_2015,rel0_abs0,all,unfiltered,1254,oriC,0.6957399437417771,455,-0.01421089847357482
proteomics,peebo_2015,rel0_abs0,all,unfiltered,1254,ter,0.22447771826181703,375,-0.004999723757854534
proteomics,peebo_2015,rel0_abs0,all,unfiltered,1301,oriC,0.4817404832195152,469,0.003017913078647719
proteomics,peebo_2015,rel0_abs0,all,unfiltered,1301,ter,0.5311643191653254,390,-9.090426159505119e-4
proteomics,peebo_2015,rel0_abs0,all,unfiltered,1245,oriC,0.49463547187800433,453,-0.03934673120621064
proteomics,peebo_2015,rel0_abs0,all,unfiltered,1245,ter,2.450437024892116e-4,367,-0.09921371123144535
proteomics,peebo_2015,rel0_abs0,all,unfiltered,1268,oriC,0.1351486769671745,462,0.037952094732867314
proteomics,peebo_2015,rel0_abs0,all,unfiltered,1268,ter,0.2906435639492525,376,0.00828639116325931
proteomics,peebo_2015,rel0_abs0,all,unfiltered,1292,oriC,0.14386056264370745,468,0.030330346645756824
proteomics,peebo_2015,rel0_abs0,all,unfiltered,1292,ter,0.38963601091076155,386,0.009174086686648346
proteomics,peebo_2015,rel0_abs0,all,unfiltered,1301,oriC,0.05780645138332802,476,0.02091232208755337
proteomics,peebo_2015,rel0_abs0,all,unfiltered,1301,ter,0.006947842690671449,389,-0.04018332037341286
proteomics,peebo_2015,rel0_abs0,all,unfiltered,1241,oriC,0.7869533952915184,451,-0.15051674874244925
proteomics,peebo_2015,rel0_abs0,all,unfiltered,1241,ter,4.1821808363782035e-6,367,-0.18361766893892376
proteomics,peebo_2015,rel0_abs0,all,unfiltered,1266,oriC,0.06085108124346077,461,0.046536019150929316
proteomics,peebo_2015,rel0_abs0,all,unfiltered,1266,ter,0.09476605220318257,372,-0.0324825296054707
proteomics,peebo_2015,rel0_abs0,all,unfiltered,1298,oriC,0.0574045989058546,464,0.04955925323853356
proteomics,peebo_2015,rel0_abs0,all,unfiltered,1298,ter,0.09795871562470858,391,-0.02098245440014265
proteomics,peebo_2015,rel0_abs0,all,unfiltered,1258,oriC,0.11861254889051583,462,0.011706636205583116
proteomics,peebo_2015,rel0_abs0,all,unfiltered,1258,ter,0.07714284125244263,371,-0.07388274209867329
proteomics,peebo_2015,rel0_abs0,all,unfiltered,1281,oriC,0.07795945996028397,463,0.002355497088590428
proteomics,peebo_2015,rel0_abs0,all,unfiltered,1281,ter,4.325935897098969e-5,382,-0.1211018967539941
proteomics,peebo_2015,rel0_abs0,all,unfiltered,1238,oriC,0.9669465356477265,449,-0.15138736721900664
proteomics,peebo_2015,rel0_abs0,all,unfiltered,1238,ter,1.294514961664513e-6,367,-0.2989477466540483
proteomics,peebo_2015,rel0_abs0,all,unfiltered,1293,oriC,0.1532561868963795,469,-0.02556655269709696
proteomics,peebo_2015,rel0_abs0,all,unfiltered,1293,ter,4.756162256697817e-7,384,-0.222630045620673
proteomics,peebo_2015,rel0_abs0,all,unfiltered,1238,oriC,0.8359212441750963,452,-0.24329914661882263
proteomics,peebo_2015,rel0_abs0,all,unfiltered,1238,ter,9.73011635746321e-9,362,-0.4162974907607788
proteomics,peebo_2015,rel0_abs0,all,unfiltered,1289,oriC,0.5034100249301046,465,-0.056940414358096464
proteomics,peebo_2015,rel0_abs0,all,unfiltered,1289,ter,8.80120414260772e-5,388,-0.22606326529187265
proteomics,peebo_2015,rel0_abs0,all,unfiltered,1243,oriC,0.820305683358389,450,-0.1885165255132289
proteomics,peebo_2015,rel0_abs0,all,unfiltered,1243,ter,5.314376588420867e-9,369,-0.4770458383024283
proteomics,peebo_2015,rel0_abs0,all,unfiltered,1299,oriC,0.2521097565955259,470,-0.005362832745929799
proteomics,peebo_2015,rel0_abs0,all,unfiltered,1299,ter,1.8590011855576416e-5,391,-0.22414089735322626
proteomics,peebo_2015,rel0_abs0,all,unfiltered,1243,oriC,0.551797454014808,452,-0.3275837434228724
proteomics,peebo_2015,rel0_abs0,all,unfiltered,1243,ter,3.430190040645253e-9,367,-0.6817618356673738
proteomics,peebo_2015,rel0_abs0,all,unfiltered,1058,oriC,0.4851061751146027,378,-0.013556543927745624
proteomics,peebo_2015,rel0_abs0,all,unfiltered,1058,ter,0.08979147869124314,325,-0.042059631816456486
proteomics,peebo_2015,rel0_abs0,all,unfiltered,1143,oriC,0.04074639765641107,411,0.037443393138589125
proteomics,peebo_2015,rel0_abs0,all,unfiltered,1143,ter,0.6089169050799199,349,0.02003840752524549
proteomics,peebo_2015,rel0_abs0,all,unfiltered,1223,oriC,9.599079018883816e-5,434,0.14546345555056434
proteomics,peebo_2015,rel0_abs0,all,unfiltered,1223,ter,0.30781790548447086,372,0.0778809063816027
proteomics,peebo_2015,rel0_abs0,all,unfiltered,1045,oriC,0.005338288858591808,371,0.029461585080053164
proteomics,peebo_2015,rel0_abs0,all,unfiltered,1045,ter,0.010851606939142269,322,-0.08577351442902542
proteomics,peebo_2015,rel0_abs0,all,unfiltered,1167,oriC,2.369802664383903e-5,421,0.20255143385643415
proteomics,peebo_2015,rel0_abs0,all,unfiltered,1167,ter,0.6835814861030232,353,0.05002122444475947
proteomics,peebo_2015,rel0_abs0,all,unfiltered,1216,oriC,2.547412231789127e-5,426,0.24635660289752917
proteomics,peebo_2015,rel0_abs0,all,unfiltered,1216,ter,0.5114991819831585,372,0.1206591238418418
proteomics,peebo_2015,rel0_abs0,all,unfiltered,1226,oriC,8.789598009108848e-6,442,0.1860955567345586
proteomics,peebo_2015,rel0_abs0,all,unfiltered,1226,ter,0.48745864233439296,375,-0.016563047285306835
proteomics,peebo_2015,rel0_abs0,all,unfiltered,1006,oriC,0.015939123474822618,356,0.030902211101040147
proteomics,peebo_2015,rel0_abs0,all,unfiltered,1006,ter,6.135955883279937e-4,313,-0.10823806348986405
proteomics,peebo_2015,rel0_abs0,all,unfiltered,1160,oriC,5.0457435353587736e-5,415,0.21653263026374492
proteomics,peebo_2015,rel0_abs0,all,unfiltered,1160,ter,0.9132912873299257,348,0.07148107556267413
proteomics,peebo_2015,rel0_abs0,all,unfiltered,1203,oriC,2.1868701098151036e-5,424,0.28875065956572
proteomics,peebo_2015,rel0_abs0,all,unfiltered,1203,ter,0.8488647126622498,372,0.11744698120883645
proteomics,peebo_2015,rel0_abs0,all,unfiltered,1117,oriC,1.8730810961034512e-4,406,0.21420239103239203
proteomics,peebo_2015,rel0_abs0,all,unfiltered,1117,ter,0.5740789003235662,337,0.009534101586449871
proteomics,peebo_2015,rel0_abs0,all,unfiltered,1183,oriC,4.748019110894486e-6,424,0.2184711083463965
proteomics,peebo_2015,rel0_abs0,all,unfiltered,1183,ter,0.07488079654464659,363,-0.021791725173073196
proteomics,peebo_2015,rel0_abs0,all,unfiltered,1023,oriC,0.01057421135105305,356,0.05337506187800237
proteomics,peebo_2015,rel0_abs0,all,unfiltered,1023,ter,5.214079840269623e-4,318,-0.11621770334206388
proteomics,peebo_2015,rel0_abs0,all,unfiltered,1222,oriC,2.9645949562224693e-5,437,0.3111237227934855
proteomics,peebo_2015,rel0_abs0,all,unfiltered,1222,ter,0.0012664093539012638,368,-0.07677394070191404
proteomics,peebo_2015,rel0_abs0,all,unfiltered,997,oriC,0.018558621467726757,359,0.05575334260498031
proteomics,peebo_2015,rel0_abs0,all,unfiltered,997,ter,4.137477905283689e-6,304,-0.24462809692354565
proteomics,peebo_2015,rel0_abs0,all,unfiltered,1205,oriC,4.481416242016514e-4,429,0.28532279078263434
proteomics,peebo_2015,rel0_abs0,all,unfiltered,1205,ter,0.01670920733742048,371,-0.04096750877509516
proteomics,peebo_2015,rel0_abs0,all,unfiltered,1030,oriC,0.020096706813857536,367,0.09023928270158292
proteomics,peebo_2015,rel0_abs0,all,unfiltered,1030,ter,5.690974378530648e-6,316,-0.25983282256608764
proteomics,peebo_2015,rel0_abs0,all,unfiltered,1217,oriC,4.243956025215415e-5,432,0.2826856035928918
proteomics,peebo_2015,rel0_abs0,all,unfiltered,1217,ter,0.012060059978510871,373,-0.021814266773895575
proteomics,peebo_2015,rel0_abs0,all,unfiltered,1008,oriC,0.05688580572171168,360,0.0683348296228107
proteomics,peebo_2015,rel0_abs0,all,unfiltered,1008,ter,3.038895517570602e-6,314,-0.3814156425529319
proteomics,peebo_2015,rel0_abs0,all,unfiltered,1179,oriC,0.7997119981362095,431,0.004832011708060419
proteomics,peebo_2015,rel0_abs0,all,unfiltered,1179,ter,0.9722886142416666,356,0.009946200525296246
proteomics,peebo_2015,rel0_abs0,all,unfiltered,1251,oriC,0.022948152385534656,456,0.07874779363836394
proteomics,peebo_2015,rel0_abs0,all,unfiltered,1251,ter,0.263565129449458,374,0.05840054334614999
proteomics,peebo_2015,rel0_abs0,all,unfiltered,1087,oriC,0.03879312690828646,392,0.01919128631188986
proteomics,peebo_2015,rel0_abs0,all,unfiltered,1087,ter,0.018773635187413453,324,-0.023403392864682487
proteomics,peebo_2015,rel0_abs0,all,unfiltered,1196,oriC,0.002804483450662096,439,0.10229733890137066
proteomics,peebo_2015,rel0_abs0,all,unfiltered,1196,ter,0.6894391391083952,356,0.030467464129300716
proteomics,peebo_2015,rel0_abs0,all,unfiltered,1248,oriC,0.002073380731483151,449,0.13722015813844562
proteomics,peebo_2015,rel0_abs0,all,unfiltered,1248,ter,0.7495194643611163,377,0.07620990351519864
proteomics,peebo_2015,rel0_abs0,all,unfiltered,1248,oriC,1.238232016363493e-4,457,0.09503747275747224
proteomics,peebo_2015,rel0_abs0,all,unfiltered,1248,ter,0.1892606988366002,372,-0.009388754421881059
proteomics,peebo_2015,rel0_abs0,all,unfiltered,1057,oriC,0.07533043896759109,380,0.02206019191059507
proteomics,peebo_2015,rel0_abs0,all,unfiltered,1057,ter,1.7996613381562615e-5,315,-0.08469457589380004
proteomics,peebo_2015,rel0_abs0,all,unfiltered,1190,oriC,0.0035410385110689396,434,0.15507021927702971
proteomics,peebo_2015,rel0_abs0,all,unfiltered,1190,ter,0.5537925727840797,353,0.05259700394083594
proteomics,peebo_2015,rel0_abs0,all,unfiltered,1229,oriC,0.0012317729525147618,443,0.19947542355913958
proteomics,peebo_2015,rel0_abs0,all,unfiltered,1229,ter,0.668919233645576,372,0.10390961154305611
proteomics,peebo_2015,rel0_abs0,all,unfiltered,1158,oriC,0.006084796100637945,427,0.1464728980882324
proteomics,peebo_2015,rel0_abs0,all,unfiltered,1158,ter,0.45729583963790127,345,0.021403369304609843
proteomics,peebo_2015,rel0_abs0,all,unfiltered,1198,oriC,6.0937951229537144e-5,436,0.10354337263812387
proteomics,peebo_2015,rel0_abs0,all,unfiltered,1198,ter,0.00910228714551023,361,-0.054100749638846174
proteomics,peebo_2015,rel0_abs0,all,unfiltered,1074,oriC,0.11400437985740051,382,-0.016003678370676896
proteomics,peebo_2015,rel0_abs0,all,unfiltered,1074,ter,8.009459451206028e-5,324,-0.17642683882734056
proteomics,peebo_2015,rel0_abs0,all,unfiltered,1241,oriC,0.0013820343444257825,449,0.1301991640268063
proteomics,peebo_2015,rel0_abs0,all,unfiltered,1241,ter,9.015164895205925e-4,370,-0.08791321074434336
proteomics,peebo_2015,rel0_abs0,all,unfiltered,1058,oriC,0.11225943795288275,384,0.007884061193855828
proteomics,peebo_2015,rel0_abs0,all,unfiltered,1058,ter,2.3481227755178066e-6,316,-0.2422584443545866
proteomics,peebo_2015,rel0_abs0,all,unfiltered,1226,oriC,0.03284684708810859,446,0.11718358752029934
proteomics,peebo_2015,rel0_abs0,all,unfiltered,1226,ter,0.017446994865073357,367,-0.056392802271082704
proteomics,peebo_2015,rel0_abs0,all,unfiltered,1080,oriC,0.25013757529830866,392,-0.021737255067495534
proteomics,peebo_2015,rel0_abs0,all,unfiltered,1080,ter,9.44126286236501e-7,321,-0.2694049687344847
proteomics,peebo_2015,rel0_abs0,all,unfiltered,1240,oriC,0.010144607543337823,447,0.1787292889205047
proteomics,peebo_2015,rel0_abs0,all,unfiltered,1240,ter,0.001657396605904371,374,-0.04667522008011265
proteomics,peebo_2015,rel0_abs0,all,unfiltered,1067,oriC,0.4261306597478876,389,-0.06749967969931045
proteomics,peebo_2015,rel0_abs0,all,unfiltered,1067,ter,3.787654276239822e-7,322,-0.39254349543509304
proteomics,peebo_2015,rel0_abs0,all,unfiltered,1252,oriC,0.0030731965433236225,451,0.020278015801889038
proteomics,peebo_2015,rel0_abs0,all,unfiltered,1252,ter,0.538703454493793,376,-0.002767133767300402
proteomics,peebo_2015,rel0_abs0,all,unfiltered,1165,oriC,0.07694914066694412,422,-0.007162154248807093
proteomics,peebo_2015,rel0_abs0,all,unfiltered,1165,ter,1.725742081484433e-5,350,-0.09617879138381952
proteomics,peebo_2015,rel0_abs0,all,unfiltered,1199,oriC,5.554710372771986e-5,435,0.06479609137979733
proteomics,peebo_2015,rel0_abs0,all,unfiltered,1199,ter,0.40706124689364803,361,-0.012702315874633253
proteomics,peebo_2015,rel0_abs0,all,unfiltered,1244,oriC,1.55619763946949e-5,444,0.07294839723092644
proteomics,peebo_2015,rel0_abs0,all,unfiltered,1244,ter,0.825800598468812,377,0.048255475474596764
proteomics,peebo_2015,rel0_abs0,all,unfiltered,1260,oriC,0.025200362197754435,455,0.0015586918192951392
proteomics,peebo_2015,rel0_abs0,all,unfiltered,1260,ter,0.0046140850382006444,383,-0.08078081407990188
proteomics,peebo_2015,rel0_abs0,all,unfiltered,1153,oriC,0.9401161572566491,417,-0.12206403591709603
proteomics,peebo_2015,rel0_abs0,all,unfiltered,1153,ter,9.92907357325955e-10,350,-0.2118891053718382
proteomics,peebo_2015,rel0_abs0,all,unfiltered,1200,oriC,1.8627013421831077e-5,436,0.1102940517255736
proteomics,peebo_2015,rel0_abs0,all,unfiltered,1200,ter,0.08809493918894667,357,-0.04146910323762657
proteomics,peebo_2015,rel0_abs0,all,unfiltered,1246,oriC,5.621906753785116e-5,446,0.09955176454994755
proteomics,peebo_2015,rel0_abs0,all,unfiltered,1246,ter,0.20953336991194663,383,0.009121304293234204
proteomics,peebo_2015,rel0_abs0,all,unfiltered,1176,oriC,1.8894232069508805e-4,428,0.08132842355242542
proteomics,peebo_2015,rel0_abs0,all,unfiltered,1176,ter,0.07603990900359411,352,-0.08483240465343209
proteomics,peebo_2015,rel0_abs0,all,unfiltered,1227,oriC,0.00828442378462998,440,0.02089198039552649
proteomics,peebo_2015,rel0_abs0,all,unfiltered,1227,ter,6.032880737013569e-7,372,-0.17396171726427195
proteomics,peebo_2015,rel0_abs0,all,unfiltered,1144,oriC,0.6880509436294877,411,-0.09961156280804333
proteomics,peebo_2015,rel0_abs0,all,unfiltered,1144,ter,8.469941951943814e-11,349,-0.3112195535024266
proteomics,peebo_2015,rel0_abs0,all,unfiltered,1251,oriC,0.1428016636843292,450,-0.012952578232023275
proteomics,peebo_2015,rel0_abs0,all,unfiltered,1251,ter,1.512734808517091e-7,377,-0.24791987557008272
proteomics,peebo_2015,rel0_abs0,all,unfiltered,1145,oriC,0.7918215176223313,414,-0.10580579648783459
proteomics,peebo_2015,rel0_abs0,all,unfiltered,1145,ter,1.176397523826656e-11,345,-0.4091954643389808
proteomics,peebo_2015,rel0_abs0,all,unfiltered,1239,oriC,0.17331045938133055,448,-0.01637969922411233
proteomics,peebo_2015,rel0_abs0,all,unfiltered,1239,ter,8.109443802869571e-6,376,-0.21591897587958792
proteomics,peebo_2015,rel0_abs0,all,unfiltered,1157,oriC,0.9561158621258087,418,-0.1272434480540492
proteomics,peebo_2015,rel0_abs0,all,unfiltered,1157,ter,1.0813349118281202e-10,345,-0.48952203025840535
proteomics,peebo_2015,rel0_abs0,all,unfiltered,1249,oriC,0.06415933211539918,447,0.01791144246547712
proteomics,peebo_2015,rel0_abs0,all,unfiltered,1249,ter,1.8371559507881623e-5,380,-0.24355525978112558
proteomics,peebo_2015,rel0_abs0,all,unfiltered,1148,oriC,0.8760860016957831,417,-0.16467730726243243
proteomics,peebo_2015,rel0_abs0,all,unfiltered,1148,ter,4.253085850114825e-9,344,-0.6255596869793001
proteomics,peebo_2015,rel0_abs0,all,unfiltered,1236,oriC,0.06656053966801881,443,-4.129135644546244e-4
proteomics,peebo_2015,rel0_abs0,all,unfiltered,1236,ter,2.328176850422369e-5,370,-0.11361951939890849
proteomics,peebo_2015,rel0_abs0,all,unfiltered,1253,oriC,4.178720882057574e-9,449,0.059365954134693866
proteomics,peebo_2015,rel0_abs0,all,unfiltered,1253,ter,0.51213806238777,380,0.012988333838057328
proteomics,peebo_2015,rel0_abs0,all,unfiltered,1246,oriC,1.0466612812789926e-5,439,0.05511043478654231
proteomics,peebo_2015,rel0_abs0,all,unfiltered,1246,ter,0.2015696932233681,377,-0.009401814420584314
proteomics,peebo_2015,rel0_abs0,all,unfiltered,1275,oriC,0.012373616829802925,458,0.00812966219805102
proteomics,peebo_2015,rel0_abs0,all,unfiltered,1275,ter,0.0011455883353213684,383,-0.10221967304125015
proteomics,peebo_2015,rel0_abs0,all,unfiltered,1220,oriC,0.7998112333393648,439,-0.10517805149337432
proteomics,peebo_2015,rel0_abs0,all,unfiltered,1220,ter,5.307237631392718e-12,364,-0.22404808284643069
proteomics,peebo_2015,rel0_abs0,all,unfiltered,1243,oriC,7.88173156289486e-6,446,0.059651631370771827
proteomics,peebo_2015,rel0_abs0,all,unfiltered,1243,ter,0.007636929144929086,370,-0.028153295680570647
proteomics,peebo_2015,rel0_abs0,all,unfiltered,1276,oriC,3.3246528864980895e-5,452,0.06019026443952632
proteomics,peebo_2015,rel0_abs0,all,unfiltered,1276,ter,0.056151508444922234,387,-0.023990293807901367
proteomics,peebo_2015,rel0_abs0,all,unfiltered,1242,oriC,5.012559368055947e-4,449,0.05588550834771916
proteomics,peebo_2015,rel0_abs0,all,unfiltered,1242,ter,0.03430433572317443,372,-0.07711661631144404
proteomics,peebo_2015,rel0_abs0,all,unfiltered,1268,oriC,0.03729610964962715,456,-8.553771087698911e-6
proteomics,peebo_2015,rel0_abs0,all,unfiltered,1268,ter,2.9694632256325777e-9,382,-0.188183685266005
proteomics,peebo_2015,rel0_abs0,all,unfiltered,1213,oriC,0.4969063119782644,436,-0.13347147480719318
proteomics,peebo_2015,rel0_abs0,all,unfiltered,1213,ter,2.879748005580387e-13,361,-0.31556638587071445
proteomics,peebo_2015,rel0_abs0,all,unfiltered,1261,oriC,0.4033400275193479,449,-0.07659153943620481
proteomics,peebo_2015,rel0_abs0,all,unfiltered,1261,ter,7.890573804876217e-11,376,-0.2543750485583437
proteomics,peebo_2015,rel0_abs0,all,unfiltered,1219,oriC,0.7863232184249744,440,-0.2104701537316967
proteomics,peebo_2015,rel0_abs0,all,unfiltered,1219,ter,7.858346934467911e-15,360,-0.434541680544519
proteomics,peebo_2015,rel0_abs0,all,unfiltered,1246,oriC,0.6811778310423778,442,-0.09055518709627014
proteomics,peebo_2015,rel0_abs0,all,unfiltered,1246,ter,1.7316907148793516e-8,377,-0.22819963995503637
proteomics,peebo_2015,rel0_abs0,all,unfiltered,1227,oriC,0.5284899347016263,439,-0.19971711872807626
proteomics,peebo_2015,rel0_abs0,all,unfiltered,1227,ter,9.221470544624983e-14,368,-0.5199259939992373
proteomics,peebo_2015,rel0_abs0,all,unfiltered,1260,oriC,0.2481649449166402,449,-0.030315136860469143
proteomics,peebo_2015,rel0_abs0,all,unfiltered,1260,ter,5.876727909967451e-8,379,-0.23510654835443312
proteomics,peebo_2015,rel0_abs0,all,unfiltered,1220,oriC,0.6740693947392944,437,-0.23360314755634626
proteomics,peebo_2015,rel0_abs0,all,unfiltered,1220,ter,1.8247923397034307e-11,364,-0.6848988024141778
proteomics,peebo_2015,rel0_abs0,all,unfiltered,1180,oriC,3.213046635885652e-4,431,0.07073654861684181
proteomics,peebo_2015,rel0_abs0,all,unfiltered,1180,ter,0.012389860330066784,349,0.06467077047833676
proteomics,peebo_2015,rel0_abs0,all,unfiltered,1232,oriC,3.9337073888817326e-5,438,0.11434221492964722
proteomics,peebo_2015,rel0_abs0,all,unfiltered,1232,ter,0.01774961733036546,369,0.09408611532548279
proteomics,peebo_2015,rel0_abs0,all,unfiltered,1237,oriC,6.711537337483552e-4,448,0.027227087257096834
proteomics,peebo_2015,rel0_abs0,all,unfiltered,1237,ter,0.9430757690804777,370,-0.006629532094286879
proteomics,peebo_2015,rel0_abs0,all,unfiltered,1048,oriC,0.02942028209181309,375,0.0058122377968495235
proteomics,peebo_2015,rel0_abs0,all,unfiltered,1048,ter,5.727879864694223e-4,312,-0.044100785015983496
proteomics,peebo_2015,rel0_abs0,all,unfiltered,1174,oriC,3.925151002640879e-5,426,0.1466178736344653
proteomics,peebo_2015,rel0_abs0,all,unfiltered,1174,ter,0.698981914972554,346,0.09279147579945828
proteomics,peebo_2015,rel0_abs0,all,unfiltered,1220,oriC,1.6397840198990367e-5,438,0.18727904431998166
proteomics,peebo_2015,rel0_abs0,all,unfiltered,1220,ter,0.6090057901925556,366,0.13479488660486877
proteomics,peebo_2015,rel0_abs0,all,unfiltered,1140,oriC,1.70646199190914e-4,418,0.15540060566093694
proteomics,peebo_2015,rel0_abs0,all,unfiltered,1140,ter,0.8248943283956112,335,0.07435467421745874
proteomics,peebo_2015,rel0_abs0,all,unfiltered,1186,oriC,3.7747873120269746e-6,429,0.07743870579724246
proteomics,peebo_2015,rel0_abs0,all,unfiltered,1186,ter,0.07326166510953129,356,-0.03748090739264381
proteomics,peebo_2015,rel0_abs0,all,unfiltered,1049,oriC,0.07769371702389721,370,0.01442611386956261
proteomics,peebo_2015,rel0_abs0,all,unfiltered,1049,ter,7.079221412351367e-4,312,-0.0688943607995821
proteomics,peebo_2015,rel0_abs0,all,unfiltered,1226,oriC,3.9007662928690367e-4,439,0.06588562372741187
proteomics,peebo_2015,rel0_abs0,all,unfiltered,1226,ter,0.0011576067423856205,365,-0.05865371801858391
proteomics,peebo_2015,rel0_abs0,all,unfiltered,1041,oriC,0.0744857677658134,375,0.010551838513311693
proteomics,peebo_2015,rel0_abs0,all,unfiltered,1041,ter,1.787092574395603e-6,307,-0.16328601701054946
proteomics,peebo_2015,rel0_abs0,all,unfiltered,1209,oriC,0.016075248733807203,437,0.09969689013307075
proteomics,peebo_2015,rel0_abs0,all,unfiltered,1209,ter,0.08951373098782496,361,0.018624763774841162
proteomics,peebo_2015,rel0_abs0,all,unfiltered,1063,oriC,0.13919067185854828,381,0.04841713287696928
proteomics,peebo_2015,rel0_abs0,all,unfiltered,1063,ter,3.2475345738293924e-6,314,-0.1856187420331159
proteomics,peebo_2015,rel0_abs0,all,unfiltered,1219,oriC,0.0027097664539167464,437,0.13299525284761862
proteomics,peebo_2015,rel0_abs0,all,unfiltered,1219,ter,0.027731586265552405,363,-0.005665384452066298
proteomics,peebo_2015,rel0_abs0,all,unfiltered,1041,oriC,0.3245702201795381,376,-0.009751088410790053
proteomics,peebo_2015,rel0_abs0,all,unfiltered,1041,ter,5.641754924028448e-6,308,-0.2787701418261389
proteomics,peebo_2015,rel0_abs0,all,unfiltered,1236,oriC,1.3121328681948963e-4,441,0.03321903921455746
proteomics,peebo_2015,rel0_abs0,all,unfiltered,1236,ter,0.36447560946725205,376,-0.002189953562820789
proteomics,peebo_2015,rel0_abs0,all,unfiltered,1260,oriC,0.5916294969883178,456,-0.01458394915929577
proteomics,peebo_2015,rel0_abs0,all,unfiltered,1260,ter,0.06802502178466194,379,-0.06614052189034819
proteomics,peebo_2015,rel0_abs0,all,unfiltered,1159,oriC,0.646245206508269,420,-0.07602384986501975
proteomics,peebo_2015,rel0_abs0,all,unfiltered,1159,ter,4.1150306659549355e-7,346,-0.14613354000853152
proteomics,peebo_2015,rel0_abs0,all,unfiltered,1200,oriC,3.870473096446517e-5,434,0.04615355358222817
proteomics,peebo_2015,rel0_abs0,all,unfiltered,1200,ter,0.02813028688356547,357,-0.018891583984222988
proteomics,peebo_2015,rel0_abs0,all,unfiltered,1251,oriC,2.14843844888583e-4,448,0.08129680177074168
proteomics,peebo_2015,rel0_abs0,all,unfiltered,1251,ter,0.09214791353422233,382,4.437544267257838e-4
proteomics,peebo_2015,rel0_abs0,all,unfiltered,1180,oriC,0.002006450263022363,431,0.03179986149922054
proteomics,peebo_2015,rel0_abs0,all,unfiltered,1180,ter,0.016495557441564335,350,-0.04665858948409905
proteomics,peebo_2015,rel0_abs0,all,unfiltered,1225,oriC,0.05503049672148541,444,-0.017182228601313868
proteomics,peebo_2015,rel0_abs0,all,unfiltered,1225,ter,5.736091489442991e-6,370,-0.13264590687366248
proteomics,peebo_2015,rel0_abs0,all,unfiltered,1157,oriC,0.658139049203242,419,-0.17223881293894838
proteomics,peebo_2015,rel0_abs0,all,unfiltered,1157,ter,2.3712749380865644e-11,342,-0.24280130338790612
proteomics,peebo_2015,rel0_abs0,all,unfiltered,1253,oriC,0.30813164938911936,451,-0.05471578664829293
proteomics,peebo_2015,rel0_abs0,all,unfiltered,1253,ter,2.8046989627627507e-10,376,-0.20600268937147015
proteomics,peebo_2015,rel0_abs0,all,unfiltered,1159,oriC,0.4551878150185193,424,-0.17850352548204096
proteomics,peebo_2015,rel0_abs0,all,unfiltered,1159,ter,1.0822514446418769e-13,346,-0.35072538121294744
proteomics,peebo_2015,rel0_abs0,all,unfiltered,1231,oriC,0.8648364151521656,444,-0.07141538859776272
proteomics,peebo_2015,rel0_abs0,all,unfiltered,1231,ter,9.440938318331743e-8,374,-0.20969605840973055
proteomics,peebo_2015,rel0_abs0,all,unfiltered,1166,oriC,0.2941793729659278,424,-0.1560390395302364
proteomics,peebo_2015,rel0_abs0,all,unfiltered,1166,ter,1.9691245111973584e-13,344,-0.3834602637753918
proteomics,peebo_2015,rel0_abs0,all,unfiltered,1246,oriC,0.6170217299444434,446,-0.023664680152495357
proteomics,peebo_2015,rel0_abs0,all,unfiltered,1246,ter,5.612942641339295e-7,379,-0.19103028979370343
proteomics,peebo_2015,rel0_abs0,all,unfiltered,1156,oriC,0.38105296587958154,422,-0.2166204242706078
proteomics,peebo_2015,rel0_abs0,all,unfiltered,1156,ter,1.3662649872008728e-11,344,-0.5321346620478845
proteomics,peebo_2015,rel0_abs0,all,unfiltered,1278,oriC,3.138537056950492e-4,458,-0.07182593417067754
proteomics,peebo_2015,rel0_abs0,all,unfiltered,1278,ter,0.021089243950423046,386,-0.07423171654773841
proteomics,peebo_2015,rel0_abs0,all,unfiltered,1209,oriC,2.341294964095752e-6,429,-0.08232093430911955
proteomics,peebo_2015,rel0_abs0,all,unfiltered,1209,ter,6.581169624224318e-7,365,-0.16303942246312825
proteomics,peebo_2015,rel0_abs0,all,unfiltered,1224,oriC,4.0297356888243133e-4,435,0.02297849623077398
proteomics,peebo_2015,rel0_abs0,all,unfiltered,1224,ter,0.002850609776161407,365,-0.028918144609961307
proteomics,peebo_2015,rel0_abs0,all,unfiltered,1256,oriC,1.3377585436538637e-4,442,0.0451935098115738
proteomics,peebo_2015,rel0_abs0,all,unfiltered,1256,ter,0.13129822820230605,383,-0.011807889482428805
proteomics,peebo_2015,rel0_abs0,all,unfiltered,1216,oriC,0.003226450801841373,433,0.038033050528827654
proteomics,peebo_2015,rel0_abs0,all,unfiltered,1216,ter,0.10746554912836329,365,-0.02631598570170828
proteomics,peebo_2015,rel0_abs0,all,unfiltered,1245,oriC,0.10148743650273145,443,-0.02976083504169313
proteomics,peebo_2015,rel0_abs0,all,unfiltered,1245,ter,1.2231178018301496e-5,380,-0.13575845175888146
proteomics,peebo_2015,rel0_abs0,all,unfiltered,1201,oriC,0.19037033233438788,423,-0.14658047887879697
proteomics,peebo_2015,rel0_abs0,all,unfiltered,1201,ter,2.5415088762872154e-9,361,-0.23321955016920756
proteomics,peebo_2015,rel0_abs0,all,unfiltered,1248,oriC,0.7208967321810983,444,-0.07485461567336485
proteomics,peebo_2015,rel0_abs0,all,unfiltered,1248,ter,5.149679951284216e-11,374,-0.1951624920619873
proteomics,peebo_2015,rel0_abs0,all,unfiltered,1205,oriC,0.18258973656512242,425,-0.1884831770754022
proteomics,peebo_2015,rel0_abs0,all,unfiltered,1205,ter,4.362382441375592e-14,364,-0.4060154233793387
proteomics,peebo_2015,rel0_abs0,all,unfiltered,1234,oriC,0.6287386549086107,435,-0.08989115576213909
proteomics,peebo_2015,rel0_abs0,all,unfiltered,1234,ter,1.625778767734887e-8,377,-0.2145953526190258
proteomics,peebo_2015,rel0_abs0,all,unfiltered,1212,oriC,0.11559120827034614,426,-0.18074370212278357
proteomics,peebo_2015,rel0_abs0,all,unfiltered,1212,ter,2.1488509087682237e-15,367,-0.4329954763545928
proteomics,peebo_2015,rel0_abs0,all,unfiltered,1242,oriC,0.7763536722863029,438,-0.05714334406587508
proteomics,peebo_2015,rel0_abs0,all,unfiltered,1242,ter,2.8649652689787183e-8,377,-0.22218601747322236
proteomics,peebo_2015,rel0_abs0,all,unfiltered,1200,oriC,0.22317833210457058,424,-0.24169404291323493
proteomics,peebo_2015,rel0_abs0,all,unfiltered,1200,ter,2.7550852711395357e-13,362,-0.6423362279974739
proteomics,peebo_2015,rel0_abs0,all,unfiltered,1220,oriC,0.1785225426030968,444,-0.004799940381613426
proteomics,peebo_2015,rel0_abs0,all,unfiltered,1220,ter,4.205407344360986e-5,366,-0.042107872774361545
proteomics,peebo_2015,rel0_abs0,all,unfiltered,1252,oriC,0.007663114925767307,452,0.06461944271254838
proteomics,peebo_2015,rel0_abs0,all,unfiltered,1252,ter,0.9432598067634357,375,0.03744319092861202
proteomics,peebo_2015,rel0_abs0,all,unfiltered,1280,oriC,0.0020900414025038136,459,0.08044023339184404
proteomics,peebo_2015,rel0_abs0,all,unfiltered,1280,ter,0.758888605651062,388,0.04413260014414878
proteomics,peebo_2015,rel0_abs0,all,unfiltered,1251,oriC,0.024129238497953776,455,0.07246981345174815
proteomics,peebo_2015,rel0_abs0,all,unfiltered,1251,ter,0.5907651191388053,375,-0.01274732269532447
proteomics,peebo_2015,rel0_abs0,all,unfiltered,1258,oriC,0.0015162336110240355,455,0.02456004281787065
proteomics,peebo_2015,rel0_abs0,all,unfiltered,1258,ter,1.1053804539468335e-6,380,-0.05285102852944425
proteomics,peebo_2015,rel0_abs0,all,unfiltered,1219,oriC,0.9661595886051814,442,-0.04719711271070798
proteomics,peebo_2015,rel0_abs0,all,unfiltered,1219,ter,4.1364913532420375e-7,365,-0.10536700770605394
proteomics,peebo_2015,rel0_abs0,all,unfiltered,1277,oriC,0.4285009826257557,461,-0.008811096260325281
proteomics,peebo_2015,rel0_abs0,all,unfiltered,1277,ter,7.90874911433162e-12,384,-0.14622455602855222
proteomics,peebo_2015,rel0_abs0,all,unfiltered,1221,oriC,0.9697766027786513,444,-0.09984205690091294
proteomics,peebo_2015,rel0_abs0,all,unfiltered,1221,ter,1.0553873832099173e-10,367,-0.2289538110185963
proteomics,peebo_2015,rel0_abs0,all,unfiltered,1259,oriC,0.7247266283472155,454,-0.012241122609737302
proteomics,peebo_2015,rel0_abs0,all,unfiltered,1259,ter,2.6034563504890666e-5,379,-0.12409879381819167
proteomics,peebo_2015,rel0_abs0,all,unfiltered,1231,oriC,0.5298667844276306,444,-0.09723781256927466
proteomics,peebo_2015,rel0_abs0,all,unfiltered,1231,ter,3.370333961833616e-10,374,-0.35702215119068736
proteomics,peebo_2015,rel0_abs0,all,unfiltered,1271,oriC,0.5516786171290471,458,-0.017466705622281035
proteomics,peebo_2015,rel0_abs0,all,unfiltered,1271,ter,3.9349170877192684e-5,385,-0.16028579962029013
proteomics,peebo_2015,rel0_abs0,all,unfiltered,1223,oriC,0.42574376100843214,443,-0.21792183092963743
proteomics,peebo_2015,rel0_abs0,all,unfiltered,1223,ter,1.8680208586235368e-9,367,-0.5080976454156669
proteomics,peebo_2015,rel0_abs0,all,unfiltered,1159,oriC,1.392988065635967e-7,420,0.13398242494415458
proteomics,peebo_2015,rel0_abs0,all,unfiltered,1159,ter,6.11111389547197e-4,342,0.12265255729759655
proteomics,peebo_2015,rel0_abs0,all,unfiltered,1186,oriC,2.5195572507412426e-9,422,0.20268809336255278
proteomics,peebo_2015,rel0_abs0,all,unfiltered,1186,ter,5.012184840212619e-4,361,0.16579677912725482
proteomics,peebo_2015,rel0_abs0,all,unfiltered,1120,oriC,1.0155448580376306e-6,408,0.17709458530151428
proteomics,peebo_2015,rel0_abs0,all,unfiltered,1120,ter,0.009223023339200498,331,0.1148515167611359
proteomics,peebo_2015,rel0_abs0,all,unfiltered,1169,oriC,1.5692291773096841e-6,422,0.05887981710148102
proteomics,peebo_2015,rel0_abs0,all,unfiltered,1169,ter,0.5035018697172435,354,-0.01711880174207376
proteomics,peebo_2015,rel0_abs0,all,unfiltered,1014,oriC,0.0035900244020048767,354,0.03725627545531486
proteomics,peebo_2015,rel0_abs0,all,unfiltered,1014,ter,0.019107313555142332,306,-0.030943034621796046
proteomics,peebo_2015,rel0_abs0,all,unfiltered,1202,oriC,3.749813340699288e-4,430,0.09953448666664765
proteomics,peebo_2015,rel0_abs0,all,unfiltered,1202,ter,0.023274352705761458,359,-0.03454404101140661
proteomics,peebo_2015,rel0_abs0,all,unfiltered,991,oriC,0.020023571432270692,356,0.018711667239978254
proteomics,peebo_2015,rel0_abs0,all,unfiltered,991,ter,5.903841407110726e-5,294,-0.1369625770579683
proteomics,peebo_2015,rel0_abs0,all,unfiltered,1177,oriC,0.00543416195705101,425,0.125862372754103
proteomics,peebo_2015,rel0_abs0,all,unfiltered,1177,ter,0.4398640023604271,353,0.019716625138990605
proteomics,peebo_2015,rel0_abs0,all,unfiltered,1017,oriC,0.10835702953407285,362,0.046295111288634755
proteomics,peebo_2015,rel0_abs0,all,unfiltered,1017,ter,2.8743634901526893e-5,304,-0.12461728641219794
proteomics,peebo_2015,rel0_abs0,all,unfiltered,1189,oriC,2.771998426925461e-4,428,0.1741364430341273
proteomics,peebo_2015,rel0_abs0,all,unfiltered,1189,ter,0.27721589418993287,355,0.03206560675562219
proteomics,peebo_2015,rel0_abs0,all,unfiltered,1001,oriC,0.12318540502068319,357,0.03997351886553837
proteomics,peebo_2015,rel0_abs0,all,unfiltered,1001,ter,2.7641614450300465e-4,302,-0.19497962670453886
proteomics,peebo_2015,rel0_abs0,all,unfiltered,1240,oriC,1.8431848197312378e-4,440,0.03349849122879986
proteomics,peebo_2015,rel0_abs0,all,unfiltered,1240,ter,0.42946504722070633,374,0.01849213726776714
proteomics,peebo_2015,rel0_abs0,all,unfiltered,1155,oriC,0.0046764646181737595,422,0.02304825541247445
proteomics,peebo_2015,rel0_abs0,all,unfiltered,1155,ter,0.7749246925683452,343,8.979170444947367e-4
proteomics,peebo_2015,rel0_abs0,all,unfiltered,1208,oriC,0.19752487999102314,439,-0.019071566054273792
proteomics,peebo_2015,rel0_abs0,all,unfiltered,1208,ter,0.004546731327888797,361,-0.1094679377587406
proteomics,peebo_2015,rel0_abs0,all,unfiltered,1137,oriC,0.3643377332486048,409,-0.08315569490682219
proteomics,peebo_2015,rel0_abs0,all,unfiltered,1137,ter,6.416434772006588e-6,335,-0.17094901853166664
proteomics,peebo_2015,rel0_abs0,all,unfiltered,1232,oriC,0.941169743901938,446,-0.05649747922561213
proteomics,peebo_2015,rel0_abs0,all,unfiltered,1232,ter,9.744907531007626e-7,363,-0.16632186614998756
proteomics,peebo_2015,rel0_abs0,all,unfiltered,1144,oriC,0.454758806057247,414,-0.1555868770589181
proteomics,peebo_2015,rel0_abs0,all,unfiltered,1144,ter,1.1094464241105633e-9,335,-0.22372214976704388
proteomics,peebo_2015,rel0_abs0,all,unfiltered,1210,oriC,0.9524330205352505,435,-0.07139399805951582
proteomics,peebo_2015,rel0_abs0,all,unfiltered,1210,ter,1.2517731521177552e-5,360,-0.18991962263028658
proteomics,peebo_2015,rel0_abs0,all,unfiltered,1152,oriC,0.1987128796990237,417,-0.15432915374771186
proteomics,peebo_2015,rel0_abs0,all,unfiltered,1152,ter,4.864744577453653e-12,338,-0.27678060606219346
proteomics,peebo_2015,rel0_abs0,all,unfiltered,1228,oriC,0.45310590506633686,439,-0.03287014557417232
proteomics,peebo_2015,rel0_abs0,all,unfiltered,1228,ter,6.344572248217778e-6,366,-0.14751562483804387
proteomics,peebo_2015,rel0_abs0,all,unfiltered,1141,oriC,0.32811355822976634,411,-0.20205756196399743
proteomics,peebo_2015,rel0_abs0,all,unfiltered,1141,ter,4.7991964463742e-12,336,-0.4302135230430939
proteomics,peebo_2015,rel0_abs0,all,unfiltered,1249,oriC,1.7659778050236917e-5,445,-0.07928985814847396
proteomics,peebo_2015,rel0_abs0,all,unfiltered,1249,ter,0.006876518578150815,384,-0.12014774230523248
proteomics,peebo_2015,rel0_abs0,all,unfiltered,1188,oriC,1.3409387695565514e-9,420,-0.10948097203386889
proteomics,peebo_2015,rel0_abs0,all,unfiltered,1188,ter,4.889807465633248e-8,361,-0.2088309710658952
proteomics,peebo_2015,rel0_abs0,all,unfiltered,1261,oriC,0.4340492721572617,451,-0.08858651702638357
proteomics,peebo_2015,rel0_abs0,all,unfiltered,1261,ter,2.379902094695673e-6,381,-0.1797447702403957
proteomics,peebo_2015,rel0_abs0,all,unfiltered,1181,oriC,0.16937337659690802,419,-0.16205395611516657
proteomics,peebo_2015,rel0_abs0,all,unfiltered,1181,ter,2.5520910070408127e-8,361,-0.29627337503199613
proteomics,peebo_2015,rel0_abs0,all,unfiltered,1242,oriC,0.5293897825818212,442,-0.08157484292475564
proteomics,peebo_2015,rel0_abs0,all,unfiltered,1242,ter,1.38688910679703e-6,377,-0.1876603237508182
proteomics,peebo_2015,rel0_abs0,all,unfiltered,1177,oriC,0.06796444674089722,418,-0.16813566908011535
proteomics,peebo_2015,rel0_abs0,all,unfiltered,1177,ter,2.400788192146287e-12,359,-0.3123453833333066
proteomics,peebo_2015,rel0_abs0,all,unfiltered,1240,oriC,0.9735190350569031,443,-0.05416985102388206
proteomics,peebo_2015,rel0_abs0,all,unfiltered,1240,ter,1.9309493664934235e-6,375,-0.16336211094783004
proteomics,peebo_2015,rel0_abs0,all,unfiltered,1188,oriC,0.09825145053849074,422,-0.21535474143468472
proteomics,peebo_2015,rel0_abs0,all,unfiltered,1188,ter,4.0002878562217477e-13,361,-0.4380960096136245
proteomics,peebo_2015,rel0_abs0,all,unfiltered,1192,oriC,3.2306684060951803e-4,435,-0.07502463404954408
proteomics,peebo_2015,rel0_abs0,all,unfiltered,1192,ter,0.011870769361744792,358,-0.10328884029480928
proteomics,peebo_2015,rel0_abs0,all,unfiltered,1102,oriC,3.7999211542561336e-7,397,-0.09740067021401554
proteomics,peebo_2015,rel0_abs0,all,unfiltered,1102,ter,7.312910664113513e-6,328,-0.1928228213935105
proteomics,peebo_2015,rel0_abs0,all,unfiltered,1229,oriC,0.7448329697399634,443,-0.04877396309813828
proteomics,peebo_2015,rel0_abs0,all,unfiltered,1229,ter,2.1526607336503246e-5,368,-0.13935466396988505
proteomics,peebo_2015,rel0_abs0,all,unfiltered,1102,oriC,0.534123918747925,400,-0.128704079851026
proteomics,peebo_2015,rel0_abs0,all,unfiltered,1102,ter,7.278610234996827e-9,327,-0.24957921463408272
proteomics,peebo_2015,rel0_abs0,all,unfiltered,1204,oriC,0.8010001951237189,434,-0.0462085214544324
proteomics,peebo_2015,rel0_abs0,all,unfiltered,1204,ter,9.472940345425384e-6,363,-0.1464267517819367
proteomics,peebo_2015,rel0_abs0,all,unfiltered,1111,oriC,0.20361362839844308,400,-0.12682809227546338
proteomics,peebo_2015,rel0_abs0,all,unfiltered,1111,ter,1.1057383556243047e-11,327,-0.23811844602886148
proteomics,peebo_2015,rel0_abs0,all,unfiltered,1213,oriC,0.3918527023527618,433,-0.019138771934723617
proteomics,peebo_2015,rel0_abs0,all,unfiltered,1213,ter,2.3184072239096768e-5,368,-0.12531604811761976
proteomics,peebo_2015,rel0_abs0,all,unfiltered,1099,oriC,0.4978646144108476,399,-0.14115044179438682
proteomics,peebo_2015,rel0_abs0,all,unfiltered,1099,ter,5.310685782561537e-13,324,-0.30675964131356553
proteomics,peebo_2015,rel0_abs0,all,unfiltered,1167,oriC,0.8193365983073269,419,-0.0035105913875492756
proteomics,peebo_2015,rel0_abs0,all,unfiltered,1167,ter,0.054571907342963806,352,-0.012940167521810146
proteomics,peebo_2015,rel0_abs0,all,unfiltered,1251,oriC,0.4322178077324268,448,-0.020202502205375866
proteomics,peebo_2015,rel0_abs0,all,unfiltered,1251,ter,1.5848949791482325e-8,379,-0.07978999807746331
proteomics,peebo_2015,rel0_abs0,all,unfiltered,1161,oriC,0.43635350504508613,420,-0.06704625857267127
proteomics,peebo_2015,rel0_abs0,all,unfiltered,1161,ter,1.1222514506341353e-7,351,-0.11602967171835363
proteomics,peebo_2015,rel0_abs0,all,unfiltered,1225,oriC,0.7616524777194973,440,-0.014740882985617067
proteomics,peebo_2015,rel0_abs0,all,unfiltered,1225,ter,5.337616712893214e-4,372,-0.06370102309859428
proteomics,peebo_2015,rel0_abs0,all,unfiltered,1169,oriC,0.4906481617755445,422,-0.054135713741487956
proteomics,peebo_2015,rel0_abs0,all,unfiltered,1169,ter,7.346960859381205e-8,351,-0.19131565408246803
proteomics,peebo_2015,rel0_abs0,all,unfiltered,1239,oriC,0.26105480752986676,444,0.01348026342237292
proteomics,peebo_2015,rel0_abs0,all,unfiltered,1239,ter,0.007827058045013317,376,-0.07426077730241587
proteomics,peebo_2015,rel0_abs0,all,unfiltered,1159,oriC,0.5714921390764137,419,-0.09965791781064119
proteomics,peebo_2015,rel0_abs0,all,unfiltered,1159,ter,4.6813150434812075e-7,348,-0.3198447475989476
proteomics,peebo_2015,rel0_abs0,all,unfiltered,1198,oriC,9.563237751195645e-4,430,0.039625560542591406
proteomics,peebo_2015,rel0_abs0,all,unfiltered,1198,ter,0.012236807828933676,355,-0.04331937192332398
proteomics,peebo_2015,rel0_abs0,all,unfiltered,991,oriC,0.12365599139759759,348,0.012320450825958357
proteomics,peebo_2015,rel0_abs0,all,unfiltered,991,ter,7.0764611257780915e-6,296,-0.0776804415610644
proteomics,peebo_2015,rel0_abs0,all,unfiltered,1177,oriC,0.0013797440089188314,425,0.06297706669226222
proteomics,peebo_2015,rel0_abs0,all,unfiltered,1177,ter,0.21661726289644942,348,-0.01970085365599659
proteomics,peebo_2015,rel0_abs0,all,unfiltered,1025,oriC,0.07824380383970618,361,0.03443132070863837
proteomics,peebo_2015,rel0_abs0,all,unfiltered,1025,ter,4.7618198535886004e-6,304,-0.0980353470032975
proteomics,peebo_2015,rel0_abs0,all,unfiltered,1184,oriC,9.055292491433989e-6,424,0.12641352763352548
proteomics,peebo_2015,rel0_abs0,all,unfiltered,1184,ter,0.5321648615295309,352,0.020608152174041397
proteomics,peebo_2015,rel0_abs0,all,unfiltered,1003,oriC,0.1228887842002224,353,0.0574142597978092
proteomics,peebo_2015,rel0_abs0,all,unfiltered,1003,ter,2.884621921332335e-4,301,-0.21652667880094498
proteomics,peebo_2015,rel0_abs0,all,unfiltered,1199,oriC,0.14790821489493927,430,0.0035240219366734294
proteomics,peebo_2015,rel0_abs0,all,unfiltered,1199,ter,0.15452010129906724,356,-0.022533939379126643
proteomics,peebo_2015,rel0_abs0,all,unfiltered,1237,oriC,0.09485997380527922,447,0.011881418298087332
proteomics,peebo_2015,rel0_abs0,all,unfiltered,1237,ter,0.1393525422872104,371,-0.02355526610696248
proteomics,peebo_2015,rel0_abs0,all,unfiltered,1206,oriC,0.8523239802254705,430,-0.00794089153135062
proteomics,peebo_2015,rel0_abs0,all,unfiltered,1206,ter,7.063032985328827e-5,362,-0.10287836516583457
proteomics,peebo_2015,rel0_abs0,all,unfiltered,1241,oriC,0.00416915976462153,447,0.03879483198297597
proteomics,peebo_2015,rel0_abs0,all,unfiltered,1241,ter,0.78961725045779,371,0.0026792625180863967
proteomics,peebo_2015,rel0_abs0,all,unfiltered,1202,oriC,0.8524242331218479,429,-0.058581828105414124
proteomics,peebo_2015,rel0_abs0,all,unfiltered,1202,ter,3.0396359246722554e-5,358,-0.19329708149428795
proteomics,peebo_2015,rel0_abs0,all,unfiltered,1172,oriC,0.6649385105844985,424,-0.0018906735180677949
proteomics,peebo_2015,rel0_abs0,all,unfiltered,1172,ter,0.3817916594288272,347,0.001212545340660604
proteomics,peebo_2015,rel0_abs0,all,unfiltered,1004,oriC,0.09424936816038917,358,0.036370461717764646
proteomics,peebo_2015,rel0_abs0,all,unfiltered,1004,ter,0.004124864238261985,297,-0.039445852131153265
proteomics,peebo_2015,rel0_abs0,all,unfiltered,1188,oriC,9.207560852465054e-7,426,0.09147854865652245
proteomics,peebo_2015,rel0_abs0,all,unfiltered,1188,ter,0.06365682223693789,355,0.0633905579575003
proteomics,peebo_2015,rel0_abs0,all,unfiltered,974,oriC,0.05940400787384465,353,0.0814506967336275
proteomics,peebo_2015,rel0_abs0,all,unfiltered,974,ter,0.08867229307144998,292,-0.008342422044227084
proteomics,peebo_2015,rel0_abs0,all,unfiltered,1179,oriC,0.15606078184982228,422,0.020775693542834546
proteomics,peebo_2015,rel0_abs0,all,unfiltered,1179,ter,0.011769726877309926,353,-0.02354957078486242
proteomics,peebo_2015,rel0_abs0,all,unfiltered,1218,oriC,3.3030114782063596e-8,437,0.05831379925643326
proteomics,peebo_2015,rel0_abs0,all,unfiltered,1218,ter,0.25090712470159554,364,0.021911413346427638
proteomics,peebo_2015,rel0_abs0,all,unfiltered,1168,oriC,0.2576788954705669,420,0.023284493030467764
proteomics,peebo_2015,rel0_abs0,all,unfiltered,1168,ter,0.0025549271216427196,346,-0.10825281906582018
proteomics,peebo_2015,rel0_abs0,all,unfiltered,1190,oriC,1.7822485405700485e-6,423,0.04666028690063764
proteomics,peebo_2015,rel0_abs0,all,unfiltered,1190,ter,2.1162569633739495e-4,357,0.060409735953441034
proteomics,peebo_2015,rel0_abs0,all,unfiltered,1003,oriC,0.004545592380722736,359,0.0650004230414291
proteomics,peebo_2015,rel0_abs0,all,unfiltered,1003,ter,0.4241038063935843,298,0.035613428386160106
proteomics,peebo_2015,rel0_abs0,all,unfiltered,1184,oriC,0.9965482148171947,426,-0.015227759852504383
proteomics,peebo_2015,rel0_abs0,all,unfiltered,1184,ter,7.906087735166526e-4,351,-0.06740396642214054
proteomics,li_2014_all,rel0_abs0,all,unfiltered,3857,oriC,1.4662427421973515e-14,1284,-0.5569257432205243
proteomics,li_2014_all,rel0_abs0,all,unfiltered,3857,ter,6.976330860997352e-82,1322,-1.2104936902449717
proteomics,li_2014_all,rel0_abs0,all,unfiltered,3894,oriC,4.7640149597217765e-6,1294,-0.3144352940146294
proteomics,li_2014_all,rel0_abs0,all,unfiltered,3894,ter,1.4008643741321272e-65,1331,-0.9838752895111609
proteomics,li_2014_all,rel0_abs0,all,unfiltered,3781,oriC,2.4174963461032906e-7,1271,0.23359007538415724
proteomics,li_2014_all,rel0_abs0,all,unfiltered,3781,ter,0.10611656090156493,1277,0.2663178382023402
proteomics,valgepea_2013_prot,rel0_abs0,all,unfiltered,1344,oriC,3.743452459726339e-9,483,0.06910652191786021
proteomics,valgepea_2013_prot,rel0_abs0,all,unfiltered,1344,ter,0.1111070276180738,431,8.131979891220237e-4
proteomics,valgepea_2013_prot,rel0_abs0,all,unfiltered,1344,oriC,0.006459775905411507,483,0.04363072118703519
proteomics,valgepea_2013_prot,rel0_abs0,all,unfiltered,1344,ter,0.002154822498241535,431,-0.11428049512322762
proteomics,valgepea_2013_prot,rel0_abs0,all,unfiltered,1344,oriC,0.2848221454663067,483,-0.04221356424449617
proteomics,valgepea_2013_prot,rel0_abs0,all,unfiltered,1344,ter,2.863334134237466e-6,431,-0.22466262882007584
proteomics,valgepea_2013_prot,rel0_abs0,all,unfiltered,1344,oriC,0.5005266094861803,483,-0.10803513006721788
proteomics,valgepea_2013_prot,rel0_abs0,all,unfiltered,1344,ter,1.0230575185245148e-6,431,-0.3188680840802549
proteomics,valgepea_2013_prot,rel0_abs0,all,unfiltered,1207,oriC,0.6522445352469595,447,-0.02027978926386217
proteomics,valgepea_2013_prot,rel0_abs0,all,unfiltered,1207,ter,0.04922520263564491,363,-0.041574583647429095
proteomics,valgepea_2013_prot,rel0_abs0,all,unfiltered,1216,oriC,0.6059282484959478,452,-0.07939105935687224
proteomics,valgepea_2013_prot,rel0_abs0,all,unfiltered,1216,ter,1.4910121311659389e-5,364,-0.13077511669443082
proteomics,valgepea_2013_prot,rel0_abs0,all,unfiltered,1209,oriC,0.637578427730308,449,-0.08340232622059358
proteomics,valgepea_2013_prot,rel0_abs0,all,unfiltered,1209,ter,2.0468958054320466e-4,362,-0.17108446887334794
proteomics,valgepea_2013_prot,rel0_abs0,all,unfiltered,1215,oriC,0.032622809454644734,451,-0.0630745093999801
proteomics,valgepea_2013_prot,rel0_abs0,all,unfiltered,1215,ter,1.5094369087560536e-10,362,-0.08580074016103231
proteomics,valgepea_2013_prot,rel0_abs0,all,unfiltered,1205,oriC,0.6470293657952155,448,-0.07141598348281114
proteomics,valgepea_2013_prot,rel0_abs0,all,unfiltered,1205,ter,3.4215380352714406e-4,359,-0.08638113342500553
proteomics,valgepea_2013_prot,rel0_abs0,all,unfiltered,1208,oriC,0.05928841021289297,450,0.02480858969865953
proteomics,valgepea_2013_prot,rel0_abs0,all,unfiltered,1208,ter,0.43058303703107087,357,-0.010054647160325603
proteomics,Goelzer_2015,rel0_abs0,all,unfiltered,1231,oriC,0.06590040360399706,381,0.3792421459280927
proteomics,Goelzer_2015,rel0_abs0,all,unfiltered,1231,ter,0.8599105709431902,415,0.307773178888616
proteomics,Goelzer_2015,rel0_abs0,all,unfiltered,1270,oriC,0.054324988718546234,399,0.6615766460327928
proteomics,Goelzer_2015,rel0_abs0,all,unfiltered,1270,ter,0.22126775091563797,434,0.5733962332337756
proteomics,Goelzer_2015,rel0_abs0,all,unfiltered,1135,oriC,0.09675929657875705,355,0.24148605822254252
proteomics,Goelzer_2015,rel0_abs0,all,unfiltered,1135,ter,0.006553645966142541,376,0.04723391764414353
proteomics,Goelzer_2015,rel0_abs0,all,unfiltered,1270,oriC,0.017450795120446533,404,0.7954876174184164
proteomics,Goelzer_2015,rel0_abs0,all,unfiltered,1270,ter,0.9215151751715746,422,0.6566801477371522
proteomics,Goelzer_2015,rel0_abs0,all,unfiltered,1316,oriC,0.04993653030862019,414,0.09747212277395487
proteomics,Goelzer_2015,rel0_abs0,all,unfiltered,1316,ter,0.0012787828246256943,457,-0.12179458494786748
proteomics,Goelzer_2015,rel0_abs0,all,unfiltered,1280,oriC,0.4115139461124792,403,-0.09063503226918972
proteomics,Goelzer_2015,rel0_abs0,all,unfiltered,1280,ter,1.4140334429262258e-4,432,-0.3104445108768773
proteomics,Goelzer_2015,rel0_abs0,all,unfiltered,1357,oriC,0.0965844180748848,431,0.19530132436823294
proteomics,Goelzer_2015,rel0_abs0,all,unfiltered,1357,ter,0.2538901275534568,462,0.0011651000128344554
proteomics,Goelzer_2015,rel0_abs0,all,unfiltered,1291,oriC,0.3651771642947707,414,-0.1537274483223793
proteomics,Goelzer_2015,rel0_abs0,all,unfiltered,1291,ter,0.007121388900206262,434,-0.19844118521680426
proteomics,Goelzer_2015,rel0_abs0,all,unfiltered,1334,oriC,0.032944913082868385,431,0.1576993484413386
proteomics,Goelzer_2015,rel0_abs0,all,unfiltered,1334,ter,0.45602305735805837,459,0.06656766157319728
proteomics,Goelzer_2015,rel0_abs0,all,unfiltered,1243,oriC,0.004104373631984022,392,0.22959600701950098
proteomics,Goelzer_2015,rel0_abs0,all,unfiltered,1243,ter,2.061565862149778e-7,417,0.3665506108180645
proteomics,zhu_B_subtilis,rel0_abs0,all,unfiltered,2005,oriC,0.9064276537612288,668,0.004344297465730678
proteomics,zhu_B_subtilis,rel0_abs0,all,unfiltered,2005,ter,0.1826332777526974,651,-0.029637038613999897
proteomics,zhu_B_subtilis,rel0_abs0,all,unfiltered,1974,oriC,0.06692536897592716,652,-10.383235044993302
proteomics,zhu_B_subtilis,rel0_abs0,all,unfiltered,1974,ter,0.028903525711233627,640,-0.707514392452725
proteomics,zhu_B_subtilis,rel0_abs0,all,unfiltered,2006,oriC,1.2766761738785804e-7,667,-0.47052238965839077
proteomics,zhu_B_subtilis,rel0_abs0,all,unfiltered,2006,ter,1.035672834878485e-12,649,-0.46931140887634
proteomics,zhu_B_subtilis,rel0_abs0,all,unfiltered,1974,oriC,6.639808347472843e-4,652,-10.234078646761741
proteomics,zhu_B_subtilis,rel0_abs0,all,unfiltered,1974,ter,2.4109661278550924e-4,640,-0.8290092626164467
proteomics,zhu_B_subtilis,rel0_abs0,all,unfiltered,1974,oriC,6.073510008823535e-9,652,-10.18838529670543
proteomics,zhu_B_subtilis,rel0_abs0,all,unfiltered,1974,ter,1.4711584098361008e-9,640,-1.3753402610380672
proteomics,zhu_B_subtilis,rel0_abs0,all,unfiltered,2008,oriC,5.287167027764108e-4,673,-0.1869525116002079
proteomics,zhu_B_subtilis,rel0_abs0,all,unfiltered,2008,ter,4.372364648936768e-8,649,-0.3126098374010163
proteomics,zhu_B_subtilis,rel0_abs0,all,unfiltered,2003,oriC,0.002980376850210896,669,-0.3699384313884478
proteomics,zhu_B_subtilis,rel0_abs0,all,unfiltered,2003,ter,4.116383830571909e-8,649,-0.4090352675718588
proteomics,zhu_B_subtilis,rel0_abs0,all,unfiltered,1974,oriC,1.0596960920096036e-10,652,-10.555628582859153
proteomics,zhu_B_subtilis,rel0_abs0,all,unfiltered,1974,ter,9.48637491236151e-17,640,-9.398343653034608
proteomics,zhu_B_subtilis,rel0_abs0,all,unfiltered,1972,oriC,8.595247202852584e-13,652,-10.937842648046432
proteomics,zhu_B_subtilis,rel0_abs0,all,unfiltered,1972,ter,1.6622367949562358e-23,640,-10.507149040261904
proteomics,zhu_B_subtilis,rel0_abs0,all,unfiltered,1968,oriC,4.179605671298894e-7,653,-9.876677221920726
proteomics,zhu_B_subtilis,rel0_abs0,all,unfiltered,1968,ter,0.0048650803682809924,639,-0.8313056410109048
proteomics,zhu_B_subtilis,rel0_abs0,all,unfiltered,2005,oriC,1.5650408052811047e-10,670,-0.5666945909897694
proteomics,zhu_B_subtilis,rel0_abs0,all,unfiltered,2005,ter,1.2073679468111043e-11,649,-0.5233237905437209
proteomics,zhu_B_subtilis,rel0_abs0,all,unfiltered,1968,oriC,0.0021558845150852473,653,-9.778304514126756
proteomics,zhu_B_subtilis,rel0_abs0,all,unfiltered,1968,ter,0.07181528763243902,639,-0.6655488274917684
proteomics,zhu_B_subtilis,rel0_abs0,all,unfiltered,1968,oriC,1.9968979075231115e-9,653,-9.77271765354665
proteomics,zhu_B_subtilis,rel0_abs0,all,unfiltered,1968,ter,9.102168467490661e-7,639,-1.095704286546052
proteomics,zhu_B_subtilis,rel0_abs0,all,unfiltered,2009,oriC,8.243806969040442e-4,673,-0.20156059549000882
proteomics,zhu_B_subtilis,rel0_abs0,all,unfiltered,2009,ter,9.430870347008705e-7,649,-0.2664635238543915
proteomics,zhu_B_subtilis,rel0_abs0,all,unfiltered,2001,oriC,0.0524095796897116,668,-0.3227299497548092
proteomics,zhu_B_subtilis,rel0_abs0,all,unfiltered,2001,ter,1.6963952096367884e-6,649,-0.3287124120397968
proteomics,zhu_B_subtilis,rel0_abs0,all,unfiltered,1968,oriC,4.276895537553517e-10,653,-10.324286507468367
proteomics,zhu_B_subtilis,rel0_abs0,all,unfiltered,1968,ter,1.2498217764997935e-14,639,-9.25484663210246
proteomics,zhu_B_subtilis,rel0_abs0,all,unfiltered,1966,oriC,2.5998390294183533e-11,653,-10.87289332968008
proteomics,zhu_B_subtilis,rel0_abs0,all,unfiltered,1966,ter,1.072512221128947e-19,639,-10.327940194850976
proteomics,zhu_B_subtilis,rel0_abs0,all,unfiltered,1973,oriC,2.1936301995727175e-6,658,8.965547547157318
proteomics,zhu_B_subtilis,rel0_abs0,all,unfiltered,1973,ter,0.014329152389446603,633,0.7975221926596084
proteomics,zhu_B_subtilis,rel0_abs0,all,unfiltered,963,oriC,0.2888194656751201,302,-0.025746179413761554
proteomics,zhu_B_subtilis,rel0_abs0,all,unfiltered,963,ter,0.44058101514508297,334,-0.0035713640642464086
proteomics,zhu_B_subtilis,rel0_abs0,all,unfiltered,965,oriC,0.029349230436290372,303,-0.13456073622006262
proteomics,zhu_B_subtilis,rel0_abs0,all,unfiltered,965,ter,0.0029570388112647892,334,-0.10101915852170462
proteomics,zhu_B_subtilis,rel0_abs0,all,unfiltered,1971,oriC,1.1719375995047113e-8,663,9.40779920592498
proteomics,zhu_B_subtilis,rel0_abs0,all,unfiltered,1971,ter,0.06217519155004698,637,1.135447063630339
proteomics,zhu_B_subtilis,rel0_abs0,all,unfiltered,1878,oriC,4.4771911093575614e-7,624,8.722259549101356
proteomics,zhu_B_subtilis,rel0_abs0,all,unfiltered,1878,ter,0.16060567785658508,618,1.1895284297677802
proteomics,zhu_B_subtilis,rel0_abs0,all,unfiltered,964,oriC,0.4018687460212782,303,-0.10648340065933001
proteomics,zhu_B_subtilis,rel0_abs0,all,unfiltered,964,ter,6.0263423101463725e-5,334,-0.16546520625003194
proteomics,zhu_B_subtilis,rel0_abs0,all,unfiltered,964,oriC,0.2674849314664783,303,-0.1647989509736251
proteomics,zhu_B_subtilis,rel0_abs0,all,unfiltered,964,ter,8.963692805136527e-8,333,-0.3945325329755767
proteomics,zhu_B_subtilis,rel0_abs0,all,unfiltered,1973,oriC,1.929931687005365e-5,658,-8.89547299785976
proteomics,zhu_B_subtilis,rel0_abs0,all,unfiltered,1973,ter,0.6677071600829991,633,-0.43574378152376153
proteomics,zhu_B_subtilis,rel0_abs0,all,unfiltered,1973,oriC,3.8163088861309495e-10,658,-8.843824649753863
proteomics,zhu_B_subtilis,rel0_abs0,all,unfiltered,1973,ter,0.0010408158078238203,633,-0.4029992008377457
proteomics,zhu_B_subtilis,rel0_abs0,all,unfiltered,2011,oriC,4.788229403067485e-9,673,0.29331322501296414
proteomics,zhu_B_subtilis,rel0_abs0,all,unfiltered,2011,ter,0.06531887459280698,648,0.14433547821795886
proteomics,zhu_B_subtilis,rel0_abs0,all,unfiltered,2009,oriC,2.0106960884904102e-4,671,0.29377578139599414
proteomics,zhu_B_subtilis,rel0_abs0,all,unfiltered,2009,ter,0.9678560204759646,650,0.09061011523649334
proteomics,zhu_B_subtilis,rel0_abs0,all,unfiltered,1973,oriC,7.722287699470556e-8,658,-9.210671284890822
proteomics,zhu_B_subtilis,rel0_abs0,all,unfiltered,1973,ter,1.984424831105096e-9,633,-8.17849343867365
proteomics,zhu_B_subtilis,rel0_abs0,all,unfiltered,1973,oriC,2.9940526745261414e-9,658,-9.812872517716837
proteomics,zhu_B_subtilis,rel0_abs0,all,unfiltered,1973,ter,1.1410772943894525e-15,633,-9.126404035622931
proteomics,zhu_B_subtilis,rel0_abs0,all,unfiltered,965,oriC,0.005410518100444306,303,-0.06897878212580198
proteomics,zhu_B_subtilis,rel0_abs0,all,unfiltered,965,ter,7.646736530449956e-8,334,-0.06862528918070149
proteomics,zhu_B_subtilis,rel0_abs0,all,unfiltered,1971,oriC,6.928465493010757e-10,663,9.362995597296957
proteomics,zhu_B_subtilis,rel0_abs0,all,unfiltered,1971,ter,0.044924164770303886,637,0.8563200420998552
proteomics,zhu_B_subtilis,rel0_abs0,all,unfiltered,1879,oriC,2.4459054246428693e-8,624,8.553825812729794
proteomics,zhu_B_subtilis,rel0_abs0,all,unfiltered,1879,ter,0.05343703677964122,618,1.2316167642354632
proteomics,zhu_B_subtilis,rel0_abs0,all,unfiltered,965,oriC,0.8480266697693115,303,-0.039018814470266554
proteomics,zhu_B_subtilis,rel0_abs0,all,unfiltered,965,ter,7.682048610889291e-4,334,-0.11575889530803132
proteomics,zhu_B_subtilis,rel0_abs0,all,unfiltered,964,oriC,0.9647259391343583,303,-0.06381334852216047
proteomics,zhu_B_subtilis,rel0_abs0,all,unfiltered,964,ter,8.729029239059838e-7,334,-0.2612890580992448
proteomics,zhu_B_subtilis,rel0_abs0,all,unfiltered,1971,oriC,5.925643403040597e-14,663,9.292494138729907
proteomics,zhu_B_subtilis,rel0_abs0,all,unfiltered,1971,ter,0.0011843232365111912,637,0.6135684215746128
proteomics,zhu_B_subtilis,rel0_abs0,all,unfiltered,1879,oriC,1.0879701058829853e-11,624,8.50839155862401
proteomics,zhu_B_subtilis,rel0_abs0,all,unfiltered,1879,ter,0.013466328178332508,618,1.036615754364302
proteomics,zhu_B_subtilis,rel0_abs0,all,unfiltered,963,oriC,0.02225221445020883,302,0.09038074272081648
proteomics,zhu_B_subtilis,rel0_abs0,all,unfiltered,963,ter,0.19807588843982485,334,-0.01076319362646052
proteomics,zhu_B_subtilis,rel0_abs0,all,unfiltered,965,oriC,0.2075910645799791,303,0.061025657590677504
proteomics,zhu_B_subtilis,rel0_abs0,all,unfiltered,965,ter,1.6325114928858743e-4,334,-0.11342198987412845
proteomics,zhu_B_subtilis,rel0_abs0,all,unfiltered,1982,oriC,0.09986107171712999,663,0.007141218711730732
proteomics,zhu_B_subtilis,rel0_abs0,all,unfiltered,1982,ter,0.4870272685161579,648,-0.044984429072814976
proteomics,zhu_B_subtilis,rel0_abs0,all,unfiltered,1962,oriC,2.741643618648278e-5,661,-9.621814125745148
proteomics,zhu_B_subtilis,rel0_abs0,all,unfiltered,1962,ter,0.013633310048848622,637,-7.861529116202573
proteomics,zhu_B_subtilis,rel0_abs0,all,unfiltered,1960,oriC,4.520890717903579e-6,661,-9.970994871302684
proteomics,zhu_B_subtilis,rel0_abs0,all,unfiltered,1960,ter,2.576300614127826e-10,637,-9.109702202295715
proteomics,zhu_B_subtilis,rel0_abs0,all,unfiltered,1844,oriC,3.511111031151358e-8,615,-8.897062326038114
proteomics,zhu_B_subtilis,rel0_abs0,all,unfiltered,1844,ter,0.0057431259734013786,609,-1.4647316315303027
proteomics,zhu_B_subtilis,rel0_abs0,all,unfiltered,1811,oriC,2.186463477743508e-5,612,-9.685908475123886
proteomics,zhu_B_subtilis,rel0_abs0,all,unfiltered,1811,ter,1.6294049517884325e-6,600,-7.266755748932503
proteomics,zhu_B_subtilis,rel0_abs0,all,unfiltered,911,oriC,0.236775763486649,290,-0.004263348432645703
proteomics,zhu_B_subtilis,rel0_abs0,all,unfiltered,911,ter,1.683879566762201e-5,320,-0.08199676682916271
proteomics,zhu_E_coli,rel0_abs0,all,unfiltered,1181,oriC,1.324730198381528e-5,457,0.036781999833390575
proteomics,zhu_E_coli,rel0_abs0,all,unfiltered,1181,ter,0.05315887189763794,348,0.0277483457270294
proteomics,zhu_E_coli,rel0_abs0,all,unfiltered,1783,oriC,0.015093222114060374,643,0.13658535099656244
proteomics,zhu_E_coli,rel0_abs0,all,unfiltered,1783,ter,1.6831243652335835e-16,555,0.5099809446354906
proteomics,zhu_E_coli,rel0_abs0,all,unfiltered,1184,oriC,0.7045852079059629,456,0.009956755721793376
proteomics,zhu_E_coli,rel0_abs0,all,unfiltered,1184,ter,0.8377059820330819,350,-0.005547009227920973
proteomics,zhu_E_coli,rel0_abs0,all,unfiltered,1791,oriC,3.6501482967649363e-6,641,0.16121068768518232
proteomics,zhu_E_coli,rel0_abs0,all,unfiltered,1791,ter,7.4261135045502e-11,558,0.35095499395267193
proteomics,zhu_E_coli,rel0_abs0,all,unfiltered,1185,oriC,7.631108539121619e-4,457,-0.20359754294108492
proteomics,zhu_E_coli,rel0_abs0,all,unfiltered,1185,ter,3.815164824132933e-7,350,-0.38804370069027316
proteomics,zhu_E_coli,rel0_abs0,all,unfiltered,1789,oriC,2.798790057680435e-7,641,0.22321108178380936
proteomics,zhu_E_coli,rel0_abs0,all,unfiltered,1789,ter,1.3921814179436775e-12,556,0.5580027903392842
proteomics,zhu_E_coli,rel0_abs0,all,unfiltered,1794,oriC,1.4216418220595736e-5,642,0.20806922607635434
proteomics,zhu_E_coli,rel0_abs0,all,unfiltered,1794,ter,4.60369241664078e-9,558,0.5036311366802276
proteomics,zhu_E_coli,rel0_abs0,all,unfiltered,1789,oriC,1.3208948584659792e-5,641,0.36475580443027683
proteomics,zhu_E_coli,rel0_abs0,all,unfiltered,1789,ter,4.2294973321718306e-5,558,0.6673078738601236
proteomics,zhu_E_coli,rel0_abs0,all,unfiltered,1185,oriC,0.005562167264517359,457,-0.2863484080261708
proteomics,zhu_E_coli,rel0_abs0,all,unfiltered,1185,ter,5.769914701281884e-14,350,-0.6228398060053685
proteomics,zhu_E_coli,rel0_abs0,all,unfiltered,1759,oriC,9.024685999471294e-6,634,0.4954039065504776
proteomics,zhu_E_coli,rel0_abs0,all,unfiltered,1759,ter,0.9117258535894006,543,0.3792120719082192
proteomics,zhu_E_coli,rel0_abs0,all,unfiltered,1785,oriC,0.12797360097991684,644,0.08402116724922844
proteomics,zhu_E_coli,rel0_abs0,all,unfiltered,1785,ter,1.207767628982334e-14,556,0.5238139545758169
proteomics,zhu_E_coli,rel0_abs0,all,unfiltered,1185,oriC,0.2859906260532904,457,-0.04017751557472194
proteomics,zhu_E_coli,rel0_abs0,all,unfiltered,1185,ter,0.530903153766193,350,-0.04618058516769814
proteomics,zhu_E_coli,rel0_abs0,all,unfiltered,1791,oriC,0.0017113269298795802,641,0.09715837394143667
proteomics,zhu_E_coli,rel0_abs0,all,unfiltered,1791,ter,1.3299932766881965e-8,558,0.3350366851328235
proteomics,zhu_E_coli,rel0_abs0,all,unfiltered,1185,oriC,2.0245174469017585e-5,457,-0.25191233859003026
proteomics,zhu_E_coli,rel0_abs0,all,unfiltered,1185,ter,6.626126808257425e-9,350,-0.3852460038865553
proteomics,zhu_E_coli,rel0_abs0,all,unfiltered,1789,oriC,5.54774281529443e-5,641,0.21001371476753566
proteomics,zhu_E_coli,rel0_abs0,all,unfiltered,1789,ter,1.088366176578293e-11,556,0.4893897184806958
proteomics,zhu_E_coli,rel0_abs0,all,unfiltered,1794,oriC,5.652518832311343e-4,642,0.18220340234820726
proteomics,zhu_E_coli,rel0_abs0,all,unfiltered,1794,ter,4.5244862255817815e-8,558,0.44335491314891184
proteomics,zhu_E_coli,rel0_abs0,all,unfiltered,1789,oriC,2.0279451504098367e-4,641,0.31235559754196224
proteomics,zhu_E_coli,rel0_abs0,all,unfiltered,1789,ter,3.3621395914440694e-4,558,0.5706679485587427
proteomics,zhu_E_coli,rel0_abs0,all,unfiltered,1185,oriC,3.8638594245150816e-4,457,-0.3241190657635791
proteomics,zhu_E_coli,rel0_abs0,all,unfiltered,1185,ter,9.888261574262169e-17,350,-0.6278531317328185
proteomics,zhu_E_coli,rel0_abs0,all,unfiltered,1760,oriC,7.120207002509813e-5,634,0.43044828377325384
proteomics,zhu_E_coli,rel0_abs0,all,unfiltered,1760,ter,0.3558484241681376,544,0.25115352015364373
proteomics,zhu_E_coli,rel0_abs0,all,unfiltered,1785,oriC,0.006137135665597487,644,-0.2675306445292577
proteomics,zhu_E_coli,rel0_abs0,all,unfiltered,1785,ter,6.953390697443709e-13,556,-1.1168627080630418
proteomics,zhu_E_coli,rel0_abs0,all,unfiltered,1775,oriC,0.22335080151223982,632,-0.04610363357729595
proteomics,zhu_E_coli,rel0_abs0,all,unfiltered,1775,ter,5.0129922659884326e-9,556,-0.10798169529882284
proteomics,zhu_E_coli,rel0_abs0,all,unfiltered,1782,oriC,3.1305726420400763e-8,644,-0.8032679899506832
proteomics,zhu_E_coli,rel0_abs0,all,unfiltered,1782,ter,7.367521928271524e-23,553,-1.6392719015402524
proteomics,zhu_E_coli,rel0_abs0,all,unfiltered,1790,oriC,0.41864508193151845,637,-0.11128681203952628
proteomics,zhu_E_coli,rel0_abs0,all,unfiltered,1790,ter,3.8433598515953866e-7,559,-0.4165807593366554
proteomics,zhu_E_coli,rel0_abs0,all,unfiltered,1777,oriC,0.12635290850071462,632,0.06886887396412673
proteomics,zhu_E_coli,rel0_abs0,all,unfiltered,1777,ter,3.9697957357978257e-4,556,-0.09843340093154107
proteomics,zhu_E_coli,rel0_abs0,all,unfiltered,1778,oriC,0.4755199914770647,632,0.059122653386761155
proteomics,zhu_E_coli,rel0_abs0,all,unfiltered,1778,ter,2.503322214691331e-7,557,-0.2939481780933009
proteomics,zhu_E_coli,rel0_abs0,all,unfiltered,1778,oriC,2.2043627065247665e-8,639,-1.0814405223874828
proteomics,zhu_E_coli,rel0_abs0,all,unfiltered,1778,ter,1.1547803602331924e-36,556,-2.6603964115266665
proteomics,zhu_E_coli,rel0_abs0,all,unfiltered,1777,oriC,0.3542959279328244,632,0.011036509058459851
proteomics,zhu_E_coli,rel0_abs0,all,unfiltered,1777,ter,2.989268064715489e-18,556,-0.598579098222457
proteomics,zhu_E_coli,rel0_abs0,all,unfiltered,1790,oriC,0.0023853334249138653,641,0.17742107649014
proteomics,zhu_E_coli,rel0_abs0,all,unfiltered,1790,ter,1.1485088738678365e-8,557,0.7787152228133107
proteomics,zhu_E_coli,rel0_abs0,all,unfiltered,1180,oriC,0.004357044661298476,456,-0.11659615068430018
proteomics,zhu_E_coli,rel0_abs0,all,unfiltered,1180,ter,2.886743496163618e-10,346,-0.22796484685279333
proteomics,zhu_E_coli,rel0_abs0,all,unfiltered,1788,oriC,6.401351224830695e-6,641,0.19143663945540798
proteomics,zhu_E_coli,rel0_abs0,all,unfiltered,1788,ter,7.10018040505229e-21,555,0.4458112687487696
proteomics,zhu_E_coli,rel0_abs0,all,unfiltered,1793,oriC,3.83586744945992e-5,642,0.13968266228117143
proteomics,zhu_E_coli,rel0_abs0,all,unfiltered,1793,ter,1.3033286664456493e-11,557,0.3791262336202627
proteomics,zhu_E_coli,rel0_abs0,all,unfiltered,1788,oriC,2.309603700042461e-10,641,0.295761739856331
proteomics,zhu_E_coli,rel0_abs0,all,unfiltered,1788,ter,2.339650272834191e-10,557,0.4939743579794515
proteomics,zhu_E_coli,rel0_abs0,all,unfiltered,1184,oriC,0.30678076356181094,457,-0.16416943747530066
proteomics,zhu_E_coli,rel0_abs0,all,unfiltered,1184,ter,1.638697308900932e-16,350,-0.5249448822835234
proteomics,zhu_E_coli,rel0_abs0,all,unfiltered,1759,oriC,2.861072968881354e-11,634,0.45109673466741906
proteomics,zhu_E_coli,rel0_abs0,all,unfiltered,1759,ter,0.5827389248959747,543,0.33017411696548354
proteomics,zhu_E_coli,rel0_abs0,all,unfiltered,1787,oriC,1.180065078196091e-9,641,-0.6014371759948993
proteomics,zhu_E_coli,rel0_abs0,all,unfiltered,1787,ter,1.4374486343794575e-19,554,-1.4572310648209728
proteomics,zhu_E_coli,rel0_abs0,all,unfiltered,1791,oriC,0.9648096551089524,637,-0.03294258493665766
proteomics,zhu_E_coli,rel0_abs0,all,unfiltered,1791,ter,0.11804081270205209,560,-0.23259701006724742
proteomics,zhu_E_coli,rel0_abs0,all,unfiltered,1778,oriC,1.4368548333632935e-4,632,0.07663614185581871
proteomics,zhu_E_coli,rel0_abs0,all,unfiltered,1778,ter,0.7188427405294058,557,0.03469420307217257
proteomics,zhu_E_coli,rel0_abs0,all,unfiltered,1777,oriC,0.0016048056198609995,631,0.1127949026654521
proteomics,zhu_E_coli,rel0_abs0,all,unfiltered,1777,ter,0.012972832480960506,557,-0.08645192661187315
proteomics,zhu_E_coli,rel0_abs0,all,unfiltered,1783,oriC,9.435649413378374e-8,636,-0.8697381173721812
proteomics,zhu_E_coli,rel0_abs0,all,unfiltered,1783,ter,3.9759573315725375e-34,557,-2.5056391468131514
proteomics,zhu_E_coli,rel0_abs0,all,unfiltered,1776,oriC,0.004584958016106354,632,0.10518149941511565
proteomics,zhu_E_coli,rel0_abs0,all,unfiltered,1776,ter,1.9037059359781763e-15,555,-0.4285785161701235
proteomics,zhu_E_coli,rel0_abs0,all,unfiltered,1788,oriC,1.4252248596449133e-12,641,0.5258598570326904
proteomics,zhu_E_coli,rel0_abs0,all,unfiltered,1788,ter,1.0680601692327091e-32,555,1.0832601691980723
proteomics,zhu_E_coli,rel0_abs0,all,unfiltered,1790,oriC,2.787555791603685e-10,642,0.4362886516374046
proteomics,zhu_E_coli,rel0_abs0,all,unfiltered,1790,ter,7.168626399558952e-31,554,0.955631996698183
proteomics,zhu_E_coli,rel0_abs0,all,unfiltered,1782,oriC,1.502125855074715e-16,640,0.4581353007607799
proteomics,zhu_E_coli,rel0_abs0,all,unfiltered,1782,ter,1.6997308454107197e-20,554,0.7720809156890308
proteomics,zhu_E_coli,rel0_abs0,all,unfiltered,1155,oriC,0.23767159902712323,444,-0.009081367635919699
proteomics,zhu_E_coli,rel0_abs0,all,unfiltered,1155,ter,5.475046499979311e-14,347,-0.2616129325846921
proteomics,zhu_E_coli,rel0_abs0,all,unfiltered,1745,oriC,9.813904165991658e-15,630,0.5473909795152094
proteomics,zhu_E_coli,rel0_abs0,all,unfiltered,1745,ter,0.001140710866457495,539,0.5296314174797225
proteomics,zhu_E_coli,rel0_abs0,all,unfiltered,1788,oriC,0.022109582146771615,636,0.009269660765628056
proteomics,zhu_E_coli,rel0_abs0,all,unfiltered,1788,ter,0.3087714646407356,558,0.031553612497292285
proteomics,zhu_E_coli,rel0_abs0,all,unfiltered,1791,oriC,1.601957367726674e-11,637,0.19055868177409482
proteomics,zhu_E_coli,rel0_abs0,all,unfiltered,1791,ter,0.14574861366209427,560,0.14831734507349498
proteomics,zhu_E_coli,rel0_abs0,all,unfiltered,1787,oriC,1.6170417661016363e-7,639,-0.7367748505170494
proteomics,zhu_E_coli,rel0_abs0,all,unfiltered,1787,ter,8.551712555254818e-45,556,-1.8349665509978943
proteomics,zhu_E_coli,rel0_abs0,all,unfiltered,1790,oriC,3.47531336639009e-9,637,0.28570115992927003
proteomics,zhu_E_coli,rel0_abs0,all,unfiltered,1790,ter,1.496154983549221e-5,559,-0.12242795030296051
proteomics,zhu_E_coli,rel0_abs0,all,unfiltered,1778,oriC,1.4703753050181631e-8,632,0.0907477407625113
proteomics,zhu_E_coli,rel0_abs0,all,unfiltered,1778,ter,0.007813058184619153,557,-0.049783135829649314
proteomics,zhu_E_coli,rel0_abs0,all,unfiltered,1786,oriC,5.548408638747901e-7,637,-0.6568070712585874
proteomics,zhu_E_coli,rel0_abs0,all,unfiltered,1786,ter,1.4990138806120414e-41,557,-1.687263525234169
proteomics,zhu_E_coli,rel0_abs0,all,unfiltered,1776,oriC,7.046197081888523e-6,632,0.13042702137580273
proteomics,zhu_E_coli,rel0_abs0,all,unfiltered,1776,ter,3.890345972454368e-14,555,-0.42700114161761943
proteomics,zhu_E_coli,rel0_abs0,all,unfiltered,1778,oriC,1.2434753721408373e-13,635,-0.6530711651629134
proteomics,zhu_E_coli,rel0_abs0,all,unfiltered,1778,ter,3.4517108709521043e-44,557,-1.4798917121715494
proteomics,zhu_E_coli,rel0_abs0,all,unfiltered,1769,oriC,0.0010760391560883736,631,0.036933727419752704
proteomics,zhu_E_coli,rel0_abs0,all,unfiltered,1769,ter,4.430370599777413e-21,554,-0.3309231645726447
proteomics,zhu_E_coli,rel0_abs0,all,unfiltered,1704,oriC,3.206567570658246e-23,610,0.5296048669248683
proteomics,zhu_E_coli,rel0_abs0,all,unfiltered,1704,ter,1.4897078582679483e-22,533,0.6339558131409558
proteomics,zhu_V_natriegens,rel0_abs0,all,unfiltered,1562,oriC,0.169679582921274,642,-0.05017305523924509
proteomics,zhu_V_natriegens,rel0_abs0,all,unfiltered,1562,ter,0.01597232330517056,376,-0.38779660502291163
proteomics,zhu_V_natriegens,rel0_abs0,all,unfiltered,1545,oriC,0.7072259913469173,640,-0.051692932955573215
proteomics,zhu_V_natriegens,rel0_abs0,all,unfiltered,1545,ter,0.5225845848889469,366,-0.057359119081487706
proteomics,zhu_V_natriegens,rel0_abs0,all,unfiltered,1563,oriC,0.5481089411990672,641,-0.23290345804673865
proteomics,zhu_V_natriegens,rel0_abs0,all,unfiltered,1563,ter,1.2970083732138444e-4,377,-0.8208302064518039
proteomics,zhu_V_natriegens,rel0_abs0,all,unfiltered,1546,oriC,0.9350220868829331,640,-0.038742629115955704
proteomics,zhu_V_natriegens,rel0_abs0,all,unfiltered,1546,ter,0.4897356764530977,368,-0.13077701810343698
proteomics,zhu_V_natriegens,rel0_abs0,all,unfiltered,1564,oriC,0.006752314150612494,642,-0.3790095094339276
proteomics,zhu_V_natriegens,rel0_abs0,all,unfiltered,1564,ter,1.4854516838052765e-6,377,-1.1182738782044934
proteomics,zhu_V_natriegens,rel0_abs0,all,unfiltered,1561,oriC,2.604476034763853e-4,641,-0.5573886878172339
proteomics,zhu_V_natriegens,rel0_abs0,all,unfiltered,1561,ter,1.4343491054284502e-7,376,-1.9085145916966835
proteomics,zhu_V_natriegens,rel0_abs0,all,unfiltered,1575,oriC,0.025335756007228347,645,-0.2671630055804136
proteomics,zhu_V_natriegens,rel0_abs0,all,unfiltered,1575,ter,6.095114855415004e-4,379,-0.4180069689300803
proteomics,zhu_V_natriegens,rel0_abs0,all,unfiltered,1547,oriC,0.1037300536541738,640,-0.12208158928597848
proteomics,zhu_V_natriegens,rel0_abs0,all,unfiltered,1547,ter,2.3739988553467457e-4,368,-0.5453367182392684
proteomics,zhu_V_natriegens,rel0_abs0,all,unfiltered,1556,oriC,3.7835061037110365e-9,641,-0.978387031785101
proteomics,zhu_V_natriegens,rel0_abs0,all,unfiltered,1556,ter,2.1411832698769815e-12,372,-3.8328226714711926
proteomics,zhu_V_natriegens,rel0_abs0,all,unfiltered,1547,oriC,0.008680474337347796,640,-0.2304311115980075
proteomics,zhu_V_natriegens,rel0_abs0,all,unfiltered,1547,ter,3.360926363987365e-7,368,-1.0342690311047655
proteomics,zhu_V_natriegens,rel0_abs0,all,unfiltered,1560,oriC,2.2322295411997677e-5,639,-0.08554851609475879
proteomics,zhu_V_natriegens,rel0_abs0,all,unfiltered,1560,ter,0.018432516758163566,375,0.251058042662661
proteomics,zhu_V_natriegens,rel0_abs0,all,unfiltered,1100,oriC,0.02416773803474023,485,-0.11209649971442358
proteomics,zhu_V_natriegens,rel0_abs0,all,unfiltered,1100,ter,0.014827214959796272,228,-0.10763353223944087
proteomics,zhu_V_natriegens,rel0_abs0,all,unfiltered,1563,oriC,0.0195205068743166,641,-0.017024130196045824
proteomics,zhu_V_natriegens,rel0_abs0,all,unfiltered,1563,ter,0.002435799553273839,377,0.28970950416511915
proteomics,zhu_V_natriegens,rel0_abs0,all,unfiltered,1101,oriC,2.513565240844621e-5,485,-0.20894166007115816
proteomics,zhu_V_natriegens,rel0_abs0,all,unfiltered,1101,ter,2.7256906496050075e-4,228,-0.22332014539731812
proteomics,zhu_V_natriegens,rel0_abs0,all,unfiltered,1100,oriC,5.2218504505108e-4,485,-0.27186920437777623
proteomics,zhu_V_natriegens,rel0_abs0,all,unfiltered,1100,ter,0.04150830490129479,228,-0.25038632977154607
proteomics,zhu_V_natriegens,rel0_abs0,all,unfiltered,1561,oriC,0.6727640736528813,641,0.05201873827916273
proteomics,zhu_V_natriegens,rel0_abs0,all,unfiltered,1561,ter,0.07523859282719504,373,0.4192121037704437
proteomics,zhu_V_natriegens,rel0_abs0,all,unfiltered,1535,oriC,0.7021385577267554,637,0.12846726692419436
proteomics,zhu_V_natriegens,rel0_abs0,all,unfiltered,1535,ter,0.3860489172498863,362,0.6292746402523237
proteomics,zhu_V_natriegens,rel0_abs0,all,unfiltered,1099,oriC,1.8047600280857277e-7,485,-0.4516772018431041
proteomics,zhu_V_natriegens,rel0_abs0,all,unfiltered,1099,ter,4.7643737686910585e-5,227,-0.45722699123104166
proteomics,zhu_V_natriegens,rel0_abs0,all,unfiltered,1520,oriC,0.2783973165817879,629,0.11372924234897275
proteomics,zhu_V_natriegens,rel0_abs0,all,unfiltered,1520,ter,0.5026564729160425,356,0.6757139865940895
proteomics,zhu_V_natriegens,rel0_abs0,all,unfiltered,1561,oriC,0.8207989078653343,638,-0.0856432526385282
proteomics,zhu_V_natriegens,rel0_abs0,all,unfiltered,1561,ter,5.561461638542945e-6,376,-0.6158023507749633
proteomics,zhu_V_natriegens,rel0_abs0,all,unfiltered,1546,oriC,0.18253939507870076,640,0.028208263073808727
proteomics,zhu_V_natriegens,rel0_abs0,all,unfiltered,1546,ter,0.4249911637197495,367,-0.03336259379956156
proteomics,zhu_V_natriegens,rel0_abs0,all,unfiltered,1562,oriC,0.06043380458409835,639,-0.20457848703996714
proteomics,zhu_V_natriegens,rel0_abs0,all,unfiltered,1562,ter,4.878528973138392e-8,376,-0.89387029347068
proteomics,zhu_V_natriegens,rel0_abs0,all,unfiltered,1559,oriC,0.0014273300474080357,638,-0.47844744933943006
proteomics,zhu_V_natriegens,rel0_abs0,all,unfiltered,1559,ter,2.832873940426207e-7,375,-1.938519018151013
proteomics,zhu_V_natriegens,rel0_abs0,all,unfiltered,1575,oriC,0.29215794005883045,644,-0.1154100370857779
proteomics,zhu_V_natriegens,rel0_abs0,all,unfiltered,1575,ter,1.5719815353160757e-5,380,-0.3708524986744133
proteomics,zhu_V_natriegens,rel0_abs0,all,unfiltered,1546,oriC,0.6403116148177719,640,-0.03311501173135217
proteomics,zhu_V_natriegens,rel0_abs0,all,unfiltered,1546,ter,6.145493719212645e-5,367,-0.5079337339424987
proteomics,zhu_V_natriegens,rel0_abs0,all,unfiltered,1553,oriC,1.2217950387411018e-7,638,-0.8764844209159144
proteomics,zhu_V_natriegens,rel0_abs0,all,unfiltered,1553,ter,4.277347228040306e-12,370,-4.187718950889422
proteomics,zhu_V_natriegens,rel0_abs0,all,unfiltered,1547,oriC,0.14273361293751433,640,-0.14173973303514112
proteomics,zhu_V_natriegens,rel0_abs0,all,unfiltered,1547,ter,3.3958957843726635e-7,368,-0.8893680227260045
proteomics,zhu_V_natriegens,rel0_abs0,all,unfiltered,1564,oriC,0.25233183424385686,640,0.042596256185347466
proteomics,zhu_V_natriegens,rel0_abs0,all,unfiltered,1564,ter,4.7551698701212795e-8,377,0.4160189631366348
proteomics,zhu_V_natriegens,rel0_abs0,all,unfiltered,1101,oriC,5.717384225346778e-7,484,-0.08131553534355809
proteomics,zhu_V_natriegens,rel0_abs0,all,unfiltered,1101,ter,7.24731593588807e-5,228,-0.09977394194016231
proteomics,zhu_V_natriegens,rel0_abs0,all,unfiltered,1100,oriC,0.09258164072431023,485,-0.08137134683248892
proteomics,zhu_V_natriegens,rel0_abs0,all,unfiltered,1100,ter,0.34754162993486526,227,-0.009459558605086568
proteomics,zhu_V_natriegens,rel0_abs0,all,unfiltered,1561,oriC,0.7596442134867281,641,0.04847989333215029
proteomics,zhu_V_natriegens,rel0_abs0,all,unfiltered,1561,ter,1.8374365008961253e-4,373,0.3034525381572212
proteomics,zhu_V_natriegens,rel0_abs0,all,unfiltered,1536,oriC,0.269613071537825,636,0.11577906919897316
proteomics,zhu_V_natriegens,rel0_abs0,all,unfiltered,1536,ter,0.028389835627604543,362,0.491803403303321
proteomics,zhu_V_natriegens,rel0_abs0,all,unfiltered,1100,oriC,8.439523536851905e-4,485,-0.2369708538544521
proteomics,zhu_V_natriegens,rel0_abs0,all,unfiltered,1100,ter,4.079726210691813e-4,227,-0.18583150952640076
proteomics,zhu_V_natriegens,rel0_abs0,all,unfiltered,1519,oriC,0.4633630193949167,628,0.20638868756709516
proteomics,zhu_V_natriegens,rel0_abs0,all,unfiltered,1519,ter,0.8522014142022674,355,0.47871120581564647
proteomics,zhu_V_natriegens,rel0_abs0,all,unfiltered,1565,oriC,0.008235974536048503,641,-0.20762213901873933
proteomics,zhu_V_natriegens,rel0_abs0,all,unfiltered,1565,ter,1.3975419653937113e-10,377,-0.6936183902998074
proteomics,zhu_V_natriegens,rel0_abs0,all,unfiltered,1562,oriC,1.4028095106293138e-5,640,-0.4368474574055336
proteomics,zhu_V_natriegens,rel0_abs0,all,unfiltered,1562,ter,1.3117440318662522e-9,376,-1.5841221403924364
proteomics,zhu_V_natriegens,rel0_abs0,all,unfiltered,1575,oriC,0.01809258208026343,644,-0.1289855690773114
proteomics,zhu_V_natriegens,rel0_abs0,all,unfiltered,1575,ter,3.4112836029667415e-7,380,-0.36623694831070397
proteomics,zhu_V_natriegens,rel0_abs0,all,unfiltered,1546,oriC,0.14255895619505424,640,-0.061717928868646424
proteomics,zhu_V_natriegens,rel0_abs0,all,unfiltered,1546,ter,1.1987926356253372e-6,367,-0.5139658295368578
proteomics,zhu_V_natriegens,rel0_abs0,all,unfiltered,1557,oriC,2.1204775315646374e-9,640,-0.8224511020297791
proteomics,zhu_V_natriegens,rel0_abs0,all,unfiltered,1557,ter,1.5232113592122785e-14,372,-3.690065694165006
proteomics,zhu_V_natriegens,rel0_abs0,all,unfiltered,1547,oriC,0.01477592404725679,640,-0.17363676807554984
proteomics,zhu_V_natriegens,rel0_abs0,all,unfiltered,1547,ter,7.54692960574982e-9,368,-0.8930530648575057
proteomics,zhu_V_natriegens,rel0_abs0,all,unfiltered,1102,oriC,0.2169290942294506,485,0.06847286307694132
proteomics,zhu_V_natriegens,rel0_abs0,all,unfiltered,1102,ter,0.8563476238111747,228,-0.004919486361008515
proteomics,zhu_V_natriegens,rel0_abs0,all,unfiltered,1561,oriC,0.011210624189314669,641,0.09584700397381084
proteomics,zhu_V_natriegens,rel0_abs0,all,unfiltered,1561,ter,2.4084874159647876e-11,373,0.36754005215848384
proteomics,zhu_V_natriegens,rel0_abs0,all,unfiltered,1537,oriC,0.0034472424742139737,637,0.17038864665442863
proteomics,zhu_V_natriegens,rel0_abs0,all,unfiltered,1537,ter,6.207807892761454e-5,362,0.470541735259317
proteomics,zhu_V_natriegens,rel0_abs0,all,unfiltered,1101,oriC,0.14200268777528374,484,-0.07745690640755337
proteomics,zhu_V_natriegens,rel0_abs0,all,unfiltered,1101,ter,0.018555961394654225,228,-0.12049043098136686
proteomics,zhu_V_natriegens,rel0_abs0,all,unfiltered,1521,oriC,0.008348091482327409,629,0.2709728687636862
proteomics,zhu_V_natriegens,rel0_abs0,all,unfiltered,1521,ter,0.44980166288574447,356,0.5826762647800214
proteomics,zhu_V_natriegens,rel0_abs0,all,unfiltered,1561,oriC,0.013496313689290513,641,0.3021701511651018
proteomics,zhu_V_natriegens,rel0_abs0,all,unfiltered,1561,ter,1.2838386580178133e-6,373,1.288959318073409
proteomics,zhu_V_natriegens,rel0_abs0,all,unfiltered,1525,oriC,2.1293540389196009e-4,631,0.124597238801021
proteomics,zhu_V_natriegens,rel0_abs0,all,unfiltered,1525,ter,3.01072830033192e-5,359,0.4556727638254786
proteomics,zhu_V_natriegens,rel0_abs0,all,unfiltered,1073,oriC,0.019299916828117738,473,-0.05758827890291455
proteomics,zhu_V_natriegens,rel0_abs0,all,unfiltered,1073,ter,8.520000222488293e-4,221,-0.0900060873462207
proteomics,zhu_V_natriegens,rel0_abs0,all,unfiltered,1502,oriC,0.010360194935923737,623,0.14979404098490878
proteomics,zhu_V_natriegens,rel0_abs0,all,unfiltered,1502,ter,0.13587151579377174,350,0.3382840429199384
proteomics,zhu_V_natriegens,rel0_abs0,all,unfiltered,1574,oriC,0.015242782218515346,645,0.12356649158689607
proteomics,zhu_V_natriegens,rel0_abs0,all,unfiltered,1574,ter,0.8251468055546783,379,0.06090042257984229
proteomics,zhu_V_natriegens,rel0_abs0,all,unfiltered,1561,oriC,1.6167013438970117e-6,641,-0.6256595085650843
proteomics,zhu_V_natriegens,rel0_abs0,all,unfiltered,1561,ter,2.8115520632832476e-10,373,-3.740649566629693
proteomics,zhu_V_natriegens,rel0_abs0,all,unfiltered,1573,oriC,0.32649221030816267,644,0.10679957263481024
proteomics,zhu_V_natriegens,rel0_abs0,all,unfiltered,1573,ter,0.02326997786121172,380,-0.13135506564836125
proteomics,zhu_V_natriegens,rel0_abs0,all,unfiltered,1522,oriC,2.346153774919284e-9,632,-0.44202490428856084
proteomics,zhu_V_natriegens,rel0_abs0,all,unfiltered,1522,ter,7.848649253535505e-12,355,-1.60136533231278
proteomics,zhu_V_natriegens,rel0_abs0,all,unfiltered,1519,oriC,0.7446691491186167,632,-0.010934299954831911
proteomics,zhu_V_natriegens,rel0_abs0,all,unfiltered,1519,ter,0.0022188088048398264,356,-0.19227217029371824
proteomics,zhu_V_natriegens,rel0_abs0,all,unfiltered,1486,oriC,1.3971805954185659e-15,619,0.2755851434198467
proteomics,zhu_V_natriegens,rel0_abs0,all,unfiltered,1486,ter,9.940484867906826e-12,342,0.4955769277266413
