assay,dataset,cutoff,gene_filter,fc_mode,n_total,group,p,n_genes,med_log2fc
proteomics,schmidt_2016,rel0_abs0,all,filtered,2030,oriC,0.17113836403371774,710,0.009087096616157052
proteomics,schmidt_2016,rel0_abs0,all,filtered,2030,ter,0.006820530288071221,651,0.031044850555002917
proteomics,schmidt_2016,rel0_abs0,all,filtered,1981,oriC,0.26049935823850306,694,0.0017753711372948213
proteomics,schmidt_2016,rel0_abs0,all,filtered,1981,ter,0.15193975920730704,636,-0.043468007706833484
proteomics,schmidt_2016,rel0_abs0,all,filtered,2000,oriC,0.009026959274816336,699,-0.09207544061836963
proteomics,schmidt_2016,rel0_abs0,all,filtered,2000,ter,0.006380559817653674,645,-0.09415680653072178
proteomics,schmidt_2016,rel0_abs0,all,filtered,2019,oriC,0.08363183122930155,710,0.014116784511610171
proteomics,schmidt_2016,rel0_abs0,all,filtered,2019,ter,0.4953429089632965,644,-0.0015379787669282277
proteomics,schmidt_2016,rel0_abs0,all,filtered,1998,oriC,7.120078715919614e-4,699,0.09244590233551787
proteomics,schmidt_2016,rel0_abs0,all,filtered,1998,ter,0.5206545254833412,645,-0.007425843436084714
proteomics,schmidt_2016,rel0_abs0,all,filtered,2005,oriC,0.0821719421934744,701,0.005299119645303609
proteomics,schmidt_2016,rel0_abs0,all,filtered,2005,ter,0.050633500254346236,646,-0.0219224788597093
proteomics,schmidt_2016,rel0_abs0,all,filtered,1985,oriC,0.5412755159144162,699,-0.033516928728672034
proteomics,schmidt_2016,rel0_abs0,all,filtered,1985,ter,0.0018190270481394403,639,-0.11284872049154572
proteomics,schmidt_2016,rel0_abs0,all,filtered,2000,oriC,0.02074143646308827,700,0.03304926919587153
proteomics,schmidt_2016,rel0_abs0,all,filtered,2000,ter,0.49864719024875775,642,0.006421615793058977
proteomics,schmidt_2016,rel0_abs0,all,filtered,1990,oriC,4.2687299596534905e-4,694,0.05259278560726122
proteomics,schmidt_2016,rel0_abs0,all,filtered,1990,ter,0.5004667512240734,638,-0.01566560099467048
proteomics,schmidt_2016,rel0_abs0,all,filtered,1983,oriC,0.18947961423623524,695,-0.0035365477564746825
proteomics,schmidt_2016,rel0_abs0,all,filtered,1983,ter,0.07926598734550576,634,-0.03920492910442934
proteomics,schmidt_2016,rel0_abs0,all,filtered,2021,oriC,0.0015931566722311846,709,0.05147558946803361
proteomics,schmidt_2016,rel0_abs0,all,filtered,2021,ter,0.7502492714534045,649,0.005295859435091148
proteomics,schmidt_2016,rel0_abs0,all,filtered,1882,oriC,0.4874574600033711,666,-0.07234924825580293
proteomics,schmidt_2016,rel0_abs0,all,filtered,1882,ter,0.3524270054372263,601,-0.12630960023481316
proteomics,schmidt_2016,rel0_abs0,all,filtered,1915,oriC,0.0015658349094790098,662,0.06929539502821405
proteomics,schmidt_2016,rel0_abs0,all,filtered,1915,ter,0.4024793944450314,619,-0.05177898708279219
proteomics,schmidt_2016,rel0_abs0,all,filtered,1936,oriC,8.757566685985065e-4,677,0.06345346556456351
proteomics,schmidt_2016,rel0_abs0,all,filtered,1936,ter,0.8850403817100976,618,-0.018332727176779903
proteomics,schmidt_2016,rel0_abs0,all,filtered,1894,oriC,0.047668268384353535,657,-0.009398070774767293
proteomics,schmidt_2016,rel0_abs0,all,filtered,1894,ter,0.6652022055205494,607,-0.01592599540826062
proteomics,schmidt_2016,rel0_abs0,all,filtered,1951,oriC,0.05089563802126818,682,0.004803249935798495
proteomics,schmidt_2016,rel0_abs0,all,filtered,1951,ter,0.19510412625425552,625,-0.05429441868440187
proteomics,schmidt_2016,rel0_abs0,all,filtered,1916,oriC,2.155621363872633e-4,672,0.1343245251827821
proteomics,schmidt_2016,rel0_abs0,all,filtered,1916,ter,0.9339993436124008,611,-0.05840548167682545
proteomics,schmidt_2016,rel0_abs0,all,filtered,1911,oriC,0.4996938414799611,671,-0.061825125368003046
proteomics,schmidt_2016,rel0_abs0,all,filtered,1911,ter,1.6293062541716066e-8,609,-0.3606904176928284
proteomics,schmidt_2016,rel0_abs0,all,filtered,1872,oriC,0.1339959086524406,659,0.038907136974357645
proteomics,schmidt_2016,rel0_abs0,all,filtered,1872,ter,9.826207848705847e-11,600,-0.35303774303020335
proteomics,schmidt_2016,rel0_abs0,all,filtered,1983,oriC,0.17296263343682494,694,0.018420787646961923
proteomics,schmidt_2016,rel0_abs0,all,filtered,1983,ter,1.2826987169700695e-4,638,-0.147392003421344
proteomics,schmidt_2016,rel0_abs0,all,filtered,2008,oriC,0.001121343776869858,704,-0.10081758849157052
proteomics,schmidt_2016,rel0_abs0,all,filtered,2008,ter,1.2221021448134437e-5,646,-0.14027853381095065
proteomics,schmidt_2016,rel0_abs0,all,filtered,2037,oriC,0.10890627586357868,713,-0.03802206824446322
proteomics,schmidt_2016,rel0_abs0,all,filtered,2037,ter,0.004795815138105226,656,-0.03156430536343905
proteomics,schmidt_2016,rel0_abs0,all,filtered,2009,oriC,3.4070431004525276e-4,703,0.07033579588544363
proteomics,schmidt_2016,rel0_abs0,all,filtered,2009,ter,0.009168377504855727,649,-0.05712015328898297
proteomics,schmidt_2016,rel0_abs0,all,filtered,2013,oriC,0.11542847539450223,706,-0.002149205411356836
proteomics,schmidt_2016,rel0_abs0,all,filtered,2013,ter,8.944412376812858e-5,646,-0.09746465178722036
proteomics,schmidt_2016,rel0_abs0,all,filtered,1988,oriC,0.99560217035306,700,-0.060470598791354205
proteomics,schmidt_2016,rel0_abs0,all,filtered,1988,ter,2.0604382464692172e-7,638,-0.166628629873458
proteomics,schmidt_2016,rel0_abs0,all,filtered,2012,oriC,0.015072419061180705,704,0.007995162603984508
proteomics,schmidt_2016,rel0_abs0,all,filtered,2012,ter,0.18309820648989467,650,-0.041827200989554225
proteomics,schmidt_2016,rel0_abs0,all,filtered,1999,oriC,0.0025025073522009136,700,0.02482009198975829
proteomics,schmidt_2016,rel0_abs0,all,filtered,1999,ter,0.03059374742757428,641,-0.08512329201076048
proteomics,schmidt_2016,rel0_abs0,all,filtered,1986,oriC,0.35838940486483295,696,-0.027020870692412276
proteomics,schmidt_2016,rel0_abs0,all,filtered,1986,ter,6.572364926143853e-4,635,-0.09952399883359506
proteomics,schmidt_2016,rel0_abs0,all,filtered,2032,oriC,0.03076322342638079,711,0.010125003901095104
proteomics,schmidt_2016,rel0_abs0,all,filtered,2032,ter,0.032009250659081695,655,-0.04666664476693681
proteomics,schmidt_2016,rel0_abs0,all,filtered,1898,oriC,0.9321704276134991,672,-0.10333272847799245
proteomics,schmidt_2016,rel0_abs0,all,filtered,1898,ter,0.21785395231479324,608,-0.1817151103241379
proteomics,schmidt_2016,rel0_abs0,all,filtered,1934,oriC,0.0025753225667345635,669,0.05566387868296513
proteomics,schmidt_2016,rel0_abs0,all,filtered,1934,ter,0.011065008416969519,627,-0.11758771215387356
proteomics,schmidt_2016,rel0_abs0,all,filtered,1944,oriC,0.0025377003869161315,681,0.036643863070242214
proteomics,schmidt_2016,rel0_abs0,all,filtered,1944,ter,0.4671321691855198,620,-0.07312648479902292
proteomics,schmidt_2016,rel0_abs0,all,filtered,1890,oriC,0.07926049941982602,662,-0.03930561650014
proteomics,schmidt_2016,rel0_abs0,all,filtered,1890,ter,0.6419600142218717,602,-0.07606204402981827
proteomics,schmidt_2016,rel0_abs0,all,filtered,1962,oriC,0.18291314337700076,690,-0.03538937229622055
proteomics,schmidt_2016,rel0_abs0,all,filtered,1962,ter,0.00395221771136793,626,-0.14826769950387542
proteomics,schmidt_2016,rel0_abs0,all,filtered,1918,oriC,2.69209309831607e-4,676,0.07969172653365968
proteomics,schmidt_2016,rel0_abs0,all,filtered,1918,ter,0.7055941466923676,609,-0.07123141695105605
proteomics,schmidt_2016,rel0_abs0,all,filtered,1944,oriC,0.522068533041586,680,-0.08160257924594735
proteomics,schmidt_2016,rel0_abs0,all,filtered,1944,ter,7.558133630514021e-13,623,-0.42815790827578926
proteomics,schmidt_2016,rel0_abs0,all,filtered,1893,oriC,0.20166014525570808,665,-0.011381002670208154
proteomics,schmidt_2016,rel0_abs0,all,filtered,1893,ter,1.057104837145955e-14,605,-0.45897800274207334
proteomics,schmidt_2016,rel0_abs0,all,filtered,1992,oriC,3.490539055046347e-7,699,-0.08337422255094563
proteomics,schmidt_2016,rel0_abs0,all,filtered,1992,ter,0.11083550336774411,642,-0.013704108750131543
proteomics,schmidt_2016,rel0_abs0,all,filtered,1977,oriC,0.0847306902281011,694,-0.028716377479226764
proteomics,schmidt_2016,rel0_abs0,all,filtered,1977,ter,0.48740521610805443,634,0.03582036361292695
proteomics,schmidt_2016,rel0_abs0,all,filtered,1998,oriC,2.3777149790342243e-6,704,0.13005204500849143
proteomics,schmidt_2016,rel0_abs0,all,filtered,1998,ter,0.16742082015045345,643,0.06591057384147532
proteomics,schmidt_2016,rel0_abs0,all,filtered,1998,oriC,9.195563131654419e-4,701,0.05417030771711135
proteomics,schmidt_2016,rel0_abs0,all,filtered,1998,ter,0.3386917525049887,643,0.07207323021685992
proteomics,schmidt_2016,rel0_abs0,all,filtered,2014,oriC,0.23232629023471144,707,-0.007030529458220351
proteomics,schmidt_2016,rel0_abs0,all,filtered,2014,ter,0.2475542679536331,648,9.194348728676196e-4
proteomics,schmidt_2016,rel0_abs0,all,filtered,1993,oriC,3.682665248108563e-5,700,0.0761372179320179
proteomics,schmidt_2016,rel0_abs0,all,filtered,1993,ter,0.007297738796480074,640,0.1183918015140331
proteomics,schmidt_2016,rel0_abs0,all,filtered,1992,oriC,4.47818295143183e-6,696,0.08476000153835972
proteomics,schmidt_2016,rel0_abs0,all,filtered,1992,ter,0.14716076732810546,639,0.05738141318019272
proteomics,schmidt_2016,rel0_abs0,all,filtered,2022,oriC,0.00993453729095752,707,0.03190792383657635
proteomics,schmidt_2016,rel0_abs0,all,filtered,2022,ter,0.5337189656882623,651,0.019861314718744732
proteomics,schmidt_2016,rel0_abs0,all,filtered,1983,oriC,0.004071935810520959,696,0.04724967524443659
proteomics,schmidt_2016,rel0_abs0,all,filtered,1983,ter,0.5888592507911263,636,0.058521848705915834
proteomics,schmidt_2016,rel0_abs0,all,filtered,1970,oriC,0.6369360267367234,696,-0.11253458982157788
proteomics,schmidt_2016,rel0_abs0,all,filtered,1970,ter,0.8610431976793953,630,-0.023559433060135082
proteomics,schmidt_2016,rel0_abs0,all,filtered,1996,oriC,0.0011547700199367095,696,0.04984639211981341
proteomics,schmidt_2016,rel0_abs0,all,filtered,1996,ter,0.25128048504306966,646,0.061600623742888876
proteomics,schmidt_2016,rel0_abs0,all,filtered,1964,oriC,0.0011378163000793568,684,0.07373852022781598
proteomics,schmidt_2016,rel0_abs0,all,filtered,1964,ter,0.11434673019185337,629,0.08189807470105526
proteomics,schmidt_2016,rel0_abs0,all,filtered,1951,oriC,0.4614288187322082,684,-0.031441798433100604
proteomics,schmidt_2016,rel0_abs0,all,filtered,1951,ter,0.0498053250858058,622,0.03299666612795049
proteomics,schmidt_2016,rel0_abs0,all,filtered,1999,oriC,0.036522060484976256,703,0.03095958988048131
proteomics,schmidt_2016,rel0_abs0,all,filtered,1999,ter,0.8695829454329629,639,0.001572328890791099
proteomics,schmidt_2016,rel0_abs0,all,filtered,1978,oriC,1.9004692633441586e-4,696,0.0850472494788891
proteomics,schmidt_2016,rel0_abs0,all,filtered,1978,ter,0.012029647465685038,628,0.0678462107396281
proteomics,schmidt_2016,rel0_abs0,all,filtered,1926,oriC,0.4223402368332499,675,-0.02492440015813196
proteomics,schmidt_2016,rel0_abs0,all,filtered,1926,ter,4.05934883151035e-6,613,-0.2509773058196003
proteomics,schmidt_2016,rel0_abs0,all,filtered,1879,oriC,0.38275360213731185,657,-0.008655816885148937
proteomics,schmidt_2016,rel0_abs0,all,filtered,1879,ter,3.852842653671434e-9,606,-0.2947210988662824
proteomics,schmidt_2016,rel0_abs0,all,filtered,1996,oriC,6.049262457616006e-5,700,0.09756679089829767
proteomics,schmidt_2016,rel0_abs0,all,filtered,1996,ter,0.06641222895635529,639,0.028242911251462485
proteomics,schmidt_2016,rel0_abs0,all,filtered,2018,oriC,1.9449432164607806e-20,703,0.2057517745486361
proteomics,schmidt_2016,rel0_abs0,all,filtered,2018,ter,0.06250072407807739,652,0.06600981433723832
proteomics,schmidt_2016,rel0_abs0,all,filtered,2028,oriC,8.185035046154106e-22,711,0.16990748749168189
proteomics,schmidt_2016,rel0_abs0,all,filtered,2028,ter,0.005971295476997361,652,0.04106803514239473
proteomics,schmidt_2016,rel0_abs0,all,filtered,1997,oriC,4.408507453604292e-7,702,0.11658365961760295
proteomics,schmidt_2016,rel0_abs0,all,filtered,1997,ter,0.9749975788420813,641,-0.005415743835826588
proteomics,schmidt_2016,rel0_abs0,all,filtered,2022,oriC,2.489493943884482e-17,710,0.15108835775811968
proteomics,schmidt_2016,rel0_abs0,all,filtered,2022,ter,3.632875181711638e-5,649,0.1119132142263038
proteomics,schmidt_2016,rel0_abs0,all,filtered,2013,oriC,3.441810268453525e-19,699,0.19168171881833135
proteomics,schmidt_2016,rel0_abs0,all,filtered,2013,ter,0.004807778586947529,651,0.06593272465660577
proteomics,schmidt_2016,rel0_abs0,all,filtered,1997,oriC,5.0729260003461605e-12,697,0.14234254574270444
proteomics,schmidt_2016,rel0_abs0,all,filtered,1997,ter,0.10351287282425974,642,0.024823607840423974
proteomics,schmidt_2016,rel0_abs0,all,filtered,2010,oriC,2.8617425265526467e-11,704,0.12837655274811854
proteomics,schmidt_2016,rel0_abs0,all,filtered,2010,ter,0.3071509512058388,644,0.013858559162158984
proteomics,schmidt_2016,rel0_abs0,all,filtered,1952,oriC,0.18426704875909328,694,-0.04335180527816229
proteomics,schmidt_2016,rel0_abs0,all,filtered,1952,ter,0.4741567434478133,628,-0.0443901501985479
proteomics,schmidt_2016,rel0_abs0,all,filtered,1972,oriC,1.5627818128413073e-7,689,0.10200108777271973
proteomics,schmidt_2016,rel0_abs0,all,filtered,1972,ter,0.21579596646974705,639,0.04908094063009408
proteomics,schmidt_2016,rel0_abs0,all,filtered,2007,oriC,3.000763704469016e-8,705,0.16472611141147714
proteomics,schmidt_2016,rel0_abs0,all,filtered,2007,ter,0.041190556933183534,646,0.05108541932532215
proteomics,schmidt_2016,rel0_abs0,all,filtered,1944,oriC,2.2429522189160392e-4,691,0.023417901221187653
proteomics,schmidt_2016,rel0_abs0,all,filtered,1944,ter,8.363062359860484e-4,618,0.07013043355868467
proteomics,schmidt_2016,rel0_abs0,all,filtered,1980,oriC,1.1008649079065268e-4,698,0.09464768497797255
proteomics,schmidt_2016,rel0_abs0,all,filtered,1980,ter,0.9753889382283569,633,-4.130425706955331e-4
proteomics,schmidt_2016,rel0_abs0,all,filtered,1957,oriC,7.325629821011427e-10,695,0.15681802979806644
proteomics,schmidt_2016,rel0_abs0,all,filtered,1957,ter,0.020623850714053014,619,0.05605619227852482
proteomics,schmidt_2016,rel0_abs0,all,filtered,1970,oriC,0.0057762420306226294,693,0.031739802380268044
proteomics,schmidt_2016,rel0_abs0,all,filtered,1970,ter,8.34564889509251e-7,626,-0.237665475284854
proteomics,schmidt_2016,rel0_abs0,all,filtered,1939,oriC,0.0010944014638094455,676,0.10393275537821509
proteomics,schmidt_2016,rel0_abs0,all,filtered,1939,ter,1.7329427319580579e-9,623,-0.27761150788928973
proteomics,schmidt_2016,rel0_abs0,all,filtered,2002,oriC,1.325340937944317e-5,705,0.09956335530515976
proteomics,schmidt_2016,rel0_abs0,all,filtered,2002,ter,0.36780107036489096,642,-0.012448874086246797
proteomics,schmidt_2016,rel0_abs0,all,filtered,2015,oriC,1.1988800056908638e-4,706,0.053158996584707394
proteomics,schmidt_2016,rel0_abs0,all,filtered,2015,ter,0.5140021825040451,644,-0.007604232638090546
proteomics,schmidt_2016,rel0_abs0,all,filtered,1987,oriC,0.4422745505784506,699,-0.03183753913996849
proteomics,schmidt_2016,rel0_abs0,all,filtered,1987,ter,8.944504240015749e-5,638,-0.13395065448817917
proteomics,schmidt_2016,rel0_abs0,all,filtered,2013,oriC,2.2374072107588326e-5,703,0.06857158386684854
proteomics,schmidt_2016,rel0_abs0,all,filtered,2013,ter,0.5388960261627993,650,-0.009670203054696352
proteomics,schmidt_2016,rel0_abs0,all,filtered,2002,oriC,5.9696771359288e-5,704,0.053853909866690114
proteomics,schmidt_2016,rel0_abs0,all,filtered,2002,ter,0.884206318802979,640,-0.008712021185966132
proteomics,schmidt_2016,rel0_abs0,all,filtered,1988,oriC,0.0118322802131614,696,0.020085030998000734
proteomics,schmidt_2016,rel0_abs0,all,filtered,1988,ter,0.14310765498130543,637,-0.050183727386385935
proteomics,schmidt_2016,rel0_abs0,all,filtered,2032,oriC,8.014733585379926e-6,712,0.03568343906400523
proteomics,schmidt_2016,rel0_abs0,all,filtered,2032,ter,0.39715215416908606,656,-0.016102435366416482
proteomics,schmidt_2016,rel0_abs0,all,filtered,1901,oriC,0.4723321592936936,676,-0.07364437395413892
proteomics,schmidt_2016,rel0_abs0,all,filtered,1901,ter,0.7685204281392612,606,-0.07206794509173775
proteomics,schmidt_2016,rel0_abs0,all,filtered,1939,oriC,0.0028599952984647084,681,0.05171166917964006
proteomics,schmidt_2016,rel0_abs0,all,filtered,1939,ter,0.14387021972681632,621,-0.05988134405652534
proteomics,schmidt_2016,rel0_abs0,all,filtered,1962,oriC,0.003965151016165766,692,0.04346878337731952
proteomics,schmidt_2016,rel0_abs0,all,filtered,1962,ter,0.925197171590457,625,-0.017601785781349622
proteomics,schmidt_2016,rel0_abs0,all,filtered,1887,oriC,0.08497007896218398,663,-0.04189868734324111
proteomics,schmidt_2016,rel0_abs0,all,filtered,1887,ter,0.44752721626797215,600,-0.049127353475171796
proteomics,schmidt_2016,rel0_abs0,all,filtered,1968,oriC,0.04925949380362511,695,0.005213020486461157
proteomics,schmidt_2016,rel0_abs0,all,filtered,1968,ter,0.03976183731577044,629,-0.1128408036998511
proteomics,schmidt_2016,rel0_abs0,all,filtered,1931,oriC,6.512402885774031e-6,683,0.09056486348718407
proteomics,schmidt_2016,rel0_abs0,all,filtered,1931,ter,0.5863102549260665,611,-0.03348129825106524
proteomics,schmidt_2016,rel0_abs0,all,filtered,1950,oriC,0.29192542646640457,683,-0.052193072576655494
proteomics,schmidt_2016,rel0_abs0,all,filtered,1950,ter,9.271328303925137e-12,623,-0.4076722056301762
proteomics,schmidt_2016,rel0_abs0,all,filtered,1911,oriC,0.07168578124748864,672,0.013793280055356974
proteomics,schmidt_2016,rel0_abs0,all,filtered,1911,ter,1.522872095184454e-14,607,-0.39627153785498603
proteomics,schmidt_2016,rel0_abs0,all,filtered,2026,oriC,0.044153310213362426,709,-0.047122563613470496
proteomics,schmidt_2016,rel0_abs0,all,filtered,2026,ter,0.4927374143239968,652,-2.879480757714862e-4
proteomics,schmidt_2016,rel0_abs0,all,filtered,2009,oriC,1.9148896985308078e-6,708,-0.11870429355473999
proteomics,schmidt_2016,rel0_abs0,all,filtered,2009,ter,0.14408987400570494,650,-0.025987554357304675
proteomics,schmidt_2016,rel0_abs0,all,filtered,2020,oriC,0.6058914681420873,705,-0.022976195709884007
proteomics,schmidt_2016,rel0_abs0,all,filtered,2020,ter,0.005231500817064303,650,0.04287652672432764
proteomics,schmidt_2016,rel0_abs0,all,filtered,2026,oriC,0.09730143172990384,707,-0.05011755656683438
proteomics,schmidt_2016,rel0_abs0,all,filtered,2026,ter,0.45274532565556047,653,-0.005699447060352106
proteomics,schmidt_2016,rel0_abs0,all,filtered,2007,oriC,5.462975121803466e-5,706,-0.0924208844846692
proteomics,schmidt_2016,rel0_abs0,all,filtered,2007,ter,0.542227909963757,646,-0.0122989069524817
proteomics,schmidt_2016,rel0_abs0,all,filtered,2020,oriC,0.26521055900244506,708,-0.03437213066016409
proteomics,schmidt_2016,rel0_abs0,all,filtered,2020,ter,0.2733066491527424,648,0.023090600180046772
proteomics,schmidt_2016,rel0_abs0,all,filtered,1956,oriC,3.0176610347804755e-4,693,-0.21786725710411875
proteomics,schmidt_2016,rel0_abs0,all,filtered,1956,ter,0.7895109579098423,630,-0.049118168800333914
proteomics,schmidt_2016,rel0_abs0,all,filtered,1987,oriC,0.13465250161953252,693,-0.08487922239607248
proteomics,schmidt_2016,rel0_abs0,all,filtered,1987,ter,0.5793175919549928,644,-0.010941707008066523
proteomics,schmidt_2016,rel0_abs0,all,filtered,2018,oriC,0.1434791081361619,707,-0.07679391757546017
proteomics,schmidt_2016,rel0_abs0,all,filtered,2018,ter,0.3345409129753441,648,-0.0067985673437344855
proteomics,schmidt_2016,rel0_abs0,all,filtered,1941,oriC,0.004619067930425351,682,-0.17736145022608918
proteomics,schmidt_2016,rel0_abs0,all,filtered,1941,ter,0.6008239124958548,623,-0.03706481624374416
proteomics,schmidt_2016,rel0_abs0,all,filtered,1993,oriC,0.002388814779327423,705,-0.11489359146307798
proteomics,schmidt_2016,rel0_abs0,all,filtered,1993,ter,0.003860595299774297,638,-0.0785601383772118
proteomics,schmidt_2016,rel0_abs0,all,filtered,1981,oriC,0.03268704055545836,701,0.012470966785611081
proteomics,schmidt_2016,rel0_abs0,all,filtered,1981,ter,0.1921179690587389,632,-9.21527992380031e-4
proteomics,schmidt_2016,rel0_abs0,all,filtered,1979,oriC,0.018373654489994118,687,-0.15186839771461982
proteomics,schmidt_2016,rel0_abs0,all,filtered,1979,ter,2.1091051992218972e-11,638,-0.3409348439429506
proteomics,schmidt_2016,rel0_abs0,all,filtered,1939,oriC,0.32950658564683183,674,-0.10493832660387035
proteomics,schmidt_2016,rel0_abs0,all,filtered,1939,ter,1.3033229383105068e-12,623,-0.3150172014161652
proteomics,schmidt_2016,rel0_abs0,all,filtered,2011,oriC,0.014651169927657855,706,-0.03218419362935996
proteomics,schmidt_2016,rel0_abs0,all,filtered,2011,ter,6.324828479070865e-4,649,-0.05054576979730118
proteomics,schmidt_2016,rel0_abs0,all,filtered,2028,oriC,0.11798738204119957,708,0.012843835341686136
proteomics,schmidt_2016,rel0_abs0,all,filtered,2028,ter,3.6773771789449676e-4,653,0.06920686797188176
proteomics,schmidt_2016,rel0_abs0,all,filtered,2028,oriC,0.0028868432725239054,706,0.010127484715791111
proteomics,schmidt_2016,rel0_abs0,all,filtered,2028,ter,0.9272251136315207,655,-0.003533357565662719
proteomics,schmidt_2016,rel0_abs0,all,filtered,2007,oriC,0.02225716178956299,704,-0.030028202875887783
proteomics,schmidt_2016,rel0_abs0,all,filtered,2007,ter,0.4751140075554655,646,-0.016391656853744253
proteomics,schmidt_2016,rel0_abs0,all,filtered,2023,oriC,0.14596447152369074,709,-0.03903224600057175
proteomics,schmidt_2016,rel0_abs0,all,filtered,2023,ter,0.18414344113744033,648,-0.025806196114078882
proteomics,schmidt_2016,rel0_abs0,all,filtered,1943,oriC,0.0645128272287356,693,-0.11683069586258359
proteomics,schmidt_2016,rel0_abs0,all,filtered,1943,ter,0.7361312588500086,623,-0.0520657699783801
proteomics,schmidt_2016,rel0_abs0,all,filtered,1975,oriC,0.11016203487671249,691,0.03959284006494133
proteomics,schmidt_2016,rel0_abs0,all,filtered,1975,ter,0.7929090028336928,640,-0.0060139072539700175
proteomics,schmidt_2016,rel0_abs0,all,filtered,1999,oriC,0.05416458127673897,700,0.03449693592499445
proteomics,schmidt_2016,rel0_abs0,all,filtered,1999,ter,0.47033975901272584,642,-0.005256686877936151
proteomics,schmidt_2016,rel0_abs0,all,filtered,1920,oriC,0.627898586505267,674,-0.048446591432537774
proteomics,schmidt_2016,rel0_abs0,all,filtered,1920,ter,0.3784449211362922,615,-0.03345826932413212
proteomics,schmidt_2016,rel0_abs0,all,filtered,1984,oriC,0.6616899730108976,702,-0.04043196465497352
proteomics,schmidt_2016,rel0_abs0,all,filtered,1984,ter,0.026555156524414408,637,-0.07051125976536408
proteomics,schmidt_2016,rel0_abs0,all,filtered,1962,oriC,2.795903840649605e-4,697,0.08377172112912741
proteomics,schmidt_2016,rel0_abs0,all,filtered,1962,ter,0.2479482037378054,623,-0.004847528627424551
proteomics,schmidt_2016,rel0_abs0,all,filtered,1980,oriC,0.7210803575047431,690,-0.060375449471177414
proteomics,schmidt_2016,rel0_abs0,all,filtered,1980,ter,3.195562774305516e-12,637,-0.27768657526952517
proteomics,schmidt_2016,rel0_abs0,all,filtered,1939,oriC,0.7150605204353038,673,-0.03661548472362279
proteomics,schmidt_2016,rel0_abs0,all,filtered,1939,ter,7.059184621159019e-13,623,-0.31807401627715
proteomics,schmidt_2016,rel0_abs0,all,filtered,2004,oriC,0.010773154394372247,705,0.0617992905195986
proteomics,schmidt_2016,rel0_abs0,all,filtered,2004,ter,1.534580473686622e-8,643,0.10605817083828008
proteomics,schmidt_2016,rel0_abs0,all,filtered,2005,oriC,1.0791604451417715e-8,704,0.09378361397171125
proteomics,schmidt_2016,rel0_abs0,all,filtered,2005,ter,6.483310103381048e-4,646,0.05492923154002695
proteomics,schmidt_2016,rel0_abs0,all,filtered,2030,oriC,0.34046470642708987,712,0.009890217674076579
proteomics,schmidt_2016,rel0_abs0,all,filtered,2030,ter,9.771757727852612e-5,652,0.049772856320109624
proteomics,schmidt_2016,rel0_abs0,all,filtered,2001,oriC,0.5888765616876599,702,0.011331921139246635
proteomics,schmidt_2016,rel0_abs0,all,filtered,2001,ter,0.018385054878392756,643,0.05476176731068079
proteomics,schmidt_2016,rel0_abs0,all,filtered,1982,oriC,0.04298943767384792,702,-0.13294582522469917
proteomics,schmidt_2016,rel0_abs0,all,filtered,1982,ter,0.09870958521883615,633,0.0077873313750501045
proteomics,schmidt_2016,rel0_abs0,all,filtered,1999,oriC,0.0064674586405286914,696,0.03181284108974141
proteomics,schmidt_2016,rel0_abs0,all,filtered,1999,ter,0.019104446508655993,649,0.0338773819568689
proteomics,schmidt_2016,rel0_abs0,all,filtered,1987,oriC,5.189864394630998e-4,693,0.05643742108901146
proteomics,schmidt_2016,rel0_abs0,all,filtered,1987,ter,0.0010732280999458813,639,0.08267206248031866
proteomics,schmidt_2016,rel0_abs0,all,filtered,1952,oriC,0.6057524328027599,683,-0.053914561658097195
proteomics,schmidt_2016,rel0_abs0,all,filtered,1952,ter,0.0318113899167408,626,0.01959095009996014
proteomics,schmidt_2016,rel0_abs0,all,filtered,2023,oriC,0.034725250524158965,710,0.027935262797489264
proteomics,schmidt_2016,rel0_abs0,all,filtered,2023,ter,0.8979359720486872,648,-0.016328475416595514
proteomics,schmidt_2016,rel0_abs0,all,filtered,1989,oriC,1.1657443632700272e-7,702,0.11474059651249195
proteomics,schmidt_2016,rel0_abs0,all,filtered,1989,ter,0.0038096542252189403,634,0.04102946436128814
proteomics,schmidt_2016,rel0_abs0,all,filtered,1961,oriC,0.18949274125107893,685,3.35744608937438e-4
proteomics,schmidt_2016,rel0_abs0,all,filtered,1961,ter,6.595199303089838e-8,634,-0.21358761573573415
proteomics,schmidt_2016,rel0_abs0,all,filtered,1924,oriC,0.13392152562713147,670,0.06254804744362685
proteomics,schmidt_2016,rel0_abs0,all,filtered,1924,ter,9.397519443977967e-9,622,-0.25590673219202514
proteomics,schmidt_2016,rel0_abs0,all,filtered,2014,oriC,0.07484663148904555,703,0.014150772476144977
proteomics,schmidt_2016,rel0_abs0,all,filtered,2014,ter,0.0044739754225427905,647,-0.035877426549309505
proteomics,schmidt_2016,rel0_abs0,all,filtered,2002,oriC,0.012717521551887696,704,-0.04519009219685728
proteomics,schmidt_2016,rel0_abs0,all,filtered,2002,ter,2.0714654690627614e-7,642,-0.08458554036447656
proteomics,schmidt_2016,rel0_abs0,all,filtered,2024,oriC,0.21882153896940953,706,-0.016915855152047507
proteomics,schmidt_2016,rel0_abs0,all,filtered,2024,ter,0.0407520711861969,655,-0.020425564823788954
proteomics,schmidt_2016,rel0_abs0,all,filtered,1961,oriC,0.002106341995364804,692,-0.12688861906949783
proteomics,schmidt_2016,rel0_abs0,all,filtered,1961,ter,0.04878022363820931,633,-0.12397754037711327
proteomics,schmidt_2016,rel0_abs0,all,filtered,1975,oriC,0.5524605654724912,693,-0.001529684163364296
proteomics,schmidt_2016,rel0_abs0,all,filtered,1975,ter,0.010062145103823925,635,-0.06979369114289362
proteomics,schmidt_2016,rel0_abs0,all,filtered,2014,oriC,0.8252472734607053,707,-0.028908442572300554
proteomics,schmidt_2016,rel0_abs0,all,filtered,2014,ter,0.11631170966370508,647,-0.04633124755472941
proteomics,schmidt_2016,rel0_abs0,all,filtered,1941,oriC,0.004718397289409646,681,-0.1426135598015469
proteomics,schmidt_2016,rel0_abs0,all,filtered,1941,ter,0.12750153793040445,622,-0.08785992610716953
proteomics,schmidt_2016,rel0_abs0,all,filtered,1987,oriC,0.2691246336447786,703,-0.06459916961463806
proteomics,schmidt_2016,rel0_abs0,all,filtered,1987,ter,4.6131126174188017e-5,633,-0.11833084851451744
proteomics,schmidt_2016,rel0_abs0,all,filtered,1963,oriC,0.0055639373223086985,694,0.05308735530726734
proteomics,schmidt_2016,rel0_abs0,all,filtered,1963,ter,0.6061877884167423,624,-0.04260130792952826
proteomics,schmidt_2016,rel0_abs0,all,filtered,1985,oriC,0.4726347718876773,688,-0.10449442407151449
proteomics,schmidt_2016,rel0_abs0,all,filtered,1985,ter,8.737031461341624e-16,638,-0.3315455395158048
proteomics,schmidt_2016,rel0_abs0,all,filtered,1934,oriC,0.9348022925218621,670,-0.05791405530715328
proteomics,schmidt_2016,rel0_abs0,all,filtered,1934,ter,3.672797485704181e-17,619,-0.40963328140785765
proteomics,schmidt_2016,rel0_abs0,all,filtered,2021,oriC,0.019983365858999597,705,-0.0394417024835826
proteomics,schmidt_2016,rel0_abs0,all,filtered,2021,ter,0.362906627429792,648,-0.004968959655419214
proteomics,schmidt_2016,rel0_abs0,all,filtered,1956,oriC,2.966283575741705e-6,691,-0.19854978605579335
proteomics,schmidt_2016,rel0_abs0,all,filtered,1956,ter,0.06969998708462426,629,-0.14265592724245157
proteomics,schmidt_2016,rel0_abs0,all,filtered,1980,oriC,0.15398792017364815,692,-0.04844284179087316
proteomics,schmidt_2016,rel0_abs0,all,filtered,1980,ter,0.18632426571124652,638,-0.05865298964784549
proteomics,schmidt_2016,rel0_abs0,all,filtered,2007,oriC,0.958560279638547,699,-0.018522223281042974
proteomics,schmidt_2016,rel0_abs0,all,filtered,2007,ter,0.9871674233948279,647,-0.0016525217722558254
proteomics,schmidt_2016,rel0_abs0,all,filtered,1952,oriC,3.0777887265517246e-6,688,-0.1644113199220207
proteomics,schmidt_2016,rel0_abs0,all,filtered,1952,ter,0.4912554731776465,623,-0.05742083844349171
proteomics,schmidt_2016,rel0_abs0,all,filtered,1997,oriC,0.02871370990027247,704,-0.06170011498588239
proteomics,schmidt_2016,rel0_abs0,all,filtered,1997,ter,0.0014539374239791807,636,-0.06391600018204281
proteomics,schmidt_2016,rel0_abs0,all,filtered,1976,oriC,0.035801309178410595,701,0.02289791567530554
proteomics,schmidt_2016,rel0_abs0,all,filtered,1976,ter,0.4113316272029902,626,-0.027576066438600586
proteomics,schmidt_2016,rel0_abs0,all,filtered,1987,oriC,0.4246940978797785,691,-0.0613663369978459
proteomics,schmidt_2016,rel0_abs0,all,filtered,1987,ter,2.6018742530051597e-13,641,-0.25269254115900475
proteomics,schmidt_2016,rel0_abs0,all,filtered,1935,oriC,0.845600981431724,670,-0.025289519303061676
proteomics,schmidt_2016,rel0_abs0,all,filtered,1935,ter,6.722698926471874e-13,625,-0.30087851827220363
proteomics,schmidt_2016,rel0_abs0,all,filtered,2001,oriC,0.415853254563113,698,0.024287631656698148
proteomics,schmidt_2016,rel0_abs0,all,filtered,2001,ter,0.6066311802010527,641,0.022748991887247678
proteomics,schmidt_2016,rel0_abs0,all,filtered,1967,oriC,0.028493638543421136,693,-0.10036287967237804
proteomics,schmidt_2016,rel0_abs0,all,filtered,1967,ter,0.8453820706634543,632,-0.03954394696652222
proteomics,schmidt_2016,rel0_abs0,all,filtered,1993,oriC,0.012929335684533845,695,0.014319763680318193
proteomics,schmidt_2016,rel0_abs0,all,filtered,1993,ter,0.5817751065454269,643,0.004082610501803619
proteomics,schmidt_2016,rel0_abs0,all,filtered,1992,oriC,0.0022005159752626186,696,0.06423423451488644
proteomics,schmidt_2016,rel0_abs0,all,filtered,1992,ter,0.0842009091573195,639,0.037710085277847596
proteomics,schmidt_2016,rel0_abs0,all,filtered,1956,oriC,0.8300683480889515,684,-0.045259064390063844
proteomics,schmidt_2016,rel0_abs0,all,filtered,1956,ter,0.07240185289567597,622,0.00575491469322629
proteomics,schmidt_2016,rel0_abs0,all,filtered,2022,oriC,0.12683450130868068,709,0.013430718744837434
proteomics,schmidt_2016,rel0_abs0,all,filtered,2022,ter,0.20241271118642956,649,-0.016423313869933037
proteomics,schmidt_2016,rel0_abs0,all,filtered,1981,oriC,3.5829013654704796e-6,696,0.09875069254756771
proteomics,schmidt_2016,rel0_abs0,all,filtered,1981,ter,0.005468657858766852,631,0.04930844942609856
proteomics,schmidt_2016,rel0_abs0,all,filtered,1955,oriC,0.6181281694678505,683,0.003430582340080547
proteomics,schmidt_2016,rel0_abs0,all,filtered,1955,ter,6.435016567779796e-9,624,-0.2107556438665426
proteomics,schmidt_2016,rel0_abs0,all,filtered,1922,oriC,0.4227479981793103,666,-0.017907495782664463
proteomics,schmidt_2016,rel0_abs0,all,filtered,1922,ter,2.7270281210687183e-10,619,-0.30990399469872937
proteomics,schmidt_2016,rel0_abs0,all,filtered,1937,oriC,0.1479579618524204,684,-0.12958021529705904
proteomics,schmidt_2016,rel0_abs0,all,filtered,1937,ter,0.6124022497291209,625,-0.11266108834630185
proteomics,schmidt_2016,rel0_abs0,all,filtered,1966,oriC,0.6661395293598914,684,-0.01335816163951958
proteomics,schmidt_2016,rel0_abs0,all,filtered,1966,ter,0.45432172246603564,636,-0.02162430082911644
proteomics,schmidt_2016,rel0_abs0,all,filtered,2004,oriC,0.19587465780966312,702,-0.01860119386159774
proteomics,schmidt_2016,rel0_abs0,all,filtered,2004,ter,0.917062866366228,645,-0.013449577975036325
proteomics,schmidt_2016,rel0_abs0,all,filtered,1930,oriC,0.0940221467587274,674,-0.14277176148806967
proteomics,schmidt_2016,rel0_abs0,all,filtered,1930,ter,0.8070469414989425,614,-0.04255262087715564
proteomics,schmidt_2016,rel0_abs0,all,filtered,1991,oriC,0.6610875781362127,703,-0.06186446099179379
proteomics,schmidt_2016,rel0_abs0,all,filtered,1991,ter,0.0033516984075712096,635,-0.06525507819419588
proteomics,schmidt_2016,rel0_abs0,all,filtered,1952,oriC,0.005773810564088736,689,0.0797654286163484
proteomics,schmidt_2016,rel0_abs0,all,filtered,1952,ter,0.42092773362667185,617,-0.008785520975133958
proteomics,schmidt_2016,rel0_abs0,all,filtered,1971,oriC,0.6360780012717315,686,-0.07143202970158696
proteomics,schmidt_2016,rel0_abs0,all,filtered,1971,ter,1.5527453018677385e-13,633,-0.33434382277939456
proteomics,schmidt_2016,rel0_abs0,all,filtered,1925,oriC,0.7140653138204909,671,-0.03161643336918671
proteomics,schmidt_2016,rel0_abs0,all,filtered,1925,ter,2.1851842639076025e-14,610,-0.370139278859847
proteomics,schmidt_2016,rel0_abs0,all,filtered,1982,oriC,9.917595823641046e-10,695,0.19158117853298165
proteomics,schmidt_2016,rel0_abs0,all,filtered,1982,ter,0.06686318058944415,645,0.07970364262870241
proteomics,schmidt_2016,rel0_abs0,all,filtered,2009,oriC,0.37034024534568716,705,0.029091308119818627
proteomics,schmidt_2016,rel0_abs0,all,filtered,2009,ter,0.14583763620270065,644,0.04187587158758923
proteomics,schmidt_2016,rel0_abs0,all,filtered,1985,oriC,0.0015653758566033242,701,0.1816635825976244
proteomics,schmidt_2016,rel0_abs0,all,filtered,1985,ter,0.5924642085117556,638,0.029530890019329153
proteomics,schmidt_2016,rel0_abs0,all,filtered,2002,oriC,1.3034942703615212e-10,704,0.20892960034764346
proteomics,schmidt_2016,rel0_abs0,all,filtered,2002,ter,0.4546368215226823,641,0.0278502878653159
proteomics,schmidt_2016,rel0_abs0,all,filtered,1935,oriC,0.0033077436083037495,673,0.12563364788332462
proteomics,schmidt_2016,rel0_abs0,all,filtered,1935,ter,8.627530636024206e-4,629,-0.20674515506850077
proteomics,schmidt_2016,rel0_abs0,all,filtered,1871,oriC,5.508014684788828e-4,654,0.17713018463953156
proteomics,schmidt_2016,rel0_abs0,all,filtered,1871,ter,4.045701058567107e-5,611,-0.18616732169451677
proteomics,schmidt_2016,rel0_abs0,all,filtered,1988,oriC,0.4369772299936876,693,0.008796404057065233
proteomics,schmidt_2016,rel0_abs0,all,filtered,1988,ter,0.07612176136459327,641,0.03737162176695243
proteomics,schmidt_2016,rel0_abs0,all,filtered,1985,oriC,9.932686690542069e-5,690,-0.1067888998544137
proteomics,schmidt_2016,rel0_abs0,all,filtered,1985,ter,0.22288654008264736,641,-0.07532587782298544
proteomics,schmidt_2016,rel0_abs0,all,filtered,2002,oriC,0.8602940351746545,702,-0.001976595708776359
proteomics,schmidt_2016,rel0_abs0,all,filtered,2002,ter,0.45974878634448724,646,0.00205481950460662
proteomics,schmidt_2016,rel0_abs0,all,filtered,2005,oriC,3.364531876784452e-5,700,0.09322695685642875
proteomics,schmidt_2016,rel0_abs0,all,filtered,2005,ter,0.0664617610992883,646,0.021347049101295933
proteomics,schmidt_2016,rel0_abs0,all,filtered,1941,oriC,0.3773398887846402,671,-0.005693247703145582
proteomics,schmidt_2016,rel0_abs0,all,filtered,1941,ter,3.496173732218093e-7,631,-0.21569332743832934
proteomics,schmidt_2016,rel0_abs0,all,filtered,1885,oriC,0.07346070103284598,654,0.054487585383841367
proteomics,schmidt_2016,rel0_abs0,all,filtered,1885,ter,1.204327109024096e-8,616,-0.287246777748424
proteomics,schmidt_2016,rel0_abs0,all,filtered,1963,oriC,6.708375315586487e-8,684,-0.17247044474364076
proteomics,schmidt_2016,rel0_abs0,all,filtered,1963,ter,0.11156152550540915,631,-0.05602320064416389
proteomics,schmidt_2016,rel0_abs0,all,filtered,1996,oriC,0.08054321616640994,701,-0.020840032550211773
proteomics,schmidt_2016,rel0_abs0,all,filtered,1996,ter,0.0014867491727244037,638,-0.07478085811173724
proteomics,schmidt_2016,rel0_abs0,all,filtered,1981,oriC,0.028318888516164285,698,0.0590079026790543
proteomics,schmidt_2016,rel0_abs0,all,filtered,1981,ter,0.7002546116191488,633,-0.023009037071441276
proteomics,schmidt_2016,rel0_abs0,all,filtered,1969,oriC,0.5166530693252169,685,-0.024150134048931033
proteomics,schmidt_2016,rel0_abs0,all,filtered,1969,ter,2.714526610997653e-13,632,-0.24660333663636708
proteomics,schmidt_2016,rel0_abs0,all,filtered,1926,oriC,0.015820324281459276,665,0.04004198970997429
proteomics,schmidt_2016,rel0_abs0,all,filtered,1926,ter,5.4129894007407604e-12,619,-0.2588212608416621
proteomics,schmidt_2016,rel0_abs0,all,filtered,1976,oriC,2.0163038427353693e-4,693,0.14830895154303766
proteomics,schmidt_2016,rel0_abs0,all,filtered,1976,ter,0.6076905472309623,627,0.01410179543064478
proteomics,schmidt_2016,rel0_abs0,all,filtered,1989,oriC,5.109918373527545e-12,699,0.1941276557005518
proteomics,schmidt_2016,rel0_abs0,all,filtered,1989,ter,0.44486151088026105,637,0.0383407915753686
proteomics,schmidt_2016,rel0_abs0,all,filtered,1898,oriC,0.0011608069021629278,664,0.14897347243722459
proteomics,schmidt_2016,rel0_abs0,all,filtered,1898,ter,1.5452439750435417e-5,602,-0.15607907404454713
proteomics,schmidt_2016,rel0_abs0,all,filtered,1854,oriC,2.530656931449394e-5,645,0.20146935838549768
proteomics,schmidt_2016,rel0_abs0,all,filtered,1854,ter,1.070872559303333e-6,597,-0.20757955277388673
proteomics,schmidt_2016,rel0_abs0,all,filtered,1998,oriC,0.014972538838192311,704,0.07037618690558672
proteomics,schmidt_2016,rel0_abs0,all,filtered,1998,ter,0.03520611096453634,636,0.014124068358374438
proteomics,schmidt_2016,rel0_abs0,all,filtered,1943,oriC,0.07917362205090668,684,0.019701505773850415
proteomics,schmidt_2016,rel0_abs0,all,filtered,1943,ter,6.559266797620173e-7,620,-0.16812390659851534
proteomics,schmidt_2016,rel0_abs0,all,filtered,1884,oriC,0.0031864736389894993,658,0.08082570276246734
proteomics,schmidt_2016,rel0_abs0,all,filtered,1884,ter,1.8663463029730872e-9,604,-0.26031604467553604
proteomics,schmidt_2016,rel0_abs0,all,filtered,1919,oriC,0.018502407682625854,674,-0.12832738886865172
proteomics,schmidt_2016,rel0_abs0,all,filtered,1919,ter,8.381828837093944e-10,611,-0.2284834224939828
proteomics,schmidt_2016,rel0_abs0,all,filtered,1872,oriC,0.7188659886512292,653,-0.00803127858240314
proteomics,schmidt_2016,rel0_abs0,all,filtered,1872,ter,1.7504503670590823e-9,602,-0.31266222022009493
proteomics,schmidt_2016,rel0_abs0,all,filtered,1993,oriC,0.034415935915658495,700,0.06927943225726277
proteomics,schmidt_2016,rel0_abs0,all,filtered,1993,ter,2.012649146792709e-4,639,-0.035146201353539235
proteomics,peebo_2015,rel0_abs0,all,filtered,1097,oriC,0.7410680971758559,385,0.002220527410595576
proteomics,peebo_2015,rel0_abs0,all,filtered,1097,ter,0.14749363319630188,335,-0.0037212525462134915
proteomics,peebo_2015,rel0_abs0,all,filtered,1110,oriC,0.08891178386068006,389,0.01791238969172133
proteomics,peebo_2015,rel0_abs0,all,filtered,1110,ter,0.7340514562875708,334,0.001992788905772854
proteomics,peebo_2015,rel0_abs0,all,filtered,867,oriC,1.0060622598524022e-11,306,0.1147611218750684
proteomics,peebo_2015,rel0_abs0,all,filtered,867,ter,0.01072547987091629,267,0.06388281944432311
proteomics,peebo_2015,rel0_abs0,all,filtered,952,oriC,1.0283951571824382e-9,337,0.08060235647286766
proteomics,peebo_2015,rel0_abs0,all,filtered,952,ter,0.9766349788523839,286,0.002372433607012353
proteomics,peebo_2015,rel0_abs0,all,filtered,1053,oriC,1.3473332493210922e-6,373,0.04415161068308743
proteomics,peebo_2015,rel0_abs0,all,filtered,1053,ter,0.4527590366569458,318,3.448452225747737e-4
proteomics,peebo_2015,rel0_abs0,all,filtered,1120,oriC,2.149769358744394e-4,393,0.032844482937006376
proteomics,peebo_2015,rel0_abs0,all,filtered,1120,ter,0.2211190247650987,337,-0.004245724420753006
proteomics,peebo_2015,rel0_abs0,all,filtered,943,oriC,1.0434972168280163e-4,338,0.06861746718150034
proteomics,peebo_2015,rel0_abs0,all,filtered,943,ter,3.7022721174965686e-4,280,-0.061118570813344895
proteomics,peebo_2015,rel0_abs0,all,filtered,1061,oriC,3.5428325482441734e-6,377,0.08837784272349615
proteomics,peebo_2015,rel0_abs0,all,filtered,1061,ter,0.3494571814963686,319,0.014383489046698884
proteomics,peebo_2015,rel0_abs0,all,filtered,1112,oriC,2.9481710665994844e-5,389,0.08636169371501375
proteomics,peebo_2015,rel0_abs0,all,filtered,1112,ter,0.10370819554358858,335,-0.008116143095296563
proteomics,peebo_2015,rel0_abs0,all,filtered,1106,oriC,0.09727651849801787,388,-0.02173605066799191
proteomics,peebo_2015,rel0_abs0,all,filtered,1106,ter,1.5617833728298833e-6,337,-0.13498354969164794
proteomics,peebo_2015,rel0_abs0,all,filtered,904,oriC,3.359090299930176e-4,320,0.05328955600881147
proteomics,peebo_2015,rel0_abs0,all,filtered,904,ter,1.387181628119446e-4,268,-0.13070731728754087
proteomics,peebo_2015,rel0_abs0,all,filtered,1050,oriC,1.8470254143960255e-6,372,0.11423302934167205
proteomics,peebo_2015,rel0_abs0,all,filtered,1050,ter,0.1315478280808713,314,-0.005888629652387612
proteomics,peebo_2015,rel0_abs0,all,filtered,1049,oriC,8.226075271022405e-7,374,0.133164206603613
proteomics,peebo_2015,rel0_abs0,all,filtered,1049,ter,0.2420648685998828,316,0.001028511343134353
proteomics,peebo_2015,rel0_abs0,all,filtered,1012,oriC,2.5008257827636325e-7,363,0.13361993739876774
proteomics,peebo_2015,rel0_abs0,all,filtered,1012,ter,0.42893073508378876,300,0.0033183789704110344
proteomics,peebo_2015,rel0_abs0,all,filtered,1055,oriC,0.001883485225881577,376,0.048865372052020115
proteomics,peebo_2015,rel0_abs0,all,filtered,1055,ter,7.956869596368322e-8,316,-0.19695402021752367
proteomics,peebo_2015,rel0_abs0,all,filtered,909,oriC,4.2039228868277187e-4,317,0.08436103961847757
proteomics,peebo_2015,rel0_abs0,all,filtered,909,ter,8.656662531037173e-6,274,-0.15261978339992022
proteomics,peebo_2015,rel0_abs0,all,filtered,1100,oriC,0.15498348108382262,390,-0.03599826393993149
proteomics,peebo_2015,rel0_abs0,all,filtered,1100,ter,1.3133414738516467e-9,328,-0.27431606654338414
proteomics,peebo_2015,rel0_abs0,all,filtered,873,oriC,8.295320006442839e-4,318,0.08710675693048388
proteomics,peebo_2015,rel0_abs0,all,filtered,873,ter,3.62849952948006e-5,258,-0.20850503387786035
proteomics,peebo_2015,rel0_abs0,all,filtered,1068,oriC,0.10378927423721833,382,-0.02819827303462666
proteomics,peebo_2015,rel0_abs0,all,filtered,1068,ter,1.606710383314007e-5,314,-0.22387738515255268
proteomics,peebo_2015,rel0_abs0,all,filtered,878,oriC,3.4811523406847334e-4,316,0.12962657655855883
proteomics,peebo_2015,rel0_abs0,all,filtered,878,ter,3.1688617615393416e-4,255,-0.1191989793457002
proteomics,peebo_2015,rel0_abs0,all,filtered,1075,oriC,0.017302033988039627,384,0.06423833320832828
proteomics,peebo_2015,rel0_abs0,all,filtered,1075,ter,7.59748221242476e-6,319,-0.23616744031369513
proteomics,peebo_2015,rel0_abs0,all,filtered,832,oriC,1.2394891838587764e-5,297,0.21865858395921436
proteomics,peebo_2015,rel0_abs0,all,filtered,832,ter,0.013054390053032522,250,-0.10738226968069733
proteomics,peebo_2015,rel0_abs0,all,filtered,965,oriC,4.05184703199631e-9,346,0.08358480252515349
proteomics,peebo_2015,rel0_abs0,all,filtered,965,ter,0.47291291832033105,292,0.015419867165053143
proteomics,peebo_2015,rel0_abs0,all,filtered,1075,oriC,6.004560443738543e-6,389,0.0378583050709126
proteomics,peebo_2015,rel0_abs0,all,filtered,1075,ter,0.7143928132900348,321,0.006325370306930795
proteomics,peebo_2015,rel0_abs0,all,filtered,1108,oriC,7.252486745660999e-5,394,0.045577903122682825
proteomics,peebo_2015,rel0_abs0,all,filtered,1108,ter,0.24315193018153725,333,-0.0038850540054471017
proteomics,peebo_2015,rel0_abs0,all,filtered,955,oriC,6.796828327166495e-5,343,0.05597212354623579
proteomics,peebo_2015,rel0_abs0,all,filtered,955,ter,0.002842942608735745,287,-0.052054019773107876
proteomics,peebo_2015,rel0_abs0,all,filtered,1077,oriC,6.0439819106304905e-06,393,0.0784453206186341
proteomics,peebo_2015,rel0_abs0,all,filtered,1077,ter,0.4509885929096424,320,0.015202956223765749
proteomics,peebo_2015,rel0_abs0,all,filtered,1104,oriC,1.2378833865677473e-5,387,0.088408931825106
proteomics,peebo_2015,rel0_abs0,all,filtered,1104,ter,0.09328042912798126,337,-0.016534452860230035
proteomics,peebo_2015,rel0_abs0,all,filtered,1119,oriC,0.1699628801757338,402,-0.02602700380293171
proteomics,peebo_2015,rel0_abs0,all,filtered,1119,ter,1.0623807613791927e-6,335,-0.15031486706692088
proteomics,peebo_2015,rel0_abs0,all,filtered,906,oriC,5.151725205056483e-4,321,0.05321765174721663
proteomics,peebo_2015,rel0_abs0,all,filtered,906,ter,2.102606981548086e-4,270,-0.1174129933163845
proteomics,peebo_2015,rel0_abs0,all,filtered,1067,oriC,1.880259373409241e-6,382,0.11961815975521736
proteomics,peebo_2015,rel0_abs0,all,filtered,1067,ter,0.10651336613795387,317,-0.023572034297010217
proteomics,peebo_2015,rel0_abs0,all,filtered,1065,oriC,5.695428254425767e-7,379,0.12945098241333472
proteomics,peebo_2015,rel0_abs0,all,filtered,1065,ter,0.3440242521036699,322,0.010543527037561552
proteomics,peebo_2015,rel0_abs0,all,filtered,1029,oriC,8.086345152407108e-7,374,0.11930002576343288
proteomics,peebo_2015,rel0_abs0,all,filtered,1029,ter,0.4587738419323706,305,0.03035024604637996
proteomics,peebo_2015,rel0_abs0,all,filtered,1070,oriC,0.013114979108011153,388,0.017474456617737263
proteomics,peebo_2015,rel0_abs0,all,filtered,1070,ter,2.110427347093046e-8,322,-0.19709831953502496
proteomics,peebo_2015,rel0_abs0,all,filtered,913,oriC,3.1625994937829304e-4,320,0.07760027576762804
proteomics,peebo_2015,rel0_abs0,all,filtered,913,ter,1.0752594498473334e-5,273,-0.19289951020631416
proteomics,peebo_2015,rel0_abs0,all,filtered,1090,oriC,0.13565221460514684,388,-0.04183597000077992
proteomics,peebo_2015,rel0_abs0,all,filtered,1090,ter,9.296726779112375e-9,325,-0.2663476709410192
proteomics,peebo_2015,rel0_abs0,all,filtered,873,oriC,1.667900530282457e-4,322,0.11649553922815127
proteomics,peebo_2015,rel0_abs0,all,filtered,873,ter,1.726078215469781e-5,256,-0.23523103523322056
proteomics,peebo_2015,rel0_abs0,all,filtered,1070,oriC,0.05853195094748932,387,0.001518288421444087
proteomics,peebo_2015,rel0_abs0,all,filtered,1070,ter,1.1166819132162799e-4,315,-0.20377749086739355
proteomics,peebo_2015,rel0_abs0,all,filtered,889,oriC,2.3011677494588504e-4,319,0.08325413945616034
proteomics,peebo_2015,rel0_abs0,all,filtered,889,ter,4.8596391268096407e-4,257,-0.1187792415593714
proteomics,peebo_2015,rel0_abs0,all,filtered,1065,oriC,0.021089243950423046,386,0.011227634709354652
proteomics,peebo_2015,rel0_abs0,all,filtered,1065,ter,3.66221880551352e-5,314,-0.22252652655138067
proteomics,peebo_2015,rel0_abs0,all,filtered,839,oriC,1.2746830970018459e-5,303,0.2333187190367604
proteomics,peebo_2015,rel0_abs0,all,filtered,839,ter,0.020345910946350552,253,-0.09015465851201114
proteomics,peebo_2015,rel0_abs0,all,filtered,970,oriC,7.541633302473038e-10,349,0.06033171131155104
proteomics,peebo_2015,rel0_abs0,all,filtered,970,ter,0.0051668279124909506,290,0.05229791877561982
proteomics,peebo_2015,rel0_abs0,all,filtered,1083,oriC,0.043841133485832975,390,0.019642050907472605
proteomics,peebo_2015,rel0_abs0,all,filtered,1083,ter,0.8969604609960196,320,0.03027923468260426
proteomics,peebo_2015,rel0_abs0,all,filtered,1117,oriC,0.11733664833924567,401,0.009725819114807707
proteomics,peebo_2015,rel0_abs0,all,filtered,1117,ter,0.8958230387019255,326,0.009710815521616213
proteomics,peebo_2015,rel0_abs0,all,filtered,960,oriC,1.4092663901158019e-5,343,0.07272021565307168
proteomics,peebo_2015,rel0_abs0,all,filtered,960,ter,0.6495219031372461,284,0.014388919014343825
proteomics,peebo_2015,rel0_abs0,all,filtered,1083,oriC,0.003446172290918792,391,0.07069487366133044
proteomics,peebo_2015,rel0_abs0,all,filtered,1083,ter,0.9344948464665956,319,0.03350525823107489
proteomics,peebo_2015,rel0_abs0,all,filtered,1107,oriC,0.004437645341310025,388,0.062280001934480876
proteomics,peebo_2015,rel0_abs0,all,filtered,1107,ter,0.7756802187243848,329,0.012250545938988725
proteomics,peebo_2015,rel0_abs0,all,filtered,1125,oriC,0.023593934771971966,403,0.036532788271125306
proteomics,peebo_2015,rel0_abs0,all,filtered,1125,ter,0.0029159952077671123,332,-0.04771898368061213
proteomics,peebo_2015,rel0_abs0,all,filtered,908,oriC,9.329454618316223e-6,323,0.09713536568396972
proteomics,peebo_2015,rel0_abs0,all,filtered,908,ter,0.4387109774622285,269,0.01790981553439028
proteomics,peebo_2015,rel0_abs0,all,filtered,1068,oriC,3.399967503486231e-4,382,0.10912146603875854
proteomics,peebo_2015,rel0_abs0,all,filtered,1068,ter,0.9378208709944743,313,0.03425073404604233
proteomics,peebo_2015,rel0_abs0,all,filtered,1071,oriC,7.758544650411211e-4,387,0.11615257662747433
proteomics,peebo_2015,rel0_abs0,all,filtered,1071,ter,0.7581449456850822,316,0.03888426757295512
proteomics,peebo_2015,rel0_abs0,all,filtered,1021,oriC,1.9424205399227846e-4,367,0.1022066576105167
proteomics,peebo_2015,rel0_abs0,all,filtered,1021,ter,0.9955566562618339,303,0.06625765539065366
proteomics,peebo_2015,rel0_abs0,all,filtered,1073,oriC,0.002126203005500379,389,0.0689655873656794
proteomics,peebo_2015,rel0_abs0,all,filtered,1073,ter,9.834417348890685e-4,319,-0.09375148025566547
proteomics,peebo_2015,rel0_abs0,all,filtered,912,oriC,3.483993253596286e-5,318,0.13168188751562962
proteomics,peebo_2015,rel0_abs0,all,filtered,912,ter,0.09072896909048606,271,-0.05512977986213556
proteomics,peebo_2015,rel0_abs0,all,filtered,1109,oriC,0.016526269044689314,397,0.011837079604015106
proteomics,peebo_2015,rel0_abs0,all,filtered,1109,ter,2.077240751715322e-5,324,-0.18286367668435405
proteomics,peebo_2015,rel0_abs0,all,filtered,876,oriC,2.363764462524759e-5,317,0.1615431611291303
proteomics,peebo_2015,rel0_abs0,all,filtered,876,ter,0.07299801479882978,259,-0.06664655999603894
proteomics,peebo_2015,rel0_abs0,all,filtered,1071,oriC,0.031215101689649156,390,0.015521530713919129
proteomics,peebo_2015,rel0_abs0,all,filtered,1071,ter,0.027661767425620695,306,-0.14025147816498756
proteomics,peebo_2015,rel0_abs0,all,filtered,883,oriC,3.1729192948602266e-5,317,0.1863333929480308
proteomics,peebo_2015,rel0_abs0,all,filtered,883,ter,0.04962412722957979,255,-0.06907452287574345
proteomics,peebo_2015,rel0_abs0,all,filtered,1069,oriC,0.00562431243367308,385,0.05155853897661983
proteomics,peebo_2015,rel0_abs0,all,filtered,1069,ter,0.0047883826522659295,308,-0.15327082166290273
proteomics,peebo_2015,rel0_abs0,all,filtered,831,oriC,4.049745617717369e-6,300,0.25132905408142325
proteomics,peebo_2015,rel0_abs0,all,filtered,831,ter,0.11521955036683416,247,-0.01823680451945068
proteomics,peebo_2015,rel0_abs0,all,filtered,842,oriC,0.027303144323323845,304,-0.044557161074091724
proteomics,peebo_2015,rel0_abs0,all,filtered,842,ter,5.238485238094783e-4,257,-0.06088861352824682
proteomics,peebo_2015,rel0_abs0,all,filtered,870,oriC,0.12910689716343685,310,-0.05125126273229061
proteomics,peebo_2015,rel0_abs0,all,filtered,870,ter,0.027585318886604898,267,-0.06355830461627643
proteomics,peebo_2015,rel0_abs0,all,filtered,870,oriC,0.6464482966180806,312,-0.04029995641277791
proteomics,peebo_2015,rel0_abs0,all,filtered,870,ter,0.02743630341338834,265,-0.08948374101677573
proteomics,peebo_2015,rel0_abs0,all,filtered,837,oriC,0.20218187394501932,302,-0.020427149034573655
proteomics,peebo_2015,rel0_abs0,all,filtered,837,ter,4.5289361602649766e-4,250,-0.09175909995618584
proteomics,peebo_2015,rel0_abs0,all,filtered,860,oriC,0.1629301383534261,308,0.0028110716823457845
proteomics,peebo_2015,rel0_abs0,all,filtered,860,ter,0.027575193544624045,263,-0.054199636789940074
proteomics,peebo_2015,rel0_abs0,all,filtered,861,oriC,0.11782048861059596,307,-0.008771576077839724
proteomics,peebo_2015,rel0_abs0,all,filtered,861,ter,0.019586630485211115,265,-0.0726110654424479
proteomics,peebo_2015,rel0_abs0,all,filtered,876,oriC,0.6075236760815628,313,-0.03898418624807558
proteomics,peebo_2015,rel0_abs0,all,filtered,876,ter,3.6136440319416382e-6,268,-0.12635363487888956
proteomics,peebo_2015,rel0_abs0,all,filtered,819,oriC,0.0387744674010423,294,-0.007476588854034706
proteomics,peebo_2015,rel0_abs0,all,filtered,819,ter,0.0010098719542643373,244,-0.10728877123054123
proteomics,peebo_2015,rel0_abs0,all,filtered,852,oriC,0.07654817836759606,305,0.008433530925447148
proteomics,peebo_2015,rel0_abs0,all,filtered,852,ter,0.04496462386573601,260,-0.06466856604624278
proteomics,peebo_2015,rel0_abs0,all,filtered,845,oriC,0.04132457507706888,304,0.020735915164256637
proteomics,peebo_2015,rel0_abs0,all,filtered,845,ter,0.02318163246143159,258,-0.07097831081016014
proteomics,peebo_2015,rel0_abs0,all,filtered,841,oriC,0.03127024319803267,300,0.06452171978807959
proteomics,peebo_2015,rel0_abs0,all,filtered,841,ter,0.036433062632004465,258,-0.05940428890468661
proteomics,peebo_2015,rel0_abs0,all,filtered,847,oriC,0.05657109653367184,304,-0.013431165456459112
proteomics,peebo_2015,rel0_abs0,all,filtered,847,ter,1.4451810132907428e-5,259,-0.1550386231496765
proteomics,peebo_2015,rel0_abs0,all,filtered,803,oriC,0.00898624828265713,287,0.033493802089170695
proteomics,peebo_2015,rel0_abs0,all,filtered,803,ter,3.5659940259256555e-4,241,-0.11140629118203225
proteomics,peebo_2015,rel0_abs0,all,filtered,856,oriC,0.08028791385283941,305,-0.027243974598047525
proteomics,peebo_2015,rel0_abs0,all,filtered,856,ter,1.3385260772552739e-8,261,-0.2562608908719268
proteomics,peebo_2015,rel0_abs0,all,filtered,794,oriC,0.018050910871981934,287,0.030315499369886447
proteomics,peebo_2015,rel0_abs0,all,filtered,794,ter,1.2787045587303545e-4,239,-0.19037272108474532
proteomics,peebo_2015,rel0_abs0,all,filtered,834,oriC,0.1058610098230415,302,-0.02310236846525737
proteomics,peebo_2015,rel0_abs0,all,filtered,834,ter,7.222825880447901e-5,246,-0.21179242204110427
proteomics,peebo_2015,rel0_abs0,all,filtered,775,oriC,0.00381090952185036,278,0.07108430917233968
proteomics,peebo_2015,rel0_abs0,all,filtered,775,ter,2.6770796518945544e-4,229,-0.20531204655185073
proteomics,peebo_2015,rel0_abs0,all,filtered,830,oriC,0.026195075628583024,301,0.02607384401016513
proteomics,peebo_2015,rel0_abs0,all,filtered,830,ter,2.8934108036967377e-5,250,-0.3100720364864857
proteomics,peebo_2015,rel0_abs0,all,filtered,748,oriC,0.0017052667677467906,271,0.08388350765177759
proteomics,peebo_2015,rel0_abs0,all,filtered,748,ter,0.001038921121329962,223,-0.21168322245612398
proteomics,peebo_2015,rel0_abs0,all,filtered,942,oriC,0.082059121936812085,336,-0.027356471513674062
proteomics,peebo_2015,rel0_abs0,all,filtered,942,ter,0.07234878459381976,282,-0.031441606812993184
proteomics,peebo_2015,rel0_abs0,all,filtered,950,oriC,0.5999750633666432,336,-0.012248941579682093
proteomics,peebo_2015,rel0_abs0,all,filtered,950,ter,0.2153028271241681,284,-0.01089048536685398
proteomics,peebo_2015,rel0_abs0,all,filtered,903,oriC,0.0042339709843431175,327,0.029186656085082956
proteomics,peebo_2015,rel0_abs0,all,filtered,903,ter,0.06739344321096685,270,-0.01600812801193221
proteomics,peebo_2015,rel0_abs0,all,filtered,939,oriC,0.040994047049592225,336,0.0351509115527643
proteomics,peebo_2015,rel0_abs0,all,filtered,939,ter,0.24813120675941006,282,-0.022392006976551096
proteomics,peebo_2015,rel0_abs0,all,filtered,936,oriC,0.020060744129373188,330,0.07188056472264194
proteomics,peebo_2015,rel0_abs0,all,filtered,936,ter,0.11296698963425529,281,-0.03212742027279168
proteomics,peebo_2015,rel0_abs0,all,filtered,962,oriC,0.10945866246518891,344,-0.006204779207787425
proteomics,peebo_2015,rel0_abs0,all,filtered,962,ter,3.827759081118569e-6,292,-0.10136569431292053
proteomics,peebo_2015,rel0_abs0,all,filtered,876,oriC,3.1229380476056624e-4,316,0.06909524973112802
proteomics,peebo_2015,rel0_abs0,all,filtered,876,ter,0.0036432636427027403,264,-0.05052562727511886
proteomics,peebo_2015,rel0_abs0,all,filtered,930,oriC,0.016836885833028423,332,0.03940509578151395
proteomics,peebo_2015,rel0_abs0,all,filtered,930,ter,0.14917244061668242,276,0.0012072362871567855
proteomics,peebo_2015,rel0_abs0,all,filtered,927,oriC,0.006106744123211374,331,0.08973157723942093
proteomics,peebo_2015,rel0_abs0,all,filtered,927,ter,0.139642423912612,279,-0.05292968185617129
proteomics,peebo_2015,rel0_abs0,all,filtered,909,oriC,0.005365334277998713,325,0.07814805682903306
proteomics,peebo_2015,rel0_abs0,all,filtered,909,ter,0.23096556720643216,272,-0.01053605229368515
proteomics,peebo_2015,rel0_abs0,all,filtered,940,oriC,0.0015750442025403745,338,0.060105510641973364
proteomics,peebo_2015,rel0_abs0,all,filtered,940,ter,1.6140593135036578e-5,283,-0.1502463822066675
proteomics,peebo_2015,rel0_abs0,all,filtered,860,oriC,4.4396637817427316e-4,307,0.08122340172053302
proteomics,peebo_2015,rel0_abs0,all,filtered,860,ter,0.0036936177352368312,257,-0.11208015388121434
proteomics,peebo_2015,rel0_abs0,all,filtered,949,oriC,0.025836692991991258,339,0.024574850481701906
proteomics,peebo_2015,rel0_abs0,all,filtered,949,ter,4.271507708178101e-7,284,-0.21002090071548274
proteomics,peebo_2015,rel0_abs0,all,filtered,843,oriC,6.045733242812961e-4,308,0.08809242999268072
proteomics,peebo_2015,rel0_abs0,all,filtered,843,ter,0.0030309253638568304,250,-0.10852038622847138
proteomics,peebo_2015,rel0_abs0,all,filtered,922,oriC,0.0697762207646291,331,-0.013309911288374521
proteomics,peebo_2015,rel0_abs0,all,filtered,922,ter,0.0037343105061592896,272,-0.17423570389235643
proteomics,peebo_2015,rel0_abs0,all,filtered,835,oriC,8.237273331166944e-4,299,0.10542945765711598
proteomics,peebo_2015,rel0_abs0,all,filtered,835,ter,0.0035534191273635506,246,-0.11011691591328329
proteomics,peebo_2015,rel0_abs0,all,filtered,922,oriC,0.04340912835758924,333,0.01564150217900881
proteomics,peebo_2015,rel0_abs0,all,filtered,922,ter,4.109480476759121e-5,273,-0.23236840344840343
proteomics,peebo_2015,rel0_abs0,all,filtered,796,oriC,8.617462366535126e-5,285,0.13499385060679614
proteomics,peebo_2015,rel0_abs0,all,filtered,796,ter,0.004696515665269823,238,-0.06363822596247759
proteomics,peebo_2015,rel0_abs0,all,filtered,1063,oriC,0.032606916273389734,380,0.004516937365511607
proteomics,peebo_2015,rel0_abs0,all,filtered,1063,ter,0.06721819141832402,317,-0.010554560247138184
proteomics,peebo_2015,rel0_abs0,all,filtered,938,oriC,5.039460009433061e-5,336,0.044547944642353884
proteomics,peebo_2015,rel0_abs0,all,filtered,938,ter,0.010964125735292242,278,-0.04298381367327079
proteomics,peebo_2015,rel0_abs0,all,filtered,1049,oriC,5.028654570655797e-5,379,0.060667527756684846
proteomics,peebo_2015,rel0_abs0,all,filtered,1049,ter,0.31656989115694717,311,-0.012702315874633253
proteomics,peebo_2015,rel0_abs0,all,filtered,1054,oriC,7.409344341173258e-6,374,0.06215966156840881
proteomics,peebo_2015,rel0_abs0,all,filtered,1054,ter,0.3064007161858691,316,0.006198984871683518
proteomics,peebo_2015,rel0_abs0,all,filtered,1063,oriC,0.29072830319254445,384,-0.0388005406548959
proteomics,peebo_2015,rel0_abs0,all,filtered,1063,ter,9.89595646563826e-6,316,-0.13084959503585275
proteomics,peebo_2015,rel0_abs0,all,filtered,893,oriC,0.004367458483655668,318,0.013945482026451322
proteomics,peebo_2015,rel0_abs0,all,filtered,893,ter,1.1552545146826619e-4,263,-0.10664609726107686
proteomics,peebo_2015,rel0_abs0,all,filtered,1033,oriC,1.8884321626744925e-6,369,0.11311607066991672
proteomics,peebo_2015,rel0_abs0,all,filtered,1033,ter,0.15088845770817869,306,-0.024867648471620415
proteomics,peebo_2015,rel0_abs0,all,filtered,1024,oriC,9.906574074384738e-6,367,0.09038140305373604
proteomics,peebo_2015,rel0_abs0,all,filtered,1024,ter,0.19966982455399956,303,-0.034810000701538286
proteomics,peebo_2015,rel0_abs0,all,filtered,1004,oriC,2.0264701914677e-6,363,0.10405052445927387
proteomics,peebo_2015,rel0_abs0,all,filtered,1004,ter,0.2645120939050426,299,-0.02870558414117695
proteomics,peebo_2015,rel0_abs0,all,filtered,1024,oriC,0.007934758356462929,373,0.01523544927549937
proteomics,peebo_2015,rel0_abs0,all,filtered,1024,ter,5.149910693813519e-8,306,-0.17957467343998468
proteomics,peebo_2015,rel0_abs0,all,filtered,903,oriC,4.674038071605561e-4,317,0.0646313367463456
proteomics,peebo_2015,rel0_abs0,all,filtered,903,ter,5.093986351060666e-6,266,-0.1534962460590067
proteomics,peebo_2015,rel0_abs0,all,filtered,1052,oriC,0.23583304620606527,377,-0.033987210395411416
proteomics,peebo_2015,rel0_abs0,all,filtered,1052,ter,5.780155852384552e-9,311,-0.28002008617076835
proteomics,peebo_2015,rel0_abs0,all,filtered,871,oriC,0.002094989126310972,318,0.06020930618281646
proteomics,peebo_2015,rel0_abs0,all,filtered,871,ter,1.934098599859485e-5,256,-0.20500159343248614
proteomics,peebo_2015,rel0_abs0,all,filtered,1025,oriC,0.10115320721836346,368,-0.03037099598365565
proteomics,peebo_2015,rel0_abs0,all,filtered,1025,ter,1.788938430712026e-5,299,-0.22781568874383443
proteomics,peebo_2015,rel0_abs0,all,filtered,875,oriC,0.0011483157423841845,313,0.06734921528967618
proteomics,peebo_2015,rel0_abs0,all,filtered,875,ter,2.5317866005253374e-4,258,-0.12960513511234067
proteomics,peebo_2015,rel0_abs0,all,filtered,1027,oriC,0.05097534183534564,372,-0.02840565174993824
proteomics,peebo_2015,rel0_abs0,all,filtered,1027,ter,1.5964852265651615e-5,301,-0.29070274754207714
proteomics,peebo_2015,rel0_abs0,all,filtered,832,oriC,8.631631233664302e-5,299,0.16195250077513887
proteomics,peebo_2015,rel0_abs0,all,filtered,832,ter,0.004081511473309369,251,-0.15605066677663895
proteomics,peebo_2015,rel0_abs0,all,filtered,948,oriC,9.94009028813773e-7,340,0.050919756222534904
proteomics,peebo_2015,rel0_abs0,all,filtered,948,ter,0.089779661023518,279,-0.0437836898464178
proteomics,peebo_2015,rel0_abs0,all,filtered,1076,oriC,1.6811204629362425e-12,390,0.06386137726148874
proteomics,peebo_2015,rel0_abs0,all,filtered,1076,ter,0.7668984271540258,313,0.031019861719049916
proteomics,peebo_2015,rel0_abs0,all,filtered,1133,oriC,1.7548539099270014e-7,404,0.06763368692709429
proteomics,peebo_2015,rel0_abs0,all,filtered,1133,ter,0.18232766680369672,337,-0.009401814420584314
proteomics,peebo_2015,rel0_abs0,all,filtered,1129,oriC,0.04391912399421769,406,0.0020544378504819844
proteomics,peebo_2015,rel0_abs0,all,filtered,1129,ter,6.58479356782479e-5,337,-0.10769191034777566
proteomics,peebo_2015,rel0_abs0,all,filtered,908,oriC,0.0010985008662095898,322,0.03721557661011038
proteomics,peebo_2015,rel0_abs0,all,filtered,908,ter,2.128601223352539e-4,270,-0.09503325568699089
proteomics,peebo_2015,rel0_abs0,all,filtered,1070,oriC,1.598396958917856e-8,384,0.08805311086155757
proteomics,peebo_2015,rel0_abs0,all,filtered,1070,ter,0.1213772371205362,314,0.01454536291023346
proteomics,peebo_2015,rel0_abs0,all,filtered,1074,oriC,2.236362257747066e-7,386,0.09306010825961358
proteomics,peebo_2015,rel0_abs0,all,filtered,1074,ter,0.23675941211216806,319,0.005634440655668769
proteomics,peebo_2015,rel0_abs0,all,filtered,1018,oriC,1.394895007629213e-7,367,0.09248083849570905
proteomics,peebo_2015,rel0_abs0,all,filtered,1018,ter,0.4755670076731155,299,0.029439923490232146
proteomics,peebo_2015,rel0_abs0,all,filtered,1064,oriC,0.007438951085535679,382,0.024980148332243247
proteomics,peebo_2015,rel0_abs0,all,filtered,1064,ter,7.905287618491569e-9,317,-0.1586158672363404
proteomics,peebo_2015,rel0_abs0,all,filtered,913,oriC,0.0018269339639894854,316,0.038055035003810495
proteomics,peebo_2015,rel0_abs0,all,filtered,913,ter,3.2319834121945e-6,275,-0.14611919103525772
proteomics,peebo_2015,rel0_abs0,all,filtered,1122,oriC,0.3564781553192136,403,-0.06516589083719751
proteomics,peebo_2015,rel0_abs0,all,filtered,1122,ter,2.6741435162606353e-10,332,-0.24337523256202734
proteomics,peebo_2015,rel0_abs0,all,filtered,878,oriC,0.00221980468429008,317,0.05064549153983286
proteomics,peebo_2015,rel0_abs0,all,filtered,878,ter,5.265133121068671e-6,262,-0.19338248218810983
proteomics,peebo_2015,rel0_abs0,all,filtered,1100,oriC,0.28813424407407745,399,-0.061815841961326966
proteomics,peebo_2015,rel0_abs0,all,filtered,1100,ter,9.196543537447532e-7,320,-0.20040737860082425
proteomics,peebo_2015,rel0_abs0,all,filtered,886,oriC,0.0018193234311634668,316,0.04810779400381321
proteomics,peebo_2015,rel0_abs0,all,filtered,886,ter,1.4680172148886497e-5,257,-0.1269084570009438
proteomics,peebo_2015,rel0_abs0,all,filtered,1102,oriC,0.0887516992908245,395,-0.012955000190124723
proteomics,peebo_2015,rel0_abs0,all,filtered,1102,ter,4.7143852070473874e-7,325,-0.20823848065312967
proteomics,peebo_2015,rel0_abs0,all,filtered,839,oriC,1.0004795629005443e-4,304,0.16826212332852936
proteomics,peebo_2015,rel0_abs0,all,filtered,839,ter,0.002409485166345911,250,-0.08967605106786225
proteomics,peebo_2015,rel0_abs0,all,filtered,937,oriC,0.0975169491011869,335,0.02922381128084486
proteomics,peebo_2015,rel0_abs0,all,filtered,937,ter,0.6973990410776403,279,0.010968313492369467
proteomics,peebo_2015,rel0_abs0,all,filtered,935,oriC,0.016167792164910422,332,0.044885494217677714
proteomics,peebo_2015,rel0_abs0,all,filtered,935,ter,0.8326846347062764,280,0.008708934212506783
proteomics,peebo_2015,rel0_abs0,all,filtered,955,oriC,0.7733883484984168,344,-0.030586199636030587
proteomics,peebo_2015,rel0_abs0,all,filtered,955,ter,6.483520901785557e-6,284,-0.07621161605738933
proteomics,peebo_2015,rel0_abs0,all,filtered,867,oriC,4.6308759120917693e-4,312,0.03400748004976391
proteomics,peebo_2015,rel0_abs0,all,filtered,867,ter,0.014466420307281284,257,-0.027556671175614632
proteomics,peebo_2015,rel0_abs0,all,filtered,928,oriC,0.003761118663343619,331,0.07371489010409016
proteomics,peebo_2015,rel0_abs0,all,filtered,928,ter,0.27042355584960714,273,-0.009974746589791507
proteomics,peebo_2015,rel0_abs0,all,filtered,919,oriC,0.0023595925501777603,327,0.08239874965996954
proteomics,peebo_2015,rel0_abs0,all,filtered,919,ter,0.28416275129989027,276,0.0013450352125148597
proteomics,peebo_2015,rel0_abs0,all,filtered,909,oriC,0.0018020003996272577,325,0.10597890524852728
proteomics,peebo_2015,rel0_abs0,all,filtered,909,ter,0.5184602983326247,272,0.00611351000094714
proteomics,peebo_2015,rel0_abs0,all,filtered,934,oriC,0.0051356949890645305,336,0.03578640814522103
proteomics,peebo_2015,rel0_abs0,all,filtered,934,ter,8.07873765677553e-6,278,-0.09593538186195397
proteomics,peebo_2015,rel0_abs0,all,filtered,867,oriC,0.0014115211508902235,310,0.0533459770872856
proteomics,peebo_2015,rel0_abs0,all,filtered,867,ter,0.005781739526603029,259,-0.05099164550422035
proteomics,peebo_2015,rel0_abs0,all,filtered,946,oriC,0.12059448334955569,340,-0.01118085897525381
proteomics,peebo_2015,rel0_abs0,all,filtered,946,ter,1.0898544647469418e-8,279,-0.17284986757450402
proteomics,peebo_2015,rel0_abs0,all,filtered,843,oriC,0.001671427399039716,308,0.05450468968812225
proteomics,peebo_2015,rel0_abs0,all,filtered,843,ter,5.689248667746135e-4,250,-0.0876171157862537
proteomics,peebo_2015,rel0_abs0,all,filtered,925,oriC,0.20434608871569632,331,-0.007295460588602808
proteomics,peebo_2015,rel0_abs0,all,filtered,925,ter,0.0022901469358674272,271,-0.16431139014811078
proteomics,peebo_2015,rel0_abs0,all,filtered,839,oriC,0.0012562949086621495,301,0.0826426173430872
proteomics,peebo_2015,rel0_abs0,all,filtered,839,ter,6.741740202695923e-4,247,-0.11692802033216734
proteomics,peebo_2015,rel0_abs0,all,filtered,929,oriC,0.08948141625014994,334,0.012092013025130922
proteomics,peebo_2015,rel0_abs0,all,filtered,929,ter,1.6478863850861932e-4,275,-0.201525385161685
proteomics,peebo_2015,rel0_abs0,all,filtered,809,oriC,5.680332847977571e-4,291,0.10318533310311181
proteomics,peebo_2015,rel0_abs0,all,filtered,809,ter,0.005506287842056778,244,-0.10175796512180682
proteomics,peebo_2015,rel0_abs0,all,filtered,1076,oriC,4.4216434255510794e-5,385,0.03260687774026656
proteomics,peebo_2015,rel0_abs0,all,filtered,1076,ter,0.04545318439748124,317,-0.017006804847006635
proteomics,peebo_2015,rel0_abs0,all,filtered,1077,oriC,0.49709987076481493,391,-0.03779358580069329
proteomics,peebo_2015,rel0_abs0,all,filtered,1077,ter,0.0012629551404357718,320,-0.08937326842419377
proteomics,peebo_2015,rel0_abs0,all,filtered,901,oriC,0.006720681398920245,323,0.020672557881021774
proteomics,peebo_2015,rel0_abs0,all,filtered,901,ter,0.02110697339757724,267,-0.07520670567601193
proteomics,peebo_2015,rel0_abs0,all,filtered,1047,oriC,2.139215851683941e-6,379,0.05093512838867921
proteomics,peebo_2015,rel0_abs0,all,filtered,1047,ter,0.07648543196912741,306,-0.015221168010748475
proteomics,peebo_2015,rel0_abs0,all,filtered,1033,oriC,2.8185851133321397e-5,373,0.08418766801732623
proteomics,peebo_2015,rel0_abs0,all,filtered,1033,ter,0.1092661477640132,304,-0.02168678011613804
proteomics,peebo_2015,rel0_abs0,all,filtered,1014,oriC,1.9982332414076984e-5,368,0.05670041664104436
proteomics,peebo_2015,rel0_abs0,all,filtered,1014,ter,0.15009540810606092,301,-0.029053544985908508
proteomics,peebo_2015,rel0_abs0,all,filtered,1040,oriC,0.057055384131003126,377,-0.014333488870400264
proteomics,peebo_2015,rel0_abs0,all,filtered,1040,ter,1.2221701750936806e-6,308,-0.14593217127254116
proteomics,peebo_2015,rel0_abs0,all,filtered,904,oriC,0.005624715726435527,317,0.03081636781157685
proteomics,peebo_2015,rel0_abs0,all,filtered,904,ter,1.141676300377014e-5,273,-0.1358478434952889
proteomics,peebo_2015,rel0_abs0,all,filtered,1064,oriC,0.5121987765941545,384,-0.07307562118989476
proteomics,peebo_2015,rel0_abs0,all,filtered,1064,ter,1.2425170218263539e-11,312,-0.23326659069369726
proteomics,peebo_2015,rel0_abs0,all,filtered,871,oriC,0.029714102517859817,316,-0.013235077866250522
proteomics,peebo_2015,rel0_abs0,all,filtered,871,ter,3.7175392550945536e-6,255,-0.150709033777194
proteomics,peebo_2015,rel0_abs0,all,filtered,1048,oriC,0.72648224703869,380,-0.07423388652005963
proteomics,peebo_2015,rel0_abs0,all,filtered,1048,ter,2.5753329480933055e-7,302,-0.2163081388842177
proteomics,peebo_2015,rel0_abs0,all,filtered,881,oriC,0.032830154447663316,315,-5.115914681793069e-4
proteomics,peebo_2015,rel0_abs0,all,filtered,881,ter,9.579344005854816e-6,260,-0.1636771062877384
proteomics,peebo_2015,rel0_abs0,all,filtered,1049,oriC,0.6038890457946817,381,-0.028274998229567954
proteomics,peebo_2015,rel0_abs0,all,filtered,1049,ter,4.09201586678278e-7,304,-0.2096784859951843
proteomics,peebo_2015,rel0_abs0,all,filtered,842,oriC,0.005487072827694594,304,0.0515926085743927
proteomics,peebo_2015,rel0_abs0,all,filtered,842,ter,2.596921465853713e-4,252,-0.13470381000859583
proteomics,peebo_2015,rel0_abs0,all,filtered,1109,oriC,6.470439993982718e-7,393,-0.08610674301574299
proteomics,peebo_2015,rel0_abs0,all,filtered,1109,ter,0.0019122324759637322,334,-0.08274135889227832
proteomics,peebo_2015,rel0_abs0,all,filtered,901,oriC,0.057725215203403374,318,-0.0170283198488276
proteomics,peebo_2015,rel0_abs0,all,filtered,901,ter,0.1144514908761533,269,-0.045361678451065104
proteomics,peebo_2015,rel0_abs0,all,filtered,1073,oriC,2.6202420005437348e-5,382,0.028064028746442447
proteomics,peebo_2015,rel0_abs0,all,filtered,1073,ter,0.09965074344303788,319,-0.0040906886940971976
proteomics,peebo_2015,rel0_abs0,all,filtered,1078,oriC,1.94590647374728e-5,383,0.05292300948084326
proteomics,peebo_2015,rel0_abs0,all,filtered,1078,ter,0.460096137644869,324,-1.1340934775918893e-4
proteomics,peebo_2015,rel0_abs0,all,filtered,1027,oriC,2.609690983468798e-5,370,0.05693565968575571
proteomics,peebo_2015,rel0_abs0,all,filtered,1027,ter,0.8783976091283834,306,0.008876014703346393
proteomics,peebo_2015,rel0_abs0,all,filtered,1070,oriC,0.11210941847228006,382,-0.027644948200802318
proteomics,peebo_2015,rel0_abs0,all,filtered,1070,ter,5.5972291772555165e-5,319,-0.11910771164808144
proteomics,peebo_2015,rel0_abs0,all,filtered,910,oriC,0.04672304190793909,317,0.015614238769023405
proteomics,peebo_2015,rel0_abs0,all,filtered,910,ter,0.002779108611757869,275,-0.0807212801397907
proteomics,peebo_2015,rel0_abs0,all,filtered,1118,oriC,0.9858909465701199,394,-0.09247021656219863
proteomics,peebo_2015,rel0_abs0,all,filtered,1118,ter,1.167982228624346e-10,335,-0.18985280384085318
proteomics,peebo_2015,rel0_abs0,all,filtered,875,oriC,0.10709958078840114,319,-0.032977785132174316
proteomics,peebo_2015,rel0_abs0,all,filtered,875,ter,1.807158014649571e-5,258,-0.13542635087375982
proteomics,peebo_2015,rel0_abs0,all,filtered,1094,oriC,0.7794880234402545,392,-0.08334392656333275
proteomics,peebo_2015,rel0_abs0,all,filtered,1094,ter,8.700434476205113e-7,320,-0.1829862338220607
proteomics,peebo_2015,rel0_abs0,all,filtered,885,oriC,0.08963243813490897,317,1.6133268327377524e-4
proteomics,peebo_2015,rel0_abs0,all,filtered,885,ter,2.436312479660296e-6,258,-0.14109408129335643
proteomics,peebo_2015,rel0_abs0,all,filtered,1102,oriC,0.7462078303812653,392,-0.05714334406587508
proteomics,peebo_2015,rel0_abs0,all,filtered,1102,ter,1.7249986611436163e-7,327,-0.20129384132264702
proteomics,peebo_2015,rel0_abs0,all,filtered,849,oriC,0.01121871134754159,306,0.060540823302335234
proteomics,peebo_2015,rel0_abs0,all,filtered,849,ter,7.590090980592792e-5,256,-0.12754593879175585
proteomics,peebo_2015,rel0_abs0,all,filtered,915,oriC,6.273468110913617e-12,325,0.052201983297777615
proteomics,peebo_2015,rel0_abs0,all,filtered,915,ter,0.21898851355051377,273,0.025143250110259245
proteomics,peebo_2015,rel0_abs0,all,filtered,1069,oriC,2.0703441688672556e-5,386,0.10992770199808943
proteomics,peebo_2015,rel0_abs0,all,filtered,1069,ter,0.0522228390325362,315,0.06284995607521925
proteomics,peebo_2015,rel0_abs0,all,filtered,1078,oriC,7.345208937071362e-6,387,0.11832086678650626
proteomics,peebo_2015,rel0_abs0,all,filtered,1078,ter,0.2728053168240192,324,0.063757896606692
proteomics,peebo_2015,rel0_abs0,all,filtered,1018,oriC,1.1490937262872105e-5,369,0.13775406314142452
proteomics,peebo_2015,rel0_abs0,all,filtered,1018,ter,0.11457160239663335,303,0.06718371684763115
proteomics,peebo_2015,rel0_abs0,all,filtered,1083,oriC,6.052365256318532e-6,392,0.04199024854622942
proteomics,peebo_2015,rel0_abs0,all,filtered,1083,ter,1.0086663227730979e-4,325,-0.04536788448299923
proteomics,peebo_2015,rel0_abs0,all,filtered,917,oriC,1.5864544571971237e-6,320,0.07099179415616504
proteomics,peebo_2015,rel0_abs0,all,filtered,917,ter,0.2879597615392253,277,0.004727538162893183
proteomics,peebo_2015,rel0_abs0,all,filtered,1115,oriC,0.1532306023142182,400,5.965142331438784e-4
proteomics,peebo_2015,rel0_abs0,all,filtered,1115,ter,4.218462083224124e-10,330,-0.12635927305486594
proteomics,peebo_2015,rel0_abs0,all,filtered,884,oriC,2.1287740303639562e-5,321,0.0816650517258303
proteomics,peebo_2015,rel0_abs0,all,filtered,884,ter,0.02743616392398374,261,-0.04857934686561715
proteomics,peebo_2015,rel0_abs0,all,filtered,1097,oriC,0.09046457399458505,396,0.022393932361954715
proteomics,peebo_2015,rel0_abs0,all,filtered,1097,ter,0.003825687903927432,325,-0.07325284341076684
proteomics,peebo_2015,rel0_abs0,all,filtered,893,oriC,1.5283125123634236e-4,321,0.0946836379257934
proteomics,peebo_2015,rel0_abs0,all,filtered,893,ter,0.021565597188606254,258,-0.02606432270291873
proteomics,peebo_2015,rel0_abs0,all,filtered,1100,oriC,0.09355902836017908,395,0.029320396673571572
proteomics,peebo_2015,rel0_abs0,all,filtered,1100,ter,0.002063411893311287,325,-0.12645681790217383
proteomics,peebo_2015,rel0_abs0,all,filtered,848,oriC,6.583286278787767e-5,308,0.15554047051873898
proteomics,peebo_2015,rel0_abs0,all,filtered,848,ter,0.07047975761059917,255,-0.024299937507909194
proteomics,peebo_2015,rel0_abs0,all,filtered,886,oriC,0.0014694841959011623,314,0.06655460663071584
proteomics,peebo_2015,rel0_abs0,all,filtered,886,ter,0.2665708151556598,262,0.04452019597399769
proteomics,peebo_2015,rel0_abs0,all,filtered,896,oriC,1.2982069736532274e-4,320,0.07755796150075045
proteomics,peebo_2015,rel0_abs0,all,filtered,896,ter,0.3742142926636338,266,0.05830851304927688
proteomics,peebo_2015,rel0_abs0,all,filtered,872,oriC,7.825298214296951e-4,312,0.09154321529503857
proteomics,peebo_2015,rel0_abs0,all,filtered,872,ter,0.39697228691281033,261,0.04786931300657383
proteomics,peebo_2015,rel0_abs0,all,filtered,894,oriC,0.15307670076175717,320,-0.00312378750175539
proteomics,peebo_2015,rel0_abs0,all,filtered,894,ter,1.161306155919387e-6,265,-0.07963062175370376
proteomics,peebo_2015,rel0_abs0,all,filtered,845,oriC,3.1365192348538443e-4,303,0.044890718002657225
proteomics,peebo_2015,rel0_abs0,all,filtered,845,ter,0.004370210258343639,250,-0.03213507063247108
proteomics,peebo_2015,rel0_abs0,all,filtered,914,oriC,0.5950099299836215,327,-0.025031238095183043
proteomics,peebo_2015,rel0_abs0,all,filtered,914,ter,6.597646619027509e-10,270,-0.1341572865916446
proteomics,peebo_2015,rel0_abs0,all,filtered,838,oriC,0.007626929665890968,306,0.023264385277141107
proteomics,peebo_2015,rel0_abs0,all,filtered,838,ter,2.752040229466008e-4,248,-0.11213089226930134
proteomics,peebo_2015,rel0_abs0,all,filtered,902,oriC,0.5466903457424124,321,-0.011469630349182454
proteomics,peebo_2015,rel0_abs0,all,filtered,902,ter,4.851052201754707e-4,265,-0.1138267495241959
proteomics,peebo_2015,rel0_abs0,all,filtered,830,oriC,0.01547560049569101,299,0.05649696540672302
proteomics,peebo_2015,rel0_abs0,all,filtered,830,ter,9.600524784599228e-5,242,-0.10908477202352806
proteomics,peebo_2015,rel0_abs0,all,filtered,905,oriC,0.11101423922509825,321,0.016382552587821477
proteomics,peebo_2015,rel0_abs0,all,filtered,905,ter,1.372151308639542e-4,269,-0.15649917993924123
proteomics,peebo_2015,rel0_abs0,all,filtered,795,oriC,0.0026199367774664755,290,0.11428595671324172
proteomics,peebo_2015,rel0_abs0,all,filtered,795,ter,0.006144759564830452,235,-0.11450863330179875
proteomics,peebo_2015,rel0_abs0,all,filtered,1029,oriC,1.1416785254591495e-4,372,0.028789942525780345
proteomics,peebo_2015,rel0_abs0,all,filtered,1029,ter,0.7325988757493394,303,0.003626797857581827
proteomics,peebo_2015,rel0_abs0,all,filtered,1025,oriC,1.3189970646024926e-4,368,0.0327987821303172
proteomics,peebo_2015,rel0_abs0,all,filtered,1025,ter,0.2720932677333624,300,0.010016066650553374
proteomics,peebo_2015,rel0_abs0,all,filtered,1042,oriC,0.06375743431535409,373,-0.023630696189915514
proteomics,peebo_2015,rel0_abs0,all,filtered,1042,ter,2.7616466724706947e-4,308,-0.12196480112330804
proteomics,peebo_2015,rel0_abs0,all,filtered,910,oriC,0.03102214501494188,318,0.022446570301358142
proteomics,peebo_2015,rel0_abs0,all,filtered,910,ter,0.014222972151008735,272,-0.08360827574264293
proteomics,peebo_2015,rel0_abs0,all,filtered,1069,oriC,0.43487905392567633,379,-0.08972036624850756
proteomics,peebo_2015,rel0_abs0,all,filtered,1069,ter,4.830819746232774e-9,316,-0.19123882734222838
proteomics,peebo_2015,rel0_abs0,all,filtered,872,oriC,0.0502081462026612,317,-0.016122212480633724
proteomics,peebo_2015,rel0_abs0,all,filtered,872,ter,3.0637763882504444e-4,258,-0.13071616764628283
proteomics,peebo_2015,rel0_abs0,all,filtered,1054,oriC,0.9039631504096814,379,-0.08822701474105957
proteomics,peebo_2015,rel0_abs0,all,filtered,1054,ter,3.37136747283218e-6,308,-0.20137853404664674
proteomics,peebo_2015,rel0_abs0,all,filtered,881,oriC,0.06841085655518221,313,-0.001883999541089882
proteomics,peebo_2015,rel0_abs0,all,filtered,881,ter,6.110798846032431e-6,258,-0.15346058377357985
proteomics,peebo_2015,rel0_abs0,all,filtered,1051,oriC,0.5647486406497385,378,-0.05914469139596455
proteomics,peebo_2015,rel0_abs0,all,filtered,1051,ter,2.751824813902151e-7,308,-0.20460347329670941
proteomics,peebo_2015,rel0_abs0,all,filtered,846,oriC,0.01734899207344948,307,0.048587896741536574
proteomics,peebo_2015,rel0_abs0,all,filtered,846,ter,1.2213031329006522e-5,253,-0.13351612636968663
proteomics,peebo_2015,rel0_abs0,all,filtered,1038,oriC,1.193659532259556e-6,375,-0.07928985814847396
proteomics,peebo_2015,rel0_abs0,all,filtered,1038,ter,0.0015010965133381206,308,-0.10862420372021811
proteomics,peebo_2015,rel0_abs0,all,filtered,895,oriC,0.0010192992474105497,315,-0.039940038882097365
proteomics,peebo_2015,rel0_abs0,all,filtered,895,ter,0.0015476744789466924,268,-0.08681705673982185
proteomics,peebo_2015,rel0_abs0,all,filtered,1077,oriC,0.15907577735190923,382,-0.1112276312894048
proteomics,peebo_2015,rel0_abs0,all,filtered,1077,ter,6.757548980253354e-8,321,-0.1854322728930474
proteomics,peebo_2015,rel0_abs0,all,filtered,870,oriC,0.1383730443761256,320,-0.030160605704800413
proteomics,peebo_2015,rel0_abs0,all,filtered,870,ter,0.0066333489349987744,253,-0.15882471381786323
proteomics,peebo_2015,rel0_abs0,all,filtered,1058,oriC,0.5043589815689941,380,-0.08445220375761309
proteomics,peebo_2015,rel0_abs0,all,filtered,1058,ter,8.974549505099362e-7,314,-0.17881555001128518
proteomics,peebo_2015,rel0_abs0,all,filtered,892,oriC,0.1569383809340942,319,-0.01871201080263621
proteomics,peebo_2015,rel0_abs0,all,filtered,892,ter,1.9554823086331605e-5,260,-0.15410377438629735
proteomics,peebo_2015,rel0_abs0,all,filtered,1076,oriC,0.8269868744032903,382,-0.05794490308002774
proteomics,peebo_2015,rel0_abs0,all,filtered,1076,ter,3.9210339325337323e-7,322,-0.1523643733697262
proteomics,peebo_2015,rel0_abs0,all,filtered,835,oriC,0.048113101684165105,304,0.026925697997943372
proteomics,peebo_2015,rel0_abs0,all,filtered,835,ter,1.2774898118415568e-5,251,-0.12593430456510446
proteomics,peebo_2015,rel0_abs0,all,filtered,1005,oriC,7.47089927374278e-7,363,-0.08783994111715165
proteomics,peebo_2015,rel0_abs0,all,filtered,1005,ter,2.600725398471802e-4,299,-0.13982603853042427
proteomics,peebo_2015,rel0_abs0,all,filtered,891,oriC,0.0028841866802079793,316,-0.04467013788813828
proteomics,peebo_2015,rel0_abs0,all,filtered,891,ter,0.002021646865874148,266,-0.1189518675051769
proteomics,peebo_2015,rel0_abs0,all,filtered,1019,oriC,0.09853032007807459,368,-0.08993009043369077
proteomics,peebo_2015,rel0_abs0,all,filtered,1019,ter,2.6027841124344303e-8,299,-0.20178724539601045
proteomics,peebo_2015,rel0_abs0,all,filtered,860,oriC,0.1342047668697791,317,-0.031681745542616165
proteomics,peebo_2015,rel0_abs0,all,filtered,860,ter,1.8693025685646738e-4,253,-0.15517187410534947
proteomics,peebo_2015,rel0_abs0,all,filtered,1006,oriC,0.7019923307909516,366,-0.0891367584503957
proteomics,peebo_2015,rel0_abs0,all,filtered,1006,ter,2.2839869910488494e-7,293,-0.20340011643287748
proteomics,peebo_2015,rel0_abs0,all,filtered,868,oriC,0.17200271347948343,315,-0.0417033570817702
proteomics,peebo_2015,rel0_abs0,all,filtered,868,ter,2.2454955644899212e-6,257,-0.15763211584647577
proteomics,peebo_2015,rel0_abs0,all,filtered,1014,oriC,0.9901571239669099,371,-0.052872006189449615
proteomics,peebo_2015,rel0_abs0,all,filtered,1014,ter,8.739492841136849e-8,294,-0.17642773793786232
proteomics,peebo_2015,rel0_abs0,all,filtered,835,oriC,0.022510718221119025,305,0.04832607529417982
proteomics,peebo_2015,rel0_abs0,all,filtered,835,ter,8.59594269108654e-7,253,-0.13875229909380207
proteomics,peebo_2015,rel0_abs0,all,filtered,897,oriC,1.018151535078097e-5,316,0.04184964331465721
proteomics,peebo_2015,rel0_abs0,all,filtered,897,ter,0.06507948797520542,269,0.021289340438727728
proteomics,peebo_2015,rel0_abs0,all,filtered,1069,oriC,0.1372198189845983,386,-0.03445908801085942
proteomics,peebo_2015,rel0_abs0,all,filtered,1069,ter,6.164583435189483e-11,315,-0.08323825608585032
proteomics,peebo_2015,rel0_abs0,all,filtered,872,oriC,0.006524484854508798,319,0.027220389517502892
proteomics,peebo_2015,rel0_abs0,all,filtered,872,ter,0.09540660017605895,256,-0.019468205935836543
proteomics,peebo_2015,rel0_abs0,all,filtered,1058,oriC,0.9277810357996448,383,-0.017521984785717853
proteomics,peebo_2015,rel0_abs0,all,filtered,1058,ter,0.0010085304826687178,311,-0.06341604994588244
proteomics,peebo_2015,rel0_abs0,all,filtered,881,oriC,0.001369149997622282,315,0.05700208242788845
proteomics,peebo_2015,rel0_abs0,all,filtered,881,ter,0.04907847506575679,260,-0.028569138968770877
proteomics,peebo_2015,rel0_abs0,all,filtered,1059,oriC,0.21579835183722565,382,0.009654837452969533
proteomics,peebo_2015,rel0_abs0,all,filtered,1059,ter,0.006887552837488808,313,-0.07894450963492693
proteomics,peebo_2015,rel0_abs0,all,filtered,841,oriC,4.474968561339342e-4,305,0.11790330453248092
proteomics,peebo_2015,rel0_abs0,all,filtered,841,ter,0.11524730386103225,254,-0.001871399567685898
proteomics,peebo_2015,rel0_abs0,all,filtered,918,oriC,0.3313338694884862,319,-0.037503693306300136
proteomics,peebo_2015,rel0_abs0,all,filtered,918,ter,1.489310803015347e-11,276,-0.10408777707629693
proteomics,peebo_2015,rel0_abs0,all,filtered,838,oriC,0.17871278421020836,306,0.010746076718235893
proteomics,peebo_2015,rel0_abs0,all,filtered,838,ter,1.0040377966447357e-4,248,-0.051355278503871823
proteomics,peebo_2015,rel0_abs0,all,filtered,902,oriC,0.9596842251053022,313,-0.04316708226330277
proteomics,peebo_2015,rel0_abs0,all,filtered,902,ter,1.1023353553178935e-5,272,-0.10315765214265446
proteomics,peebo_2015,rel0_abs0,all,filtered,822,oriC,0.025420330331084148,292,0.030749120970985373
proteomics,peebo_2015,rel0_abs0,all,filtered,822,ter,4.9124445247938385e-5,244,-0.08738858663642139
proteomics,peebo_2015,rel0_abs0,all,filtered,910,oriC,0.11613557112023737,317,6.808323233155532e-4
proteomics,peebo_2015,rel0_abs0,all,filtered,910,ter,3.1667048774025066e-4,274,-0.1071331683135684
proteomics,peebo_2015,rel0_abs0,all,filtered,795,oriC,0.011014893959391352,287,0.07615778798479675
proteomics,peebo_2015,rel0_abs0,all,filtered,795,ter,0.009180923136241331,239,-0.10504565865306738
proteomics,peebo_2015,rel0_abs0,all,filtered,886,oriC,2.2845261346195351e-10,323,0.04651246227282782
proteomics,peebo_2015,rel0_abs0,all,filtered,886,ter,1.257577285153252e-4,261,0.04345465973570146
proteomics,peebo_2015,rel0_abs0,all,filtered,1098,oriC,0.011521644019892089,390,0.0173333125676777
proteomics,peebo_2015,rel0_abs0,all,filtered,1098,ter,0.4108318653544874,322,-0.016868568486520776
proteomics,peebo_2015,rel0_abs0,all,filtered,896,oriC,9.326368625119467e-7,321,0.06384365031901826
proteomics,peebo_2015,rel0_abs0,all,filtered,896,ter,0.877830814785889,259,0.005700312165448315
proteomics,peebo_2015,rel0_abs0,all,filtered,1109,oriC,4.994344274619847e-4,393,0.0421819283419759
proteomics,peebo_2015,rel0_abs0,all,filtered,1109,ter,0.8900965289960068,328,0.0059258092087862355
proteomics,peebo_2015,rel0_abs0,all,filtered,852,oriC,9.233727954766092e-6,309,0.12931420483617181
proteomics,peebo_2015,rel0_abs0,all,filtered,852,ter,0.7302456936813737,255,0.05557681330778769
proteomics,peebo_2015,rel0_abs0,all,filtered,876,oriC,3.300030772135909e-6,318,-0.03306970261215754
proteomics,peebo_2015,rel0_abs0,all,filtered,876,ter,1.7095866967559224e-4,259,-0.055188168793469695
proteomics,peebo_2015,rel0_abs0,all,filtered,812,oriC,0.020333603769596916,299,0.03802748656119659
proteomics,peebo_2015,rel0_abs0,all,filtered,812,ter,8.151986600422829e-4,237,-0.04139321528275105
proteomics,peebo_2015,rel0_abs0,all,filtered,876,oriC,0.065606681817081125,320,0.025835009134174636
proteomics,peebo_2015,rel0_abs0,all,filtered,876,ter,0.03126195970752686,257,-0.04648691068286976
proteomics,peebo_2015,rel0_abs0,all,filtered,794,oriC,0.0016884471633759213,291,0.09557403934055632
proteomics,peebo_2015,rel0_abs0,all,filtered,794,ter,0.21263610245457948,234,-0.0016173891720008909
proteomics,peebo_2015,rel0_abs0,all,filtered,886,oriC,1.4607641388098046e-9,318,0.06352915799240251
proteomics,peebo_2015,rel0_abs0,all,filtered,886,ter,0.051980368560748474,257,0.021747594258576575
proteomics,peebo_2015,rel0_abs0,all,filtered,1096,oriC,2.842371793111947e-8,393,0.05705940678347383
proteomics,peebo_2015,rel0_abs0,all,filtered,1096,ter,0.36598119798138,324,0.019327528149253752
proteomics,peebo_2015,rel0_abs0,all,filtered,849,oriC,7.501863314794939e-8,307,0.15178313146212788
proteomics,peebo_2015,rel0_abs0,all,filtered,849,ter,0.5147775391096596,256,0.08734378195398931
proteomics,peebo_2015,rel0_abs0,all,filtered,892,oriC,0.39768791039242857,322,0.00874244259592943
proteomics,peebo_2015,rel0_abs0,all,filtered,892,ter,0.6158335111307176,259,-0.0017586450076656484
proteomics,peebo_2015,rel0_abs0,all,filtered,784,oriC,2.0171288282019653e-4,285,0.07836304492042258
proteomics,peebo_2015,rel0_abs0,all,filtered,784,ter,0.831695022295567,232,0.048417862546236694
proteomics,peebo_2015,rel0_abs0,all,filtered,852,oriC,5.489811275339667e-6,308,0.08778772142616004
proteomics,peebo_2015,rel0_abs0,all,filtered,852,ter,0.28853012342200735,257,0.060019605886060146
proteomics,li_2014_all,rel0_abs0,all,filtered,2877,oriC,0.0026244997093814457,995,-0.2467813860890469
proteomics,li_2014_all,rel0_abs0,all,filtered,2877,ter,2.4357587919601144e-39,922,-0.5755217011987144
proteomics,li_2014_all,rel0_abs0,all,filtered,3403,oriC,0.16776718606172195,1163,-0.19387965292470996
proteomics,li_2014_all,rel0_abs0,all,filtered,3403,ter,1.8998365406651957e-38,1110,-0.6597591544294996
proteomics,li_2014_all,rel0_abs0,all,filtered,3154,oriC,1.302614904306034e-4,1082,0.13228496195837514
proteomics,li_2014_all,rel0_abs0,all,filtered,3154,ter,0.6064101204557419,1039,0.06296754456044133
proteomics,valgepea_2013_prot,rel0_abs0,all,filtered,1186,oriC,1.289289487277994e-16,441,0.10487985889808346
proteomics,valgepea_2013_prot,rel0_abs0,all,filtered,1186,ter,0.0020487001261254535,357,0.08549980341081101
proteomics,valgepea_2013_prot,rel0_abs0,all,filtered,1188,oriC,4.282058631024909e-6,442,0.09082099582160788
proteomics,valgepea_2013_prot,rel0_abs0,all,filtered,1188,ter,0.25980973470785473,353,0.05050343273729125
proteomics,valgepea_2013_prot,rel0_abs0,all,filtered,1176,oriC,0.0018419617946465435,436,0.027113041453739068
proteomics,valgepea_2013_prot,rel0_abs0,all,filtered,1176,ter,0.8004759228971713,344,-0.02398058502295691
proteomics,valgepea_2013_prot,rel0_abs0,all,filtered,1159,oriC,0.0031015639897908616,431,0.006700155098247662
proteomics,valgepea_2013_prot,rel0_abs0,all,filtered,1159,ter,0.5247994251058778,340,-0.05867790450871181
proteomics,valgepea_2013_prot,rel0_abs0,all,filtered,1169,oriC,0.623992989504939,436,-0.02043555947785793
proteomics,valgepea_2013_prot,rel0_abs0,all,filtered,1169,ter,0.08620282121151845,347,-0.04012449729715575
proteomics,valgepea_2013_prot,rel0_abs0,all,filtered,1149,oriC,0.8293825622531322,425,-0.07396039352638098
proteomics,valgepea_2013_prot,rel0_abs0,all,filtered,1149,ter,1.986847137868962e-4,340,-0.11227375923943073
proteomics,valgepea_2013_prot,rel0_abs0,all,filtered,1140,oriC,0.8792259299226934,425,-0.0686884989350594
proteomics,valgepea_2013_prot,rel0_abs0,all,filtered,1140,ter,0.004123628335946095,336,-0.1430532163342114
proteomics,valgepea_2013_prot,rel0_abs0,all,filtered,1158,oriC,0.03295056987766523,429,-0.06060917242186782
proteomics,valgepea_2013_prot,rel0_abs0,all,filtered,1158,ter,3.647768509757862e-11,342,-0.08460680105658924
proteomics,valgepea_2013_prot,rel0_abs0,all,filtered,1160,oriC,0.5149488562842117,430,-0.06254444606538186
proteomics,valgepea_2013_prot,rel0_abs0,all,filtered,1160,ter,7.998255858505073e-4,342,-0.07473989221465074
proteomics,valgepea_2013_prot,rel0_abs0,all,filtered,1155,oriC,0.04911091759652436,426,0.02480858969865953
proteomics,valgepea_2013_prot,rel0_abs0,all,filtered,1155,ter,0.5580823715891294,341,0.0033790548537893836
proteomics,Goelzer_2015,rel0_abs0,all,filtered,680,oriC,0.35706371978114176,220,-0.20470994378299864
proteomics,Goelzer_2015,rel0_abs0,all,filtered,680,ter,1.1821755680095098e-6,228,-0.43361002532553194
proteomics,Goelzer_2015,rel0_abs0,all,filtered,654,oriC,0.48724923502171186,214,-0.2637056190637432
proteomics,Goelzer_2015,rel0_abs0,all,filtered,654,ter,3.141240747792473e-7,216,-0.6383621674997262
proteomics,Goelzer_2015,rel0_abs0,all,filtered,626,oriC,0.9092702833520281,203,-0.13836085293443343
proteomics,Goelzer_2015,rel0_abs0,all,filtered,626,ter,4.46786335036873e-6,204,-0.562473665357129
proteomics,Goelzer_2015,rel0_abs0,all,filtered,575,oriC,0.25900388539183417,189,-0.14516772254844904
proteomics,Goelzer_2015,rel0_abs0,all,filtered,575,ter,0.004219091943929689,198,-0.36766378101039787
proteomics,Goelzer_2015,rel0_abs0,all,filtered,962,oriC,0.06479711822007951,307,0.05606157067381878
proteomics,Goelzer_2015,rel0_abs0,all,filtered,962,ter,6.827823010942188e-4,332,-0.14544962771857944
proteomics,Goelzer_2015,rel0_abs0,all,filtered,814,oriC,0.6211226968887767,258,0.030324095256721667
proteomics,Goelzer_2015,rel0_abs0,all,filtered,814,ter,0.2823138933407193,283,-0.0730777124847031
proteomics,Goelzer_2015,rel0_abs0,all,filtered,837,oriC,0.0021116506828798816,265,0.23104409796428876
proteomics,Goelzer_2015,rel0_abs0,all,filtered,837,ter,0.9272866662306894,296,0.07461959312387836
proteomics,Goelzer_2015,rel0_abs0,all,filtered,832,oriC,0.3859550811553769,263,0.05203129059795448
proteomics,Goelzer_2015,rel0_abs0,all,filtered,832,ter,0.9301699020677736,295,0.048194781011975184
proteomics,Goelzer_2015,rel0_abs0,all,filtered,908,oriC,2.0979161265804552e-4,287,0.25294733912557343
proteomics,Goelzer_2015,rel0_abs0,all,filtered,908,ter,0.125376662484448,320,0.17029386866930313
proteomics,Goelzer_2015,rel0_abs0,all,filtered,826,oriC,0.017582601866437134,268,0.11210857008628944
proteomics,Goelzer_2015,rel0_abs0,all,filtered,826,ter,8.837049906637005e-6,287,0.26382930067212357
proteomics,zhu_B_subtilis,rel0_abs0,all,filtered,1921,oriC,0.9395870689499709,635,0.0052694159191559375
proteomics,zhu_B_subtilis,rel0_abs0,all,filtered,1921,ter,0.30243243011750914,625,-0.028421035501062585
proteomics,zhu_B_subtilis,rel0_abs0,all,filtered,946,oriC,4.5039350280785034e-26,296,0.36623248129858055
proteomics,zhu_B_subtilis,rel0_abs0,all,filtered,946,ter,4.5915818278226525e-28,329,0.3304409520853143
proteomics,zhu_B_subtilis,rel0_abs0,all,filtered,1886,oriC,8.33636603066658e-6,624,-0.4370196966030552
proteomics,zhu_B_subtilis,rel0_abs0,all,filtered,1886,ter,9.516104105467943e-11,613,-0.4438594050631247
proteomics,zhu_B_subtilis,rel0_abs0,all,filtered,949,oriC,4.661768479844086e-21,299,0.2955659453890122
proteomics,zhu_B_subtilis,rel0_abs0,all,filtered,949,ter,2.0219655964122193e-17,328,0.3423660211007403
proteomics,zhu_B_subtilis,rel0_abs0,all,filtered,948,oriC,1.0327625071774156e-9,299,0.24652104756509735
proteomics,zhu_B_subtilis,rel0_abs0,all,filtered,948,ter,2.0004482292992857e-7,327,0.26357691584675685
proteomics,zhu_B_subtilis,rel0_abs0,all,filtered,1775,oriC,0.06386265381960853,596,-0.14199897464725544
proteomics,zhu_B_subtilis,rel0_abs0,all,filtered,1775,ter,2.611833553219516e-4,587,-0.24293602165339556
proteomics,zhu_B_subtilis,rel0_abs0,all,filtered,1556,oriC,0.467065062242651,531,-0.0719003387861423
proteomics,zhu_B_subtilis,rel0_abs0,all,filtered,1556,ter,0.11170251749168471,524,-0.14379990273693882
proteomics,zhu_B_subtilis,rel0_abs0,all,filtered,872,oriC,3.8892435387959e-8,282,0.290478937632557
proteomics,zhu_B_subtilis,rel0_abs0,all,filtered,872,ter,0.03654163446858514,308,0.19363929054475576
proteomics,zhu_B_subtilis,rel0_abs0,all,filtered,780,oriC,9.698020790645989e-8,255,0.36618677644053954
proteomics,zhu_B_subtilis,rel0_abs0,all,filtered,780,ter,0.5010393193646812,285,0.12706913278097604
proteomics,zhu_B_subtilis,rel0_abs0,all,filtered,943,oriC,7.831295581505405e-10,294,0.27223955561141483
proteomics,zhu_B_subtilis,rel0_abs0,all,filtered,943,ter,2.574789925852863e-22,328,0.29026124865546865
proteomics,zhu_B_subtilis,rel0_abs0,all,filtered,1919,oriC,8.858005000216241e-10,635,-0.565537369118781
proteomics,zhu_B_subtilis,rel0_abs0,all,filtered,1919,ter,3.357066580354738e-11,620,-0.45748202918584474
proteomics,zhu_B_subtilis,rel0_abs0,all,filtered,951,oriC,2.6787678379074615e-22,300,0.2570562920268904
proteomics,zhu_B_subtilis,rel0_abs0,all,filtered,951,ter,1.7828186094913657e-31,329,0.3258499437693621
proteomics,zhu_B_subtilis,rel0_abs0,all,filtered,953,oriC,4.436735614981632e-10,301,0.19159357832127255
proteomics,zhu_B_subtilis,rel0_abs0,all,filtered,953,ter,8.412472515978965e-12,329,0.24507009890462012
proteomics,zhu_B_subtilis,rel0_abs0,all,filtered,1800,oriC,0.01840778923013542,608,-0.15876397501588638
proteomics,zhu_B_subtilis,rel0_abs0,all,filtered,1800,ter,0.0013667971682520702,591,-0.17619987081234414
proteomics,zhu_B_subtilis,rel0_abs0,all,filtered,1560,oriC,0.10664539466498107,541,-0.03445166622684801
proteomics,zhu_B_subtilis,rel0_abs0,all,filtered,1560,ter,0.6698332221697789,517,-0.04993123438279288
proteomics,zhu_B_subtilis,rel0_abs0,all,filtered,877,oriC,8.741479425064474e-8,286,0.28589929047542584
proteomics,zhu_B_subtilis,rel0_abs0,all,filtered,877,ter,0.003174201153125429,307,0.2644488602205448
proteomics,zhu_B_subtilis,rel0_abs0,all,filtered,780,oriC,1.409967041860578e-8,256,0.42628671630973036
proteomics,zhu_B_subtilis,rel0_abs0,all,filtered,780,ter,0.035954975915904755,284,0.21241445470037523
proteomics,zhu_B_subtilis,rel0_abs0,all,filtered,943,oriC,1.326263353865542e-4,293,-0.219628327783553
proteomics,zhu_B_subtilis,rel0_abs0,all,filtered,943,ter,7.503554694839081e-12,328,-0.23897738657072354
proteomics,zhu_B_subtilis,rel0_abs0,all,filtered,943,oriC,0.1946882640209368,294,-0.029604185639058072
proteomics,zhu_B_subtilis,rel0_abs0,all,filtered,943,ter,0.5005528026904005,327,-7.595451191184569e-4
proteomics,zhu_B_subtilis,rel0_abs0,all,filtered,937,oriC,0.03791063922740918,290,-0.13550947412632083
proteomics,zhu_B_subtilis,rel0_abs0,all,filtered,937,ter,0.0024280780593804066,326,-0.10101915852170462
proteomics,zhu_B_subtilis,rel0_abs0,all,filtered,881,oriC,0.0625155020145425,279,-0.24893989870400776
proteomics,zhu_B_subtilis,rel0_abs0,all,filtered,881,ter,5.152593055577342e-12,315,-0.36520202750605274
proteomics,zhu_B_subtilis,rel0_abs0,all,filtered,774,oriC,0.6616625502140373,257,-0.11509618140411125
proteomics,zhu_B_subtilis,rel0_abs0,all,filtered,774,ter,5.446995952726348e-6,284,-0.287856841864232
proteomics,zhu_B_subtilis,rel0_abs0,all,filtered,863,oriC,0.9432385234198137,276,-0.07564426179546359
proteomics,zhu_B_subtilis,rel0_abs0,all,filtered,863,ter,0.006196711437736394,304,-0.12392129946237705
proteomics,zhu_B_subtilis,rel0_abs0,all,filtered,770,oriC,0.3429170615192638,252,-0.009981000726121606
proteomics,zhu_B_subtilis,rel0_abs0,all,filtered,770,ter,0.0032574925726976127,282,-0.10487557121415
proteomics,zhu_B_subtilis,rel0_abs0,all,filtered,952,oriC,4.60766625846587e-10,299,0.19172661390737275
proteomics,zhu_B_subtilis,rel0_abs0,all,filtered,952,ter,1.2019728159350619e-26,329,0.22214595638231288
proteomics,zhu_B_subtilis,rel0_abs0,all,filtered,957,oriC,1.9897819168180872e-7,301,0.10109172082196782
proteomics,zhu_B_subtilis,rel0_abs0,all,filtered,957,ter,1.6601969433677622e-15,330,0.16669603387073667
proteomics,zhu_B_subtilis,rel0_abs0,all,filtered,1845,oriC,2.825568332178326e-12,624,0.3043035799460394
proteomics,zhu_B_subtilis,rel0_abs0,all,filtered,1845,ter,0.003032979410238364,600,0.19005071220809103
proteomics,zhu_B_subtilis,rel0_abs0,all,filtered,1618,oriC,1.3908201154496657e-10,550,0.4090702723868605
proteomics,zhu_B_subtilis,rel0_abs0,all,filtered,1618,ter,0.0016842660663586688,543,0.2095297786266925
proteomics,zhu_B_subtilis,rel0_abs0,all,filtered,883,oriC,3.728162009180779e-8,286,0.2172466505425965
proteomics,zhu_B_subtilis,rel0_abs0,all,filtered,883,ter,1.339035482445255e-4,309,0.18436575212911732
proteomics,zhu_B_subtilis,rel0_abs0,all,filtered,789,oriC,8.590453657446972e-8,256,0.3452616793389807
proteomics,zhu_B_subtilis,rel0_abs0,all,filtered,789,ter,0.042732074139710044,287,0.15523222896004316
proteomics,zhu_B_subtilis,rel0_abs0,all,filtered,948,oriC,0.003906446416960374,298,-0.06973201221419977
proteomics,zhu_B_subtilis,rel0_abs0,all,filtered,948,ter,2.1260002251949378e-8,327,-0.06898389934558455
proteomics,zhu_B_subtilis,rel0_abs0,all,filtered,886,oriC,0.047128007139847654,286,-0.214633250188605
proteomics,zhu_B_subtilis,rel0_abs0,all,filtered,886,ter,3.9736137156068714e-13,311,-0.29839178077462253
proteomics,zhu_B_subtilis,rel0_abs0,all,filtered,780,oriC,0.7394644190922715,258,-0.0745858726694809
proteomics,zhu_B_subtilis,rel0_abs0,all,filtered,780,ter,3.964298523005612e-5,281,-0.24367684704363102
proteomics,zhu_B_subtilis,rel0_abs0,all,filtered,874,oriC,0.21663804901168734,283,-0.003078473249461826
proteomics,zhu_B_subtilis,rel0_abs0,all,filtered,874,ter,0.03157430622201275,306,-0.056921649322467
proteomics,zhu_B_subtilis,rel0_abs0,all,filtered,777,oriC,0.007438591738508682,254,0.10744196481613838
proteomics,zhu_B_subtilis,rel0_abs0,all,filtered,777,ter,0.01366782406789952,281,-0.05766714352156962
proteomics,zhu_B_subtilis,rel0_abs0,all,filtered,897,oriC,0.124931249697092,286,-0.10779534365178678
proteomics,zhu_B_subtilis,rel0_abs0,all,filtered,897,ter,6.467152453360057e-12,317,-0.21368736729243443
proteomics,zhu_B_subtilis,rel0_abs0,all,filtered,791,oriC,0.15859180388463828,261,0.02466103307016114
proteomics,zhu_B_subtilis,rel0_abs0,all,filtered,791,ter,4.965230527150029e-5,287,-0.19193885758299822
proteomics,zhu_B_subtilis,rel0_abs0,all,filtered,880,oriC,3.5452756686823843e-4,285,0.10809005706726686
proteomics,zhu_B_subtilis,rel0_abs0,all,filtered,880,ter,0.732765035673943,307,0.023171682363877278
proteomics,zhu_B_subtilis,rel0_abs0,all,filtered,787,oriC,9.632753463189616e-5,255,0.20920052810724069
proteomics,zhu_B_subtilis,rel0_abs0,all,filtered,787,ter,0.24485228564297634,286,0.001535495906195778
proteomics,zhu_B_subtilis,rel0_abs0,all,filtered,1675,oriC,7.352318415631454e-4,568,0.06119310444952944
proteomics,zhu_B_subtilis,rel0_abs0,all,filtered,1675,ter,0.2030925932380615,565,0.012853409136187759
proteomics,zhu_B_subtilis,rel0_abs0,all,filtered,882,oriC,4.629570843473355e-16,284,0.22081550773431413
proteomics,zhu_B_subtilis,rel0_abs0,all,filtered,882,ter,6.980160005719874e-24,310,0.25076782085052046
proteomics,zhu_B_subtilis,rel0_abs0,all,filtered,792,oriC,1.3830183886756672e-15,257,0.3320193145112175
proteomics,zhu_B_subtilis,rel0_abs0,all,filtered,792,ter,5.380248174067541e-9,290,0.21013798434047687
proteomics,zhu_B_subtilis,rel0_abs0,all,filtered,801,oriC,0.0021176619337529984,269,0.19107963987848392
proteomics,zhu_B_subtilis,rel0_abs0,all,filtered,801,ter,9.610969406863632e-11,288,0.2664075081102364
proteomics,zhu_B_subtilis,rel0_abs0,all,filtered,788,oriC,3.118419569678903e-16,260,0.2439000283950592
proteomics,zhu_B_subtilis,rel0_abs0,all,filtered,788,ter,7.1693072390535864e-12,287,0.1942835753290499
proteomics,zhu_B_subtilis,rel0_abs0,all,filtered,778,oriC,0.003880247612086312,256,0.044704620571116446
proteomics,zhu_B_subtilis,rel0_abs0,all,filtered,778,ter,0.0011537184658352861,283,-0.04985186423109993
proteomics,zhu_E_coli,rel0_abs0,all,filtered,1166,oriC,2.6100230252662413e-5,452,0.03609454275072622
proteomics,zhu_E_coli,rel0_abs0,all,filtered,1166,ter,0.11406336628221131,339,0.019641144001411214
proteomics,zhu_E_coli,rel0_abs0,all,filtered,1145,oriC,8.969263532301843e-6,440,-0.09722649055376836
proteomics,zhu_E_coli,rel0_abs0,all,filtered,1145,ter,0.5714173036603749,337,0.005670591972610612
proteomics,zhu_E_coli,rel0_abs0,all,filtered,1150,oriC,0.47855768444218794,446,0.013390809596394944
proteomics,zhu_E_coli,rel0_abs0,all,filtered,1150,ter,0.8225789862632227,334,-0.005547009227920973
proteomics,zhu_E_coli,rel0_abs0,all,filtered,1133,oriC,0.24071050272827435,439,-0.0932246687741964
proteomics,zhu_E_coli,rel0_abs0,all,filtered,1133,ter,0.2198997100075011,331,-0.03591427415948809
proteomics,zhu_E_coli,rel0_abs0,all,filtered,1078,oriC,0.1584879626108837,412,-0.11239835238803471
proteomics,zhu_E_coli,rel0_abs0,all,filtered,1078,ter,1.736345577568028e-6,320,-0.32953256278299137
proteomics,zhu_E_coli,rel0_abs0,all,filtered,1155,oriC,0.40514210324348443,443,0.02374048306169065
proteomics,zhu_E_coli,rel0_abs0,all,filtered,1155,ter,0.2091291971304728,338,0.07540321251937215
proteomics,zhu_E_coli,rel0_abs0,all,filtered,1143,oriC,0.3437637427093758,437,-0.07275670377177956
proteomics,zhu_E_coli,rel0_abs0,all,filtered,1143,ter,0.14851292939811817,337,-0.053874039462547846
proteomics,zhu_E_coli,rel0_abs0,all,filtered,1106,oriC,0.3696661583255738,422,0.012555294113469022
proteomics,zhu_E_coli,rel0_abs0,all,filtered,1106,ter,0.04989501114543,331,-0.12673995248282682
proteomics,zhu_E_coli,rel0_abs0,all,filtered,1007,oriC,0.8476884272291773,391,-0.10690920203364658
proteomics,zhu_E_coli,rel0_abs0,all,filtered,1007,ter,2.0359321614528643e-9,298,-0.5152991093853454
proteomics,zhu_E_coli,rel0_abs0,all,filtered,1017,oriC,0.00343668985853037,392,0.14197110096364385
proteomics,zhu_E_coli,rel0_abs0,all,filtered,1017,ter,1.1950204160715691e-5,302,-0.3145369332328659
proteomics,zhu_E_coli,rel0_abs0,all,filtered,1147,oriC,1.8481359138092467e-7,440,-0.1445410638624253
proteomics,zhu_E_coli,rel0_abs0,all,filtered,1147,ter,0.6929003806477341,338,-0.03095664114342947
proteomics,zhu_E_coli,rel0_abs0,all,filtered,1155,oriC,0.5383137717159541,446,-0.02389351868451057
proteomics,zhu_E_coli,rel0_abs0,all,filtered,1155,ter,0.7368995992464027,338,-0.03216945275944349
proteomics,zhu_E_coli,rel0_abs0,all,filtered,1143,oriC,0.0017162861632944496,442,-0.10264006943805397
proteomics,zhu_E_coli,rel0_abs0,all,filtered,1143,ter,0.057369425091215016,336,-0.058896696751228876
proteomics,zhu_E_coli,rel0_abs0,all,filtered,1087,oriC,0.020049039456777884,415,-0.16671412672632474
proteomics,zhu_E_coli,rel0_abs0,all,filtered,1087,ter,1.632374039273914e-7,325,-0.3394286791207911
proteomics,zhu_E_coli,rel0_abs0,all,filtered,1161,oriC,0.6718139954573161,445,-0.02339921991882274
proteomics,zhu_E_coli,rel0_abs0,all,filtered,1161,ter,0.2843410965563078,342,0.04886731404001109
proteomics,zhu_E_coli,rel0_abs0,all,filtered,1148,oriC,0.03663279092492782,440,-0.0951742902996133
proteomics,zhu_E_coli,rel0_abs0,all,filtered,1148,ter,0.0547619591733856,339,-0.05269104109868309
proteomics,zhu_E_coli,rel0_abs0,all,filtered,1107,oriC,0.8407579475125586,423,-0.01036949296898182
proteomics,zhu_E_coli,rel0_abs0,all,filtered,1107,ter,0.023191413200638146,332,-0.1820437872885759
proteomics,zhu_E_coli,rel0_abs0,all,filtered,1011,oriC,0.5274184660847202,393,-0.18258940367331208
proteomics,zhu_E_coli,rel0_abs0,all,filtered,1011,ter,8.999049861888652e-11,297,-0.504164753457319
proteomics,zhu_E_coli,rel0_abs0,all,filtered,1015,oriC,0.017690117322072634,390,0.10739098766219267
proteomics,zhu_E_coli,rel0_abs0,all,filtered,1015,ter,1.6722798371362307e-7,303,-0.38401522502513213
proteomics,zhu_E_coli,rel0_abs0,all,filtered,1122,oriC,5.400313927103268e-5,428,0.17501784520987823
proteomics,zhu_E_coli,rel0_abs0,all,filtered,1122,ter,0.974703298404975,330,0.058618911686108846
proteomics,zhu_E_coli,rel0_abs0,all,filtered,1749,oriC,0.24229894861124285,626,-0.04610318849873246
proteomics,zhu_E_coli,rel0_abs0,all,filtered,1749,ter,3.861068077735728e-9,544,-0.11050662829940328
proteomics,zhu_E_coli,rel0_abs0,all,filtered,1056,oriC,0.16026108190170824,403,0.0356523459066873
proteomics,zhu_E_coli,rel0_abs0,all,filtered,1056,ter,0.0032994919140027323,315,-0.2897650361071406
proteomics,zhu_E_coli,rel0_abs0,all,filtered,1710,oriC,0.8571315951532696,609,-0.049924122864835434
proteomics,zhu_E_coli,rel0_abs0,all,filtered,1710,ter,6.092203417860097e-6,531,-0.38288543199496733
proteomics,zhu_E_coli,rel0_abs0,all,filtered,1727,oriC,0.015215131912535219,616,0.07468726321984615
proteomics,zhu_E_coli,rel0_abs0,all,filtered,1727,ter,0.0030214001660269327,535,-0.09369701960716294
proteomics,zhu_E_coli,rel0_abs0,all,filtered,1680,oriC,0.007526885820334011,595,0.11562985746504714
proteomics,zhu_E_coli,rel0_abs0,all,filtered,1680,ter,5.870572510209252e-6,530,-0.2765967779718964
proteomics,zhu_E_coli,rel0_abs0,all,filtered,983,oriC,0.005871774953698131,383,0.05285007272801919
proteomics,zhu_E_coli,rel0_abs0,all,filtered,983,ter,7.977708332589178e-8,287,-0.47993065387074263
proteomics,zhu_E_coli,rel0_abs0,all,filtered,1572,oriC,1.60820975944026e-4,571,0.1295084083576742
proteomics,zhu_E_coli,rel0_abs0,all,filtered,1572,ter,1.2062550591248629e-10,479,-0.3915540195886847
proteomics,zhu_E_coli,rel0_abs0,all,filtered,1118,oriC,9.738599468520189e-4,431,-0.11276793144008433
proteomics,zhu_E_coli,rel0_abs0,all,filtered,1118,ter,0.06112569133085117,328,-0.10611944081026227
proteomics,zhu_E_coli,rel0_abs0,all,filtered,1089,oriC,0.18701660790986552,411,-0.07946769211116277
proteomics,zhu_E_coli,rel0_abs0,all,filtered,1089,ter,3.1437078019303627e-9,331,-0.21721793925716223
proteomics,zhu_E_coli,rel0_abs0,all,filtered,1154,oriC,0.23488244232967806,439,-0.00986983840323205
proteomics,zhu_E_coli,rel0_abs0,all,filtered,1154,ter,0.004416325924868808,342,0.06275071059006751
proteomics,zhu_E_coli,rel0_abs0,all,filtered,1140,oriC,0.0063559001563759515,433,-0.05424017860567997
proteomics,zhu_E_coli,rel0_abs0,all,filtered,1140,ter,0.14565891312356763,339,-0.03892413592043135
proteomics,zhu_E_coli,rel0_abs0,all,filtered,1101,oriC,0.03047781393448069,416,0.0621973123104112
proteomics,zhu_E_coli,rel0_abs0,all,filtered,1101,ter,0.7044065073597192,333,0.022163964313968092
proteomics,zhu_E_coli,rel0_abs0,all,filtered,1018,oriC,0.09573222726995648,390,-0.03718695842289371
proteomics,zhu_E_coli,rel0_abs0,all,filtered,1018,ter,7.831373070060451e-12,303,-0.38462134862888847
proteomics,zhu_E_coli,rel0_abs0,all,filtered,1016,oriC,1.0922632748788347e-6,382,0.17339315750579865
proteomics,zhu_E_coli,rel0_abs0,all,filtered,1016,ter,8.24344527618891e-6,307,-0.27183271204944653
proteomics,zhu_E_coli,rel0_abs0,all,filtered,1058,oriC,0.4172446932466507,402,0.016725201027311495
proteomics,zhu_E_coli,rel0_abs0,all,filtered,1058,ter,0.020301614904859284,318,-0.1897402831900225
proteomics,zhu_E_coli,rel0_abs0,all,filtered,1726,oriC,0.7941353698209879,619,-0.027636952471856095
proteomics,zhu_E_coli,rel0_abs0,all,filtered,1726,ter,0.18417710479673494,533,-0.22456536448081166
proteomics,zhu_E_coli,rel0_abs0,all,filtered,1749,oriC,1.1200402685220637e-4,626,0.07663614185581871
proteomics,zhu_E_coli,rel0_abs0,all,filtered,1749,ter,0.8297822126667872,541,0.031956179043435326
proteomics,zhu_E_coli,rel0_abs0,all,filtered,1709,oriC,4.5108407822784155e-6,604,0.1317608107686958
proteomics,zhu_E_coli,rel0_abs0,all,filtered,1709,ter,0.03112238817181951,537,-0.07781022381176421
proteomics,zhu_E_coli,rel0_abs0,all,filtered,991,oriC,0.008756745056948132,386,0.07247641061551409
proteomics,zhu_E_coli,rel0_abs0,all,filtered,991,ter,1.9240607635813577e-7,294,-0.35362305581955
proteomics,zhu_E_coli,rel0_abs0,all,filtered,1597,oriC,8.008706138510806e-9,566,0.19590288581600188
proteomics,zhu_E_coli,rel0_abs0,all,filtered,1597,ter,1.1124330314395338e-10,495,-0.32382703717673134
proteomics,zhu_E_coli,rel0_abs0,all,filtered,1088,oriC,0.22283316209341267,411,0.07012389270937179
proteomics,zhu_E_coli,rel0_abs0,all,filtered,1088,ter,2.362520466839611e-9,329,0.32157552638973164
proteomics,zhu_E_coli,rel0_abs0,all,filtered,1080,oriC,0.6383495619323767,406,0.019771949857582988
proteomics,zhu_E_coli,rel0_abs0,all,filtered,1080,ter,3.966889501436502e-6,329,0.25838730189000547
proteomics,zhu_E_coli,rel0_abs0,all,filtered,1086,oriC,0.02007069377606781,414,0.08620771397304006
proteomics,zhu_E_coli,rel0_abs0,all,filtered,1086,ter,0.04241331763729161,330,0.14235793353978327
proteomics,zhu_E_coli,rel0_abs0,all,filtered,1009,oriC,0.01050931031234525,391,0.026760076182894405
proteomics,zhu_E_coli,rel0_abs0,all,filtered,1009,ter,8.160381105126264e-12,303,-0.24616247775241284
proteomics,zhu_E_coli,rel0_abs0,all,filtered,1018,oriC,3.088674889344302e-4,392,0.15471320716538223
proteomics,zhu_E_coli,rel0_abs0,all,filtered,1018,ter,0.009957979692239053,309,-0.1547606350955278
proteomics,zhu_E_coli,rel0_abs0,all,filtered,1764,oriC,0.013144340102602495,628,0.011747014481592094
proteomics,zhu_E_coli,rel0_abs0,all,filtered,1764,ter,0.2738338670034359,549,0.03230571985232087
proteomics,zhu_E_coli,rel0_abs0,all,filtered,1720,oriC,1.0481260901859233e-15,609,0.21360071601332525
proteomics,zhu_E_coli,rel0_abs0,all,filtered,1720,ter,0.08255199576379833,541,0.15456538256431185
proteomics,zhu_E_coli,rel0_abs0,all,filtered,1018,oriC,0.07612637261564241,387,-0.039850990337415265
proteomics,zhu_E_coli,rel0_abs0,all,filtered,1018,ter,5.2867558199781085e-17,307,-0.489048576093289
proteomics,zhu_E_coli,rel0_abs0,all,filtered,1578,oriC,2.007897389860431e-19,562,0.3543917886041581
proteomics,zhu_E_coli,rel0_abs0,all,filtered,1578,ter,0.010529684719446944,489,-0.003139618960654157
proteomics,zhu_E_coli,rel0_abs0,all,filtered,1730,oriC,3.0889217183862987e-12,609,0.0976762866278588
proteomics,zhu_E_coli,rel0_abs0,all,filtered,1730,ter,0.01921805167280696,545,-0.045427854910980794
proteomics,zhu_E_coli,rel0_abs0,all,filtered,1013,oriC,0.004086133242376401,385,0.03759752738812281
proteomics,zhu_E_coli,rel0_abs0,all,filtered,1013,ter,6.372044514762008e-12,307,-0.4361940526078334
proteomics,zhu_E_coli,rel0_abs0,all,filtered,1603,oriC,1.5763617712601905e-13,569,0.1768435402967906
proteomics,zhu_E_coli,rel0_abs0,all,filtered,1603,ter,2.219992222953657e-9,502,-0.31813980027545
proteomics,zhu_E_coli,rel0_abs0,all,filtered,1021,oriC,0.4274889498114603,396,-0.11526222497201964
proteomics,zhu_E_coli,rel0_abs0,all,filtered,1021,ter,1.7524718375855236e-14,309,-0.41071595756170065
proteomics,zhu_E_coli,rel0_abs0,all,filtered,1651,oriC,1.233934588549989e-5,589,0.052696059291055905
proteomics,zhu_E_coli,rel0_abs0,all,filtered,1651,ter,8.628933795491449e-18,518,-0.3020404957640244
proteomics,zhu_E_coli,rel0_abs0,all,filtered,1029,oriC,1.029792300234288e-5,397,0.179201050464527
proteomics,zhu_E_coli,rel0_abs0,all,filtered,1029,ter,0.007643771132920765,310,0.08565827488901963
proteomics,zhu_V_natriegens,rel0_abs0,all,filtered,1033,oriC,2.913320091181379e-10,471,0.18120589282277813
proteomics,zhu_V_natriegens,rel0_abs0,all,filtered,1033,ter,3.4896766833956896e-4,205,0.17410144348962697
proteomics,zhu_V_natriegens,rel0_abs0,all,filtered,1496,oriC,0.7269463042231206,627,-0.04759959142335672
proteomics,zhu_V_natriegens,rel0_abs0,all,filtered,1496,ter,0.3762777725376656,350,-0.06656853236057256
proteomics,zhu_V_natriegens,rel0_abs0,all,filtered,1037,oriC,1.2015309459621682e-4,472,0.128971966732437
proteomics,zhu_V_natriegens,rel0_abs0,all,filtered,1037,ter,0.20697258963983364,199,0.04184327554951315
proteomics,zhu_V_natriegens,rel0_abs0,all,filtered,1500,oriC,0.8491517978073114,626,-0.03991357584134729
proteomics,zhu_V_natriegens,rel0_abs0,all,filtered,1500,ter,0.24868227769594584,351,-0.13693655493996215
proteomics,zhu_V_natriegens,rel0_abs0,all,filtered,1024,oriC,0.06065672105831419,465,0.017994106237316527
proteomics,zhu_V_natriegens,rel0_abs0,all,filtered,1024,ter,0.9210647479655303,198,-0.08901150860060192
proteomics,zhu_V_natriegens,rel0_abs0,all,filtered,965,oriC,0.07209343746607784,445,0.0577120221209967
proteomics,zhu_V_natriegens,rel0_abs0,all,filtered,965,ter,1,182,-0.02085606293881724
proteomics,zhu_V_natriegens,rel0_abs0,all,filtered,1443,oriC,0.04744512241049369,616,-0.25749355930445844
proteomics,zhu_V_natriegens,rel0_abs0,all,filtered,1443,ter,0.0019905468216554183,327,-0.41745467534147196
proteomics,zhu_V_natriegens,rel0_abs0,all,filtered,1358,oriC,0.9236452914435698,589,-0.06298908098496692
proteomics,zhu_V_natriegens,rel0_abs0,all,filtered,1358,ter,0.031058205783702643,302,-0.38289369162144116
proteomics,zhu_V_natriegens,rel0_abs0,all,filtered,866,oriC,0.1982124055806826,396,0.0379131206495245
proteomics,zhu_V_natriegens,rel0_abs0,all,filtered,866,ter,0.9049321529953923,156,-0.011894840538085203
proteomics,zhu_V_natriegens,rel0_abs0,all,filtered,1257,oriC,0.30657603663847904,537,-0.04484589055205163
proteomics,zhu_V_natriegens,rel0_abs0,all,filtered,1257,ter,0.09169014319641289,270,-0.386788276670578
proteomics,zhu_V_natriegens,rel0_abs0,all,filtered,1042,oriC,6.595205580513874e-24,473,-0.24738393463368166
proteomics,zhu_V_natriegens,rel0_abs0,all,filtered,1042,ter,3.768173798364637e-6,208,-0.17951690259516878
proteomics,zhu_V_natriegens,rel0_abs0,all,filtered,1065,oriC,0.01716279856806558,478,-0.1131831437382016
proteomics,zhu_V_natriegens,rel0_abs0,all,filtered,1065,ter,0.02070896403430569,217,-0.09776128998977594
proteomics,zhu_V_natriegens,rel0_abs0,all,filtered,1045,oriC,6.362531877623971e-16,475,-0.1750377517481822
proteomics,zhu_V_natriegens,rel0_abs0,all,filtered,1045,ter,0.0012264813659058397,210,-0.14540214668519305
proteomics,zhu_V_natriegens,rel0_abs0,all,filtered,1057,oriC,3.7679822268127424e-5,473,-0.20072985703995114
proteomics,zhu_V_natriegens,rel0_abs0,all,filtered,1057,ter,1.6674980980631331e-4,217,-0.21566524489310993
proteomics,zhu_V_natriegens,rel0_abs0,all,filtered,1002,oriC,0.023965285012144264,454,-0.21792439153533255
proteomics,zhu_V_natriegens,rel0_abs0,all,filtered,1002,ter,0.4079280546098291,203,-0.1030352284695779
proteomics,zhu_V_natriegens,rel0_abs0,all,filtered,1067,oriC,0.0014204332187841436,477,-0.20470005321386792
proteomics,zhu_V_natriegens,rel0_abs0,all,filtered,1067,ter,0.006642473622295737,220,-0.15568995937316074
proteomics,zhu_V_natriegens,rel0_abs0,all,filtered,990,oriC,0.0060655955184192615,457,-0.18892081127010332
proteomics,zhu_V_natriegens,rel0_abs0,all,filtered,990,ter,0.14756377150639616,194,-0.18050087628406764
proteomics,zhu_V_natriegens,rel0_abs0,all,filtered,894,oriC,0.10432413145396027,404,-0.22561775576189896
proteomics,zhu_V_natriegens,rel0_abs0,all,filtered,894,ter,0.5729268388152524,171,-0.1085693393566254
proteomics,zhu_V_natriegens,rel0_abs0,all,filtered,904,oriC,0.7065645575890158,412,-0.1600292768544573
proteomics,zhu_V_natriegens,rel0_abs0,all,filtered,904,ter,0.38696816764019654,170,-0.12085997166400098
proteomics,zhu_V_natriegens,rel0_abs0,all,filtered,1049,oriC,1.4822247022509421e-7,475,0.13158424141416045
proteomics,zhu_V_natriegens,rel0_abs0,all,filtered,1049,ter,0.2396307498044532,205,0.04660356705894107
proteomics,zhu_V_natriegens,rel0_abs0,all,filtered,1509,oriC,0.20190594179482943,625,0.02802094318891831
proteomics,zhu_V_natriegens,rel0_abs0,all,filtered,1509,ter,0.3345448281984811,357,-0.03836247998036556
proteomics,zhu_V_natriegens,rel0_abs0,all,filtered,1043,oriC,0.0018545866212288506,470,0.06804720702994035
proteomics,zhu_V_natriegens,rel0_abs0,all,filtered,1043,ter,0.84177639310819,206,-0.026618252490152025
proteomics,zhu_V_natriegens,rel0_abs0,all,filtered,983,oriC,0.039996424363543205,450,0.09788013647769331
proteomics,zhu_V_natriegens,rel0_abs0,all,filtered,983,ter,0.5861353487021377,191,0.002162331430664364
proteomics,zhu_V_natriegens,rel0_abs0,all,filtered,1474,oriC,0.348910793689817,620,-0.11583599068444508
proteomics,zhu_V_natriegens,rel0_abs0,all,filtered,1474,ter,1.3226336570767733e-4,335,-0.3572402686467758
proteomics,zhu_V_natriegens,rel0_abs0,all,filtered,1381,oriC,0.35968179615862694,595,0.005379553387203854
proteomics,zhu_V_natriegens,rel0_abs0,all,filtered,1381,ter,0.08009262311438066,306,-0.33656353550737805
proteomics,zhu_V_natriegens,rel0_abs0,all,filtered,886,oriC,0.03382187716265125,402,0.08614884514812046
proteomics,zhu_V_natriegens,rel0_abs0,all,filtered,886,ter,0.7497509808573954,163,0.06409262807127725
proteomics,zhu_V_natriegens,rel0_abs0,all,filtered,1277,oriC,0.03150259729549595,547,0.06542628898984619
proteomics,zhu_V_natriegens,rel0_abs0,all,filtered,1277,ter,0.40538763953080864,271,-0.28484453798735565
proteomics,zhu_V_natriegens,rel0_abs0,all,filtered,1056,oriC,2.9133289282252413e-12,477,-0.09797322625965257
proteomics,zhu_V_natriegens,rel0_abs0,all,filtered,1056,ter,0.5260622018884652,209,-0.03141114231638787
proteomics,zhu_V_natriegens,rel0_abs0,all,filtered,1078,oriC,1.0057465171189105e-6,478,-0.07846773439560212
proteomics,zhu_V_natriegens,rel0_abs0,all,filtered,1078,ter,2.1536777914600322e-5,220,-0.1005265329129684
proteomics,zhu_V_natriegens,rel0_abs0,all,filtered,1025,oriC,0.6852385299685778,459,-0.028154992361174396
proteomics,zhu_V_natriegens,rel0_abs0,all,filtered,1025,ter,0.9644105369448558,207,0.013092557396723235
proteomics,zhu_V_natriegens,rel0_abs0,all,filtered,1085,oriC,1.0584240679860843e-5,481,-0.09713971744946387
proteomics,zhu_V_natriegens,rel0_abs0,all,filtered,1085,ter,0.1040285948272398,221,-0.06872236534426229
proteomics,zhu_V_natriegens,rel0_abs0,all,filtered,1017,oriC,0.026124299566396482,463,-0.09853578305955976
proteomics,zhu_V_natriegens,rel0_abs0,all,filtered,1017,ter,0.3061291384625729,201,-0.10537024698592473
proteomics,zhu_V_natriegens,rel0_abs0,all,filtered,917,oriC,0.793911030995652,411,-0.07029703299084532
proteomics,zhu_V_natriegens,rel0_abs0,all,filtered,917,ter,0.8309161109806601,178,0.05179937641772961
proteomics,zhu_V_natriegens,rel0_abs0,all,filtered,936,oriC,0.4360527508989052,424,-0.019984718078031143
proteomics,zhu_V_natriegens,rel0_abs0,all,filtered,936,ter,0.31474378156357924,176,-0.10718116539208594
proteomics,zhu_V_natriegens,rel0_abs0,all,filtered,1055,oriC,0.014870948471470545,473,0.0022644103136711096
proteomics,zhu_V_natriegens,rel0_abs0,all,filtered,1055,ter,0.18940473773835464,210,-0.0930918392457157
proteomics,zhu_V_natriegens,rel0_abs0,all,filtered,1001,oriC,0.29456535950893703,455,0.0078047353504755446
proteomics,zhu_V_natriegens,rel0_abs0,all,filtered,1001,ter,0.4965711661328968,195,-0.08617195235854205
proteomics,zhu_V_natriegens,rel0_abs0,all,filtered,1513,oriC,0.013606120964789118,630,-0.1331264814590637
proteomics,zhu_V_natriegens,rel0_abs0,all,filtered,1513,ter,1.2209283292452397e-7,355,-0.3842447600592465
proteomics,zhu_V_natriegens,rel0_abs0,all,filtered,1424,oriC,0.7518759898058598,604,-0.02516909342779467
proteomics,zhu_V_natriegens,rel0_abs0,all,filtered,1424,ter,3.830619683445376e-4,329,-0.37619416563134034
proteomics,zhu_V_natriegens,rel0_abs0,all,filtered,904,oriC,0.3574487881565412,411,-0.045868720655773146
proteomics,zhu_V_natriegens,rel0_abs0,all,filtered,904,ter,0.4061496552639408,168,-0.03677106766321073
proteomics,zhu_V_natriegens,rel0_abs0,all,filtered,1321,oriC,0.28401960493643646,557,-0.013751575514386959
proteomics,zhu_V_natriegens,rel0_abs0,all,filtered,1321,ter,0.008599299513663993,292,-0.43935037326478843
proteomics,zhu_V_natriegens,rel0_abs0,all,filtered,1027,oriC,0.018509039481149674,456,0.083837507062132
proteomics,zhu_V_natriegens,rel0_abs0,all,filtered,1027,ter,0.2587562137936272,208,0.048916711187277966
proteomics,zhu_V_natriegens,rel0_abs0,all,filtered,1085,oriC,0.0331425279222669,478,-0.037555831262409425
proteomics,zhu_V_natriegens,rel0_abs0,all,filtered,1085,ter,0.1004376550280159,223,0.058626453373459834
proteomics,zhu_V_natriegens,rel0_abs0,all,filtered,1018,oriC,0.5332204262325002,460,-0.01844606687355698
proteomics,zhu_V_natriegens,rel0_abs0,all,filtered,1018,ter,0.48115071120048736,202,0.04987312517308676
proteomics,zhu_V_natriegens,rel0_abs0,all,filtered,924,oriC,0.019309673846806374,407,0.04072304867050106
proteomics,zhu_V_natriegens,rel0_abs0,all,filtered,924,ter,0.28819912224710814,180,0.09715585346209446
proteomics,zhu_V_natriegens,rel0_abs0,all,filtered,934,oriC,0.0034948013111510334,417,0.06672888161555089
proteomics,zhu_V_natriegens,rel0_abs0,all,filtered,934,ter,0.9183281515324953,177,-0.028035268002354913
proteomics,zhu_V_natriegens,rel0_abs0,all,filtered,1033,oriC,0.024294439761911316,460,-0.07627548306083351
proteomics,zhu_V_natriegens,rel0_abs0,all,filtered,1033,ter,0.8567614573980282,209,-0.024639071296495285
proteomics,zhu_V_natriegens,rel0_abs0,all,filtered,1019,oriC,0.14127489637598117,465,-0.014306347410743504
proteomics,zhu_V_natriegens,rel0_abs0,all,filtered,1019,ter,0.31130948632310934,201,-8.826669996680171e-4
proteomics,zhu_V_natriegens,rel0_abs0,all,filtered,947,oriC,0.7654164749518779,425,-0.013249771078516347
proteomics,zhu_V_natriegens,rel0_abs0,all,filtered,947,ter,0.18854126214011427,185,-0.04694926678247231
proteomics,zhu_V_natriegens,rel0_abs0,all,filtered,987,oriC,0.4566714074527977,454,-0.07136393478596162
proteomics,zhu_V_natriegens,rel0_abs0,all,filtered,987,ter,0.08758110852296017,186,-0.12162653095882608
proteomics,zhu_V_natriegens,rel0_abs0,all,filtered,1438,oriC,4.640598713839399e-4,607,0.14681217402054578
proteomics,zhu_V_natriegens,rel0_abs0,all,filtered,1438,ter,0.08250030585104504,329,0.1574594471641802
proteomics,zhu_V_natriegens,rel0_abs0,all,filtered,935,oriC,0.04955431204094126,414,0.03137953852747914
proteomics,zhu_V_natriegens,rel0_abs0,all,filtered,935,ter,0.9294638597878101,182,0.061114034386290386
proteomics,zhu_V_natriegens,rel0_abs0,all,filtered,1345,oriC,5.648496737290689e-6,562,0.25121117077928706
proteomics,zhu_V_natriegens,rel0_abs0,all,filtered,1345,ter,0.15666342465421074,296,0.13166760482287507
proteomics,zhu_V_natriegens,rel0_abs0,all,filtered,937,oriC,0.7372745538701369,422,0.012017119132225756
proteomics,zhu_V_natriegens,rel0_abs0,all,filtered,937,ter,0.2714888201490574,185,-0.15300556375559432
proteomics,zhu_V_natriegens,rel0_abs0,all,filtered,1405,oriC,0.19973309320496038,598,0.015539128443006114
proteomics,zhu_V_natriegens,rel0_abs0,all,filtered,1405,ter,0.08843393556430676,313,-0.09776277831105282
proteomics,zhu_V_natriegens,rel0_abs0,all,filtered,951,oriC,0.005334448269404655,429,0.0646718644862548
proteomics,zhu_V_natriegens,rel0_abs0,all,filtered,951,ter,0.08732915948315752,186,0.08572395922729231
