assay,dataset,cutoff,gene_filter,fc_mode,n_total,group,p,n_genes,med_log2fc
proteomics,schmidt_2016,rel0_abs0,high,unfiltered,1466,oriC,0.03683843739111815,519,0.023637496857249786
proteomics,schmidt_2016,rel0_abs0,high,unfiltered,1466,ter,0.00987543415378559,454,0.04732298422424176
proteomics,schmidt_2016,rel0_abs0,high,unfiltered,1466,oriC,0.04801274557046276,519,0.05040122069989233
proteomics,schmidt_2016,rel0_abs0,high,unfiltered,1466,ter,0.3392600465171573,454,-0.01811355653868328
proteomics,schmidt_2016,rel0_abs0,high,unfiltered,1466,oriC,0.18844401981751135,519,-0.04598531680047225
proteomics,schmidt_2016,rel0_abs0,high,unfiltered,1466,ter,0.03272701407283708,454,-0.05146948898387527
proteomics,schmidt_2016,rel0_abs0,high,unfiltered,1466,oriC,0.005913578411056933,519,0.03849945294006711
proteomics,schmidt_2016,rel0_abs0,high,unfiltered,1466,ter,0.30486420092997446,454,0.0421757158647377
proteomics,schmidt_2016,rel0_abs0,high,unfiltered,1466,oriC,7.815885100790497e-5,519,0.16239739780245696
proteomics,schmidt_2016,rel0_abs0,high,unfiltered,1466,ter,0.7704935211597638,454,0.028655185188965954
proteomics,schmidt_2016,rel0_abs0,high,unfiltered,1466,oriC,0.0036252430311905282,519,0.06407637222824124
proteomics,schmidt_2016,rel0_abs0,high,unfiltered,1466,ter,0.09282864205358371,454,-0.00932675182561827
proteomics,schmidt_2016,rel0_abs0,high,unfiltered,1466,oriC,0.06252240424799443,519,0.0603910679420926
proteomics,schmidt_2016,rel0_abs0,high,unfiltered,1466,ter,0.016428250230643128,454,-0.10169196335701021
proteomics,schmidt_2016,rel0_abs0,high,unfiltered,1466,oriC,7.378903598642047e-4,519,0.09721990793743872
proteomics,schmidt_2016,rel0_abs0,high,unfiltered,1466,ter,0.313538478389714,454,0.06423434339501519
proteomics,schmidt_2016,rel0_abs0,high,unfiltered,1466,oriC,6.431356828664175e-6,519,0.17536211912804484
proteomics,schmidt_2016,rel0_abs0,high,unfiltered,1466,ter,0.5992064981418292,454,0.02074283017674458
proteomics,schmidt_2016,rel0_abs0,high,unfiltered,1466,oriC,0.021667637703127424,519,0.06399511902719067
proteomics,schmidt_2016,rel0_abs0,high,unfiltered,1466,ter,0.1564315613200504,454,-0.028803920882958415
proteomics,schmidt_2016,rel0_abs0,high,unfiltered,1466,oriC,2.523428797200921e-5,519,0.1046824572034998
proteomics,schmidt_2016,rel0_abs0,high,unfiltered,1466,ter,0.7249947483853245,454,0.041246932984312354
proteomics,schmidt_2016,rel0_abs0,high,unfiltered,1466,oriC,0.253453389967059,519,-0.003917892177421581
proteomics,schmidt_2016,rel0_abs0,high,unfiltered,1466,ter,0.6446623847695607,454,-0.058900804947654775
proteomics,schmidt_2016,rel0_abs0,high,unfiltered,1466,oriC,3.037605993969433e-4,519,0.10581273115444115
proteomics,schmidt_2016,rel0_abs0,high,unfiltered,1466,ter,0.5770369717299263,454,-0.012757732072470523
proteomics,schmidt_2016,rel0_abs0,high,unfiltered,1466,oriC,7.863768846458133e-4,519,0.11454445903562177
proteomics,schmidt_2016,rel0_abs0,high,unfiltered,1466,ter,0.7087022684740953,454,-0.0013310213161119087
proteomics,schmidt_2016,rel0_abs0,high,unfiltered,1466,oriC,0.021835421798431003,519,0.048728275786942735
proteomics,schmidt_2016,rel0_abs0,high,unfiltered,1466,ter,0.9279292935021719,454,0.018948162496583966
proteomics,schmidt_2016,rel0_abs0,high,unfiltered,1466,oriC,0.00598797011689909,519,0.06279677127668282
proteomics,schmidt_2016,rel0_abs0,high,unfiltered,1466,ter,0.33083599419630466,454,-0.051749742862491344
proteomics,schmidt_2016,rel0_abs0,high,unfiltered,1466,oriC,8.775011877708229e-5,519,0.17937697922766957
proteomics,schmidt_2016,rel0_abs0,high,unfiltered,1466,ter,0.8871336562184483,454,-0.055300558049468415
proteomics,schmidt_2016,rel0_abs0,high,unfiltered,1466,oriC,0.1979538542286691,519,0.007502335044559719
proteomics,schmidt_2016,rel0_abs0,high,unfiltered,1466,ter,5.220352223519003e-7,454,-0.30025349065253504
proteomics,schmidt_2016,rel0_abs0,high,unfiltered,1466,oriC,0.19907727694367802,519,0.02341430862016229
proteomics,schmidt_2016,rel0_abs0,high,unfiltered,1466,ter,3.698802698777645e-12,454,-0.47185794419478777
proteomics,schmidt_2016,rel0_abs0,high,unfiltered,1466,oriC,0.041451483437561346,519,0.05097674765245837
proteomics,schmidt_2016,rel0_abs0,high,unfiltered,1466,ter,0.00832896406458608,454,-0.07077123323312948
proteomics,schmidt_2016,rel0_abs0,high,unfiltered,1466,oriC,0.046641294809271004,519,-0.05235682589434072
proteomics,schmidt_2016,rel0_abs0,high,unfiltered,1466,ter,1.4407689163703518e-4,454,-0.11265583055829217
proteomics,schmidt_2016,rel0_abs0,high,unfiltered,1466,oriC,0.9571865664408593,519,-0.02071334055995418
proteomics,schmidt_2016,rel0_abs0,high,unfiltered,1466,ter,0.007750592006441394,454,-0.024209371170331027
proteomics,schmidt_2016,rel0_abs0,high,unfiltered,1466,oriC,2.337381806013798e-5,519,0.11797677304158065
proteomics,schmidt_2016,rel0_abs0,high,unfiltered,1466,ter,0.031861673333398614,454,-0.022498821305878994
proteomics,schmidt_2016,rel0_abs0,high,unfiltered,1466,oriC,0.006014742252006538,519,0.05194640607432069
proteomics,schmidt_2016,rel0_abs0,high,unfiltered,1466,ter,0.0014083440637114352,454,-0.06717751487103021
proteomics,schmidt_2016,rel0_abs0,high,unfiltered,1466,oriC,0.13495962821716978,519,-0.003257732423217969
proteomics,schmidt_2016,rel0_abs0,high,unfiltered,1466,ter,6.532828526088458e-5,454,-0.1416159043456408
proteomics,schmidt_2016,rel0_abs0,high,unfiltered,1466,oriC,3.6471080223147523e-4,519,0.10361163746020936
proteomics,schmidt_2016,rel0_abs0,high,unfiltered,1466,ter,0.4242682199233338,454,0.001758263431458183
proteomics,schmidt_2016,rel0_abs0,high,unfiltered,1466,oriC,1.3894900016245475e-5,519,0.10225518631458962
proteomics,schmidt_2016,rel0_abs0,high,unfiltered,1466,ter,0.11795902739387652,454,-0.02993105577239656
proteomics,schmidt_2016,rel0_abs0,high,unfiltered,1466,oriC,0.04811198971306526,519,0.037022689838439496
proteomics,schmidt_2016,rel0_abs0,high,unfiltered,1466,ter,0.006144509592857875,454,-0.06568043319774516
proteomics,schmidt_2016,rel0_abs0,high,unfiltered,1466,oriC,6.098963809351573e-4,519,0.047337625386765544
proteomics,schmidt_2016,rel0_abs0,high,unfiltered,1466,ter,0.09947315691824149,454,-0.019187300984327974
proteomics,schmidt_2016,rel0_abs0,high,unfiltered,1466,oriC,0.3759259210117242,519,-0.05427487104522547
proteomics,schmidt_2016,rel0_abs0,high,unfiltered,1466,ter,0.5755728480415135,454,-0.08000866962408654
proteomics,schmidt_2016,rel0_abs0,high,unfiltered,1466,oriC,2.0457669636123554e-4,519,0.08673351069185897
proteomics,schmidt_2016,rel0_abs0,high,unfiltered,1466,ter,0.055696644816116685,454,-0.08852083265111632
proteomics,schmidt_2016,rel0_abs0,high,unfiltered,1466,oriC,0.001182136417257531,519,0.08564271068108437
proteomics,schmidt_2016,rel0_abs0,high,unfiltered,1466,ter,0.3904824875406826,454,-0.020280766710389017
proteomics,schmidt_2016,rel0_abs0,high,unfiltered,1466,oriC,0.03689130009112415,519,0.03171819260922518
proteomics,schmidt_2016,rel0_abs0,high,unfiltered,1466,ter,0.6588317064426643,454,-0.03608131040970272
proteomics,schmidt_2016,rel0_abs0,high,unfiltered,1466,oriC,0.011543435331525131,519,0.02244586897871822
proteomics,schmidt_2016,rel0_abs0,high,unfiltered,1466,ter,0.029355799930270474,454,-0.11469751678296687
proteomics,schmidt_2016,rel0_abs0,high,unfiltered,1466,oriC,7.279980458821686e-5,519,0.1343563424595949
proteomics,schmidt_2016,rel0_abs0,high,unfiltered,1466,ter,0.6397970366327146,454,-0.031372338196113306
proteomics,schmidt_2016,rel0_abs0,high,unfiltered,1466,oriC,0.17495705618436408,519,-0.0022890339248179607
proteomics,schmidt_2016,rel0_abs0,high,unfiltered,1466,ter,1.0265633385236656e-9,454,-0.3501902890166567
proteomics,schmidt_2016,rel0_abs0,high,unfiltered,1466,oriC,0.22386634499067,519,-0.010539727676405453
proteomics,schmidt_2016,rel0_abs0,high,unfiltered,1466,ter,1.9005723333690362e-14,454,-0.5362177732999184
proteomics,schmidt_2016,rel0_abs0,high,unfiltered,1466,oriC,1.171380798449029e-6,519,-0.10075244077872643
proteomics,schmidt_2016,rel0_abs0,high,unfiltered,1466,ter,0.051319868327926746,454,-0.03451614837624546
proteomics,schmidt_2016,rel0_abs0,high,unfiltered,1466,oriC,0.07444405505931326,519,-0.044195121561230954
proteomics,schmidt_2016,rel0_abs0,high,unfiltered,1466,ter,0.9865937430909885,454,0.018689265559304835
proteomics,schmidt_2016,rel0_abs0,high,unfiltered,1466,oriC,7.731555074683865e-6,519,0.13118949699140886
proteomics,schmidt_2016,rel0_abs0,high,unfiltered,1466,ter,0.4366013833810276,454,0.06539511168322602
proteomics,schmidt_2016,rel0_abs0,high,unfiltered,1466,oriC,2.4172070617322334e-4,519,0.07683399437929854
proteomics,schmidt_2016,rel0_abs0,high,unfiltered,1466,ter,0.9211138994157593,454,0.06346236034118685
proteomics,schmidt_2016,rel0_abs0,high,unfiltered,1466,oriC,0.02827452549942846,519,0.019568777266437524
proteomics,schmidt_2016,rel0_abs0,high,unfiltered,1466,ter,0.11422463755556791,454,-0.017516546004803894
proteomics,schmidt_2016,rel0_abs0,high,unfiltered,1466,oriC,3.713249485335081e-5,519,0.08518415269843509
proteomics,schmidt_2016,rel0_abs0,high,unfiltered,1466,ter,0.0669679467074513,454,0.10887638393994187
proteomics,schmidt_2016,rel0_abs0,high,unfiltered,1466,oriC,2.981727275547235e-7,519,0.11444389043071794
proteomics,schmidt_2016,rel0_abs0,high,unfiltered,1466,ter,0.24936128281045963,454,0.06100582614116373
proteomics,schmidt_2016,rel0_abs0,high,unfiltered,1466,oriC,0.0031002543068393185,519,0.04837246808642621
proteomics,schmidt_2016,rel0_abs0,high,unfiltered,1466,ter,0.9900164079318977,454,0.01755782646956627
proteomics,schmidt_2016,rel0_abs0,high,unfiltered,1466,oriC,0.0011784998760597531,519,0.054797974522287074
proteomics,schmidt_2016,rel0_abs0,high,unfiltered,1466,ter,0.9381621502543199,454,0.01516149145085757
proteomics,schmidt_2016,rel0_abs0,high,unfiltered,1466,oriC,0.5483839802690458,519,-0.034888124179549576
proteomics,schmidt_2016,rel0_abs0,high,unfiltered,1466,ter,0.7311707560042096,454,-0.009232858724374482
proteomics,schmidt_2016,rel0_abs0,high,unfiltered,1466,oriC,1.8133778896058617e-5,519,0.10821484321310415
proteomics,schmidt_2016,rel0_abs0,high,unfiltered,1466,ter,0.7330538955226032,454,0.06436666061921877
proteomics,schmidt_2016,rel0_abs0,high,unfiltered,1466,oriC,8.538338182918333e-4,519,0.10577483032755482
proteomics,schmidt_2016,rel0_abs0,high,unfiltered,1466,ter,0.5049260815218436,454,0.11053041066968336
proteomics,schmidt_2016,rel0_abs0,high,unfiltered,1466,oriC,0.18541492853137936,519,4.9589690510374935e-5
proteomics,schmidt_2016,rel0_abs0,high,unfiltered,1466,ter,0.11745564399775556,454,0.050386416032222756
proteomics,schmidt_2016,rel0_abs0,high,unfiltered,1466,oriC,0.009601140584668226,519,0.04762965331022453
proteomics,schmidt_2016,rel0_abs0,high,unfiltered,1466,ter,0.7847465144432813,454,0.008956315754238766
proteomics,schmidt_2016,rel0_abs0,high,unfiltered,1466,oriC,1.1605648530563761e-4,519,0.12073616292088829
proteomics,schmidt_2016,rel0_abs0,high,unfiltered,1466,ter,0.08204600531892452,454,0.1081583864057899
proteomics,schmidt_2016,rel0_abs0,high,unfiltered,1466,oriC,0.20216482538201666,519,-0.017872931564699254
proteomics,schmidt_2016,rel0_abs0,high,unfiltered,1466,ter,8.170329229020998e-6,454,-0.2702945252672315
proteomics,schmidt_2016,rel0_abs0,high,unfiltered,1466,oriC,0.3827460231439832,519,-0.012237291317324166
proteomics,schmidt_2016,rel0_abs0,high,unfiltered,1466,ter,5.068256446469693e-11,454,-0.43461687886204536
proteomics,schmidt_2016,rel0_abs0,high,unfiltered,1466,oriC,6.387696767085014e-4,519,0.0655240227327751
proteomics,schmidt_2016,rel0_abs0,high,unfiltered,1466,ter,0.0784634769718178,454,0.02090015276061446
proteomics,schmidt_2016,rel0_abs0,high,unfiltered,1466,oriC,3.600066000565084e-17,519,0.19876150036592427
proteomics,schmidt_2016,rel0_abs0,high,unfiltered,1466,ter,0.1415380796819843,454,0.06260614520565988
proteomics,schmidt_2016,rel0_abs0,high,unfiltered,1466,oriC,1.5722022833906915e-20,519,0.17765352530013814
proteomics,schmidt_2016,rel0_abs0,high,unfiltered,1466,ter,0.02003923146988248,454,0.040028976961776055
proteomics,schmidt_2016,rel0_abs0,high,unfiltered,1466,oriC,5.156512462071594e-8,519,0.12895141565922827
proteomics,schmidt_2016,rel0_abs0,high,unfiltered,1466,ter,0.9123193208106797,454,-0.013914981877996325
proteomics,schmidt_2016,rel0_abs0,high,unfiltered,1466,oriC,4.395932571021058e-16,519,0.1430536879954704
proteomics,schmidt_2016,rel0_abs0,high,unfiltered,1466,ter,4.560843155239017e-5,454,0.12608161101281956
proteomics,schmidt_2016,rel0_abs0,high,unfiltered,1466,oriC,1.5664880931335831e-18,519,0.199044151064656
proteomics,schmidt_2016,rel0_abs0,high,unfiltered,1466,ter,0.005556611633746294,454,0.08277088666309208
proteomics,schmidt_2016,rel0_abs0,high,unfiltered,1466,oriC,5.142087638360341e-12,519,0.15066460300818432
proteomics,schmidt_2016,rel0_abs0,high,unfiltered,1466,ter,0.07338677896247389,454,0.04965167169974702
proteomics,schmidt_2016,rel0_abs0,high,unfiltered,1466,oriC,5.269290140227324e-10,519,0.11461639825681558
proteomics,schmidt_2016,rel0_abs0,high,unfiltered,1466,ter,0.23965265298694874,454,0.007347073128359876
proteomics,schmidt_2016,rel0_abs0,high,unfiltered,1466,oriC,0.011495463001200324,519,0.021724560622460608
proteomics,schmidt_2016,rel0_abs0,high,unfiltered,1466,ter,0.18961806584138508,454,-0.028470406064126978
proteomics,schmidt_2016,rel0_abs0,high,unfiltered,1466,oriC,2.1099471365032923e-9,519,0.12961807009167006
proteomics,schmidt_2016,rel0_abs0,high,unfiltered,1466,ter,0.23230354158898658,454,0.06234015170480933
proteomics,schmidt_2016,rel0_abs0,high,unfiltered,1466,oriC,2.1579656415055973e-8,519,0.18969500338832448
proteomics,schmidt_2016,rel0_abs0,high,unfiltered,1466,ter,0.13638390020852229,454,0.09099228643257248
proteomics,schmidt_2016,rel0_abs0,high,unfiltered,1466,oriC,1.655601052355217e-5,519,0.07062824485116159
proteomics,schmidt_2016,rel0_abs0,high,unfiltered,1466,ter,5.495810324979464e-4,454,0.07844575995834219
proteomics,schmidt_2016,rel0_abs0,high,unfiltered,1466,oriC,1.8495238084042303e-5,519,0.09791491833106296
proteomics,schmidt_2016,rel0_abs0,high,unfiltered,1466,ter,0.8057070552656018,454,-0.0037990769431999346
proteomics,schmidt_2016,rel0_abs0,high,unfiltered,1466,oriC,3.820568014009314e-10,519,0.19609709439526973
proteomics,schmidt_2016,rel0_abs0,high,unfiltered,1466,ter,0.05001002637741781,454,0.0777273322107648
proteomics,schmidt_2016,rel0_abs0,high,unfiltered,1466,oriC,0.002038336471673781,519,0.04781011015301835
proteomics,schmidt_2016,rel0_abs0,high,unfiltered,1466,ter,2.206036912525536e-5,454,-0.23672761091120426
proteomics,schmidt_2016,rel0_abs0,high,unfiltered,1466,oriC,0.005824366025488293,519,0.08439785087193605
proteomics,schmidt_2016,rel0_abs0,high,unfiltered,1466,ter,6.802741691180519e-11,454,-0.44830800895035516
proteomics,schmidt_2016,rel0_abs0,high,unfiltered,1466,oriC,2.027049159246102e-6,519,0.13140926426588526
proteomics,schmidt_2016,rel0_abs0,high,unfiltered,1466,ter,0.5680363050204258,454,-0.006232602438805308
proteomics,schmidt_2016,rel0_abs0,high,unfiltered,1466,oriC,5.569273790851469e-6,519,0.08707046032611535
proteomics,schmidt_2016,rel0_abs0,high,unfiltered,1466,ter,0.6230174474612256,454,0.0256008554838058
proteomics,schmidt_2016,rel0_abs0,high,unfiltered,1466,oriC,0.04347771588161864,519,0.014603028272824715
proteomics,schmidt_2016,rel0_abs0,high,unfiltered,1466,ter,0.0038905091725823637,454,-0.08634404852393278
proteomics,schmidt_2016,rel0_abs0,high,unfiltered,1466,oriC,3.4771143867507956e-6,519,0.10457180306192185
proteomics,schmidt_2016,rel0_abs0,high,unfiltered,1466,ter,0.13349117227991764,454,0.050370424303697814
proteomics,schmidt_2016,rel0_abs0,high,unfiltered,1466,oriC,5.274209143626369e-7,519,0.13237080129626919
proteomics,schmidt_2016,rel0_abs0,high,unfiltered,1466,ter,0.5576612246107048,454,0.039139784286103964
proteomics,schmidt_2016,rel0_abs0,high,unfiltered,1466,oriC,0.0017676978349459725,519,0.07260658876155288
proteomics,schmidt_2016,rel0_abs0,high,unfiltered,1466,ter,0.6676530005721085,454,-0.03449914153231812
proteomics,schmidt_2016,rel0_abs0,high,unfiltered,1466,oriC,7.497082451036762e-8,519,0.05689961019313699
proteomics,schmidt_2016,rel0_abs0,high,unfiltered,1466,ter,0.9469820307530784,454,-6.196914928806642e-4
proteomics,schmidt_2016,rel0_abs0,high,unfiltered,1466,oriC,0.16530215887774552,519,0.02182760256505176
proteomics,schmidt_2016,rel0_abs0,high,unfiltered,1466,ter,0.7470925700901869,454,-0.039773980523920144
proteomics,schmidt_2016,rel0_abs0,high,unfiltered,1466,oriC,1.1358392062587485e-4,519,0.09105609970782606
proteomics,schmidt_2016,rel0_abs0,high,unfiltered,1466,ter,0.3180225664404642,454,-0.03635693599659506
proteomics,schmidt_2016,rel0_abs0,high,unfiltered,1466,oriC,0.0013569252460425907,519,0.09282037072821496
proteomics,schmidt_2016,rel0_abs0,high,unfiltered,1466,ter,0.8312670032795008,454,0.05092185554994582
proteomics,schmidt_2016,rel0_abs0,high,unfiltered,1466,oriC,0.029914411253053677,519,0.01587386238721676
proteomics,schmidt_2016,rel0_abs0,high,unfiltered,1466,ter,0.49177105518985403,454,0.01779407102101327
proteomics,schmidt_2016,rel0_abs0,high,unfiltered,1466,oriC,0.002903204819646862,519,0.08544080104646963
proteomics,schmidt_2016,rel0_abs0,high,unfiltered,1466,ter,0.21622359032767455,454,-0.0668488667163088
proteomics,schmidt_2016,rel0_abs0,high,unfiltered,1466,oriC,4.241907243238712e-6,519,0.1379195199272632
proteomics,schmidt_2016,rel0_abs0,high,unfiltered,1466,ter,0.47150761787761664,454,8.631007806827969e-4
proteomics,schmidt_2016,rel0_abs0,high,unfiltered,1466,oriC,0.053370731708644634,519,-0.0065666789559277496
proteomics,schmidt_2016,rel0_abs0,high,unfiltered,1466,ter,2.7817214235134467e-9,454,-0.34074199162283964
proteomics,schmidt_2016,rel0_abs0,high,unfiltered,1466,oriC,0.13343885284339152,519,0.015306443750313188
proteomics,schmidt_2016,rel0_abs0,high,unfiltered,1466,ter,1.884770863754937e-14,454,-0.5396183817180353
proteomics,schmidt_2016,rel0_abs0,high,unfiltered,1466,oriC,0.17729430623165204,519,-0.03703297718231141
proteomics,schmidt_2016,rel0_abs0,high,unfiltered,1466,ter,0.6359668712384635,454,0.012642824611670668
proteomics,schmidt_2016,rel0_abs0,high,unfiltered,1466,oriC,6.914540611346959e-4,519,-0.10244829421141162
proteomics,schmidt_2016,rel0_abs0,high,unfiltered,1466,ter,0.3392600465171573,454,-0.03378182088511439
proteomics,schmidt_2016,rel0_abs0,high,unfiltered,1466,oriC,0.9669793993236737,519,-0.024564952572432935
proteomics,schmidt_2016,rel0_abs0,high,unfiltered,1466,ter,0.013536550766409678,454,0.041189664649767414
proteomics,schmidt_2016,rel0_abs0,high,unfiltered,1466,oriC,0.888899703704283,519,-0.0369119526163144
proteomics,schmidt_2016,rel0_abs0,high,unfiltered,1466,ter,0.33835738566875007,454,0.01375688067165515
proteomics,schmidt_2016,rel0_abs0,high,unfiltered,1466,oriC,0.0015900354785806567,519,-0.07780088750397447
proteomics,schmidt_2016,rel0_abs0,high,unfiltered,1466,ter,0.8460750614931527,454,-0.014899561349939774
proteomics,schmidt_2016,rel0_abs0,high,unfiltered,1466,oriC,0.3481990104970043,519,-0.060411705714631114
proteomics,schmidt_2016,rel0_abs0,high,unfiltered,1466,ter,0.4457186308462678,454,0.0019700361183191285
proteomics,schmidt_2016,rel0_abs0,high,unfiltered,1466,oriC,0.04931642252300168,519,-0.14104442062816372
proteomics,schmidt_2016,rel0_abs0,high,unfiltered,1466,ter,0.6901692743546104,454,-0.014014962444608713
proteomics,schmidt_2016,rel0_abs0,high,unfiltered,1466,oriC,0.7890498716487484,519,-0.03790382693830753
proteomics,schmidt_2016,rel0_abs0,high,unfiltered,1466,ter,0.8379654517781854,454,-0.01055142730018297
proteomics,schmidt_2016,rel0_abs0,high,unfiltered,1466,oriC,0.8442556701380749,519,-0.06745508909469713
proteomics,schmidt_2016,rel0_abs0,high,unfiltered,1466,ter,0.20020637535482969,454,0.03447193064742231
proteomics,schmidt_2016,rel0_abs0,high,unfiltered,1466,oriC,0.20320172431281408,519,-0.13296177913818294
proteomics,schmidt_2016,rel0_abs0,high,unfiltered,1466,ter,0.27083768115102247,454,-0.007959124919751356
proteomics,schmidt_2016,rel0_abs0,high,unfiltered,1466,oriC,0.13298521571167915,519,-0.09515053632281784
proteomics,schmidt_2016,rel0_abs0,high,unfiltered,1466,ter,0.03623303719834588,454,-0.10259309242223164
proteomics,schmidt_2016,rel0_abs0,high,unfiltered,1466,oriC,0.004191014563741495,519,0.02487225917791981
proteomics,schmidt_2016,rel0_abs0,high,unfiltered,1466,ter,0.09486123439481756,454,0.016055423278582632
proteomics,schmidt_2016,rel0_abs0,high,unfiltered,1466,oriC,0.19340631834805389,519,-0.1529683126845072
proteomics,schmidt_2016,rel0_abs0,high,unfiltered,1466,ter,1.6645619305251077e-8,454,-0.3004285353418018
proteomics,schmidt_2016,rel0_abs0,high,unfiltered,1466,oriC,0.7663955058993154,519,-0.12792329932828503
proteomics,schmidt_2016,rel0_abs0,high,unfiltered,1466,ter,9.739231443124866e-13,454,-0.3896338334899192
proteomics,schmidt_2016,rel0_abs0,high,unfiltered,1466,oriC,0.07788313795832405,519,-0.0309210683008598
proteomics,schmidt_2016,rel0_abs0,high,unfiltered,1466,ter,0.0026103523464338346,454,-0.06829829824643593
proteomics,schmidt_2016,rel0_abs0,high,unfiltered,1466,oriC,0.10795309215322514,519,0.02119278537427838
proteomics,schmidt_2016,rel0_abs0,high,unfiltered,1466,ter,8.891862930251498e-4,454,0.07158868875810598
proteomics,schmidt_2016,rel0_abs0,high,unfiltered,1466,oriC,7.025246452900104e-5,519,0.028914440600629848
proteomics,schmidt_2016,rel0_abs0,high,unfiltered,1466,ter,0.5772811628659171,454,0.005451593850170371
proteomics,schmidt_2016,rel0_abs0,high,unfiltered,1466,oriC,0.03639170372703184,519,-0.0316434356371709
proteomics,schmidt_2016,rel0_abs0,high,unfiltered,1466,ter,0.7406024293429114,454,-0.010596372149936726
proteomics,schmidt_2016,rel0_abs0,high,unfiltered,1466,oriC,0.16334953989317275,519,-0.05699647789723982
proteomics,schmidt_2016,rel0_abs0,high,unfiltered,1466,ter,0.23865391107143827,454,-0.051071972463054074
proteomics,schmidt_2016,rel0_abs0,high,unfiltered,1466,oriC,0.3497044258370667,519,-0.07423194291683688
proteomics,schmidt_2016,rel0_abs0,high,unfiltered,1466,ter,0.6420997610896124,454,-0.011460330255489303
proteomics,schmidt_2016,rel0_abs0,high,unfiltered,1466,oriC,0.010915139897838088,519,0.04848886298423049
proteomics,schmidt_2016,rel0_abs0,high,unfiltered,1466,ter,0.9766126096320904,454,0.027390148741221157
proteomics,schmidt_2016,rel0_abs0,high,unfiltered,1466,oriC,0.02867706127295775,519,0.04870005759068573
proteomics,schmidt_2016,rel0_abs0,high,unfiltered,1466,ter,0.45235827446018073,454,0.03972071108781232
proteomics,schmidt_2016,rel0_abs0,high,unfiltered,1466,oriC,0.9716444949023959,519,-0.020624032977771285
proteomics,schmidt_2016,rel0_abs0,high,unfiltered,1466,ter,0.16957853833490105,454,-0.010420572359773828
proteomics,schmidt_2016,rel0_abs0,high,unfiltered,1466,oriC,0.6534815865962769,519,-0.038564309617584544
proteomics,schmidt_2016,rel0_abs0,high,unfiltered,1466,ter,0.10571871073592766,454,-0.06654183198551009
proteomics,schmidt_2016,rel0_abs0,high,unfiltered,1466,oriC,2.693920911172426e-4,519,0.09100097257132811
proteomics,schmidt_2016,rel0_abs0,high,unfiltered,1466,ter,0.1402837843064798,454,0.03433694557841862
proteomics,schmidt_2016,rel0_abs0,high,unfiltered,1466,oriC,0.6742954776598393,519,-0.0637778548636466
proteomics,schmidt_2016,rel0_abs0,high,unfiltered,1466,ter,4.09400684164551e-9,454,-0.2682369213597511
proteomics,schmidt_2016,rel0_abs0,high,unfiltered,1466,oriC,0.9893793492200939,519,-0.063100415744146
proteomics,schmidt_2016,rel0_abs0,high,unfiltered,1466,ter,2.1462687656071577e-13,454,-0.4116617495452096
proteomics,schmidt_2016,rel0_abs0,high,unfiltered,1466,oriC,0.05457372562708231,519,0.04119848149352482
proteomics,schmidt_2016,rel0_abs0,high,unfiltered,1466,ter,5.571173069347032e-7,454,0.11174689030317916
proteomics,schmidt_2016,rel0_abs0,high,unfiltered,1466,oriC,4.557345934565046e-8,519,0.09388547028624356
proteomics,schmidt_2016,rel0_abs0,high,unfiltered,1466,ter,0.0014031221806890027,454,0.0804182579457828
proteomics,schmidt_2016,rel0_abs0,high,unfiltered,1466,oriC,0.7722091198268347,519,0.009920676118537017
proteomics,schmidt_2016,rel0_abs0,high,unfiltered,1466,ter,5.517715191501825e-4,454,0.07364639237629128
proteomics,schmidt_2016,rel0_abs0,high,unfiltered,1466,oriC,0.893062116517684,519,-0.0017541092251521656
proteomics,schmidt_2016,rel0_abs0,high,unfiltered,1466,ter,0.10711337644124708,454,0.023653009345448634
proteomics,schmidt_2016,rel0_abs0,high,unfiltered,1466,oriC,0.2239777691369618,519,-0.0965804526681251
proteomics,schmidt_2016,rel0_abs0,high,unfiltered,1466,ter,0.03494798918728697,454,0.05724172920467664
proteomics,schmidt_2016,rel0_abs0,high,unfiltered,1466,oriC,9.24688018420653e-4,519,0.06457796636248302
proteomics,schmidt_2016,rel0_abs0,high,unfiltered,1466,ter,0.017980894840985945,454,0.06249817314120748
proteomics,schmidt_2016,rel0_abs0,high,unfiltered,1466,oriC,0.0011067625282488037,519,0.06591955459097308
proteomics,schmidt_2016,rel0_abs0,high,unfiltered,1466,ter,0.006773238845016639,454,0.12266369715893652
proteomics,schmidt_2016,rel0_abs0,high,unfiltered,1466,oriC,0.9215782411166131,519,-0.019276667712117543
proteomics,schmidt_2016,rel0_abs0,high,unfiltered,1466,ter,0.02623946444988263,454,0.0421390937472028
proteomics,schmidt_2016,rel0_abs0,high,unfiltered,1466,oriC,0.012478982533275347,519,0.037314285748922794
proteomics,schmidt_2016,rel0_abs0,high,unfiltered,1466,ter,0.7068409700264981,454,0.007184615450038788
proteomics,schmidt_2016,rel0_abs0,high,unfiltered,1466,oriC,3.962144042939762e-7,519,0.13550458134526278
proteomics,schmidt_2016,rel0_abs0,high,unfiltered,1466,ter,0.0015372812546675958,454,0.11093103728254386
proteomics,schmidt_2016,rel0_abs0,high,unfiltered,1466,oriC,0.19330614083129444,519,0.004889934542690751
proteomics,schmidt_2016,rel0_abs0,high,unfiltered,1466,ter,1.6742710743715928e-6,454,-0.20260148458184962
proteomics,schmidt_2016,rel0_abs0,high,unfiltered,1466,oriC,0.28041211192263105,519,0.028560378199356723
proteomics,schmidt_2016,rel0_abs0,high,unfiltered,1466,ter,1.1301552029775318e-9,454,-0.3751074793638891
proteomics,schmidt_2016,rel0_abs0,high,unfiltered,1466,oriC,0.01017047340393612,519,0.03454182981348986
proteomics,schmidt_2016,rel0_abs0,high,unfiltered,1466,ter,0.010812535902696993,454,-0.03293631708995681
proteomics,schmidt_2016,rel0_abs0,high,unfiltered,1466,oriC,0.025940562416672235,519,-0.0461313764177711
proteomics,schmidt_2016,rel0_abs0,high,unfiltered,1466,ter,4.4916476780748445e-6,454,-0.08458554036447656
proteomics,schmidt_2016,rel0_abs0,high,unfiltered,1466,oriC,0.17729430623165204,519,-0.03839007779034554
proteomics,schmidt_2016,rel0_abs0,high,unfiltered,1466,ter,0.032320715380136276,454,-0.06707488913478338
proteomics,schmidt_2016,rel0_abs0,high,unfiltered,1466,oriC,0.09244299343532084,519,-0.10341393024403531
proteomics,schmidt_2016,rel0_abs0,high,unfiltered,1466,ter,0.2626781265826077,454,-0.08833520812031187
proteomics,schmidt_2016,rel0_abs0,high,unfiltered,1466,oriC,0.06431459896249353,519,0.011661714627162768
proteomics,schmidt_2016,rel0_abs0,high,unfiltered,1466,ter,0.02545367141583769,454,-0.0645929741262796
proteomics,schmidt_2016,rel0_abs0,high,unfiltered,1466,oriC,0.3333720044323371,519,-0.008360491210735971
proteomics,schmidt_2016,rel0_abs0,high,unfiltered,1466,ter,0.15507753611332342,454,-0.038638659507822984
proteomics,schmidt_2016,rel0_abs0,high,unfiltered,1466,oriC,0.15224851360821762,519,-0.0967136527229566
proteomics,schmidt_2016,rel0_abs0,high,unfiltered,1466,ter,0.5412080494167449,454,-0.07176046643418713
proteomics,schmidt_2016,rel0_abs0,high,unfiltered,1466,oriC,0.9046394875189865,519,-0.043978426181519564
proteomics,schmidt_2016,rel0_abs0,high,unfiltered,1466,ter,0.0013186779263511142,454,-0.12940691542375507
proteomics,schmidt_2016,rel0_abs0,high,unfiltered,1466,oriC,0.0024895022700079936,519,0.062267395697811596
proteomics,schmidt_2016,rel0_abs0,high,unfiltered,1466,ter,0.982600950360251,454,-0.03664013207398384
proteomics,schmidt_2016,rel0_abs0,high,unfiltered,1466,oriC,0.8412802239372567,519,-0.08138450048326216
proteomics,schmidt_2016,rel0_abs0,high,unfiltered,1466,ter,4.051702202179186e-12,454,-0.32598032184999587
proteomics,schmidt_2016,rel0_abs0,high,unfiltered,1466,oriC,0.8593952183554631,519,-0.06912521711569765
proteomics,schmidt_2016,rel0_abs0,high,unfiltered,1466,ter,6.66073650619509e-17,454,-0.5197918103154628
proteomics,schmidt_2016,rel0_abs0,high,unfiltered,1466,oriC,0.001384759493821934,519,-0.0735027607259191
proteomics,schmidt_2016,rel0_abs0,high,unfiltered,1466,ter,0.22993600503641534,454,-0.036441536601651295
proteomics,schmidt_2016,rel0_abs0,high,unfiltered,1466,oriC,1.6845620546532137e-4,519,-0.18168032996032024
proteomics,schmidt_2016,rel0_abs0,high,unfiltered,1466,ter,0.45970430122262884,454,-0.07498246533786054
proteomics,schmidt_2016,rel0_abs0,high,unfiltered,1466,oriC,0.7784842581195969,519,-0.027849146101932943
proteomics,schmidt_2016,rel0_abs0,high,unfiltered,1466,ter,0.2739614313838975,454,-0.05076394755289032
proteomics,schmidt_2016,rel0_abs0,high,unfiltered,1466,oriC,0.8502131929976171,519,-0.011750008001594559
proteomics,schmidt_2016,rel0_abs0,high,unfiltered,1466,ter,0.9535300749155883,454,0.005113812936515026
proteomics,schmidt_2016,rel0_abs0,high,unfiltered,1466,oriC,2.9264389862455734e-4,519,-0.13382907437490624
proteomics,schmidt_2016,rel0_abs0,high,unfiltered,1466,ter,0.8184629100869318,454,-0.04338760473423915
proteomics,schmidt_2016,rel0_abs0,high,unfiltered,1466,oriC,0.14761214302217174,519,-0.05701516611623594
proteomics,schmidt_2016,rel0_abs0,high,unfiltered,1466,ter,0.004695681580138659,454,-0.08420680762936665
proteomics,schmidt_2016,rel0_abs0,high,unfiltered,1466,oriC,0.02973802580885392,519,0.024473256493304136
proteomics,schmidt_2016,rel0_abs0,high,unfiltered,1466,ter,0.20630064943020268,454,0.011215201991305598
proteomics,schmidt_2016,rel0_abs0,high,unfiltered,1466,oriC,0.673868134351691,519,-0.08560932827847659
proteomics,schmidt_2016,rel0_abs0,high,unfiltered,1466,ter,2.2191089569578503e-11,454,-0.27112291755702034
proteomics,schmidt_2016,rel0_abs0,high,unfiltered,1466,oriC,0.8173343666255043,519,-0.10650035772840415
proteomics,schmidt_2016,rel0_abs0,high,unfiltered,1466,ter,3.409324955277513e-14,454,-0.4052136733112173
proteomics,schmidt_2016,rel0_abs0,high,unfiltered,1466,oriC,0.6331421413965932,519,0.007805948650094107
proteomics,schmidt_2016,rel0_abs0,high,unfiltered,1466,ter,0.8685285396355192,454,-0.005667120889690623
proteomics,schmidt_2016,rel0_abs0,high,unfiltered,1466,oriC,0.17523630587127048,519,-0.0788725967277475
proteomics,schmidt_2016,rel0_abs0,high,unfiltered,1466,ter,0.3822499578141104,454,-0.013071219737550453
proteomics,schmidt_2016,rel0_abs0,high,unfiltered,1466,oriC,7.731658462302476e-4,519,0.05266693970113562
proteomics,schmidt_2016,rel0_abs0,high,unfiltered,1466,ter,0.6011956645006866,454,0.023647508823539345
proteomics,schmidt_2016,rel0_abs0,high,unfiltered,1466,oriC,9.62123021869453e-4,519,0.09291272334972374
proteomics,schmidt_2016,rel0_abs0,high,unfiltered,1466,ter,0.30167371944031063,454,0.06498724559784008
proteomics,schmidt_2016,rel0_abs0,high,unfiltered,1466,oriC,0.7976208383736391,519,-0.010328795652173485
proteomics,schmidt_2016,rel0_abs0,high,unfiltered,1466,ter,0.04247072406231539,454,0.038014699447315475
proteomics,schmidt_2016,rel0_abs0,high,unfiltered,1466,oriC,0.021318940231785398,519,0.01835938846406906
proteomics,schmidt_2016,rel0_abs0,high,unfiltered,1466,ter,0.41051280125351935,454,-0.019758948237097833
proteomics,schmidt_2016,rel0_abs0,high,unfiltered,1466,oriC,5.895026278515531e-6,519,0.10653556582773549
proteomics,schmidt_2016,rel0_abs0,high,unfiltered,1466,ter,0.00825897242225434,454,0.09046452432695568
proteomics,schmidt_2016,rel0_abs0,high,unfiltered,1466,oriC,0.3659150324460761,519,-0.009261878764220646
proteomics,schmidt_2016,rel0_abs0,high,unfiltered,1466,ter,2.9316646045534336e-7,454,-0.2476142864774451
proteomics,schmidt_2016,rel0_abs0,high,unfiltered,1466,oriC,0.3824271373958207,519,-0.0063304348138637405
proteomics,schmidt_2016,rel0_abs0,high,unfiltered,1466,ter,4.013035760968787e-11,454,-0.4235412617663624
proteomics,schmidt_2016,rel0_abs0,high,unfiltered,1466,oriC,0.4072903037637099,519,-0.025330596795799548
proteomics,schmidt_2016,rel0_abs0,high,unfiltered,1466,ter,0.6640150520836878,454,-0.002255074600047555
proteomics,schmidt_2016,rel0_abs0,high,unfiltered,1466,oriC,0.19887267244679158,519,0.022118838721310423
proteomics,schmidt_2016,rel0_abs0,high,unfiltered,1466,ter,0.7563176164602088,454,0.015947858319099652
proteomics,schmidt_2016,rel0_abs0,high,unfiltered,1466,oriC,0.059653713911617674,519,0.0695628889367051
proteomics,schmidt_2016,rel0_abs0,high,unfiltered,1466,ter,0.921397762040879,454,0.019526598768792078
proteomics,schmidt_2016,rel0_abs0,high,unfiltered,1466,oriC,0.4262573396613265,519,-0.046725128470754954
proteomics,schmidt_2016,rel0_abs0,high,unfiltered,1466,ter,0.7148301678759339,454,-0.016146402679976156
proteomics,schmidt_2016,rel0_abs0,high,unfiltered,1466,oriC,0.4583969169465155,519,-0.007553905593368968
proteomics,schmidt_2016,rel0_abs0,high,unfiltered,1466,ter,0.059263854323368115,454,-0.05070945725561003
proteomics,schmidt_2016,rel0_abs0,high,unfiltered,1466,oriC,0.005619222230683523,519,0.09755206416784072
proteomics,schmidt_2016,rel0_abs0,high,unfiltered,1466,ter,0.2139746868141345,454,0.013658057866549285
proteomics,schmidt_2016,rel0_abs0,high,unfiltered,1466,oriC,0.6755781376849185,519,-0.05060722381875839
proteomics,schmidt_2016,rel0_abs0,high,unfiltered,1466,ter,8.691446435422422e-11,454,-0.29864932948643796
proteomics,schmidt_2016,rel0_abs0,high,unfiltered,1466,oriC,0.6698136376275662,519,-0.045508835898275944
proteomics,schmidt_2016,rel0_abs0,high,unfiltered,1466,ter,1.4664070714025552e-14,454,-0.43251622765441056
proteomics,schmidt_2016,rel0_abs0,high,unfiltered,1466,oriC,5.100440463679763e-7,519,0.1538790013781748
proteomics,schmidt_2016,rel0_abs0,high,unfiltered,1466,ter,0.35689005441140137,454,0.062099359571861926
proteomics,schmidt_2016,rel0_abs0,high,unfiltered,1466,oriC,0.5258114715949626,519,0.01318688691428074
proteomics,schmidt_2016,rel0_abs0,high,unfiltered,1466,ter,0.24137163097831146,454,0.04322781371646186
proteomics,schmidt_2016,rel0_abs0,high,unfiltered,1466,oriC,0.008136881862852966,519,0.1097876620066551
proteomics,schmidt_2016,rel0_abs0,high,unfiltered,1466,ter,0.416228824072859,454,-0.04000057241936854
proteomics,schmidt_2016,rel0_abs0,high,unfiltered,1466,oriC,3.0802506369990175e-8,519,0.17480112829861516
proteomics,schmidt_2016,rel0_abs0,high,unfiltered,1466,ter,0.6410759014376664,454,0.011081365436962934
proteomics,schmidt_2016,rel0_abs0,high,unfiltered,1466,oriC,0.010282677027564545,519,0.0806401755193648
proteomics,schmidt_2016,rel0_abs0,high,unfiltered,1466,ter,3.747721046628151e-4,454,-0.3021030555393912
proteomics,schmidt_2016,rel0_abs0,high,unfiltered,1466,oriC,0.0041678517678513174,519,0.09861603002558798
proteomics,schmidt_2016,rel0_abs0,high,unfiltered,1466,ter,1.8521993980884254e-7,454,-0.4198821666503143
proteomics,schmidt_2016,rel0_abs0,high,unfiltered,1466,oriC,0.7044636893736668,519,-0.017686068180915337
proteomics,schmidt_2016,rel0_abs0,high,unfiltered,1466,ter,0.18661889441614404,454,0.03391404278003107
proteomics,schmidt_2016,rel0_abs0,high,unfiltered,1466,oriC,8.802542126707472e-4,519,-0.1087713790474141
proteomics,schmidt_2016,rel0_abs0,high,unfiltered,1466,ter,0.8685285396355192,454,-0.05274430983568859
proteomics,schmidt_2016,rel0_abs0,high,unfiltered,1466,oriC,0.8433399094365471,519,-0.021036549085603505
proteomics,schmidt_2016,rel0_abs0,high,unfiltered,1466,ter,0.490195913082077,454,-0.023241226114000153
proteomics,schmidt_2016,rel0_abs0,high,unfiltered,1466,oriC,0.0013282554388408916,519,0.06062153577396663
proteomics,schmidt_2016,rel0_abs0,high,unfiltered,1466,ter,0.03304930970546958,454,0.056801051131689366
proteomics,schmidt_2016,rel0_abs0,high,unfiltered,1466,oriC,0.41294359262007263,519,-0.06542373503177452
proteomics,schmidt_2016,rel0_abs0,high,unfiltered,1466,ter,9.121310204072183e-7,454,-0.24038724335982953
proteomics,schmidt_2016,rel0_abs0,high,unfiltered,1466,oriC,0.20082262930457428,519,0.016150762327413897
proteomics,schmidt_2016,rel0_abs0,high,unfiltered,1466,ter,8.9533117959325e-10,454,-0.3943261935576814
proteomics,schmidt_2016,rel0_abs0,high,unfiltered,1466,oriC,7.848787949978558e-6,519,-0.12715706456226475
proteomics,schmidt_2016,rel0_abs0,high,unfiltered,1466,ter,0.4070652274595091,454,-0.049898248561953615
proteomics,schmidt_2016,rel0_abs0,high,unfiltered,1466,oriC,0.1684447262228096,519,-0.02016681189960348
proteomics,schmidt_2016,rel0_abs0,high,unfiltered,1466,ter,0.01748348745388474,454,-0.08688671939332984
proteomics,schmidt_2016,rel0_abs0,high,unfiltered,1466,oriC,0.08958898306571215,519,0.055436588302604374
proteomics,schmidt_2016,rel0_abs0,high,unfiltered,1466,ter,0.9208300468405085,454,-0.031535855367616855
proteomics,schmidt_2016,rel0_abs0,high,unfiltered,1466,oriC,0.23405382682414316,519,-0.016393342346789925
proteomics,schmidt_2016,rel0_abs0,high,unfiltered,1466,ter,3.151624007801372e-10,454,-0.27642835170196267
proteomics,schmidt_2016,rel0_abs0,high,unfiltered,1466,oriC,0.06053069224557691,519,0.029756221064506105
proteomics,schmidt_2016,rel0_abs0,high,unfiltered,1466,ter,2.943143008615895e-12,454,-0.39811715455960744
proteomics,schmidt_2016,rel0_abs0,high,unfiltered,1466,oriC,0.0020303318578083402,519,0.1041728402522201
proteomics,schmidt_2016,rel0_abs0,high,unfiltered,1466,ter,0.39642830682315383,454,-0.03892664861354663
proteomics,schmidt_2016,rel0_abs0,high,unfiltered,1466,oriC,3.809228029972639e-9,519,0.17756917471465825
proteomics,schmidt_2016,rel0_abs0,high,unfiltered,1466,ter,0.8287582142400634,454,0.0387210754094155
proteomics,schmidt_2016,rel0_abs0,high,unfiltered,1466,oriC,0.006708225683918397,519,0.10871424249689245
proteomics,schmidt_2016,rel0_abs0,high,unfiltered,1466,ter,2.524944308954796e-5,454,-0.2261497850192499
proteomics,schmidt_2016,rel0_abs0,high,unfiltered,1466,oriC,0.0011344911002085874,519,0.17461999008673082
proteomics,schmidt_2016,rel0_abs0,high,unfiltered,1466,ter,7.96659439456674e-9,454,-0.35088249454391407
proteomics,schmidt_2016,rel0_abs0,high,unfiltered,1466,oriC,0.0464480910668606,519,0.07147166215091946
proteomics,schmidt_2016,rel0_abs0,high,unfiltered,1466,ter,0.020521457451585588,454,0.05814146072692513
proteomics,schmidt_2016,rel0_abs0,high,unfiltered,1466,oriC,0.09736149914194689,519,0.0038397840528555977
proteomics,schmidt_2016,rel0_abs0,high,unfiltered,1466,ter,7.568707409333444e-7,454,-0.182182480806363
proteomics,schmidt_2016,rel0_abs0,high,unfiltered,1466,oriC,0.024790357612317473,519,0.07973745001471047
proteomics,schmidt_2016,rel0_abs0,high,unfiltered,1466,ter,2.421812511830058e-10,454,-0.3164390532488299
proteomics,schmidt_2016,rel0_abs0,high,unfiltered,1466,oriC,0.12139369718980875,519,-0.1342119587314631
proteomics,schmidt_2016,rel0_abs0,high,unfiltered,1466,ter,5.9632479003456744e-9,454,-0.2593368547220665
proteomics,schmidt_2016,rel0_abs0,high,unfiltered,1466,oriC,0.8262099203537103,519,-0.003553794755744407
proteomics,schmidt_2016,rel0_abs0,high,unfiltered,1466,ter,9.663132420133923e-10,454,-0.35571160799528284
proteomics,schmidt_2016,rel0_abs0,high,unfiltered,1466,oriC,0.1788023030118839,519,0.029222357219609814
proteomics,schmidt_2016,rel0_abs0,high,unfiltered,1466,ter,1.7850199066375995e-6,454,-0.1318877841060752
proteomics,peebo_2015,rel0_abs0,high,unfiltered,866,oriC,0.44706178238976824,312,-0.0024840079413245447
proteomics,peebo_2015,rel0_abs0,high,unfiltered,866,ter,0.018689272836795008,255,-0.009272085877850113
proteomics,peebo_2015,rel0_abs0,high,unfiltered,867,oriC,0.2119639796437027,312,0.012462679314997404
proteomics,peebo_2015,rel0_abs0,high,unfiltered,867,ter,0.7792208777382668,255,-0.01270056044439173
proteomics,peebo_2015,rel0_abs0,high,unfiltered,867,oriC,1.4992355737991743e-7,312,0.1020963654486603
proteomics,peebo_2015,rel0_abs0,high,unfiltered,867,ter,0.1640756830657372,255,0.05373777454262515
proteomics,peebo_2015,rel0_abs0,high,unfiltered,866,oriC,6.9580616519513745e-9,312,0.08195310204207099
proteomics,peebo_2015,rel0_abs0,high,unfiltered,866,ter,0.43393441149264605,255,-0.01693175284653718
proteomics,peebo_2015,rel0_abs0,high,unfiltered,867,oriC,1.926071084823837e-6,312,0.04464789627966831
proteomics,peebo_2015,rel0_abs0,high,unfiltered,867,ter,0.7462458938271106,255,0.004106970519815503
proteomics,peebo_2015,rel0_abs0,high,unfiltered,867,oriC,3.944301643699909e-6,312,0.05111446133775949
proteomics,peebo_2015,rel0_abs0,high,unfiltered,867,ter,0.3241095557784937,255,0.0030879085313151233
proteomics,peebo_2015,rel0_abs0,high,unfiltered,866,oriC,6.1312554567948365e-05,311,0.06946667744101793
proteomics,peebo_2015,rel0_abs0,high,unfiltered,866,ter,2.1821574792063817e-4,255,-0.07118673869370508
proteomics,peebo_2015,rel0_abs0,high,unfiltered,867,oriC,8.47631155846456e-7,312,0.103777809237313
proteomics,peebo_2015,rel0_abs0,high,unfiltered,867,ter,0.538864782383302,255,0.014383489046698884
proteomics,peebo_2015,rel0_abs0,high,unfiltered,867,oriC,1.6429669744442938e-6,312,0.1271169649584526
proteomics,peebo_2015,rel0_abs0,high,unfiltered,867,ter,0.20705051444699027,255,0.02477726519970186
proteomics,peebo_2015,rel0_abs0,high,unfiltered,867,oriC,0.005009028501451038,312,0.021679439455871162
proteomics,peebo_2015,rel0_abs0,high,unfiltered,867,ter,9.139943204702725e-6,255,-0.15032984953158185
proteomics,peebo_2015,rel0_abs0,high,unfiltered,867,oriC,9.4561275249186e-4,312,0.04419013061818991
proteomics,peebo_2015,rel0_abs0,high,unfiltered,867,ter,1.907778675852497e-5,255,-0.16247929453966453
proteomics,peebo_2015,rel0_abs0,high,unfiltered,867,oriC,3.64770668164228e-7,312,0.1560249016665515
proteomics,peebo_2015,rel0_abs0,high,unfiltered,867,ter,0.1407719442246134,255,1.3428834081857284e-4
proteomics,peebo_2015,rel0_abs0,high,unfiltered,866,oriC,3.226148734274024e-7,311,0.16507213270946197
proteomics,peebo_2015,rel0_abs0,high,unfiltered,866,ter,0.2534044503094287,255,0.01632381743317225
proteomics,peebo_2015,rel0_abs0,high,unfiltered,866,oriC,1.0700818937424242e-6,312,0.12664139579385802
proteomics,peebo_2015,rel0_abs0,high,unfiltered,866,ter,0.4344328786016203,255,0.0314267242225021
proteomics,peebo_2015,rel0_abs0,high,unfiltered,867,oriC,1.7758423191393998e-4,312,0.08598391039482399
proteomics,peebo_2015,rel0_abs0,high,unfiltered,867,ter,5.140346452004567e-7,255,-0.19806577526352404
proteomics,peebo_2015,rel0_abs0,high,unfiltered,866,oriC,0.0022600645732209716,311,0.06153140799760504
proteomics,peebo_2015,rel0_abs0,high,unfiltered,866,ter,2.25391299924496e-6,255,-0.16430886062054
proteomics,peebo_2015,rel0_abs0,high,unfiltered,867,oriC,0.007230116409115707,312,0.036414465582464334
proteomics,peebo_2015,rel0_abs0,high,unfiltered,867,ter,1.5998064068938995e-7,255,-0.22522489901414844
proteomics,peebo_2015,rel0_abs0,high,unfiltered,866,oriC,0.0024831458569614527,311,0.06251819106186407
proteomics,peebo_2015,rel0_abs0,high,unfiltered,866,ter,1.1449870873158722e-06,255,-0.22927375444810794
proteomics,peebo_2015,rel0_abs0,high,unfiltered,867,oriC,0.011470343359066559,312,0.038213821949690446
proteomics,peebo_2015,rel0_abs0,high,unfiltered,867,ter,1.8155422003053312e-5,255,-0.2311575386679886
proteomics,peebo_2015,rel0_abs0,high,unfiltered,866,oriC,0.005890451883573173,311,0.07426887805515663
proteomics,peebo_2015,rel0_abs0,high,unfiltered,866,ter,3.077215813066256e-6,255,-0.3031356368093754
proteomics,peebo_2015,rel0_abs0,high,unfiltered,867,oriC,0.0023581198240989563,312,0.11090900435346115
proteomics,peebo_2015,rel0_abs0,high,unfiltered,867,ter,9.176009460716527e-6,255,-0.27875285825260854
proteomics,peebo_2015,rel0_abs0,high,unfiltered,866,oriC,0.013310211224181847,312,0.12328035422853723
proteomics,peebo_2015,rel0_abs0,high,unfiltered,866,ter,3.03147299345661e-5,255,-0.26516179104859394
proteomics,peebo_2015,rel0_abs0,high,unfiltered,865,oriC,7.604411893564297e-9,311,0.08214775521539683
proteomics,peebo_2015,rel0_abs0,high,unfiltered,865,ter,0.8830017744074833,255,-0.007191249088654602
proteomics,peebo_2015,rel0_abs0,high,unfiltered,867,oriC,4.430082872413067e-7,312,0.04701205204033156
proteomics,peebo_2015,rel0_abs0,high,unfiltered,867,ter,0.335048703476541,255,0.013697737763368748
proteomics,peebo_2015,rel0_abs0,high,unfiltered,867,oriC,3.684044873017201e-7,312,0.0684066436986827
proteomics,peebo_2015,rel0_abs0,high,unfiltered,867,ter,0.5266087540510024,255,0.0029989201002284657
proteomics,peebo_2015,rel0_abs0,high,unfiltered,867,oriC,4.0852147589736346e-5,312,0.05630224185901261
proteomics,peebo_2015,rel0_abs0,high,unfiltered,867,ter,0.0015547790749438487,255,-0.06512088057096273
proteomics,peebo_2015,rel0_abs0,high,unfiltered,867,oriC,1.7587528822406877e-7,312,0.11017890479234935
proteomics,peebo_2015,rel0_abs0,high,unfiltered,867,ter,0.7207011175054414,255,0.021460284399990318
proteomics,peebo_2015,rel0_abs0,high,unfiltered,867,oriC,3.184459409285616e-7,312,0.12868708724324118
proteomics,peebo_2015,rel0_abs0,high,unfiltered,867,ter,0.2573029079156031,255,-0.007397984928526741
proteomics,peebo_2015,rel0_abs0,high,unfiltered,867,oriC,0.0023728953256651323,312,0.016465516983384273
proteomics,peebo_2015,rel0_abs0,high,unfiltered,867,ter,2.4956114554440552e-5,255,-0.14684192912527358
proteomics,peebo_2015,rel0_abs0,high,unfiltered,867,oriC,0.0017404913990697296,312,0.03771278776758351
proteomics,peebo_2015,rel0_abs0,high,unfiltered,867,ter,3.08840238596209e-5,255,-0.1624858468924884
proteomics,peebo_2015,rel0_abs0,high,unfiltered,867,oriC,1.677220315394976e-7,312,0.1611061797799056
proteomics,peebo_2015,rel0_abs0,high,unfiltered,867,ter,0.19509751635885345,255,-0.008507230749061866
proteomics,peebo_2015,rel0_abs0,high,unfiltered,867,oriC,1.901084361845288e-7,312,0.15946468453695423
proteomics,peebo_2015,rel0_abs0,high,unfiltered,867,ter,0.27892192280000755,255,0.0158235399558209
proteomics,peebo_2015,rel0_abs0,high,unfiltered,866,oriC,1.0976277528697923e-6,312,0.14964496201209107
proteomics,peebo_2015,rel0_abs0,high,unfiltered,866,ter,0.5360668136219484,255,0.04668453691560537
proteomics,peebo_2015,rel0_abs0,high,unfiltered,866,oriC,2.2536709789239116e-4,312,0.0758649728512486
proteomics,peebo_2015,rel0_abs0,high,unfiltered,866,ter,3.756300272170097e-7,254,-0.21370743424216754
proteomics,peebo_2015,rel0_abs0,high,unfiltered,866,oriC,0.00252485254367394,311,0.07286362628164428
proteomics,peebo_2015,rel0_abs0,high,unfiltered,866,ter,6.816230650378641e-6,255,-0.19860854380024778
proteomics,peebo_2015,rel0_abs0,high,unfiltered,867,oriC,0.0038465403059359895,312,0.033506308840906995
proteomics,peebo_2015,rel0_abs0,high,unfiltered,867,ter,7.302472202085914e-7,255,-0.2560646122998989
proteomics,peebo_2015,rel0_abs0,high,unfiltered,866,oriC,9.817774709958537e-4,311,0.0785030500381734
proteomics,peebo_2015,rel0_abs0,high,unfiltered,866,ter,1.4728614567589882e-6,255,-0.24442475885256687
proteomics,peebo_2015,rel0_abs0,high,unfiltered,867,oriC,0.004018772647915451,312,0.058764552796317066
proteomics,peebo_2015,rel0_abs0,high,unfiltered,867,ter,3.4391539988509504e-5,255,-0.22950060375748438
proteomics,peebo_2015,rel0_abs0,high,unfiltered,867,oriC,0.00518731821389977,312,0.04692412465748366
proteomics,peebo_2015,rel0_abs0,high,unfiltered,867,ter,4.982854859756716e-6,255,-0.2444950317228834
proteomics,peebo_2015,rel0_abs0,high,unfiltered,867,oriC,0.0014878084398183284,312,0.11079126281461629
proteomics,peebo_2015,rel0_abs0,high,unfiltered,867,ter,1.7209672893230306e-5,255,-0.2706424278046829
proteomics,peebo_2015,rel0_abs0,high,unfiltered,866,oriC,0.012737111392891489,312,0.09997502574189945
proteomics,peebo_2015,rel0_abs0,high,unfiltered,866,ter,3.730139954615057e-5,255,-0.29705833369398343
proteomics,peebo_2015,rel0_abs0,high,unfiltered,866,oriC,9.77792825335021e-10,312,0.060157333568370316
proteomics,peebo_2015,rel0_abs0,high,unfiltered,866,ter,0.025165084867216178,255,0.04706838434977089
proteomics,peebo_2015,rel0_abs0,high,unfiltered,867,oriC,0.015326661713675228,312,0.02662503406411463
proteomics,peebo_2015,rel0_abs0,high,unfiltered,867,ter,0.3683702927255398,255,0.047530274020420885
proteomics,peebo_2015,rel0_abs0,high,unfiltered,867,oriC,0.010792274985353383,312,0.03128977217091965
proteomics,peebo_2015,rel0_abs0,high,unfiltered,867,ter,0.6680892718015138,255,0.04417175670707738
proteomics,peebo_2015,rel0_abs0,high,unfiltered,867,oriC,5.550930682533429e-6,312,0.08029332994063047
proteomics,peebo_2015,rel0_abs0,high,unfiltered,867,ter,0.7118319014724963,255,0.043453938230991716
proteomics,peebo_2015,rel0_abs0,high,unfiltered,867,oriC,4.4490445084161874e-4,312,0.09676697260328333
proteomics,peebo_2015,rel0_abs0,high,unfiltered,867,ter,0.538864782383302,255,0.05751307246926912
proteomics,peebo_2015,rel0_abs0,high,unfiltered,867,oriC,4.899407044193385e-4,312,0.09329954147749099
proteomics,peebo_2015,rel0_abs0,high,unfiltered,867,ter,0.7974995146457005,255,0.042882854743784664
proteomics,peebo_2015,rel0_abs0,high,unfiltered,867,oriC,3.92402752735758e-4,312,0.07167661861384139
proteomics,peebo_2015,rel0_abs0,high,unfiltered,867,ter,0.030578124283989917,255,-0.027073554706922753
proteomics,peebo_2015,rel0_abs0,high,unfiltered,867,oriC,8.466741105815497e-5,312,0.09577852989317318
proteomics,peebo_2015,rel0_abs0,high,unfiltered,867,ter,0.11689925342926256,255,-0.01702554025048623
proteomics,peebo_2015,rel0_abs0,high,unfiltered,867,oriC,1.719000235405481e-4,312,0.11701719462961709
proteomics,peebo_2015,rel0_abs0,high,unfiltered,867,ter,0.9496136997232089,255,0.05040733950692399
proteomics,peebo_2015,rel0_abs0,high,unfiltered,866,oriC,1.9718012921625204e-4,312,0.16152688128197895
proteomics,peebo_2015,rel0_abs0,high,unfiltered,866,ter,0.7048904112298449,255,0.04647545438191298
proteomics,peebo_2015,rel0_abs0,high,unfiltered,867,oriC,2.611031624496858e-4,312,0.11812779646767213
proteomics,peebo_2015,rel0_abs0,high,unfiltered,867,ter,0.8803244991579844,255,0.07491096662288986
proteomics,peebo_2015,rel0_abs0,high,unfiltered,867,oriC,9.012744138117965e-5,312,0.10247905135386652
proteomics,peebo_2015,rel0_abs0,high,unfiltered,867,ter,0.008144945260780426,255,-0.049789213620563974
proteomics,peebo_2015,rel0_abs0,high,unfiltered,867,oriC,2.604663002014984e-4,312,0.12339983428712537
proteomics,peebo_2015,rel0_abs0,high,unfiltered,867,ter,0.04055891107989543,255,-0.06040134905074848
proteomics,peebo_2015,rel0_abs0,high,unfiltered,866,oriC,3.6270013288268915e-4,312,0.10388434275804144
proteomics,peebo_2015,rel0_abs0,high,unfiltered,866,ter,3.975350454330164e-4,255,-0.13554211926924828
proteomics,peebo_2015,rel0_abs0,high,unfiltered,866,oriC,2.4863920140585585e-4,312,0.13975276158944527
proteomics,peebo_2015,rel0_abs0,high,unfiltered,866,ter,0.0037870433610656014,255,-0.15034252138663717
proteomics,peebo_2015,rel0_abs0,high,unfiltered,867,oriC,0.0033693142735186136,312,0.07671133983458983
proteomics,peebo_2015,rel0_abs0,high,unfiltered,867,ter,0.00952634351265376,255,-0.1427564224547934
proteomics,peebo_2015,rel0_abs0,high,unfiltered,866,oriC,0.0023581198240989563,312,0.13512346139797904
proteomics,peebo_2015,rel0_abs0,high,unfiltered,866,ter,0.0011440504238740736,255,-0.1710432714006024
proteomics,peebo_2015,rel0_abs0,high,unfiltered,867,oriC,0.001968760392213719,312,0.11260005700054612
proteomics,peebo_2015,rel0_abs0,high,unfiltered,867,ter,0.001140640575198703,255,-0.20718396522091032
proteomics,peebo_2015,rel0_abs0,high,unfiltered,866,oriC,0.01480524686624224,312,0.09374399969008604
proteomics,peebo_2015,rel0_abs0,high,unfiltered,866,ter,2.725241918757174e-4,255,-0.27120352382125146
proteomics,peebo_2015,rel0_abs0,high,unfiltered,853,oriC,0.5502196685245029,308,-0.03419516506808841
proteomics,peebo_2015,rel0_abs0,high,unfiltered,853,ter,0.004147424537001175,250,-0.05385427969820769
proteomics,peebo_2015,rel0_abs0,high,unfiltered,865,oriC,0.8922231605123502,310,-0.025508605411748497
proteomics,peebo_2015,rel0_abs0,high,unfiltered,865,ter,0.3436233938033305,255,-0.033553289319853734
proteomics,peebo_2015,rel0_abs0,high,unfiltered,866,oriC,0.04805986202304256,312,0.003099416999391359
proteomics,peebo_2015,rel0_abs0,high,unfiltered,866,ter,0.3892950438171531,254,-0.03161465696126644
proteomics,peebo_2015,rel0_abs0,high,unfiltered,860,oriC,0.010531246515787731,310,0.001757789192181027
proteomics,peebo_2015,rel0_abs0,high,unfiltered,860,ter,0.00878701967404998,254,-0.08577351442902542
proteomics,peebo_2015,rel0_abs0,high,unfiltered,866,oriC,0.009320325802903375,311,0.03428970538776996
proteomics,peebo_2015,rel0_abs0,high,unfiltered,866,ter,0.4060725169139863,255,-0.01973384228183578
proteomics,peebo_2015,rel0_abs0,high,unfiltered,866,oriC,0.003550476592660093,312,0.04993134470306746
proteomics,peebo_2015,rel0_abs0,high,unfiltered,866,ter,0.35365594508137194,255,-0.03393113892897151
proteomics,peebo_2015,rel0_abs0,high,unfiltered,867,oriC,0.028979014086361905,312,0.013260434188864693
proteomics,peebo_2015,rel0_abs0,high,unfiltered,867,ter,0.002635444767170371,255,-0.11601893497024833
proteomics,peebo_2015,rel0_abs0,high,unfiltered,853,oriC,0.004592422435243142,309,0.04511272589471518
proteomics,peebo_2015,rel0_abs0,high,unfiltered,853,ter,0.006546687621600263,250,-0.08457744062151085
proteomics,peebo_2015,rel0_abs0,high,unfiltered,866,oriC,0.0039867741437285215,311,0.09321741233513052
proteomics,peebo_2015,rel0_abs0,high,unfiltered,866,ter,0.34752732583899487,255,-0.03501202023212477
proteomics,peebo_2015,rel0_abs0,high,unfiltered,867,oriC,0.002583503104757528,312,0.0931343765672715
proteomics,peebo_2015,rel0_abs0,high,unfiltered,867,ter,0.20100919870119582,255,-0.027248130742992167
proteomics,peebo_2015,rel0_abs0,high,unfiltered,863,oriC,0.005452288863163759,311,0.09986266298306994
proteomics,peebo_2015,rel0_abs0,high,unfiltered,863,ter,0.3002926071924961,254,-0.023457674021804945
proteomics,peebo_2015,rel0_abs0,high,unfiltered,866,oriC,0.0010736342306737036,312,0.0631582342544372
proteomics,peebo_2015,rel0_abs0,high,unfiltered,866,ter,0.0010363608991089141,255,-0.11189497808311329
proteomics,peebo_2015,rel0_abs0,high,unfiltered,859,oriC,0.0024198724382373184,308,0.06594813107872678
proteomics,peebo_2015,rel0_abs0,high,unfiltered,859,ter,0.004791399532985467,255,-0.10123408997924503
proteomics,peebo_2015,rel0_abs0,high,unfiltered,867,oriC,0.0037255226213959002,312,0.050860982338353455
proteomics,peebo_2015,rel0_abs0,high,unfiltered,867,ter,1.000473915222587e-5,255,-0.19824229328388912
proteomics,peebo_2015,rel0_abs0,high,unfiltered,851,oriC,0.0046107429279495125,309,0.07480004890214295
proteomics,peebo_2015,rel0_abs0,high,unfiltered,851,ter,2.0951466577523328e-4,250,-0.1855672033145893
proteomics,peebo_2015,rel0_abs0,high,unfiltered,867,oriC,0.008901262360291685,312,0.06004501851334215
proteomics,peebo_2015,rel0_abs0,high,unfiltered,867,ter,5.212016595394474e-4,255,-0.1907322350952883
proteomics,peebo_2015,rel0_abs0,high,unfiltered,852,oriC,0.00639212500517734,308,0.08430588251872792
proteomics,peebo_2015,rel0_abs0,high,unfiltered,852,ter,1.1494324563899265e-4,250,-0.21150852633007672
proteomics,peebo_2015,rel0_abs0,high,unfiltered,866,oriC,0.002303154766467686,311,0.10075344757138463
proteomics,peebo_2015,rel0_abs0,high,unfiltered,866,ter,2.6806986814247426e-4,255,-0.23864387396745165
proteomics,peebo_2015,rel0_abs0,high,unfiltered,846,oriC,0.024831604201592274,306,0.060905488162644295
proteomics,peebo_2015,rel0_abs0,high,unfiltered,846,ter,2.2206744006539984e-5,251,-0.3163449696138044
proteomics,peebo_2015,rel0_abs0,high,unfiltered,867,oriC,0.07126778414869421,312,-0.02610992470997231
proteomics,peebo_2015,rel0_abs0,high,unfiltered,867,ter,0.47484404484368803,255,-0.010334315243514733
proteomics,peebo_2015,rel0_abs0,high,unfiltered,866,oriC,0.2848587566289302,312,2.2394252333614523e-5
proteomics,peebo_2015,rel0_abs0,high,unfiltered,866,ter,0.5979932955876166,254,-0.0021855747818690305
proteomics,peebo_2015,rel0_abs0,high,unfiltered,864,oriC,9.123070382625437e-4,312,0.034403336375811305
proteomics,peebo_2015,rel0_abs0,high,unfiltered,864,ter,0.12066157092893723,254,-0.01600812801193221
proteomics,peebo_2015,rel0_abs0,high,unfiltered,867,oriC,0.02160328126525398,312,0.04431561716087407
proteomics,peebo_2015,rel0_abs0,high,unfiltered,867,ter,0.8033989823803602,255,0.005407149978698793
proteomics,peebo_2015,rel0_abs0,high,unfiltered,867,oriC,0.005248010253679113,312,0.07863289018160327
proteomics,peebo_2015,rel0_abs0,high,unfiltered,867,ter,0.3363260448441073,255,0.021906726298036413
proteomics,peebo_2015,rel0_abs0,high,unfiltered,867,oriC,0.024633254937512228,312,0.015245814568178544
proteomics,peebo_2015,rel0_abs0,high,unfiltered,867,ter,8.963792234737821e-4,255,-0.07133584366574355
proteomics,peebo_2015,rel0_abs0,high,unfiltered,860,oriC,0.001150157451365638,311,0.061796095097345384
proteomics,peebo_2015,rel0_abs0,high,unfiltered,860,ter,0.004090535211929171,250,-0.05281648228851213
proteomics,peebo_2015,rel0_abs0,high,unfiltered,867,oriC,0.00589115911230426,312,0.1173279869318841
proteomics,peebo_2015,rel0_abs0,high,unfiltered,867,ter,0.34448850480922405,255,0.017055961406362202
proteomics,peebo_2015,rel0_abs0,high,unfiltered,866,oriC,0.0029951360419457882,312,0.13728436393601912
proteomics,peebo_2015,rel0_abs0,high,unfiltered,866,ter,0.3554194513209988,255,0.02301478904447572
proteomics,peebo_2015,rel0_abs0,high,unfiltered,863,oriC,0.005993531657321985,312,0.10876492521064299
proteomics,peebo_2015,rel0_abs0,high,unfiltered,863,ter,0.491108657601735,254,0.02253205861847421
proteomics,peebo_2015,rel0_abs0,high,unfiltered,866,oriC,3.2322983786737793e-4,312,0.07008276491689314
proteomics,peebo_2015,rel0_abs0,high,unfiltered,866,ter,4.0267876099862464e-4,255,-0.09858919430804149
proteomics,peebo_2015,rel0_abs0,high,unfiltered,866,oriC,0.0015594974871886427,311,0.06905230112841435
proteomics,peebo_2015,rel0_abs0,high,unfiltered,866,ter,0.0042510867326240485,255,-0.11314015384403418
proteomics,peebo_2015,rel0_abs0,high,unfiltered,866,oriC,0.0041238079815145105,312,0.04426062830548942
proteomics,peebo_2015,rel0_abs0,high,unfiltered,866,ter,7.05854794828944e-5,255,-0.14605333222420416
proteomics,peebo_2015,rel0_abs0,high,unfiltered,858,oriC,0.0024956376061563194,310,0.08218219750513442
proteomics,peebo_2015,rel0_abs0,high,unfiltered,858,ter,9.424791278835403e-4,252,-0.11649890596305486
proteomics,peebo_2015,rel0_abs0,high,unfiltered,867,oriC,0.03034277171626347,312,0.01185464156109436
proteomics,peebo_2015,rel0_abs0,high,unfiltered,867,ter,0.0032786122817115015,255,-0.16653360488788962
proteomics,peebo_2015,rel0_abs0,high,unfiltered,860,oriC,0.010119430927740111,311,0.0802273251789247
proteomics,peebo_2015,rel0_abs0,high,unfiltered,860,ter,1.2988280195248497e-4,254,-0.19899134787164044
proteomics,peebo_2015,rel0_abs0,high,unfiltered,867,oriC,0.016083779056018727,312,0.041236464528471975
proteomics,peebo_2015,rel0_abs0,high,unfiltered,867,ter,8.106712040309227e-5,255,-0.23236840344840343
proteomics,peebo_2015,rel0_abs0,high,unfiltered,860,oriC,0.04330734502090626,312,0.06679820223107194
proteomics,peebo_2015,rel0_abs0,high,unfiltered,860,ter,2.4417304634802173e-5,253,-0.2717670502121915
proteomics,peebo_2015,rel0_abs0,high,unfiltered,867,oriC,0.0011197517923462036,312,0.019325588605092682
proteomics,peebo_2015,rel0_abs0,high,unfiltered,867,ter,0.06185389036991344,255,-0.007955409246248593
proteomics,peebo_2015,rel0_abs0,high,unfiltered,867,oriC,1.1948934254525752e-5,312,0.05535102040464459
proteomics,peebo_2015,rel0_abs0,high,unfiltered,867,ter,0.0025772066250834757,255,-0.07480091122382819
proteomics,peebo_2015,rel0_abs0,high,unfiltered,866,oriC,7.55446579231245e-7,311,0.07297651163513269
proteomics,peebo_2015,rel0_abs0,high,unfiltered,866,ter,0.3797674199377705,255,-3.1219103973459915e-4
proteomics,peebo_2015,rel0_abs0,high,unfiltered,867,oriC,1.5777485797334425e-7,312,0.11078857815003629
proteomics,peebo_2015,rel0_abs0,high,unfiltered,867,ter,0.35453700576341807,255,0.012447751708455248
proteomics,peebo_2015,rel0_abs0,high,unfiltered,867,oriC,0.010580659150803426,312,0.0054044600339423
proteomics,peebo_2015,rel0_abs0,high,unfiltered,867,ter,7.009159764016036e-6,255,-0.14109319248537439
proteomics,peebo_2015,rel0_abs0,high,unfiltered,866,oriC,0.007114454001389253,311,0.009879572741139436
proteomics,peebo_2015,rel0_abs0,high,unfiltered,866,ter,1.0445453068256122e-5,255,-0.15126464621033442
proteomics,peebo_2015,rel0_abs0,high,unfiltered,866,oriC,1.33804889508617e-7,311,0.13084761661577307
proteomics,peebo_2015,rel0_abs0,high,unfiltered,866,ter,0.15526401613066937,255,-0.0032295891508114676
proteomics,peebo_2015,rel0_abs0,high,unfiltered,867,oriC,1.1547807552733931e-6,312,0.13983247126141327
proteomics,peebo_2015,rel0_abs0,high,unfiltered,867,ter,0.14658027432171122,255,-0.01016700719787098
proteomics,peebo_2015,rel0_abs0,high,unfiltered,866,oriC,1.9235773922332193e-6,311,0.12946513722981987
proteomics,peebo_2015,rel0_abs0,high,unfiltered,866,ter,0.23721153846723805,255,-0.007892816427017413
proteomics,peebo_2015,rel0_abs0,high,unfiltered,867,oriC,3.5753084167246014e-4,312,0.047105774671761746
proteomics,peebo_2015,rel0_abs0,high,unfiltered,867,ter,1.8024894150295253e-7,255,-0.19289846983559022
proteomics,peebo_2015,rel0_abs0,high,unfiltered,865,oriC,0.0020685764932319717,311,0.060635025829429756
proteomics,peebo_2015,rel0_abs0,high,unfiltered,865,ter,1.087499526765339e-6,255,-0.16359093032300004
proteomics,peebo_2015,rel0_abs0,high,unfiltered,867,oriC,0.011760364071482732,312,0.01322797604699846
proteomics,peebo_2015,rel0_abs0,high,unfiltered,867,ter,1.753621390341045e-7,255,-0.2599700211148763
proteomics,peebo_2015,rel0_abs0,high,unfiltered,865,oriC,0.0035698836683171224,311,0.043708596139613386
proteomics,peebo_2015,rel0_abs0,high,unfiltered,865,ter,5.30165415809644e-7,255,-0.22957954223801838
proteomics,peebo_2015,rel0_abs0,high,unfiltered,867,oriC,0.010410272420753772,312,0.026101873279030408
proteomics,peebo_2015,rel0_abs0,high,unfiltered,867,ter,7.529539774718822e-6,255,-0.24095611067455766
proteomics,peebo_2015,rel0_abs0,high,unfiltered,866,oriC,0.014057748280338959,311,0.028977076146436007
proteomics,peebo_2015,rel0_abs0,high,unfiltered,866,ter,1.7520255802285866e-6,255,-0.2548087885198502
proteomics,peebo_2015,rel0_abs0,high,unfiltered,867,oriC,0.0036443417619128294,312,0.07382296683306441
proteomics,peebo_2015,rel0_abs0,high,unfiltered,867,ter,6.575634040210611e-6,255,-0.3586250568969821
proteomics,peebo_2015,rel0_abs0,high,unfiltered,866,oriC,0.01821243912224173,311,0.08861672503237433
proteomics,peebo_2015,rel0_abs0,high,unfiltered,866,ter,6.192592424135792e-6,255,-0.33103937504076764
proteomics,peebo_2015,rel0_abs0,high,unfiltered,866,oriC,3.066081354706516e-6,312,0.04917686533024552
proteomics,peebo_2015,rel0_abs0,high,unfiltered,866,ter,0.07466441862537258,255,-0.04997029432961381
proteomics,peebo_2015,rel0_abs0,high,unfiltered,867,oriC,1.384659210950258e-11,312,0.07090216652009287
proteomics,peebo_2015,rel0_abs0,high,unfiltered,867,ter,0.9206102346407333,255,0.022549348816070933
proteomics,peebo_2015,rel0_abs0,high,unfiltered,867,oriC,3.927627714240318e-8,312,0.09194379460667809
proteomics,peebo_2015,rel0_abs0,high,unfiltered,867,ter,0.3567457154943733,255,-5.212482844942106e-4
proteomics,peebo_2015,rel0_abs0,high,unfiltered,867,oriC,0.0033557334985406173,312,0.027449085820204333
proteomics,peebo_2015,rel0_abs0,high,unfiltered,867,ter,2.3874899942236905e-4,255,-0.10787466458291917
proteomics,peebo_2015,rel0_abs0,high,unfiltered,866,oriC,0.0045963051311163515,312,0.01681057730189325
proteomics,peebo_2015,rel0_abs0,high,unfiltered,866,ter,1.3060530630211568e-5,254,-0.11966822659358567
proteomics,peebo_2015,rel0_abs0,high,unfiltered,867,oriC,1.4519500654967268e-8,312,0.1062595292242628
proteomics,peebo_2015,rel0_abs0,high,unfiltered,867,ter,0.09134048429120321,255,-0.0026410062250564986
proteomics,peebo_2015,rel0_abs0,high,unfiltered,867,oriC,3.3358607682281354e-7,312,0.12142745112250306
proteomics,peebo_2015,rel0_abs0,high,unfiltered,867,ter,0.20280793240205908,255,0.01855283388934071
proteomics,peebo_2015,rel0_abs0,high,unfiltered,867,oriC,1.151126351851697e-6,312,0.09599035052024138
proteomics,peebo_2015,rel0_abs0,high,unfiltered,867,ter,0.46961729956047527,255,0.03829452883380667
proteomics,peebo_2015,rel0_abs0,high,unfiltered,867,oriC,0.0012363789002698407,312,0.04059248714068027
proteomics,peebo_2015,rel0_abs0,high,unfiltered,867,ter,1.1050490667278233e-7,255,-0.1915241418652973
proteomics,peebo_2015,rel0_abs0,high,unfiltered,867,oriC,0.0182759887938618,312,0.004298328480095603
proteomics,peebo_2015,rel0_abs0,high,unfiltered,867,ter,1.1951167154199326e-6,255,-0.1782677072116141
proteomics,peebo_2015,rel0_abs0,high,unfiltered,867,oriC,0.019912208200880233,312,0.002763153967147083
proteomics,peebo_2015,rel0_abs0,high,unfiltered,867,ter,1.7668187684149693e-8,255,-0.2555890811913381
proteomics,peebo_2015,rel0_abs0,high,unfiltered,866,oriC,0.008026829607971724,312,0.04158138961762517
proteomics,peebo_2015,rel0_abs0,high,unfiltered,866,ter,8.769833528692865e-8,254,-0.21810797180079655
proteomics,peebo_2015,rel0_abs0,high,unfiltered,867,oriC,0.028657849018414523,312,0.020714661479804893
proteomics,peebo_2015,rel0_abs0,high,unfiltered,867,ter,2.8097568686011956e-6,255,-0.23770292153411382
proteomics,peebo_2015,rel0_abs0,high,unfiltered,867,oriC,0.023687787542877026,312,0.03637045160287099
proteomics,peebo_2015,rel0_abs0,high,unfiltered,867,ter,2.2642413846618654e-7,255,-0.2115570947014514
proteomics,peebo_2015,rel0_abs0,high,unfiltered,867,oriC,0.012035473742077125,312,0.06840129012041068
proteomics,peebo_2015,rel0_abs0,high,unfiltered,867,ter,1.67958569178411e-6,255,-0.25486420800122234
proteomics,peebo_2015,rel0_abs0,high,unfiltered,867,oriC,0.0352575371899926,312,0.03269307255342111
proteomics,peebo_2015,rel0_abs0,high,unfiltered,867,ter,1.938337137887847e-6,255,-0.3306221188486072
proteomics,peebo_2015,rel0_abs0,high,unfiltered,867,oriC,0.06695357772757295,312,0.03590278625121909
proteomics,peebo_2015,rel0_abs0,high,unfiltered,867,ter,0.4046363110625886,255,0.03207003845409087
proteomics,peebo_2015,rel0_abs0,high,unfiltered,867,oriC,0.005834968992020585,312,0.06174766021537835
proteomics,peebo_2015,rel0_abs0,high,unfiltered,867,ter,0.8997638403300806,255,0.018654786365585763
proteomics,peebo_2015,rel0_abs0,high,unfiltered,867,oriC,0.6016453196670244,312,-0.020294068974056202
proteomics,peebo_2015,rel0_abs0,high,unfiltered,867,ter,9.203374560774372e-5,255,-0.07228438415232301
proteomics,peebo_2015,rel0_abs0,high,unfiltered,864,oriC,0.001244539615013323,312,0.03431548656433173
proteomics,peebo_2015,rel0_abs0,high,unfiltered,864,ter,0.00421386623960731,254,-0.03933051266020608
proteomics,peebo_2015,rel0_abs0,high,unfiltered,866,oriC,0.003536232630097432,312,0.07619845757156912
proteomics,peebo_2015,rel0_abs0,high,unfiltered,866,ter,0.32313995131985646,254,-0.008373707180340582
proteomics,peebo_2015,rel0_abs0,high,unfiltered,867,oriC,0.001543432533229006,312,0.10582967019289466
proteomics,peebo_2015,rel0_abs0,high,unfiltered,867,ter,0.30894801303649944,255,0.009294233903740755
proteomics,peebo_2015,rel0_abs0,high,unfiltered,865,oriC,0.002898806861564915,312,0.11410875386299331
proteomics,peebo_2015,rel0_abs0,high,unfiltered,865,ter,0.5626528687580938,255,0.032870849413432844
proteomics,peebo_2015,rel0_abs0,high,unfiltered,866,oriC,9.082211345348165e-4,312,0.05239487952794188
proteomics,peebo_2015,rel0_abs0,high,unfiltered,866,ter,3.884991518844436e-5,254,-0.07697898460486377
proteomics,peebo_2015,rel0_abs0,high,unfiltered,866,oriC,0.004542477023220194,312,0.04973504079980056
proteomics,peebo_2015,rel0_abs0,high,unfiltered,866,ter,0.005117735796813821,255,-0.053285149837531964
proteomics,peebo_2015,rel0_abs0,high,unfiltered,867,oriC,0.02884099449983795,312,0.013230910528123061
proteomics,peebo_2015,rel0_abs0,high,unfiltered,867,ter,7.144909355523997e-7,255,-0.15376324510015196
proteomics,peebo_2015,rel0_abs0,high,unfiltered,862,oriC,0.0060925875937594,310,0.05148611845476473
proteomics,peebo_2015,rel0_abs0,high,unfiltered,862,ter,7.316392904408803e-5,254,-0.13172151847659835
proteomics,peebo_2015,rel0_abs0,high,unfiltered,866,oriC,0.11100350096894361,312,0.009673892833624156
proteomics,peebo_2015,rel0_abs0,high,unfiltered,866,ter,0.0011753877406136275,254,-0.17357925180651942
proteomics,peebo_2015,rel0_abs0,high,unfiltered,864,oriC,0.023028137922979353,310,0.05973827975456579
proteomics,peebo_2015,rel0_abs0,high,unfiltered,864,ter,3.5033297661112015e-5,255,-0.15511050511746216
proteomics,peebo_2015,rel0_abs0,high,unfiltered,866,oriC,0.03963180448959386,311,0.042514292486728666
proteomics,peebo_2015,rel0_abs0,high,unfiltered,866,ter,1.7419600854592108e-4,255,-0.201525385161685
proteomics,peebo_2015,rel0_abs0,high,unfiltered,861,oriC,0.08642972938819979,310,0.04715848579069459
proteomics,peebo_2015,rel0_abs0,high,unfiltered,861,ter,3.899384868306659e-5,254,-0.26221524635358595
proteomics,peebo_2015,rel0_abs0,high,unfiltered,867,oriC,8.004886090122063e-6,312,0.03687954820138679
proteomics,peebo_2015,rel0_abs0,high,unfiltered,867,ter,0.12947350418165843,255,-0.01125679274270331
proteomics,peebo_2015,rel0_abs0,high,unfiltered,867,oriC,0.979738828701442,312,-0.022764273229871367
proteomics,peebo_2015,rel0_abs0,high,unfiltered,867,ter,0.0014200006819005658,255,-0.09223391021295459
proteomics,peebo_2015,rel0_abs0,high,unfiltered,866,oriC,0.018058278576068985,311,0.008462593128401159
proteomics,peebo_2015,rel0_abs0,high,unfiltered,866,ter,0.0020621316157250066,255,-0.09106849411069985
proteomics,peebo_2015,rel0_abs0,high,unfiltered,867,oriC,6.001617850542004e-7,312,0.06621266724976918
proteomics,peebo_2015,rel0_abs0,high,unfiltered,867,ter,0.10206346877433954,255,-0.009725532913945283
proteomics,peebo_2015,rel0_abs0,high,unfiltered,867,oriC,2.1560375527462618e-5,312,0.08849073063842669
proteomics,peebo_2015,rel0_abs0,high,unfiltered,867,ter,0.08781659825182847,255,-0.02006099469780027
proteomics,peebo_2015,rel0_abs0,high,unfiltered,867,oriC,3.0332272614723e-5,312,0.06896216675942354
proteomics,peebo_2015,rel0_abs0,high,unfiltered,867,ter,0.19132391162550144,255,-0.023661444384464193
proteomics,peebo_2015,rel0_abs0,high,unfiltered,867,oriC,0.0046689744806056605,312,0.008510438262490719
proteomics,peebo_2015,rel0_abs0,high,unfiltered,867,ter,1.0610261965098855e-5,255,-0.14637016420129303
proteomics,peebo_2015,rel0_abs0,high,unfiltered,867,oriC,0.0185872102034815,312,0.028483830233492144
proteomics,peebo_2015,rel0_abs0,high,unfiltered,867,ter,3.3690036154850898e-6,255,-0.15521765917554478
proteomics,peebo_2015,rel0_abs0,high,unfiltered,867,oriC,0.036983248189349116,312,-0.019401548078276213
proteomics,peebo_2015,rel0_abs0,high,unfiltered,867,ter,1.4881752861339347e-9,255,-0.22561225663949627
proteomics,peebo_2015,rel0_abs0,high,unfiltered,867,oriC,0.05164125216713865,312,-0.013235077866250522
proteomics,peebo_2015,rel0_abs0,high,unfiltered,867,ter,7.147348109262334e-8,255,-0.17059767781081214
proteomics,peebo_2015,rel0_abs0,high,unfiltered,867,oriC,0.13982668818338592,312,-0.043633294004946505
proteomics,peebo_2015,rel0_abs0,high,unfiltered,867,ter,1.1400869014085184e-6,255,-0.22655297540091499
proteomics,peebo_2015,rel0_abs0,high,unfiltered,867,oriC,0.11659130090639742,312,-0.02792043068920204
proteomics,peebo_2015,rel0_abs0,high,unfiltered,867,ter,6.320780776393784e-8,255,-0.23204897338992994
proteomics,peebo_2015,rel0_abs0,high,unfiltered,867,oriC,0.12088776538318043,312,-0.010429455710985105
proteomics,peebo_2015,rel0_abs0,high,unfiltered,867,ter,1.2002442503985548e-6,255,-0.2601776731061759
proteomics,peebo_2015,rel0_abs0,high,unfiltered,867,oriC,0.13732071053173267,312,-0.010363861606480179
proteomics,peebo_2015,rel0_abs0,high,unfiltered,867,ter,2.3480128115756838e-7,255,-0.30785506323509676
proteomics,peebo_2015,rel0_abs0,high,unfiltered,867,oriC,1.3104666587286243e-6,312,-0.08959324155889264
proteomics,peebo_2015,rel0_abs0,high,unfiltered,867,ter,0.0032696473617987616,255,-0.08620790072062862
proteomics,peebo_2015,rel0_abs0,high,unfiltered,866,oriC,0.014324446965581227,312,-0.024611763629872156
proteomics,peebo_2015,rel0_abs0,high,unfiltered,866,ter,0.028920136031479693,255,-0.05614101132509096
proteomics,peebo_2015,rel0_abs0,high,unfiltered,867,oriC,1.8474218981123856e-5,312,0.03289802703411471
proteomics,peebo_2015,rel0_abs0,high,unfiltered,867,ter,0.12649855266610685,255,-2.2063688818487927e-5
proteomics,peebo_2015,rel0_abs0,high,unfiltered,867,oriC,2.9589750406812153e-5,312,0.05401570412945733
proteomics,peebo_2015,rel0_abs0,high,unfiltered,867,ter,0.3733585587166415,255,0.010852145464975432
proteomics,peebo_2015,rel0_abs0,high,unfiltered,867,oriC,1.6307793043634605e-4,312,0.055684506729054964
proteomics,peebo_2015,rel0_abs0,high,unfiltered,867,ter,0.8863502452597515,255,0.01729660839701635
proteomics,peebo_2015,rel0_abs0,high,unfiltered,866,oriC,0.029677671538176156,312,-0.012790105442638961
proteomics,peebo_2015,rel0_abs0,high,unfiltered,866,ter,2.8443224257839e-4,255,-0.13369538165241093
proteomics,peebo_2015,rel0_abs0,high,unfiltered,867,oriC,0.15487862883448128,312,-0.00452016300656848
proteomics,peebo_2015,rel0_abs0,high,unfiltered,867,ter,0.0010938787287862498,255,-0.08696260261093729
proteomics,peebo_2015,rel0_abs0,high,unfiltered,867,oriC,0.18631790993020816,312,-0.04606143062316405
proteomics,peebo_2015,rel0_abs0,high,unfiltered,867,ter,5.277074160585583e-8,255,-0.1892704129325677
proteomics,peebo_2015,rel0_abs0,high,unfiltered,865,oriC,0.1780983945137266,312,-0.033700551651409366
proteomics,peebo_2015,rel0_abs0,high,unfiltered,865,ter,8.539923062154516e-7,255,-0.17115934316207085
proteomics,peebo_2015,rel0_abs0,high,unfiltered,867,oriC,0.4002276991641731,312,-0.048515736562511416
proteomics,peebo_2015,rel0_abs0,high,unfiltered,867,ter,2.4704581118511433e-6,255,-0.19642744154973774
proteomics,peebo_2015,rel0_abs0,high,unfiltered,867,oriC,0.37238900541136755,312,-0.05741913303213626
proteomics,peebo_2015,rel0_abs0,high,unfiltered,867,ter,2.3134887277932814e-8,255,-0.18023342562300432
proteomics,peebo_2015,rel0_abs0,high,unfiltered,867,oriC,0.22558392619117298,312,-0.04278546473374488
proteomics,peebo_2015,rel0_abs0,high,unfiltered,867,ter,9.152578422617521e-7,255,-0.2348832956592818
proteomics,peebo_2015,rel0_abs0,high,unfiltered,865,oriC,0.2759182794341921,312,-0.049125724587880074
proteomics,peebo_2015,rel0_abs0,high,unfiltered,865,ter,8.749183462847226e-8,255,-0.26769631224044516
proteomics,peebo_2015,rel0_abs0,high,unfiltered,867,oriC,8.757491641317414e-10,312,0.04657528129010187
proteomics,peebo_2015,rel0_abs0,high,unfiltered,867,ter,0.8185256221844905,255,0.014650353732535159
proteomics,peebo_2015,rel0_abs0,high,unfiltered,867,oriC,5.164577847214513e-5,312,0.1146815159415567
proteomics,peebo_2015,rel0_abs0,high,unfiltered,867,ter,0.13849879057373843,255,0.05851592652649105
proteomics,peebo_2015,rel0_abs0,high,unfiltered,867,oriC,1.4559477894450586e-5,312,0.12098961045752774
proteomics,peebo_2015,rel0_abs0,high,unfiltered,867,ter,0.3257771898217309,255,0.06948792971125461
proteomics,peebo_2015,rel0_abs0,high,unfiltered,867,oriC,9.419440389737277e-5,312,0.13233598899153956
proteomics,peebo_2015,rel0_abs0,high,unfiltered,867,ter,0.1520842391039654,255,0.07460988276219097
proteomics,peebo_2015,rel0_abs0,high,unfiltered,867,oriC,8.80855322606517e-7,312,0.04809899103619589
proteomics,peebo_2015,rel0_abs0,high,unfiltered,867,ter,3.4486372194376453e-4,255,-0.03171289574869564
proteomics,peebo_2015,rel0_abs0,high,unfiltered,867,oriC,4.478715580137205e-5,312,0.06445221906628726
proteomics,peebo_2015,rel0_abs0,high,unfiltered,867,ter,0.10937632612584366,255,-0.007860393212086725
proteomics,peebo_2015,rel0_abs0,high,unfiltered,867,oriC,0.004960496715100929,312,0.03589404304151288
proteomics,peebo_2015,rel0_abs0,high,unfiltered,867,ter,1.556264019594169e-7,255,-0.1148124282420186
proteomics,peebo_2015,rel0_abs0,high,unfiltered,867,oriC,3.057763871291224e-4,312,0.06916963801666032
proteomics,peebo_2015,rel0_abs0,high,unfiltered,867,ter,0.0015502535716677402,255,-0.06552537802748915
proteomics,peebo_2015,rel0_abs0,high,unfiltered,867,oriC,0.028024705580644245,312,0.027388408044040177
proteomics,peebo_2015,rel0_abs0,high,unfiltered,867,ter,0.006892716386444364,255,-0.07766045020429778
proteomics,peebo_2015,rel0_abs0,high,unfiltered,867,oriC,0.007562442612960173,312,0.0593256109626998
proteomics,peebo_2015,rel0_abs0,high,unfiltered,867,ter,6.737028705495483e-4,255,-0.09547977692558009
proteomics,peebo_2015,rel0_abs0,high,unfiltered,867,oriC,0.016931273990112287,312,0.047744154195040536
proteomics,peebo_2015,rel0_abs0,high,unfiltered,867,ter,0.0027709040104945295,255,-0.1452372734381665
proteomics,peebo_2015,rel0_abs0,high,unfiltered,867,oriC,0.030199182103356367,312,0.06018043175127635
proteomics,peebo_2015,rel0_abs0,high,unfiltered,867,ter,3.393101246023725e-4,255,-0.1869488550269779
proteomics,peebo_2015,rel0_abs0,high,unfiltered,867,oriC,4.71882178563963e-4,312,0.07276639223622182
proteomics,peebo_2015,rel0_abs0,high,unfiltered,867,ter,0.10788153332330251,255,0.06944254174932153
proteomics,peebo_2015,rel0_abs0,high,unfiltered,867,oriC,7.545968146138859e-5,312,0.11145075967242953
proteomics,peebo_2015,rel0_abs0,high,unfiltered,867,ter,0.15899542138258924,255,0.07105480958841989
proteomics,peebo_2015,rel0_abs0,high,unfiltered,867,oriC,5.66181111296864e-4,312,0.09508533500827915
proteomics,peebo_2015,rel0_abs0,high,unfiltered,867,ter,0.17192402903936033,255,0.06866392198711163
proteomics,peebo_2015,rel0_abs0,high,unfiltered,866,oriC,0.024473442490992245,312,0.002508353026630052
proteomics,peebo_2015,rel0_abs0,high,unfiltered,866,ter,4.5517307697491975e-5,254,-0.07796261022334411
proteomics,peebo_2015,rel0_abs0,high,unfiltered,864,oriC,0.0011518870442205078,310,0.04066227270213467
proteomics,peebo_2015,rel0_abs0,high,unfiltered,864,ter,0.015832986107261096,255,-0.03039690301727693
proteomics,peebo_2015,rel0_abs0,high,unfiltered,867,oriC,0.22390775052040873,312,-0.0174496890097819
proteomics,peebo_2015,rel0_abs0,high,unfiltered,867,ter,1.460400350434407e-6,255,-0.11780882301289093
proteomics,peebo_2015,rel0_abs0,high,unfiltered,858,oriC,0.011775766767469402,311,0.022357775875957345
proteomics,peebo_2015,rel0_abs0,high,unfiltered,858,ter,2.2062099246961502e-4,250,-0.11213089226930134
proteomics,peebo_2015,rel0_abs0,high,unfiltered,866,oriC,0.2882264199703425,311,-0.008731779184061308
proteomics,peebo_2015,rel0_abs0,high,unfiltered,866,ter,0.0031724967194213215,255,-0.10518033030277485
proteomics,peebo_2015,rel0_abs0,high,unfiltered,858,oriC,0.0799719605743551,309,0.029652147290247535
proteomics,peebo_2015,rel0_abs0,high,unfiltered,858,ter,3.8239623410963014e-5,252,-0.134134666530852
proteomics,peebo_2015,rel0_abs0,high,unfiltered,867,oriC,0.03949568258707518,312,0.04870797737416794
proteomics,peebo_2015,rel0_abs0,high,unfiltered,867,ter,0.0016335977022365273,255,-0.12821104152922894
proteomics,peebo_2015,rel0_abs0,high,unfiltered,857,oriC,0.10432394044030906,309,0.02350874392153464
proteomics,peebo_2015,rel0_abs0,high,unfiltered,857,ter,3.250904959029573e-4,253,-0.20494428807824083
proteomics,peebo_2015,rel0_abs0,high,unfiltered,867,oriC,2.1398354927067002e-4,312,0.028483740021593283
proteomics,peebo_2015,rel0_abs0,high,unfiltered,867,ter,0.9759780705701943,255,0.0031158364774415553
proteomics,peebo_2015,rel0_abs0,high,unfiltered,865,oriC,4.960222397798719e-4,310,0.03137413637645202
proteomics,peebo_2015,rel0_abs0,high,unfiltered,865,ter,0.23721153846723805,255,0.017776196857868326
proteomics,peebo_2015,rel0_abs0,high,unfiltered,867,oriC,0.20359179330039068,312,-0.01853900066832681
proteomics,peebo_2015,rel0_abs0,high,unfiltered,867,ter,0.003406494371659883,255,-0.11679608988215584
proteomics,peebo_2015,rel0_abs0,high,unfiltered,866,oriC,0.11339715548600823,311,-0.0016602583970818895
proteomics,peebo_2015,rel0_abs0,high,unfiltered,866,ter,0.009456100484950969,255,-0.10701158357638402
proteomics,peebo_2015,rel0_abs0,high,unfiltered,867,oriC,0.5378308657865825,312,-0.057951131474069134
proteomics,peebo_2015,rel0_abs0,high,unfiltered,867,ter,1.3129419415134455e-6,255,-0.18193943879541308
proteomics,peebo_2015,rel0_abs0,high,unfiltered,866,oriC,0.06583371534243924,311,-0.018768125380457978
proteomics,peebo_2015,rel0_abs0,high,unfiltered,866,ter,4.431983434244592e-5,255,-0.13284721567618138
proteomics,peebo_2015,rel0_abs0,high,unfiltered,865,oriC,0.3187058234402982,311,-0.055062610892100086
proteomics,peebo_2015,rel0_abs0,high,unfiltered,865,ter,5.960008832719178e-5,254,-0.19855077797497334
proteomics,peebo_2015,rel0_abs0,high,unfiltered,866,oriC,0.23136107232754574,311,-0.021193623036135117
proteomics,peebo_2015,rel0_abs0,high,unfiltered,866,ter,2.2849093527971525e-7,255,-0.1862855837771716
proteomics,peebo_2015,rel0_abs0,high,unfiltered,866,oriC,0.16888160217657897,311,4.15668419513461e-4
proteomics,peebo_2015,rel0_abs0,high,unfiltered,866,ter,1.3818398873973095e-6,255,-0.20524617754855531
proteomics,peebo_2015,rel0_abs0,high,unfiltered,865,oriC,0.23021795138101772,310,-0.04366025030152201
proteomics,peebo_2015,rel0_abs0,high,unfiltered,865,ter,3.3785075568958935e-8,255,-0.25059651600693433
proteomics,peebo_2015,rel0_abs0,high,unfiltered,867,oriC,1.3869952270474181e-5,312,-0.07278672415647579
proteomics,peebo_2015,rel0_abs0,high,unfiltered,867,ter,0.0075524793169776975,255,-0.12308877989243643
proteomics,peebo_2015,rel0_abs0,high,unfiltered,865,oriC,4.8213023700425226e-4,310,-0.0478235512882562
proteomics,peebo_2015,rel0_abs0,high,unfiltered,865,ter,0.0023425930231059803,255,-0.08870597305674911
proteomics,peebo_2015,rel0_abs0,high,unfiltered,866,oriC,0.9717372897914603,312,-0.06362457648804802
proteomics,peebo_2015,rel0_abs0,high,unfiltered,866,ter,1.516265214385666e-5,255,-0.1928126448160458
proteomics,peebo_2015,rel0_abs0,high,unfiltered,864,oriC,0.13087289182253464,310,-0.03430207311666332
proteomics,peebo_2015,rel0_abs0,high,unfiltered,864,ter,0.0010711686071231494,255,-0.17356020246530257
proteomics,peebo_2015,rel0_abs0,high,unfiltered,866,oriC,0.5830054911454694,312,-0.0554031947031208
proteomics,peebo_2015,rel0_abs0,high,unfiltered,866,ter,1.8497228389608064e-5,254,-0.18222283454234964
proteomics,peebo_2015,rel0_abs0,high,unfiltered,861,oriC,0.31910235669108034,309,-0.02574685641915529
proteomics,peebo_2015,rel0_abs0,high,unfiltered,861,ter,1.7853943816236629e-6,254,-0.182295532060296
proteomics,peebo_2015,rel0_abs0,high,unfiltered,866,oriC,0.3409924865062467,312,-0.02867501790470514
proteomics,peebo_2015,rel0_abs0,high,unfiltered,866,ter,4.061151962264393e-6,254,-0.16698591811036614
proteomics,peebo_2015,rel0_abs0,high,unfiltered,865,oriC,0.3885328061644114,311,-0.03639767310424164
proteomics,peebo_2015,rel0_abs0,high,unfiltered,865,ter,2.6516496949879337e-8,255,-0.20819509405892528
proteomics,peebo_2015,rel0_abs0,high,unfiltered,866,oriC,3.2134288891590935e-5,312,-0.08400480450479333
proteomics,peebo_2015,rel0_abs0,high,unfiltered,866,ter,0.0014158379608795217,255,-0.1495084397973634
proteomics,peebo_2015,rel0_abs0,high,unfiltered,864,oriC,0.001574295240710546,310,-0.04772995392281319
proteomics,peebo_2015,rel0_abs0,high,unfiltered,864,ter,0.0020680139367866266,255,-0.1246313662537977
proteomics,peebo_2015,rel0_abs0,high,unfiltered,867,oriC,0.8128748003782754,312,-0.07267593412741322
proteomics,peebo_2015,rel0_abs0,high,unfiltered,867,ter,1.2209668452713537e-6,255,-0.20881112679445551
proteomics,peebo_2015,rel0_abs0,high,unfiltered,864,oriC,0.09628674176277782,311,-0.031681745542616165
proteomics,peebo_2015,rel0_abs0,high,unfiltered,864,ter,2.113806211694382e-5,255,-0.1758646980314877
proteomics,peebo_2015,rel0_abs0,high,unfiltered,865,oriC,0.3986840854967226,310,-0.050896126805680814
proteomics,peebo_2015,rel0_abs0,high,unfiltered,865,ter,4.595100123426753e-6,255,-0.21253841567866158
proteomics,peebo_2015,rel0_abs0,high,unfiltered,863,oriC,0.29588787097721136,309,-0.049349024091750744
proteomics,peebo_2015,rel0_abs0,high,unfiltered,863,ter,9.323646201977053e-8,254,-0.18971336584575776
proteomics,peebo_2015,rel0_abs0,high,unfiltered,866,oriC,0.20954097929026352,311,-0.023458292370090755
proteomics,peebo_2015,rel0_abs0,high,unfiltered,866,ter,6.321312860974268e-7,255,-0.1978438311409202
proteomics,peebo_2015,rel0_abs0,high,unfiltered,859,oriC,0.19337244879983825,308,-0.027438606995495746
proteomics,peebo_2015,rel0_abs0,high,unfiltered,859,ter,7.985198098301057e-10,253,-0.23136741055929483
proteomics,peebo_2015,rel0_abs0,high,unfiltered,867,oriC,8.489328416535982e-4,312,0.03688136230748146
proteomics,peebo_2015,rel0_abs0,high,unfiltered,867,ter,0.11164916372180417,255,0.019640608567169947
proteomics,peebo_2015,rel0_abs0,high,unfiltered,867,oriC,0.7379706490525721,312,-0.020792577945952087
proteomics,peebo_2015,rel0_abs0,high,unfiltered,867,ter,1.5696986874115774e-8,255,-0.08088309391026252
proteomics,peebo_2015,rel0_abs0,high,unfiltered,866,oriC,0.029819127907131607,312,0.020488634338975853
proteomics,peebo_2015,rel0_abs0,high,unfiltered,866,ter,0.019603106087153144,255,-0.025192480660040616
proteomics,peebo_2015,rel0_abs0,high,unfiltered,867,oriC,0.6536706586835546,312,-0.01042237800627531
proteomics,peebo_2015,rel0_abs0,high,unfiltered,867,ter,0.001657469929891339,255,-0.06341604994588244
proteomics,peebo_2015,rel0_abs0,high,unfiltered,867,oriC,0.042983632782005995,312,0.02783887407146745
proteomics,peebo_2015,rel0_abs0,high,unfiltered,867,ter,0.0030610783774275827,255,-0.045295968107382525
proteomics,peebo_2015,rel0_abs0,high,unfiltered,867,oriC,0.06676693803399417,312,0.014794468364445184
proteomics,peebo_2015,rel0_abs0,high,unfiltered,867,ter,0.00943278901063603,255,-0.08498690705135419
proteomics,peebo_2015,rel0_abs0,high,unfiltered,865,oriC,0.08036274849131775,312,0.03201908852283328
proteomics,peebo_2015,rel0_abs0,high,unfiltered,865,ter,0.0015945331667314565,254,-0.12448257882178006
proteomics,peebo_2015,rel0_abs0,high,unfiltered,867,oriC,0.8618560518586166,312,-0.0201413276099979
proteomics,peebo_2015,rel0_abs0,high,unfiltered,867,ter,2.5891354754271244e-9,255,-0.09710652648135565
proteomics,peebo_2015,rel0_abs0,high,unfiltered,859,oriC,0.09034323429650788,309,0.012624316604552965
proteomics,peebo_2015,rel0_abs0,high,unfiltered,859,ter,2.5179100942384572e-5,254,-0.06226237264052742
proteomics,peebo_2015,rel0_abs0,high,unfiltered,865,oriC,0.4274276740922679,311,-0.02666394593333465
proteomics,peebo_2015,rel0_abs0,high,unfiltered,865,ter,3.9283235451947784e-5,254,-0.10315765214265446
proteomics,peebo_2015,rel0_abs0,high,unfiltered,861,oriC,0.09769733798667368,308,0.019045374274615584
proteomics,peebo_2015,rel0_abs0,high,unfiltered,861,ter,3.7788912568722847e-6,255,-0.09883228801363286
proteomics,peebo_2015,rel0_abs0,high,unfiltered,867,oriC,0.020349203196271773,312,0.027799860743456778
proteomics,peebo_2015,rel0_abs0,high,unfiltered,867,ter,8.155165417828326e-4,255,-0.10750831046127339
proteomics,peebo_2015,rel0_abs0,high,unfiltered,855,oriC,0.12682895474393277,307,0.029967642299984876
proteomics,peebo_2015,rel0_abs0,high,unfiltered,855,ter,1.8934280336071923e-4,254,-0.2347725034390325
proteomics,peebo_2015,rel0_abs0,high,unfiltered,866,oriC,2.7087328385510828e-8,312,0.04358812374310145
proteomics,peebo_2015,rel0_abs0,high,unfiltered,866,ter,0.016933675095665464,255,0.031518417397004804
proteomics,peebo_2015,rel0_abs0,high,unfiltered,867,oriC,0.018839516434210925,312,0.018511638826195803
proteomics,peebo_2015,rel0_abs0,high,unfiltered,867,ter,0.19597604793569245,255,-0.02355526610696248
proteomics,peebo_2015,rel0_abs0,high,unfiltered,866,oriC,5.170313382426583e-4,312,0.05680687702733343
proteomics,peebo_2015,rel0_abs0,high,unfiltered,866,ter,0.18562365883286241,255,-0.013598356673530468
proteomics,peebo_2015,rel0_abs0,high,unfiltered,867,oriC,5.957921966089952e-4,312,0.05279376319826866
proteomics,peebo_2015,rel0_abs0,high,unfiltered,867,ter,0.5338337168423799,255,-0.00805976658337509
proteomics,peebo_2015,rel0_abs0,high,unfiltered,866,oriC,0.012849952442499087,312,0.09202481549239341
proteomics,peebo_2015,rel0_abs0,high,unfiltered,866,ter,0.027518552373426406,255,-0.05843593370849199
proteomics,peebo_2015,rel0_abs0,high,unfiltered,864,oriC,4.867714100427411e-5,311,-0.0301892918188359
proteomics,peebo_2015,rel0_abs0,high,unfiltered,864,ter,0.00492810037458195,253,-0.05498360393857181
proteomics,peebo_2015,rel0_abs0,high,unfiltered,852,oriC,0.1453760626142482,307,0.025288878978238505
proteomics,peebo_2015,rel0_abs0,high,unfiltered,852,ter,6.792713735657355e-4,252,-0.04350939009085776
proteomics,peebo_2015,rel0_abs0,high,unfiltered,866,oriC,0.016521544174200115,311,0.03031729009625527
proteomics,peebo_2015,rel0_abs0,high,unfiltered,866,ter,0.1893143502868875,255,-0.02105610409025308
proteomics,peebo_2015,rel0_abs0,high,unfiltered,846,oriC,0.062082439303638354,306,0.07088338548101147
proteomics,peebo_2015,rel0_abs0,high,unfiltered,846,ter,0.03080378637838138,251,-0.05151898083253714
proteomics,peebo_2015,rel0_abs0,high,unfiltered,865,oriC,2.4173090565121216e-6,310,0.055251729799732446
proteomics,peebo_2015,rel0_abs0,high,unfiltered,865,ter,0.5518289943747525,255,0.014984098894246043
proteomics,peebo_2015,rel0_abs0,high,unfiltered,865,oriC,8.57043799390686e-9,311,0.06924559194935229
proteomics,peebo_2015,rel0_abs0,high,unfiltered,865,ter,0.5222290549913038,254,0.023792922567714016
proteomics,peebo_2015,rel0_abs0,high,unfiltered,863,oriC,5.194452714642652e-4,309,0.1094683186062923
proteomics,peebo_2015,rel0_abs0,high,unfiltered,863,ter,0.3290243855726242,254,0.011987889741158473
proteomics,peebo_2015,rel0_abs0,high,unfiltered,866,oriC,0.029412462199384207,311,0.019663674657597486
proteomics,peebo_2015,rel0_abs0,high,unfiltered,866,ter,0.46080527448743297,255,0.011232876756096943
proteomics,peebo_2015,rel0_abs0,high,unfiltered,844,oriC,0.0023912160935882472,305,0.06864095500510352
proteomics,peebo_2015,rel0_abs0,high,unfiltered,844,ter,0.29313173540709825,249,0.033938517484939486
proteomics,peebo_2015,rel0_abs0,high,unfiltered,866,oriC,0.005193601335953096,311,0.06194726874618954
proteomics,peebo_2015,rel0_abs0,high,unfiltered,866,ter,0.3291291647014902,255,0.01841854168195576
proteomics,li_2014_all,rel0_abs0,high,unfiltered,2127,oriC,0.07842668535279262,765,-0.11465576566764699
proteomics,li_2014_all,rel0_abs0,high,unfiltered,2127,ter,4.534946343894149e-26,658,-0.4248619124687345
proteomics,li_2014_all,rel0_abs0,high,unfiltered,2127,oriC,0.9294911195314375,765,-0.05833672456272116
proteomics,li_2014_all,rel0_abs0,high,unfiltered,2127,ter,2.4971504930759984e-23,658,-0.4993105690962095
proteomics,li_2014_all,rel0_abs0,high,unfiltered,2127,oriC,0.02944676044484575,765,0.060140570733494686
proteomics,li_2014_all,rel0_abs0,high,unfiltered,2127,ter,0.011904634994148575,658,-0.06621151392442745
proteomics,valgepea_2013_prot,rel0_abs0,high,unfiltered,1148,oriC,6.574768336154783e-16,426,0.10381499552365878
proteomics,valgepea_2013_prot,rel0_abs0,high,unfiltered,1148,ter,9.667982298111933e-4,340,0.09046356299148497
proteomics,valgepea_2013_prot,rel0_abs0,high,unfiltered,1148,oriC,2.8230453682402577e-6,426,0.10344496248156325
proteomics,valgepea_2013_prot,rel0_abs0,high,unfiltered,1148,ter,0.26695048761802276,340,0.054010615175984565
proteomics,valgepea_2013_prot,rel0_abs0,high,unfiltered,1148,oriC,0.008954088041982102,426,0.02455682648868737
proteomics,valgepea_2013_prot,rel0_abs0,high,unfiltered,1148,ter,0.4781431440395965,340,-0.02650365852691297
proteomics,valgepea_2013_prot,rel0_abs0,high,unfiltered,1148,oriC,0.012833997515962836,426,0.002242948874147958
proteomics,valgepea_2013_prot,rel0_abs0,high,unfiltered,1148,ter,0.22127822579187606,340,-0.07529855189052377
proteomics,valgepea_2013_prot,rel0_abs0,high,unfiltered,1148,oriC,0.4695205203081918,426,-0.015117079178420855
proteomics,valgepea_2013_prot,rel0_abs0,high,unfiltered,1148,ter,0.11656069100182495,340,-0.03297236276502087
proteomics,valgepea_2013_prot,rel0_abs0,high,unfiltered,1148,oriC,0.6389306942079288,426,-0.0743343200047344
proteomics,valgepea_2013_prot,rel0_abs0,high,unfiltered,1148,ter,9.407737371633849e-5,340,-0.11826222173683751
proteomics,valgepea_2013_prot,rel0_abs0,high,unfiltered,1148,oriC,0.8450290221172888,426,-0.0752282812229807
proteomics,valgepea_2013_prot,rel0_abs0,high,unfiltered,1148,ter,9.535872345085319e-4,340,-0.15019669693988866
proteomics,valgepea_2013_prot,rel0_abs0,high,unfiltered,1147,oriC,0.02402295978917687,425,-0.0630745093999801
proteomics,valgepea_2013_prot,rel0_abs0,high,unfiltered,1147,ter,3.3384822200154777e-10,340,-0.08270291130553237
proteomics,valgepea_2013_prot,rel0_abs0,high,unfiltered,1148,oriC,0.5035047500631787,426,-0.05159235359596336
proteomics,valgepea_2013_prot,rel0_abs0,high,unfiltered,1148,ter,7.606621384631191e-4,340,-0.06725825073112482
proteomics,valgepea_2013_prot,rel0_abs0,high,unfiltered,1148,oriC,0.026012930517070387,426,0.027273142150112645
proteomics,valgepea_2013_prot,rel0_abs0,high,unfiltered,1148,ter,0.47916994322587564,340,0.004884339246239251
proteomics,Goelzer_2015,rel0_abs0,high,unfiltered,805,oriC,0.16546369911660636,258,0.11723175176388206
proteomics,Goelzer_2015,rel0_abs0,high,unfiltered,805,ter,0.14716980612207095,283,-0.07223774825999017
proteomics,Goelzer_2015,rel0_abs0,high,unfiltered,805,oriC,0.08431887175067128,258,0.16471255703688764
proteomics,Goelzer_2015,rel0_abs0,high,unfiltered,805,ter,0.02206513325876557,283,-0.17495910175222049
proteomics,Goelzer_2015,rel0_abs0,high,unfiltered,804,oriC,0.019685393053715795,257,0.22120111216078514
proteomics,Goelzer_2015,rel0_abs0,high,unfiltered,804,ter,0.023762836721128243,283,-0.07579415408877464
proteomics,Goelzer_2015,rel0_abs0,high,unfiltered,805,oriC,0.00880173690072799,258,0.3122350825263991
proteomics,Goelzer_2015,rel0_abs0,high,unfiltered,805,ter,0.23555550248970297,283,-0.07047039930182208
proteomics,Goelzer_2015,rel0_abs0,high,unfiltered,805,oriC,0.021948081526627642,258,0.08425966634072982
proteomics,Goelzer_2015,rel0_abs0,high,unfiltered,805,ter,0.0028005067427401974,283,-0.1497877915006241
proteomics,Goelzer_2015,rel0_abs0,high,unfiltered,805,oriC,0.5691702361192139,258,0.010111563588629819
proteomics,Goelzer_2015,rel0_abs0,high,unfiltered,805,ter,0.08472255126371495,283,-0.13584172189160154
proteomics,Goelzer_2015,rel0_abs0,high,unfiltered,805,oriC,0.014941576911138517,258,0.18757169754271708
proteomics,Goelzer_2015,rel0_abs0,high,unfiltered,805,ter,0.22762900760594112,283,-0.051423765636597
proteomics,Goelzer_2015,rel0_abs0,high,unfiltered,805,oriC,0.6946341537373901,258,-0.015419844708591276
proteomics,Goelzer_2015,rel0_abs0,high,unfiltered,805,ter,0.45718659171553794,283,0.012349520719211316
proteomics,Goelzer_2015,rel0_abs0,high,unfiltered,805,oriC,0.007997708609692462,258,0.1740227433196127
proteomics,Goelzer_2015,rel0_abs0,high,unfiltered,805,ter,0.7569303250340309,283,0.041674998889937705
proteomics,Goelzer_2015,rel0_abs0,high,unfiltered,803,oriC,0.021376265247365432,257,0.09809670647305524
proteomics,Goelzer_2015,rel0_abs0,high,unfiltered,803,ter,0.0016782595447459164,283,0.22232870200667307
proteomics,zhu_B_subtilis,rel0_abs0,high,unfiltered,941,oriC,0.03396783359700552,297,0.03620267848448637
proteomics,zhu_B_subtilis,rel0_abs0,high,unfiltered,941,ter,0.8794283553723241,332,-0.002002229320937661
proteomics,zhu_B_subtilis,rel0_abs0,high,unfiltered,941,oriC,6.29558675173938e-24,297,0.3611523025999974
proteomics,zhu_B_subtilis,rel0_abs0,high,unfiltered,941,ter,7.75768237053483e-27,332,0.32731533211609665
proteomics,zhu_B_subtilis,rel0_abs0,high,unfiltered,941,oriC,6.454033787324171e-6,297,0.13821114736490928
proteomics,zhu_B_subtilis,rel0_abs0,high,unfiltered,941,ter,0.04244239306410876,332,0.07490757342343773
proteomics,zhu_B_subtilis,rel0_abs0,high,unfiltered,941,oriC,4.131342440279536e-20,297,0.2955659453890122
proteomics,zhu_B_subtilis,rel0_abs0,high,unfiltered,941,ter,4.331732055047245e-16,332,0.3385553861832642
proteomics,zhu_B_subtilis,rel0_abs0,high,unfiltered,941,oriC,5.385807775630913e-9,297,0.24652104756509735
proteomics,zhu_B_subtilis,rel0_abs0,high,unfiltered,941,ter,1.282203973387653e-6,332,0.2576836483981142
proteomics,zhu_B_subtilis,rel0_abs0,high,unfiltered,941,oriC,0.2925871112474585,297,-0.03372434674692921
proteomics,zhu_B_subtilis,rel0_abs0,high,unfiltered,941,ter,0.018192196520014674,332,-0.09619624455609962
proteomics,zhu_B_subtilis,rel0_abs0,high,unfiltered,941,oriC,0.3893823706809641,297,-0.0734491620075702
proteomics,zhu_B_subtilis,rel0_abs0,high,unfiltered,941,ter,0.0010728025719909475,332,-0.21017688722161273
proteomics,zhu_B_subtilis,rel0_abs0,high,unfiltered,941,oriC,3.4887118607219816e-5,297,0.18782627139054858
proteomics,zhu_B_subtilis,rel0_abs0,high,unfiltered,941,ter,0.4137462517541134,332,0.10758590167475376
proteomics,zhu_B_subtilis,rel0_abs0,high,unfiltered,941,oriC,0.0035106256409602214,297,0.16312457411485387
proteomics,zhu_B_subtilis,rel0_abs0,high,unfiltered,941,ter,0.08511140737573913,332,-0.09980206914267843
proteomics,zhu_B_subtilis,rel0_abs0,high,unfiltered,941,oriC,7.770718782797201e-9,297,0.2674106164701701
proteomics,zhu_B_subtilis,rel0_abs0,high,unfiltered,941,ter,2.741244548771148e-21,332,0.29026124865546865
proteomics,zhu_B_subtilis,rel0_abs0,high,unfiltered,941,oriC,2.342840081317058e-5,297,0.06628574288132556
proteomics,zhu_B_subtilis,rel0_abs0,high,unfiltered,941,ter,1.4482723205406963e-4,332,0.10212863097165698
proteomics,zhu_B_subtilis,rel0_abs0,high,unfiltered,941,oriC,3.760345808552655e-21,297,0.2559464256165232
proteomics,zhu_B_subtilis,rel0_abs0,high,unfiltered,941,ter,2.3105796711841957e-29,332,0.32143916814355933
proteomics,zhu_B_subtilis,rel0_abs0,high,unfiltered,941,oriC,1.8749183494604473e-9,297,0.18955928452807788
proteomics,zhu_B_subtilis,rel0_abs0,high,unfiltered,941,ter,3.053550871063996e-11,332,0.24233353905047123
proteomics,zhu_B_subtilis,rel0_abs0,high,unfiltered,941,oriC,0.2261124482502344,297,-0.03049166966053137
proteomics,zhu_B_subtilis,rel0_abs0,high,unfiltered,941,ter,0.07140380013424132,332,-0.046534127247667985
proteomics,zhu_B_subtilis,rel0_abs0,high,unfiltered,941,oriC,0.22740964011015422,297,-0.03945171022368207
proteomics,zhu_B_subtilis,rel0_abs0,high,unfiltered,941,ter,0.006495993527736568,332,-0.070733513372934
proteomics,zhu_B_subtilis,rel0_abs0,high,unfiltered,941,oriC,1.3347966681436353e-5,297,0.25588587432070076
proteomics,zhu_B_subtilis,rel0_abs0,high,unfiltered,941,ter,0.15392361308070732,332,0.1865888031744975
proteomics,zhu_B_subtilis,rel0_abs0,high,unfiltered,941,oriC,0.002675133184709662,297,0.24441442031542823
proteomics,zhu_B_subtilis,rel0_abs0,high,unfiltered,941,ter,0.3998512333237892,332,0.04884585926139577
proteomics,zhu_B_subtilis,rel0_abs0,high,unfiltered,941,oriC,3.0416811280805625e-4,297,-0.21336049318334255
proteomics,zhu_B_subtilis,rel0_abs0,high,unfiltered,941,ter,1.3968247424848607e-11,332,-0.23897738657072354
proteomics,zhu_B_subtilis,rel0_abs0,high,unfiltered,941,oriC,0.38715487840608515,297,-0.023115767745525567
proteomics,zhu_B_subtilis,rel0_abs0,high,unfiltered,941,ter,0.37077496608524096,332,-0.006535130421623417
proteomics,zhu_B_subtilis,rel0_abs0,high,unfiltered,941,oriC,0.0427708391278081,297,-0.13141833411030565
proteomics,zhu_B_subtilis,rel0_abs0,high,unfiltered,941,ter,0.0018093284362146655,332,-0.10454902130581797
proteomics,zhu_B_subtilis,rel0_abs0,high,unfiltered,941,oriC,0.01256725173267699,297,-0.25363054774643984
proteomics,zhu_B_subtilis,rel0_abs0,high,unfiltered,941,ter,1.825217200914197e-13,332,-0.3980286966347224
proteomics,zhu_B_subtilis,rel0_abs0,high,unfiltered,941,oriC,0.021677232752121117,297,-0.3788735524637162
proteomics,zhu_B_subtilis,rel0_abs0,high,unfiltered,941,ter,2.076665988893358e-11,332,-0.4939394819168833
proteomics,zhu_B_subtilis,rel0_abs0,high,unfiltered,941,oriC,0.556077789330681,297,-0.09463564965003327
proteomics,zhu_B_subtilis,rel0_abs0,high,unfiltered,941,ter,8.88477819326096e-5,332,-0.15573368356519038
proteomics,zhu_B_subtilis,rel0_abs0,high,unfiltered,940,oriC,0.38826765150591375,297,-0.1474788097357703
proteomics,zhu_B_subtilis,rel0_abs0,high,unfiltered,940,ter,1.3756249490980634e-7,331,-0.3940738252386437
proteomics,zhu_B_subtilis,rel0_abs0,high,unfiltered,941,oriC,1.859370995191793e-9,297,0.19172661390737275
proteomics,zhu_B_subtilis,rel0_abs0,high,unfiltered,941,ter,9.307317086664516e-25,332,0.21913681946564895
proteomics,zhu_B_subtilis,rel0_abs0,high,unfiltered,941,oriC,4.817036474253419e-7,297,0.10028472067499272
proteomics,zhu_B_subtilis,rel0_abs0,high,unfiltered,941,ter,1.7032069976335824e-14,332,0.16433629998614824
proteomics,zhu_B_subtilis,rel0_abs0,high,unfiltered,941,oriC,0.2598596607125354,297,0.02001796351533794
proteomics,zhu_B_subtilis,rel0_abs0,high,unfiltered,941,ter,9.713368648810269e-4,332,-0.08493581553628217
proteomics,zhu_B_subtilis,rel0_abs0,high,unfiltered,941,oriC,0.29850883070901696,297,-0.01321367048582917
proteomics,zhu_B_subtilis,rel0_abs0,high,unfiltered,941,ter,4.374661678597476e-4,332,-0.10427307885477766
proteomics,zhu_B_subtilis,rel0_abs0,high,unfiltered,941,oriC,1.1155216043801055e-5,297,0.15890263126285792
proteomics,zhu_B_subtilis,rel0_abs0,high,unfiltered,941,ter,0.02951304786361451,332,0.11668079092996415
proteomics,zhu_B_subtilis,rel0_abs0,high,unfiltered,941,oriC,0.003745573263505923,297,0.23246882254599768
proteomics,zhu_B_subtilis,rel0_abs0,high,unfiltered,941,ter,0.3306892368694087,332,0.014346424786836145
proteomics,zhu_B_subtilis,rel0_abs0,high,unfiltered,941,oriC,0.005772403179022019,297,-0.06897878212580198
proteomics,zhu_B_subtilis,rel0_abs0,high,unfiltered,941,ter,3.195009332235139e-8,332,-0.06898421335339928
proteomics,zhu_B_subtilis,rel0_abs0,high,unfiltered,941,oriC,0.013328287226895422,297,-0.2583203562025272
proteomics,zhu_B_subtilis,rel0_abs0,high,unfiltered,941,ter,5.819080143134063e-15,332,-0.31139275895913465
proteomics,zhu_B_subtilis,rel0_abs0,high,unfiltered,941,oriC,0.09663452840388119,297,-0.2640238087591673
proteomics,zhu_B_subtilis,rel0_abs0,high,unfiltered,941,ter,1.865770231562887e-10,332,-0.3974771590903291
proteomics,zhu_B_subtilis,rel0_abs0,high,unfiltered,941,oriC,0.6617796497056211,297,-0.023535528517490408
proteomics,zhu_B_subtilis,rel0_abs0,high,unfiltered,941,ter,0.0011911394937087249,332,-0.10381405069599543
proteomics,zhu_B_subtilis,rel0_abs0,high,unfiltered,940,oriC,0.78973095334264,297,-0.05660718034901306
proteomics,zhu_B_subtilis,rel0_abs0,high,unfiltered,940,ter,1.4884338189917204e-6,332,-0.2592195404941492
proteomics,zhu_B_subtilis,rel0_abs0,high,unfiltered,941,oriC,0.044602011505126146,297,-0.13504539575248475
proteomics,zhu_B_subtilis,rel0_abs0,high,unfiltered,941,ter,1.6050149908178192e-13,332,-0.2200275547254996
proteomics,zhu_B_subtilis,rel0_abs0,high,unfiltered,941,oriC,0.5738783868608499,297,-0.1413997380606331
proteomics,zhu_B_subtilis,rel0_abs0,high,unfiltered,941,ter,1.0757002727557639e-9,332,-0.3717391867268003
proteomics,zhu_B_subtilis,rel0_abs0,high,unfiltered,939,oriC,0.009573138007925,296,0.09469430243722625
proteomics,zhu_B_subtilis,rel0_abs0,high,unfiltered,939,ter,0.2561400012038982,332,-0.005478492879220139
proteomics,zhu_B_subtilis,rel0_abs0,high,unfiltered,941,oriC,0.13342748501370807,297,0.09779090033288887
proteomics,zhu_B_subtilis,rel0_abs0,high,unfiltered,941,ter,2.698417204892164e-4,332,-0.10835967221328766
proteomics,zhu_B_subtilis,rel0_abs0,high,unfiltered,939,oriC,0.02421754786495329,296,0.07928792454907743
proteomics,zhu_B_subtilis,rel0_abs0,high,unfiltered,939,ter,0.4880990467465731,332,-0.005708199237213869
proteomics,zhu_B_subtilis,rel0_abs0,high,unfiltered,939,oriC,2.0554536211448024e-14,296,0.20236438881829405
proteomics,zhu_B_subtilis,rel0_abs0,high,unfiltered,939,ter,1.3225922139301615e-19,332,0.2301290019860408
proteomics,zhu_B_subtilis,rel0_abs0,high,unfiltered,939,oriC,2.5170928065438793e-9,296,0.28007515289238977
proteomics,zhu_B_subtilis,rel0_abs0,high,unfiltered,939,ter,6.412435837340762e-4,332,0.1349637919426826
proteomics,zhu_B_subtilis,rel0_abs0,high,unfiltered,921,oriC,1.867963362799048e-4,292,0.2169333423376017
proteomics,zhu_B_subtilis,rel0_abs0,high,unfiltered,921,ter,5.1415896238065976e-12,325,0.2860210603210183
proteomics,zhu_B_subtilis,rel0_abs0,high,unfiltered,889,oriC,6.812875685812208e-13,289,0.20510671102162106
proteomics,zhu_B_subtilis,rel0_abs0,high,unfiltered,889,ter,9.6941553943685e-10,316,0.1665500992929958
proteomics,zhu_B_subtilis,rel0_abs0,high,unfiltered,902,oriC,0.22631729314914134,288,-0.003376758081854463
proteomics,zhu_B_subtilis,rel0_abs0,high,unfiltered,902,ter,1.683879566762201e-5,320,-0.08199676682916271
proteomics,zhu_E_coli,rel0_abs0,high,unfiltered,1140,oriC,7.380254650228483e-6,437,0.03615388850924695
proteomics,zhu_E_coli,rel0_abs0,high,unfiltered,1140,ter,0.09176432299207124,337,0.017815581786921192
proteomics,zhu_E_coli,rel0_abs0,high,unfiltered,1145,oriC,7.929006355007008e-6,438,-0.09972921144590362
proteomics,zhu_E_coli,rel0_abs0,high,unfiltered,1145,ter,0.3692163685910654,339,0.01994195889533997
proteomics,zhu_E_coli,rel0_abs0,high,unfiltered,1142,oriC,0.4038725635518602,436,0.014126185201634972
proteomics,zhu_E_coli,rel0_abs0,high,unfiltered,1142,ter,0.8613501878589485,338,-0.0019119121277256493
proteomics,zhu_E_coli,rel0_abs0,high,unfiltered,1145,oriC,0.2701486984589705,438,-0.09206891235099787
proteomics,zhu_E_coli,rel0_abs0,high,unfiltered,1145,ter,0.3543500576468896,339,-0.028700280846989626
proteomics,zhu_E_coli,rel0_abs0,high,unfiltered,1143,oriC,0.004913812701433445,437,-0.1881083611854614
proteomics,zhu_E_coli,rel0_abs0,high,unfiltered,1143,ter,9.511547161463641e-7,338,-0.35245845212228544
proteomics,zhu_E_coli,rel0_abs0,high,unfiltered,1145,oriC,0.38556433247217703,438,0.02527689677432269
proteomics,zhu_E_coli,rel0_abs0,high,unfiltered,1145,ter,0.10774051523746293,339,0.08788120662179694
proteomics,zhu_E_coli,rel0_abs0,high,unfiltered,1145,oriC,0.26252152383246963,438,-0.07412176128265513
proteomics,zhu_E_coli,rel0_abs0,high,unfiltered,1145,ter,0.2890547349397151,339,-0.029995779263486254
proteomics,zhu_E_coli,rel0_abs0,high,unfiltered,1145,oriC,0.8964450418573218,438,-0.009214340418728562
proteomics,zhu_E_coli,rel0_abs0,high,unfiltered,1145,ter,0.037098650418866244,339,-0.11602323572033586
proteomics,zhu_E_coli,rel0_abs0,high,unfiltered,1143,oriC,0.025594330808154223,437,-0.2631139844514052
proteomics,zhu_E_coli,rel0_abs0,high,unfiltered,1143,ter,1.3442151317076735e-13,338,-0.6143938794976234
proteomics,zhu_E_coli,rel0_abs0,high,unfiltered,1144,oriC,0.6773268008077191,438,0.004589884279763165
proteomics,zhu_E_coli,rel0_abs0,high,unfiltered,1144,ter,5.66047410133247e-9,338,-0.45213924591523635
proteomics,zhu_E_coli,rel0_abs0,high,unfiltered,1145,oriC,9.93051417144474e-8,438,-0.14657040513880745
proteomics,zhu_E_coli,rel0_abs0,high,unfiltered,1145,ter,0.6631689784641395,339,-0.023386739250798545
proteomics,zhu_E_coli,rel0_abs0,high,unfiltered,1143,oriC,0.6167626492745765,437,-0.018302183547760673
proteomics,zhu_E_coli,rel0_abs0,high,unfiltered,1143,ter,0.6842996721749176,338,-0.02508777997377161
proteomics,zhu_E_coli,rel0_abs0,high,unfiltered,1145,oriC,0.001751988224326762,438,-0.10160637836875658
proteomics,zhu_E_coli,rel0_abs0,high,unfiltered,1145,ter,0.054136340651637624,339,-0.05845772123393241
proteomics,zhu_E_coli,rel0_abs0,high,unfiltered,1143,oriC,2.2315826768973742e-4,437,-0.225921164030865
proteomics,zhu_E_coli,rel0_abs0,high,unfiltered,1143,ter,2.5626751355097823e-8,338,-0.36050192504528733
proteomics,zhu_E_coli,rel0_abs0,high,unfiltered,1145,oriC,0.727684302222269,438,-0.018642373047842775
proteomics,zhu_E_coli,rel0_abs0,high,unfiltered,1145,ter,0.17867799406478388,339,0.06440558222368802
proteomics,zhu_E_coli,rel0_abs0,high,unfiltered,1145,oriC,0.029695516490014746,438,-0.0951742902996133
proteomics,zhu_E_coli,rel0_abs0,high,unfiltered,1145,ter,0.07922816394799516,339,-0.04207396986155514
proteomics,zhu_E_coli,rel0_abs0,high,unfiltered,1145,oriC,0.39597773626764715,438,-0.031414576958249056
proteomics,zhu_E_coli,rel0_abs0,high,unfiltered,1145,ter,0.008301449375235524,339,-0.1850917321327151
proteomics,zhu_E_coli,rel0_abs0,high,unfiltered,1143,oriC,0.00260072420402954,437,-0.3065557474337171
proteomics,zhu_E_coli,rel0_abs0,high,unfiltered,1143,ter,4.0312329413766077e-16,338,-0.6211946417596095
proteomics,zhu_E_coli,rel0_abs0,high,unfiltered,1145,oriC,0.8940577685195122,438,-0.014033122413374267
proteomics,zhu_E_coli,rel0_abs0,high,unfiltered,1145,ter,1.6551882891917035e-11,339,-0.49974319838140235
proteomics,zhu_E_coli,rel0_abs0,high,unfiltered,1145,oriC,0.0015518790093183444,438,0.1660201929118488
proteomics,zhu_E_coli,rel0_abs0,high,unfiltered,1145,ter,0.4889757605862235,339,0.01707671018028812
proteomics,zhu_E_coli,rel0_abs0,high,unfiltered,1144,oriC,0.1829539362519809,438,-0.0020268288899562316
proteomics,zhu_E_coli,rel0_abs0,high,unfiltered,1144,ter,0.008548816067418325,339,-0.0633654157459149
proteomics,zhu_E_coli,rel0_abs0,high,unfiltered,1145,oriC,0.6564750012210057,438,-0.04320875457485751
proteomics,zhu_E_coli,rel0_abs0,high,unfiltered,1145,ter,5.749061963322911e-5,339,-0.332863019799491
proteomics,zhu_E_coli,rel0_abs0,high,unfiltered,1145,oriC,4.954916163464926e-6,438,0.17055042587405125
proteomics,zhu_E_coli,rel0_abs0,high,unfiltered,1145,ter,0.5829605102371274,339,0.08620782394396193
proteomics,zhu_E_coli,rel0_abs0,high,unfiltered,1144,oriC,0.004592236763037971,438,0.09034719562314625
proteomics,zhu_E_coli,rel0_abs0,high,unfiltered,1144,ter,0.20267980539824781,339,-0.021209989132485212
proteomics,zhu_E_coli,rel0_abs0,high,unfiltered,1144,oriC,0.07608645046457797,438,0.15473998263998281
proteomics,zhu_E_coli,rel0_abs0,high,unfiltered,1144,ter,0.00455824341348653,339,-0.2766436731251605
proteomics,zhu_E_coli,rel0_abs0,high,unfiltered,1145,oriC,0.6321248485389496,438,-0.09125457155880862
proteomics,zhu_E_coli,rel0_abs0,high,unfiltered,1145,ter,6.712563525034617e-14,339,-0.7411080692153194
proteomics,zhu_E_coli,rel0_abs0,high,unfiltered,1144,oriC,0.07861676882193089,438,0.12528570273931108
proteomics,zhu_E_coli,rel0_abs0,high,unfiltered,1144,ter,2.5981414185048843e-10,339,-0.4722940047925244
proteomics,zhu_E_coli,rel0_abs0,high,unfiltered,1145,oriC,0.0040732892681952905,438,-0.1098199747491797
proteomics,zhu_E_coli,rel0_abs0,high,unfiltered,1145,ter,0.22809292781165263,339,-0.09130529843137315
proteomics,zhu_E_coli,rel0_abs0,high,unfiltered,1139,oriC,0.019084443218866303,436,-0.10950125252885301
proteomics,zhu_E_coli,rel0_abs0,high,unfiltered,1139,ter,9.771106568508177e-10,335,-0.22442168888511219
proteomics,zhu_E_coli,rel0_abs0,high,unfiltered,1145,oriC,0.5122783512440879,438,-0.004022514269242142
proteomics,zhu_E_coli,rel0_abs0,high,unfiltered,1145,ter,5.265113103673125e-4,339,0.0843580299031489
proteomics,zhu_E_coli,rel0_abs0,high,unfiltered,1145,oriC,0.014668121633120984,438,-0.050890805030230815
proteomics,zhu_E_coli,rel0_abs0,high,unfiltered,1145,ter,0.34834009908754254,339,-0.0185866489838949
proteomics,zhu_E_coli,rel0_abs0,high,unfiltered,1145,oriC,0.16723735160541628,438,0.06073913269299185
proteomics,zhu_E_coli,rel0_abs0,high,unfiltered,1145,ter,0.7394812255938038,339,0.038156407835766834
proteomics,zhu_E_coli,rel0_abs0,high,unfiltered,1142,oriC,0.5299939339498916,437,-0.12620045085280826
proteomics,zhu_E_coli,rel0_abs0,high,unfiltered,1142,ter,3.0869281630113e-16,338,-0.5207830528075708
proteomics,zhu_E_coli,rel0_abs0,high,unfiltered,1145,oriC,0.014668121633120984,438,0.10279726052306223
proteomics,zhu_E_coli,rel0_abs0,high,unfiltered,1145,ter,1.0640275748902903e-8,339,-0.36571024806070473
proteomics,zhu_E_coli,rel0_abs0,high,unfiltered,1145,oriC,0.28077688264956524,438,-0.04891838844341399
proteomics,zhu_E_coli,rel0_abs0,high,unfiltered,1145,ter,0.0022348867868066044,339,-0.25174541323753746
proteomics,zhu_E_coli,rel0_abs0,high,unfiltered,1145,oriC,3.057312498090319e-8,438,0.13741125249055047
proteomics,zhu_E_coli,rel0_abs0,high,unfiltered,1145,ter,1.3274601169455252e-4,339,0.15953446696183546
proteomics,zhu_E_coli,rel0_abs0,high,unfiltered,1144,oriC,2.2832861052865736e-4,438,0.08954316087231384
proteomics,zhu_E_coli,rel0_abs0,high,unfiltered,1144,ter,0.27299442423024695,339,0.07122491577957749
proteomics,zhu_E_coli,rel0_abs0,high,unfiltered,1144,oriC,0.0011101866380636399,438,0.1426005668983178
proteomics,zhu_E_coli,rel0_abs0,high,unfiltered,1144,ter,0.2114501751714414,339,-0.025440998998824252
proteomics,zhu_E_coli,rel0_abs0,high,unfiltered,1145,oriC,0.7379069697682777,438,-0.05856496350092013
proteomics,zhu_E_coli,rel0_abs0,high,unfiltered,1145,ter,4.4743470987446805e-12,339,-0.5813789221267505
proteomics,zhu_E_coli,rel0_abs0,high,unfiltered,1144,oriC,0.003504960428320154,438,0.17114672343566567
proteomics,zhu_E_coli,rel0_abs0,high,unfiltered,1144,ter,2.029620212136488e-9,339,-0.37256124811651564
proteomics,zhu_E_coli,rel0_abs0,high,unfiltered,1145,oriC,0.0061155343191548524,438,0.15786270368768307
proteomics,zhu_E_coli,rel0_abs0,high,unfiltered,1145,ter,3.912940838657557e-11,339,0.3471812920050034
proteomics,zhu_E_coli,rel0_abs0,high,unfiltered,1145,oriC,0.2691666423828216,438,0.07227885175125409
proteomics,zhu_E_coli,rel0_abs0,high,unfiltered,1145,ter,1.1482891939161271e-7,339,0.28527634488698317
proteomics,zhu_E_coli,rel0_abs0,high,unfiltered,1145,oriC,0.0013392519629647148,438,0.12877444300200275
proteomics,zhu_E_coli,rel0_abs0,high,unfiltered,1145,ter,0.012188082866967955,339,0.17070960783450226
proteomics,zhu_E_coli,rel0_abs0,high,unfiltered,1124,oriC,0.25437430986824683,428,-0.009081367635919699
proteomics,zhu_E_coli,rel0_abs0,high,unfiltered,1124,ter,3.297813204532121e-14,337,-0.26101126562094357
proteomics,zhu_E_coli,rel0_abs0,high,unfiltered,1139,oriC,0.00149504079974847,435,0.1579861335520534
proteomics,zhu_E_coli,rel0_abs0,high,unfiltered,1139,ter,0.0011171570726478967,339,-0.17123173658583765
proteomics,zhu_E_coli,rel0_abs0,high,unfiltered,1145,oriC,1.8807411958106055e-8,438,-0.06134440090824713
proteomics,zhu_E_coli,rel0_abs0,high,unfiltered,1145,ter,2.837630266178191e-17,339,-0.08908998649196745
proteomics,zhu_E_coli,rel0_abs0,high,unfiltered,1145,oriC,0.007990070935714832,438,0.05320237739390868
proteomics,zhu_E_coli,rel0_abs0,high,unfiltered,1145,ter,2.429551759976728e-4,339,-0.11887545112509114
proteomics,zhu_E_coli,rel0_abs0,high,unfiltered,1145,oriC,0.39116663423934145,438,-0.1869104352079044
proteomics,zhu_E_coli,rel0_abs0,high,unfiltered,1145,ter,1.0240033623598915e-21,339,-0.6565507118158272
proteomics,zhu_E_coli,rel0_abs0,high,unfiltered,1145,oriC,0.004729607894494284,438,0.11523022904033049
proteomics,zhu_E_coli,rel0_abs0,high,unfiltered,1145,ter,8.468102895375875e-13,339,-0.49341162938669153
proteomics,zhu_E_coli,rel0_abs0,high,unfiltered,1144,oriC,8.3951360895502625e-09,438,0.12126529087352919
proteomics,zhu_E_coli,rel0_abs0,high,unfiltered,1144,ter,0.08417849283988912,339,-0.04555280318020379
proteomics,zhu_E_coli,rel0_abs0,high,unfiltered,1145,oriC,0.7859107277846344,438,-0.03977858606278838
proteomics,zhu_E_coli,rel0_abs0,high,unfiltered,1145,ter,1.1040797345020134e-16,339,-0.5678672251470914
proteomics,zhu_E_coli,rel0_abs0,high,unfiltered,1144,oriC,6.919796736810035e-6,438,0.16938319350014208
proteomics,zhu_E_coli,rel0_abs0,high,unfiltered,1144,ter,5.857329403196473e-10,339,-0.4281207146222537
proteomics,zhu_E_coli,rel0_abs0,high,unfiltered,1145,oriC,0.02885617695640075,438,-0.179647600628089
proteomics,zhu_E_coli,rel0_abs0,high,unfiltered,1145,ter,1.2671415713723153e-17,339,-0.4741416275882474
proteomics,zhu_E_coli,rel0_abs0,high,unfiltered,1144,oriC,0.0015926035084843394,438,0.04567643774103809
proteomics,zhu_E_coli,rel0_abs0,high,unfiltered,1144,ter,2.9981794174241067e-15,339,-0.3139920233589705
proteomics,zhu_E_coli,rel0_abs0,high,unfiltered,1105,oriC,7.30726400891955e-7,421,0.2129921346032324
proteomics,zhu_E_coli,rel0_abs0,high,unfiltered,1105,ter,9.673906134202208e-4,332,0.14948250143358116
proteomics,zhu_V_natriegens,rel0_abs0,high,unfiltered,1053,oriC,7.620041449938816e-10,473,0.1732806456715166
proteomics,zhu_V_natriegens,rel0_abs0,high,unfiltered,1053,ter,2.3054913711190506e-4,210,0.18223241601123874
proteomics,zhu_V_natriegens,rel0_abs0,high,unfiltered,1053,oriC,0.332734023386902,473,-0.011765183975340121
proteomics,zhu_V_natriegens,rel0_abs0,high,unfiltered,1053,ter,0.1542629957171257,210,0.042674715590132646
proteomics,zhu_V_natriegens,rel0_abs0,high,unfiltered,1054,oriC,1.1994196438554925e-4,473,0.12909461598662023
proteomics,zhu_V_natriegens,rel0_abs0,high,unfiltered,1054,ter,0.10741035017856139,211,0.07566518634150542
proteomics,zhu_V_natriegens,rel0_abs0,high,unfiltered,1054,oriC,0.14882714795811966,473,-0.0128156700940746
proteomics,zhu_V_natriegens,rel0_abs0,high,unfiltered,1054,ter,0.017565525512830197,211,0.13987054466683882
proteomics,zhu_V_natriegens,rel0_abs0,high,unfiltered,1054,oriC,0.11859743900842562,473,0.007473561405617291
proteomics,zhu_V_natriegens,rel0_abs0,high,unfiltered,1054,ter,0.768369297462237,211,-0.07448142816352252
proteomics,zhu_V_natriegens,rel0_abs0,high,unfiltered,1054,oriC,0.7359519400327472,473,-0.010493205947184182
proteomics,zhu_V_natriegens,rel0_abs0,high,unfiltered,1054,ter,0.7795790616890278,211,-0.02474118169644793
proteomics,zhu_V_natriegens,rel0_abs0,high,unfiltered,1054,oriC,0.13914333832577686,473,-0.02226287776946331
proteomics,zhu_V_natriegens,rel0_abs0,high,unfiltered,1054,ter,0.12968641727551947,211,0.06430454322464602
proteomics,zhu_V_natriegens,rel0_abs0,high,unfiltered,1054,oriC,0.9017989525326086,473,-0.06298908098496692
proteomics,zhu_V_natriegens,rel0_abs0,high,unfiltered,1054,ter,0.5868510126568478,211,-0.04103708383621361
proteomics,zhu_V_natriegens,rel0_abs0,high,unfiltered,1054,oriC,0.028788184280298043,473,-0.2460829117761458
proteomics,zhu_V_natriegens,rel0_abs0,high,unfiltered,1054,ter,0.018836636800109403,211,-0.32712959244322026
proteomics,zhu_V_natriegens,rel0_abs0,high,unfiltered,1054,oriC,0.20365367209597782,473,-0.1838474691321703
proteomics,zhu_V_natriegens,rel0_abs0,high,unfiltered,1054,ter,0.023765295635255503,211,-0.31272118721724795
proteomics,zhu_V_natriegens,rel0_abs0,high,unfiltered,1054,oriC,8.380352695322497e-23,473,-0.24503374809771913
proteomics,zhu_V_natriegens,rel0_abs0,high,unfiltered,1054,ter,7.967449910249047e-6,211,-0.17930137176964417
proteomics,zhu_V_natriegens,rel0_abs0,high,unfiltered,1052,oriC,0.03200495893531368,473,-0.1142697877619796
proteomics,zhu_V_natriegens,rel0_abs0,high,unfiltered,1052,ter,0.02018747912110774,211,-0.10458941192543646
proteomics,zhu_V_natriegens,rel0_abs0,high,unfiltered,1054,oriC,8.114218498813686e-15,473,-0.17411229772514616
proteomics,zhu_V_natriegens,rel0_abs0,high,unfiltered,1054,ter,0.004451071939087465,211,-0.12084723342763111
proteomics,zhu_V_natriegens,rel0_abs0,high,unfiltered,1052,oriC,5.793339091759551e-5,473,-0.20194217607238704
proteomics,zhu_V_natriegens,rel0_abs0,high,unfiltered,1052,ter,3.7005137316904865e-4,211,-0.20791320986838502
proteomics,zhu_V_natriegens,rel0_abs0,high,unfiltered,1052,oriC,0.0014682603295064092,473,-0.2616741245564382
proteomics,zhu_V_natriegens,rel0_abs0,high,unfiltered,1052,ter,0.0790282553992511,211,-0.22901609868566697
proteomics,zhu_V_natriegens,rel0_abs0,high,unfiltered,1054,oriC,0.003786246575232219,473,-0.19733719819669376
proteomics,zhu_V_natriegens,rel0_abs0,high,unfiltered,1054,ter,0.07618798304453848,211,-0.12530776458876358
proteomics,zhu_V_natriegens,rel0_abs0,high,unfiltered,1053,oriC,8.071397269513775e-4,473,-0.226422265871491
proteomics,zhu_V_natriegens,rel0_abs0,high,unfiltered,1053,ter,0.011440604069119795,211,-0.2357496571152079
proteomics,zhu_V_natriegens,rel0_abs0,high,unfiltered,1053,oriC,8.664866223693329e-7,473,-0.44063386027201285
proteomics,zhu_V_natriegens,rel0_abs0,high,unfiltered,1053,ter,4.3518474928352674e-4,211,-0.3721790570476532
proteomics,zhu_V_natriegens,rel0_abs0,high,unfiltered,1054,oriC,5.5949667448051e-4,473,-0.3657262447988298
proteomics,zhu_V_natriegens,rel0_abs0,high,unfiltered,1054,ter,2.732682654393554e-4,211,-0.3827923361476821
proteomics,zhu_V_natriegens,rel0_abs0,high,unfiltered,1054,oriC,1.3265615219053192e-7,473,0.13465411124686907
proteomics,zhu_V_natriegens,rel0_abs0,high,unfiltered,1054,ter,0.2532220701177516,211,0.04660356705894107
proteomics,zhu_V_natriegens,rel0_abs0,high,unfiltered,1054,oriC,0.01800209686120775,473,0.049567749677799394
proteomics,zhu_V_natriegens,rel0_abs0,high,unfiltered,1054,ter,0.10449163997569014,211,0.10786908047198078
proteomics,zhu_V_natriegens,rel0_abs0,high,unfiltered,1054,oriC,0.004886600484154884,473,0.06054307411940463
proteomics,zhu_V_natriegens,rel0_abs0,high,unfiltered,1054,ter,0.8512553398259112,211,-0.026402489094806296
proteomics,zhu_V_natriegens,rel0_abs0,high,unfiltered,1054,oriC,0.39033109772437846,473,0.055617535297566786
proteomics,zhu_V_natriegens,rel0_abs0,high,unfiltered,1054,ter,0.6797806120218755,211,-0.0674430543948777
proteomics,zhu_V_natriegens,rel0_abs0,high,unfiltered,1054,oriC,0.0019872898205250985,473,0.055751359007062205
proteomics,zhu_V_natriegens,rel0_abs0,high,unfiltered,1054,ter,0.335867928375328,211,0.03317426252453772
proteomics,zhu_V_natriegens,rel0_abs0,high,unfiltered,1054,oriC,0.5157604846141306,473,0.013359045238289185
proteomics,zhu_V_natriegens,rel0_abs0,high,unfiltered,1054,ter,0.32968416482867485,211,-0.08632645564323545
proteomics,zhu_V_natriegens,rel0_abs0,high,unfiltered,1054,oriC,0.11678300629308766,473,-0.09701541511663693
proteomics,zhu_V_natriegens,rel0_abs0,high,unfiltered,1054,ter,0.015824282799111956,211,-0.23173440351670319
proteomics,zhu_V_natriegens,rel0_abs0,high,unfiltered,1054,oriC,0.6567028936470878,473,-0.04726013606045015
proteomics,zhu_V_natriegens,rel0_abs0,high,unfiltered,1054,ter,0.011007536732464508,211,-0.2796152317274218
proteomics,zhu_V_natriegens,rel0_abs0,high,unfiltered,1054,oriC,6.294983216089467e-12,473,-0.09797322625965257
proteomics,zhu_V_natriegens,rel0_abs0,high,unfiltered,1054,ter,0.7426882986797338,211,-0.0020240554515028207
proteomics,zhu_V_natriegens,rel0_abs0,high,unfiltered,1052,oriC,8.909540598372338e-7,472,-0.08131553534355809
proteomics,zhu_V_natriegens,rel0_abs0,high,unfiltered,1052,ter,3.8962503004039026e-5,211,-0.10112954434752368
proteomics,zhu_V_natriegens,rel0_abs0,high,unfiltered,1053,oriC,0.15342184838801498,473,-0.058826642139623075
proteomics,zhu_V_natriegens,rel0_abs0,high,unfiltered,1053,ter,0.6301878796216255,211,0.005696720832520738
proteomics,zhu_V_natriegens,rel0_abs0,high,unfiltered,1054,oriC,3.659497998896077e-5,473,-0.09034398314076168
proteomics,zhu_V_natriegens,rel0_abs0,high,unfiltered,1054,ter,0.5638098991942799,211,-0.00787532868488182
proteomics,zhu_V_natriegens,rel0_abs0,high,unfiltered,1054,oriC,0.009143604762689416,473,-0.10689787345622487
proteomics,zhu_V_natriegens,rel0_abs0,high,unfiltered,1054,ter,0.11039326045164125,211,-0.13927184692745043
proteomics,zhu_V_natriegens,rel0_abs0,high,unfiltered,1053,oriC,0.0020768758532695546,473,-0.23695339692937933
proteomics,zhu_V_natriegens,rel0_abs0,high,unfiltered,1053,ter,0.003515849933053026,211,-0.13053406851572524
proteomics,zhu_V_natriegens,rel0_abs0,high,unfiltered,1054,oriC,0.035436842254142994,473,-0.14168120938620277
proteomics,zhu_V_natriegens,rel0_abs0,high,unfiltered,1054,ter,5.217289721076959e-4,211,-0.34319561793042697
proteomics,zhu_V_natriegens,rel0_abs0,high,unfiltered,1054,oriC,0.024582476370320308,473,-0.014120268608440066
proteomics,zhu_V_natriegens,rel0_abs0,high,unfiltered,1054,ter,0.1534375954838195,211,-0.10222972582082052
proteomics,zhu_V_natriegens,rel0_abs0,high,unfiltered,1054,oriC,0.8991372837386046,473,-0.03083205034732878
proteomics,zhu_V_natriegens,rel0_abs0,high,unfiltered,1054,ter,0.13198253018849818,211,-0.14999129942770134
proteomics,zhu_V_natriegens,rel0_abs0,high,unfiltered,1054,oriC,0.019474324753115044,473,-0.013176311203899385
proteomics,zhu_V_natriegens,rel0_abs0,high,unfiltered,1054,ter,0.6855665086906291,211,0.01849450756813975
proteomics,zhu_V_natriegens,rel0_abs0,high,unfiltered,1054,oriC,0.5896928615995887,473,-0.04930973710865482
proteomics,zhu_V_natriegens,rel0_abs0,high,unfiltered,1054,ter,0.04339482727711597,211,-0.15384800130022958
proteomics,zhu_V_natriegens,rel0_abs0,high,unfiltered,1054,oriC,0.01859903718191642,473,-0.2615637911119119
proteomics,zhu_V_natriegens,rel0_abs0,high,unfiltered,1054,ter,5.130478829022077e-4,211,-0.3537933354168596
proteomics,zhu_V_natriegens,rel0_abs0,high,unfiltered,1054,oriC,0.1388739624302147,473,-0.14830407511032173
proteomics,zhu_V_natriegens,rel0_abs0,high,unfiltered,1054,ter,3.1823252865586225e-4,211,-0.39303703766870385
proteomics,zhu_V_natriegens,rel0_abs0,high,unfiltered,1053,oriC,0.1369107958528903,473,0.07090649668063563
proteomics,zhu_V_natriegens,rel0_abs0,high,unfiltered,1053,ter,0.42099869017355374,211,0.047595702154175024
proteomics,zhu_V_natriegens,rel0_abs0,high,unfiltered,1054,oriC,0.09775518617995385,473,-0.03225132082770984
proteomics,zhu_V_natriegens,rel0_abs0,high,unfiltered,1054,ter,0.006654721521100383,211,0.0811503578603085
proteomics,zhu_V_natriegens,rel0_abs0,high,unfiltered,1054,oriC,0.3818554154227107,473,-0.026886851063619946
proteomics,zhu_V_natriegens,rel0_abs0,high,unfiltered,1054,ter,0.8397932792423723,211,0.03531430699380169
proteomics,zhu_V_natriegens,rel0_abs0,high,unfiltered,1053,oriC,0.22743421115271997,473,-0.06764891364505439
proteomics,zhu_V_natriegens,rel0_abs0,high,unfiltered,1053,ter,0.09588723371282172,211,-0.02995683171089575
proteomics,zhu_V_natriegens,rel0_abs0,high,unfiltered,1054,oriC,0.707753895629953,473,-0.027456670107779347
proteomics,zhu_V_natriegens,rel0_abs0,high,unfiltered,1054,ter,0.015629759664064137,211,-0.2022299072908354
proteomics,zhu_V_natriegens,rel0_abs0,high,unfiltered,1054,oriC,0.3632908022769968,473,-0.03169552617219418
proteomics,zhu_V_natriegens,rel0_abs0,high,unfiltered,1054,ter,0.3721059173879629,211,0.08714955244478519
proteomics,zhu_V_natriegens,rel0_abs0,high,unfiltered,1048,oriC,0.20354787636284874,470,-0.007775735353002883
proteomics,zhu_V_natriegens,rel0_abs0,high,unfiltered,1048,ter,0.5061316219343764,209,0.01082908599452409
proteomics,zhu_V_natriegens,rel0_abs0,high,unfiltered,1037,oriC,0.021690159869046613,465,-0.055249845830486616
proteomics,zhu_V_natriegens,rel0_abs0,high,unfiltered,1037,ter,0.004284481844394885,208,-0.08136160377360707
proteomics,zhu_V_natriegens,rel0_abs0,high,unfiltered,1047,oriC,0.16780518161002114,471,-0.08010479689549456
proteomics,zhu_V_natriegens,rel0_abs0,high,unfiltered,1047,ter,0.010498521567037488,209,-0.16256279025934733
proteomics,zhu_V_natriegens,rel0_abs0,high,unfiltered,1054,oriC,0.9887335833180353,473,-0.006874107843208597
proteomics,zhu_V_natriegens,rel0_abs0,high,unfiltered,1054,ter,0.10790302038912138,211,-0.07301900088619404
proteomics,zhu_V_natriegens,rel0_abs0,high,unfiltered,1054,oriC,0.0779993936449237,473,-0.12822995395191197
proteomics,zhu_V_natriegens,rel0_abs0,high,unfiltered,1054,ter,0.005985782964216325,211,-0.25139825557883405
proteomics,zhu_V_natriegens,rel0_abs0,high,unfiltered,1054,oriC,0.5712727949585896,473,-0.060024252319976254
proteomics,zhu_V_natriegens,rel0_abs0,high,unfiltered,1054,ter,0.004792829016768176,211,-0.2454220450164703
proteomics,zhu_V_natriegens,rel0_abs0,high,unfiltered,1050,oriC,0.04243139495607202,471,-0.07906788128369252
proteomics,zhu_V_natriegens,rel0_abs0,high,unfiltered,1050,ter,0.008864812422419677,209,-0.27760320842968195
proteomics,zhu_V_natriegens,rel0_abs0,high,unfiltered,1049,oriC,0.5517584393665718,472,0.017733850399659752
proteomics,zhu_V_natriegens,rel0_abs0,high,unfiltered,1049,ter,0.02200314008749823,208,-0.16587756705815138
proteomics,zhu_V_natriegens,rel0_abs0,high,unfiltered,1036,oriC,6.773671671776312e-5,467,0.11225037393374601
proteomics,zhu_V_natriegens,rel0_abs0,high,unfiltered,1036,ter,0.028217550154676457,205,0.11326759363426908
